script_id,scores,model_score,comments,confidence,tokens_used
Math_ShortAns_2,"{'C1_function_transformation': 1, 'C2_apply_trig_identities': 1, 'C3_simplify_expression': 1, 'C4_max_value_analysis': 0, 'C5_final_answer': 0}",3,"{'C1_function_transformation': 'Student correctly identified and applied the need for function transformation using trigonometric identities.', 'C2_apply_trig_identities': 'Student successfully applied trigonometric identities to both parts of the expression.', 'C3_simplify_expression': 'Expression was simplified into a form that could be analyzed, inaccuracies did not affect this step.', 'C4_max_value_analysis': 'Mistakes in the analysis of the trigonometric parts lead to an incorrect conclusion about the maximum value.', 'C5_final_answer': 'Provided incorrect maximum value; computations were inaccurate, impacting the final result.'}",0.95,2054
Math_ShortAns_3,"{'C1_function_transformation': 1, 'C2_apply_trig_identities': 0, 'C3_simplify_expression': 0, 'C4_max_value_analysis': 1, 'C5_final_answer': 1}",3,"{'C1_function_transformation': 'Correctly identified the need to simplify the function using trigonometric identities.', 'C2_apply_trig_identities': 'Did not correctly apply trigonometric identities to express the function in terms of sin(x + 2φ) and -2sinφcos(x + φ).', 'C3_simplify_expression': 'Failed to simplify the expression correctly, leading to an incorrect reasoning path.', 'C4_max_value_analysis': 'Correctly identified sin x has a maximum value of 1, but based on incorrect simplification.', 'C5_final_answer': 'Provided the correct maximum value of 1, consistent with the maximum value of sin x.'}",0.7,1839
Math_ShortAns_6,"{'C1_define_common_ratio': 1, 'C2_solve_for_q': 1, 'C3_calculate_individual_terms': 1, 'C4_calculate_sum_S5': 1, 'C5_final_answer': 0}",4,"{'C1_define_common_ratio': 'Correctly set up the equation for the common ratio.', 'C2_solve_for_q': 'Correctly solved for the common ratio, q = 3.', 'C3_calculate_individual_terms': 'Calculated the first five terms correctly.', 'C4_calculate_sum_S5': 'Used the correct formula or method for calculating the sum but ended with arithmetic error.', 'C5_final_answer': 'Final answer is incorrect due to arithmetic error.'}",1.0,2376
Math_ShortAns_7,"{'C1_define_common_ratio': 0, 'C2_solve_for_q': 0, 'C3_calculate_individual_terms': 0, 'C4_calculate_sum_S5': 0, 'C5_final_answer': 0}",0,"{'C1_define_common_ratio': 'The student answer provides the final result without defining any common ratio.', 'C2_solve_for_q': ""There is no attempt to solve for the common ratio in the student's answer."", 'C3_calculate_individual_terms': 'The student did not calculate specific terms of the sequence.', 'C4_calculate_sum_S5': 'The student did not use any formula or distinct method to arrive at the sum.', 'C5_final_answer': 'The provided final answer, 121/9, is incorrect based on calculations; no correct process was shown.'}",0.9,1845
Math_ShortAns_10,"{'C1_rewrite_equation': 1, 'C2_geometric_interpretation': 0, 'C3_rectangle_inference': 0, 'C4_perpendicular_vectors': 0, 'C5_final_angle': 0}",1,"{'C1_rewrite_equation': 'Student correctly rewrote the equation as 2AO = AB + AC.', 'C2_geometric_interpretation': 'Student did not correctly identify the diameter relationship from the vector equation.', 'C3_rectangle_inference': 'Student did not infer that AB and AC form a rectangle from the diameter relationship.', 'C4_perpendicular_vectors': 'Student did not conclude that AB is perpendicular to AC based on the rectangle inference.', 'C5_final_angle': 'Student incorrectly concluded the angle to be 30° instead of the correct 90°.'}",0.95,1748
Math_ShortAns_11,"{'C1_rewrite_equation': 0, 'C2_geometric_interpretation': 0, 'C3_rectangle_inference': 0, 'C4_perpendicular_vectors': 0, 'C5_final_angle': 0}",0,"{'C1_rewrite_equation': 'The student did not attempt to rewrite the given vector equation.', 'C2_geometric_interpretation': 'The student did not provide any geometric interpretation of the equation.', 'C3_rectangle_inference': 'The student did not infer that AB and AC form a rectangle.', 'C4_perpendicular_vectors': 'The student did not conclude that AB is perpendicular to AC.', 'C5_final_angle': 'The student provided the wrong final angle; the correct angle should be 90°, but the student wrote 45°.'}",1.0,1456
Math_ShortAns_14,"{'C1_define_circle_equation': 0, 'C2_tangent_condition': 1, 'C3_use_point_A': 0, 'C4_solve_system': 0, 'C5_final_answer': 0}",1,"{'C1_define_circle_equation': ""Did not correctly set up the circle's equation using point B."", 'C2_tangent_condition': 'Correctly attempted to use the tangent condition with distance formula but faced calculation errors.', 'C3_use_point_A': 'While attempting to use point A, the equations were set with errors, resulting in incorrect relations.', 'C4_solve_system': 'Failed to solve the system of equations accurately. The calculations and assumptions led to incorrect results.', 'C5_final_answer': 'The final answer for the circle equation is incorrect given the preceding calculation errors.'}",,2557
Math_ShortAns_15,"{'C1_define_circle_equation': 1, 'C2_tangent_condition': 1, 'C3_use_point_A': 1, 'C4_solve_system': 1, 'C5_final_answer': 1}",5,"{'C1_define_circle_equation': 'The student correctly defined the general equation of the circle and used both points A and B.', 'C2_tangent_condition': 'The student correctly applied the tangent condition between the circle and the line.', 'C3_use_point_A': 'The student used point A correctly to establish a second equation for the circle.', 'C4_solve_system': 'The student correctly solved the system of equations to find the center and radius.', 'C5_final_answer': 'The student stated the correct final equation of the circle, following through correctly from prior steps.'}",1.0,2232
Math_ShortAns_18,"{'C1_identify_recurrence_relation': 1, 'C2_calculate_initial_terms': 1, 'C3_identify_pattern': 1, 'C4_calculate_sum': 0, 'C5_final_answer': 0}",3,"{'C1_identify_recurrence_relation': 'The student correctly stated the recurrence relation and began the analysis.', 'C2_calculate_initial_terms': 'The student correctly calculated several initial terms using the recurrence relation.', 'C3_identify_pattern': ""The student correctly observed the alternating pattern, even though they couldn't fully articulate it."", 'C4_calculate_sum': 'The student attempted to set up the sum but incorrectly estimated the sum pattern, leading to the wrong setup.', 'C5_final_answer': 'The final answer is incorrect, and the student did not arrive at the correct sum of the sequence.'}",0.95,2630
Math_ShortAns_19,"{'C1_identify_recurrence_relation': 0, 'C2_calculate_initial_terms': 0, 'C3_identify_pattern': 0, 'C4_calculate_sum': 0, 'C5_final_answer': 1}",1,"{'C1_identify_recurrence_relation': 'The student did not identify or analyze the recurrence relation.', 'C2_calculate_initial_terms': 'The student did not show any steps calculating the initial terms.', 'C3_identify_pattern': 'The student did not identify any pattern in the sequence.', 'C4_calculate_sum': 'The student did not show any calculation for the sum of the sequence.', 'C5_final_answer': 'The student provided the correct final answer but without any supporting calculations.'}",0.95,1906
Math_ShortAns_22,"{'C1_establish_recurrence_relation': 1, 'C2_solve_for_an': 0, 'C3_define_bn': 0, 'C4_calculate_sum_bn': 1, 'C5_final_answer': 0}",2,"{'C1_establish_recurrence_relation': ""Student attempted to reorder and formulate using the relation given, but didn't correctly establish the recurrence relation needed."", 'C2_solve_for_an': 'Failed to solve or derive the correct general term; multiple incorrect assumptions were made.', 'C3_define_bn': ""Student misinterpreted and made incorrect assumptions about definitions related to b_n, thus didn't express b_n correctly in terms of a_n."", 'C4_calculate_sum_bn': 'Attempted to use telescoping series, but ended up with a logical conclusion without giving the proper final telescoping result.', 'C5_final_answer': 'Did not provide correct final results for a_n and ∑b_n, due to errors in earlier derivations.'}",0.8,3084
Math_ShortAns_23,"{'C1_establish_recurrence_relation': 2, 'C2_solve_for_an': 2, 'C3_define_bn': 2, 'C4_calculate_sum_bn': 3, 'C5_final_answer': 3}",12,"{'C1_establish_recurrence_relation': 'The student correctly identified the recurrence relation and subtracted the equations to find the difference.', 'C2_solve_for_an': 'The student correctly simplified the difference to a_n+1 - a_n = 2 and solved for a_1 to find the general term.', 'C3_define_bn': 'The student correctly defined b_n in terms of a_n and simplified it using partial fractions.', 'C4_calculate_sum_bn': 'The student set up and simplified the telescoping series accurately to find the sum of the first n terms of b_n.', 'C5_final_answer': 'The student provided correct final answers for both a_n and the sum of b_n.'}",1.0,2659
Math_ShortAns_26,"{'C1_use_sine_rule': 1, 'C2_solve_for_cosC': 0, 'C3_find_angle_C': 0, 'C4_apply_cosine_rule': 1, 'C5_calculate_perimeter': 2}",4,"{'C1_use_sine_rule': 'Partial recognition of the application of the cosine rule, but misapplication of sine rule.', 'C2_solve_for_cosC': 'Incorrectly solved for cos C. The equation and logic were not correctly followed.', 'C3_find_angle_C': 'Did not correctly identify C based on a correct cos C value.', 'C4_apply_cosine_rule': 'Partial credit for setting up the cosine rule, but followed through incorrect calculations.', 'C5_calculate_perimeter': 'Correct perimeter calculation using the provided area and assumed sides, but using trial and error.'}",0.7,1931
Math_ShortAns_27,"{'C1_use_sine_rule': 0, 'C2_solve_for_cosC': 0, 'C3_find_angle_C': 0, 'C4_apply_cosine_rule': 1, 'C5_calculate_perimeter': 0}",1,"{'C1_use_sine_rule': 'The student did not apply the sine rule at all; they incorrectly attempted to work with the given equation without any simplification using the sine rule.', 'C2_solve_for_cosC': 'The student incorrectly claimed that C = 90^∘; there was no correct rearrangement of the equation or accurate calculation of cos C.', 'C3_find_angle_C': 'The student identified C as 90^∘, which is incorrect as C should be π/3.', 'C4_apply_cosine_rule': 'The student attempted to use the cosine rule, but none of the simplifications led to the correct expression (a+b)^2 - 3ab = 7. Partial credit for attempting the cosine rule.', 'C5_calculate_perimeter': 'The student incorrectly calculated the perimeter; they made several assumptions without logical justification, resulting in an incorrect perimeter.'}",,1989
Math_ShortAns_28,"{'C1_use_sine_rule': 2, 'C2_solve_for_cosC': 2, 'C3_find_angle_C': 1, 'C4_apply_cosine_rule': 2, 'C5_calculate_perimeter': 0}",7,"{'C1_use_sine_rule': 'The student correctly applied the sine rule and simplified the equation to solve for cos C.', 'C2_solve_for_cosC': 'The student correctly rearranged the equation and calculated cos C = 1/2.', 'C3_find_angle_C': 'The student correctly identified angle C as π/3 from cos C.', 'C4_apply_cosine_rule': 'The student applied the cosine rule correctly, arriving at the equation (a+b)^2 - 3ab = 7.', 'C5_calculate_perimeter': 'The student made a calculation error and used an incorrect equation, leading to an incorrect perimeter. They stated (a+b)^2 = 25, but this did not lead to the correct perimeter calculation.'}",0.9,1912
Math_ShortAns_31,"{'C1_use_given_equations': 1, 'C2_assume_arithmetic_sequence': 1, 'C3_calculate_lambda_conditions': 0, 'C4_conclusion': 0}",2,"{'C1_use_given_equations': 'The student mentioned the given equations but did not correctly set up and conclude the derivation of a_{n+2} - a_{n} = λ.', 'C2_assume_arithmetic_sequence': 'The student assumed an arithmetic sequence and mentioned the idea a_{n+1} - a_{n} = d but did not relate it to λ correctly.', 'C3_calculate_lambda_conditions': 'The student did not calculate or identify the necessary conditions for λ in detail or correctness.', 'C4_conclusion': 'The student concluded that they could not determine if a λ exists for the sequence to be arithmetic, failing to correctly state λ = 4 and the resulting sequence.'}",0.8,2741
Math_ShortAns_32,"{'C1_use_given_equations': 1, 'C2_assume_arithmetic_sequence': 1, 'C3_calculate_lambda_conditions': 0, 'C4_conclusion': 0}",2,"{'C1_use_given_equations': 'The student correctly stated the equation a_n a_(n+1) = λS_n - 1 but did not set up the subtraction correctly or conclude the required result.', 'C2_assume_arithmetic_sequence': 'The student partially attempted to assume the sequence is arithmetic by discussing common difference d, but did not express λ = 2d.', 'C3_calculate_lambda_conditions': 'The student did not correctly express λS_n or solve the necessary conditions for an arithmetic sequence.', 'C4_conclusion': 'The student did not conclude correctly regarding the existence of λ or state the resulting sequence a_n = 2n - 1.'}",0.8,2633
Math_ShortAns_33,"{'C1_use_given_equations': 3, 'C2_assume_arithmetic_sequence': 2, 'C3_calculate_lambda_conditions': 3, 'C4_conclusion': 2}",10,"{'C1_use_given_equations': 'The student correctly used the given equations to derive a_n+2 - a_n = λ.', 'C2_assume_arithmetic_sequence': 'The student correctly assumed the sequence is arithmetic and expressed λ = 2d.', 'C3_calculate_lambda_conditions': 'The student accurately calculated conditions for λ and solved correctly to find λ = 4.', 'C4_conclusion': 'The student correctly concluded that λ = 4 makes the sequence arithmetic and stated the resulting sequence.'}",1.0,2563
Math_ShortAns_36,"{'C1_identify_event_X2': 0, 'C2_calculate_PX2': 0, 'C3_identify_event_X4': 0, 'C4_calculate_PX4': 0, 'C5_final_answer': 0}",0,"{'C1_identify_event_X2': ""The student failed to identify the correct sequence of events leading to P(X=2), which should be '甲连赢两球或乙连赢两球'."", 'C2_calculate_PX2': 'The student incorrectly calculated P(X=2) = 0.25, which does not match the formulation from the problem.', 'C3_identify_event_X4': ""The student did not identify the correct sequence of events for P(X=4) as '前两球甲乙各得1分, 后两球均为甲得分'."", 'C4_calculate_PX4': 'The student calculated P(X=4) incorrectly, resulting in an incorrect probability of 0.132.', 'C5_final_answer': ""The student's final probabilities were incorrect, as they stemmed from misidentification and miscalculations in previous parts.""}",0.9,2429
Math_ShortAns_37,"{'C1_identify_event_X2': 0, 'C2_calculate_PX2': 0, 'C3_identify_event_X4': 0, 'C4_calculate_PX4': 0, 'C5_final_answer': 0}",0,"{'C1_identify_event_X2': 'The student did not identify the correct events of consecutive wins by either player at all.', 'C2_calculate_PX2': 'The student provided the wrong calculation for the probability, which does not match the problem requirements.', 'C3_identify_event_X4': 'The student did not recognize the correct scenario that would result in X=4 and甲 winning.', 'C4_calculate_PX4': 'The calculation was incorrect as it did not follow the correct known formula and methodology.', 'C5_final_answer': 'Final answers for both events were incorrect, suggesting a misunderstanding of the required methodology.'}",0.9,2369
Math_ShortAns_38,"{'C1_identify_event_X2': 1, 'C2_calculate_PX2': 1, 'C3_identify_event_X4': 0, 'C4_calculate_PX4': 1, 'C5_final_answer': 1}",4,"{'C1_identify_event_X2': 'The student correctly identifies that P(X=2) involves 甲 or 乙 winning two consecutive points.', 'C2_calculate_PX2': 'The student correctly calculates P(X=2) = 0.5 × 0.4 + 0.5 × 0.6 = 0.5.', 'C3_identify_event_X4': 'The student duplicated their explanation for events contributing to X=4, and therefore incorrectly identifies the relevant events twice without mention of different possibilities.', 'C4_calculate_PX4': 'The student calculates the probability correctly, totaling 0.1, despite duplication error.', 'C5_final_answer': 'Correct final probabilities are provided for both parts: P(X=2) = 0.5 and P(X=4) = 0.1.'}",0.9,2364
Math_ShortAns_41,"{'C1_apply_sine_rule': 0, 'C2_solve_for_B': 0, 'C3_area_formula': 1, 'C4_area_range': 0, 'C5_final_answer': 0}",1,"{'C1_apply_sine_rule': 'The student attempted to apply the sine rule but made an incorrect assumption that led to invalid conclusions regarding angles.', 'C2_solve_for_B': 'The student incorrectly solved, concluding that B could be 90 degrees instead of 60 degrees.', 'C3_area_formula': 'The student correctly expressed the area formula involving sides and angle C using the correct formula.', 'C4_area_range': 'The student calculated an incorrect range for the area, not considering the correct conditions for an acute triangle.', 'C5_final_answer': 'Final answers for both parts are incorrect; they do not provide B = π/3 and the correct area range.'}",0.8,2000
Math_ShortAns_42,"{'C1_apply_sine_rule': 1, 'C2_solve_for_B': 1, 'C3_area_formula': 0, 'C4_area_range': 1, 'C5_final_answer': 0}",3,"{'C1_apply_sine_rule': 'The student correctly mentions using the sine rule to derive a relationship involving angle B.', 'C2_solve_for_B': 'The student successfully finds the value B = π/3.', 'C3_area_formula': 'The student mentions using the area formula but does not clearly express it as a function of C.', 'C4_area_range': 'The student correctly provides the triangle area range given the acute triangle condition and c = 1.', 'C5_final_answer': 'The student does not clearly provide both correct final answers, as the answers are not well-formatted and lack the expression of the area formula.'}",0.8,1922
Math_ShortAns_45,"{'C1_define_Sn_and_S2': 1, 'C2_find_common_difference': 1, 'C3_express_Sn': 0, 'C4_derive_an_formula': 0, 'C5_conclude_arithmetic_sequence': 0}",2,"{'C1_define_Sn_and_S2': 'The student correctly defined $S_n$ and computed $S_2$ as $4a_1$.', 'C2_find_common_difference': 'The student found the common difference $d = \\\\sqrt{a_1}$ correctly.', 'C3_express_Sn': 'The student did not correctly express $\\\\sqrt{S_n}$ in terms of $n$ and $a_1$.', 'C4_derive_an_formula': 'The student failed to derive the formula for $a_n$ from $S_n$ and $S_{n-1}$.', 'C5_conclude_arithmetic_sequence': 'The student incorrectly concluded that $\\\\{a_n\\\\}$ is not arithmetic and did not correctly derive $a_n - a_{n-1} = 2a_1$.'}",0.9,2300
Math_ShortAns_46,"{'C1_define_Sn_and_S2': 0, 'C2_find_common_difference': 0, 'C3_express_Sn': 0, 'C4_derive_an_formula': 1, 'C5_conclude_arithmetic_sequence': 1}",2,"{'C1_define_Sn_and_S2': 'Student did not define S_n or calculate S_2 explicitly using a_2 = 3a_1.', 'C2_find_common_difference': 'Student did not explicitly calculate the common difference d as sqrt(S_2) - sqrt(S_1).', 'C3_express_Sn': 'Student did not express sqrt(S_n) in terms of n and a_1.', 'C4_derive_an_formula': 'Student correctly derived a_n formula: a_n = 2a_1n - a_1.', 'C5_conclude_arithmetic_sequence': 'Student correctly concluded that {a_n} is an arithmetic sequence by showing a_n - a_{n-1} = 2a_1.'}",0.8,1992
Math_ShortAns_49,"{'C1_equation_manipulation': 1, 'C2_difference_method': 0, 'C3_arithmetic_sequence_proof': 0, 'C4_geometric_sequence_condition': 0, 'C5_sum_formula_and_minimum': 0}",1,"{'C1_equation_manipulation': 'The student correctly expressed 2S_n + n^2 = 2na_n + n, which merits full marks for this criterion.', 'C2_difference_method': 'The student incorrectly manipulated equations and did not clearly demonstrate deriving an = an-1 + 1.', 'C3_arithmetic_sequence_proof': ""The student concluded incorrectly that an is a constant sequence rather than proving it's arithmetic with d = 1."", 'C4_geometric_sequence_condition': ""The student's attempts to solve the condition for a geometric sequence showed errors, as they failed the condition for a valid geometric sequence."", 'C5_sum_formula_and_minimum': 'The student incorrectly calculated the minimum of Sn, and the answer -78 was not reached.'}",0.9,2721
Math_ShortAns_50,"{'C1_equation_manipulation': 1, 'C2_difference_method': 1, 'C3_arithmetic_sequence_proof': 1, 'C4_geometric_sequence_condition': 1, 'C5_sum_formula_and_minimum': 1}",5,"{'C1_equation_manipulation': 'The student correctly manipulates the given equation to express 2S_n + n^2 = 2na_n + n.', 'C2_difference_method': 'The student correctly derives a_n - a_{n-1} = 1.', 'C3_arithmetic_sequence_proof': 'The student correctly concludes that {a_n} is an arithmetic sequence with a common difference of 1.', 'C4_geometric_sequence_condition': 'The student sets up and solves (a_1 + 6)^2 = (a_1 + 3)(a_1 + 8) correctly.', 'C5_sum_formula_and_minimum': 'The student derives the sum formula S_n and finds its minimum value -78, matching the expected result.'}",1.0,2453
Math_ShortAns_53,"{'C1_define_sequences': 1, 'C2_prove_geometric_sequence': 0, 'C3_prove_arithmetic_sequence': 1, 'C4_find_general_terms': 0}",2,"{'C1_define_sequences': 'Correctly defined c_n and d_n.', 'C2_prove_geometric_sequence': 'Incorrectly showed that c_n is an arithmetic sequence instead of geometric.', 'C3_prove_arithmetic_sequence': ""Correctly identified d_n as an arithmetic sequence but didn't clearly state common difference and initial term."", 'C4_find_general_terms': 'Final expressions for a_n and b_n are incorrect and methodology was flawed.'}",0.9,2450
Math_ShortAns_54,"{'C1_define_sequences': 1, 'C2_prove_geometric_sequence': 1, 'C3_prove_arithmetic_sequence': 2, 'C4_find_general_terms': 0}",4,"{'C1_define_sequences': 'The student correctly defined c_n and d_n, but made errors in subsequent proof.', 'C2_prove_geometric_sequence': 'The student correctly substituted and simplified for c_{n+1}, but did not identify the initial term correctly.', 'C3_prove_arithmetic_sequence': 'The student correctly proved d_n is arithmetic by substituting, simplifying, and identifying common difference.', 'C4_find_general_terms': 'The student proposed incorrect general terms for a_n and b_n without correct derivation from earlier parts.'}",0.9,2945
Math_ShortAns_55,"{'C1_define_sequences': 1, 'C2_prove_geometric_sequence': 1, 'C3_prove_arithmetic_sequence': 1, 'C4_find_general_terms': 0}",3,"{'C1_define_sequences': 'The student correctly defines c_n as a_n + b_n and d_n as a_n - b_n.', 'C2_prove_geometric_sequence': 'The student correctly substitutes and simplifies expressions for c_{n+1} but makes a mistake in identifying the common ratio and initial term.', 'C3_prove_arithmetic_sequence': 'The student correctly substitutes and simplifies expressions for d_{n+1} and identifies the common difference and initial term.', 'C4_find_general_terms': 'The student incorrectly derives the general terms for a_n and b_n; errors in simplification and derivation.'}",0.8,2571
Math_ShortAns_58,"{'C1_calculate_correlation_coefficient': 0, 'C2_interpret_correlation_coefficient': 2, 'C3_identify_outliers': 1, 'C4_decide_on_process_check': 0, 'C5_recalculate_mean_and_std_dev': 0}",3,"{'C1_calculate_correlation_coefficient': 'The student incorrectly calculates the correlation coefficient using inappropriate sums and formulas, thus receiving 0 points.', 'C2_interpret_correlation_coefficient': 'The student correctly compares |r| with 0.25 and concludes that part sizes do not change systematically, earning full credit.', 'C3_identify_outliers': 'The student calculated the acceptable range but failed to identify the outlier (part 13), earning partial credit.', 'C4_decide_on_process_check': 'The student incorrectly concludes the process does not need a check due to misidentifying outliers, receiving no credit.', 'C5_recalculate_mean_and_std_dev': 'The student does not correctly recalculate the mean and standard deviation after failing to identify and remove the outlier, resulting in 0 points.'}",0.9,3511
Math_ShortAns_59,"{'C1_calculate_correlation_coefficient': 1, 'C2_interpret_correlation_coefficient': 2, 'C3_identify_outliers': 1, 'C4_decide_on_process_check': 0, 'C5_recalculate_mean_and_std_dev': 0}",4,"{'C1_calculate_correlation_coefficient': 'The student attempted the calculation of r, but made errors in intermediate steps and final calculation.', 'C2_interpret_correlation_coefficient': 'The student correctly compared |r| to 0.25 and concluded correctly that part sizes do not change systematically.', 'C3_identify_outliers': 'The student calculated the incorrect range for identifying outliers, leading to the wrong conclusion about outliers.', 'C4_decide_on_process_check': 'The student incorrectly stated that no outliers exist, leading to an incorrect decision regarding process checks.', 'C5_recalculate_mean_and_std_dev': 'The student did not correctly identify outliers and thus failed to remove any for recalculating mean and standard deviation.'}",0.9,3618
Math_ShortAns_60,"{'C1_calculate_correlation_coefficient': 3, 'C2_interpret_correlation_coefficient': 2, 'C3_identify_outliers': 2, 'C4_decide_on_process_check': 1, 'C5_recalculate_mean_and_std_dev': 4}",12,"{'C1_calculate_correlation_coefficient': 'The student correctly calculated the correlation coefficient r = -0.18.', 'C2_interpret_correlation_coefficient': 'The student correctly interpreted |r| < 0.25 to conclude that part sizes do not change systematically.', 'C3_identify_outliers': 'The student correctly identified the range and the outlier (part 13).', 'C4_decide_on_process_check': 'The student concluded that a process check is needed because there is an outlier.', 'C5_recalculate_mean_and_std_dev': 'The student correctly removed the outlier and recalculated the mean and standard deviation.'}",1.0,3293
Math_ShortAns_63,"{'C1_setup_equations': 1, 'C2_find_intersection_points': 1, 'C3_prove_origin_on_circle': 1, 'C4_find_circle_equation': 0, 'C5_find_line_equation': 0}",3,"{'C1_setup_equations': 'Partial credit for setting up the line equation through (2,0), but errors in simplifying the equation for intersections.', 'C2_find_intersection_points': 'Partial credit because the student recognized there are two intersection points, but erred in deriving A and B coordinates correctly.', 'C3_prove_origin_on_circle': ""Partial credit for attempting to calculate the distance of the origin from the circle's center, but incorrect reasoning and calculation."", 'C4_find_circle_equation': 'No correct calculation method to derive circle equation from A, B, and P.', 'C5_find_line_equation': 'No valid method to find the equation of the line through given points, including point P.'}",0.9,2810
Math_ShortAns_64,"{'C1_setup_equations': 2, 'C2_find_intersection_points': 2, 'C3_prove_origin_on_circle': 0, 'C4_find_circle_equation': 0, 'C5_find_line_equation': 0}",4,"{'C1_setup_equations': 'Correctly set up the line equation (vertical line x=2) and substituted into the parabola equation.', 'C2_find_intersection_points': 'Correctly solved for the intersection points A and B as (2, 2) and (2, -2).', 'C3_prove_origin_on_circle': 'Failed to prove the origin is on circle M; incorrectly computed dot product as -4 without concluding perpendicularity.', 'C4_find_circle_equation': 'Did not find the equation; only calculated distance without an accurate center or radius computation.', 'C5_find_line_equation': 'Did not attempt to find the equation of a tangent line to circle M.'}",0.9,2884
Math_ShortAns_67,"{'C1_identify_circle_properties': 2, 'C2_formulate_M_trajectory': 1, 'C3_condition_OP_equals_OM': 1, 'C4_calculate_distances': 0, 'C5_area_of_triangle_POM': 1}",5,"{'C1_identify_circle_properties': 'Correctly identified center as (0, 4) and radius as 4.', 'C2_formulate_M_trajectory': ""Attempted to set up the equation for M's coordinates but did not derive the correct trajectory equation."", 'C3_condition_OP_equals_OM': 'Recognized the need to compare distances but did not correctly derive line equation using the slope condition.', 'C4_calculate_distances': 'Did not correctly calculate the distance from O to line or effectively use it to find PM.', 'C5_area_of_triangle_POM': 'Attempted to use the area formula but did not arrive at the correct area of 16/5.'}",0.7,2680
Math_ShortAns_68,"{'C1_identify_circle_properties': 2, 'C2_formulate_M_trajectory': 3, 'C3_condition_OP_equals_OM': 2, 'C4_calculate_distances': 0, 'C5_area_of_triangle_POM': 0}",7,"{'C1_identify_circle_properties': 'Correctly identifies the center as (0, 4) and radius as 4.', 'C2_formulate_M_trajectory': 'Correctly sets up vectors, applies the dot product condition, and derives the correct trajectory equation.', 'C3_condition_OP_equals_OM': 'Recognizes O is on the perpendicular bisector and derives PM line equation correctly.', 'C4_calculate_distances': 'Failed to correctly calculate distances from O and N to line I.', 'C5_area_of_triangle_POM': 'Error in calculation of PM length and area formula application leading to incorrect area result.'}",0.9,2516
Math_ShortAns_71,"{'C1_formulate_ellipse_equation': 0, 'C2_correct_ellipse_equation': 0, 'C3_line_through_P': 0, 'C4_intersection_points_MN': 0, 'C5_prove_HN_through_fixed_point': 0}",0,"{'C1_formulate_ellipse_equation': 'The student incorrectly substituted points into the ellipse equation and made logical errors, stating b²=0 and failing to find values for a² and b² accurately.', 'C2_correct_ellipse_equation': 'The student did not derive the correct ellipse equation; stated x² + y² = 1, which is incorrect.', 'C3_line_through_P': 'The line equation y = k(x - 1) + 2 was incorrect with assumptions; the student seemed to misunderstand creating slope equations.', 'C4_intersection_points_MN': 'The substitution into the ellipse equation was incorrect and inconsistent; the intersection points M and N calculations were not correctly handled.', 'C5_prove_HN_through_fixed_point': ""The student's explanation for this proof was incomplete and incorrect; failed to identify coordinates of T, H, or prove HN through the fixed point.""}",0.6,2322
Math_ShortAns_72,"{'C1_formulate_ellipse_equation': 0, 'C2_correct_ellipse_equation': 1, 'C3_line_through_P': 0, 'C4_intersection_points_MN': 1, 'C5_prove_HN_through_fixed_point': 0}",2,"{'C1_formulate_ellipse_equation': 'The student did not show any work for formulating the ellipse equation using points A and B.', 'C2_correct_ellipse_equation': 'The student correctly stated the final equation of the ellipse.', 'C3_line_through_P': ""The student incorrectly set up the line through point P; 'x=1' is not a correct line for this problem."", 'C4_intersection_points_MN': 'The student correctly identified the intersection points M and N for their incorrect setup of the line.', 'C5_prove_HN_through_fixed_point': 'The student stated a conclusion but did not correctly identify points or demonstrate the proof involving line HN passing through a fixed point.'}",0.9,1955
Math_ShortAns_75,"{'C1_identify_points_on_ellipse': 1, 'C2_substitute_points_and_solve': 0, 'C3_write_ellipse_equation': 0, 'C4_analyze_slope_conditions': 1, 'C5_prove_fixed_point': 0}",2,"{'C1_identify_points_on_ellipse': 'The student attempted to identify points on the ellipse but concluded incorrectly with b=0; partial credit for some identification attempt.', 'C2_substitute_points_and_solve': 'The attempted solution leads to incorrect conditions and fails to solve for a² and b² correctly.', 'C3_write_ellipse_equation': 'The equation given does not correspond to any correct parameters a²=4, b²=1.', 'C4_analyze_slope_conditions': 'The student noted the slope condition k1 + k2 = -1, but explanation and use of this were lacking.', 'C5_prove_fixed_point': 'Proof steps are missing crucial elements, such as specific intersection conditions and discriminant analysis, so unable to prove a fixed point.'}",,2626
Math_ShortAns_76,"{'C1_identify_points_on_ellipse': 1, 'C2_substitute_points_and_solve': 2, 'C3_write_ellipse_equation': 1, 'C4_analyze_slope_conditions': 1, 'C5_prove_fixed_point': 0}",5,"{'C1_identify_points_on_ellipse': 'The student correctly identified that point P2 is on the ellipse, but incorrectly concluded that all four points lie on the ellipse.', 'C2_substitute_points_and_solve': 'Student correctly substitutes points and solves for a² and b².', 'C3_write_ellipse_equation': 'The student correctly wrote the ellipse equation using the correct values of a² and b².', 'C4_analyze_slope_conditions': 'Student set up the equation but did not fully apply the slope condition k1 + k2 = -1 correctly.', 'C5_prove_fixed_point': 'Student concludes that there is a fixed point but fails to show the mathematical proof or correctly identify the fixed point.'}",0.9,2789
Math_ShortAns_77,"{'C1_identify_points_on_ellipse': 2, 'C2_substitute_points_and_solve': 2, 'C3_write_ellipse_equation': 1, 'C4_analyze_slope_conditions': 1, 'C5_prove_fixed_point': 1}",7,"{'C1_identify_points_on_ellipse': 'Correctly identified that P2, P3, and P4 lie on the ellipse.', 'C2_substitute_points_and_solve': 'Correctly substituted two points to solve for a² and b².', 'C3_write_ellipse_equation': 'Correctly wrote the ellipse equation.', 'C4_analyze_slope_conditions': 'Set up line equation, but incomplete handling of slope conditions.', 'C5_prove_fixed_point': 'Attempted proof using given conditions but did not fully conclude or verify the fixed point.'}",0.9,2378
Math_ShortAns_80,"{'C1_function_formulation': 1, 'C2_monotonicity_analysis': 0, 'C3_conclusion_for_part1': 0, 'C4_derivative_for_extremum': 1, 'C5_determination_of_a': 0, 'C6_final_answer': 0}",2,"{'C1_function_formulation': 'Partial credit for formulating the function correctly for a=0 but intervals are not analyzed correctly.', 'C2_monotonicity_analysis': 'The derivative calculation and monotonicity analysis for part 1 was incorrect.', 'C3_conclusion_for_part1': 'The conclusion does not match the process described and contains contradictions.', 'C4_derivative_for_extremum': 'Student correctly identified the need for derivative analysis at x=0 but failed to set up the condition correctly.', 'C5_determination_of_a': 'Failed to identify conditions under which x=0 is a maximum.', 'C6_final_answer': 'The final answers do not align with correct analysis; part (2) needs correct analysis of a.'}",0.9,2343
Math_ShortAns_81,"{'C1_function_formulation': 2, 'C2_monotonicity_analysis': 1, 'C3_conclusion_for_part1': 1, 'C4_derivative_for_extremum': 1, 'C5_determination_of_a': 2, 'C6_final_answer': 2}",9,"{'C1_function_formulation': 'Correctly stated the function for a=0 and identified the intervals for analysis.', 'C2_monotonicity_analysis': ""The student mentions taking derivatives but does not provide specific calculations or analyses for f'(x) in intervals."", 'C3_conclusion_for_part1': 'Correctly concluded the behavior stated for the intervals.', 'C4_derivative_for_extremum': ""The student referenced calculating derivatives but did not correctly derive or set up f'(0)=0."", 'C5_determination_of_a': 'Correctly concluded that a = -1/6 but lacked rigorous justification from derivative analysis.', 'C6_final_answer': 'Provided correct conclusions for both parts but without complete derivations.'}",0.7,2266
Math_ShortAns_84,"{'C1_calculate_derivative': 1, 'C2_analyze_monotonicity': 0, 'C3_identify_critical_points': 0, 'C4_prove_inequality_for_a_negative': 0, 'C5_final_conclusion': 0}",1,"{'C1_calculate_derivative': 'Student attempted to differentiate each term separately, but calculation of the derivative is incorrect.', 'C2_analyze_monotonicity': 'There is recognition of conditions for monotonicity, but lacks proper analysis based on the derivative.', 'C3_identify_critical_points': ""Student did not correctly set f'(x) to 0 or find the critical point x = -1/(2a)."", 'C4_prove_inequality_for_a_negative': 'No proof or logical transformation was made for the inequality, misunderstanding evident.', 'C5_final_conclusion': 'Conclusion on monotonicity is incomplete and incorrect inequality result.'}",0.8,2643
Math_ShortAns_85,"{'C1_calculate_derivative': 1, 'C2_analyze_monotonicity': 0, 'C3_identify_critical_points': 1, 'C4_prove_inequality_for_a_negative': 0, 'C5_final_conclusion': 0}",2,"{'C1_calculate_derivative': 'Partial credit for attempting to differentiate each term separately, but the expression is incorrect.', 'C2_analyze_monotonicity': 'Failed to properly recognize or discuss monotonicity conditions adequately.', 'C3_identify_critical_points': ""Partial credit for setting f'(x) = 0 and attempting to solve, although solution is incomplete."", 'C4_prove_inequality_for_a_negative': 'Failed to correctly prove the inequality f(x) ≤ -3/(4a) - 2 for a < 0.', 'C5_final_conclusion': 'Conclusion did not summarize the analysis or the inequality correctly.'}",0.9,2645
Math_ShortAns_86,"{'C1_calculate_derivative': 2, 'C2_analyze_monotonicity': 3, 'C3_identify_critical_points': 2, 'C4_prove_inequality_for_a_negative': 3, 'C5_final_conclusion': 2}",12,"{'C1_calculate_derivative': ""The student correctly calculated the derivative as f'(x) = (2ax+1)(x+1)/x."", 'C2_analyze_monotonicity': 'The student correctly analyzed the monotonicity for a = 0, a > 0, and a < 0.', 'C3_identify_critical_points': ""The student correctly set f'(x) = 0 and found the critical point x = -1/(2a)."", 'C4_prove_inequality_for_a_negative': 'The student correctly identified maximum f(x) at x = -1/(2a) and proved the inequality using derivative analysis.', 'C5_final_conclusion': 'The student provided a coherent final conclusion summarizing the monotonicity results and the inequality for a < 0.'}",1.0,3176
Math_ShortAns_89,"{'C1_calculate_derivative': 1, 'C2_find_m_value': 1, 'C3_analyze_monotonicity': 1, 'C4_prove_inequality': 0, 'C5_conclusion': 0}",3,"{'C1_calculate_derivative': ""The student correctly calculated the derivative as f'(x) = e^x - 1/(x+m)."", 'C2_find_m_value': 'The student correctly set the derivative to zero at x=0 and solved for m, obtaining m=1.', 'C3_analyze_monotonicity': 'The student attempts to identify the monotonicity based on growth rates but does not accurately identify intervals or use g(x) correctly.', 'C4_prove_inequality': 'The student fails to demonstrate f(x)>0 for m<=2. Errors present in the logic and direction of proof.', 'C5_conclusion': 'Conclusion is not coherent with the analysis, misidentifying the behavior of f(x) under given conditions.'}",0.9,2350
Math_ShortAns_90,"{'C1_calculate_derivative': 1, 'C2_find_m_value': 1, 'C3_analyze_monotonicity': 0, 'C4_prove_inequality': 0, 'C5_conclusion': 0}",2,"{'C1_calculate_derivative': ""Correctly stated the derivative as f'(x) = e^x - 1/(x+m)."", 'C2_find_m_value': 'Correctly solved 1 - 1/m = 0 and found m = 1.', 'C3_analyze_monotonicity': 'Did not successfully analyze the monotonicity. No intervals of increase and decrease identified.', 'C4_prove_inequality': 'Did not provide a correct method to prove f(x) > 0 for m ≤ 2.', 'C5_conclusion': 'No coherent conclusion based on the analysis regarding function behavior for given conditions.'}",0.9,2088
Math_ShortAns_93,"{'C1_correct_function_substitution': 1, 'C2_derivative_calculation': 1, 'C3_monotonicity_analysis': 0, 'C4_zero_point_analysis': 0, 'C5_final_value_of_a': 0}",2,"{'C1_correct_function_substitution': 'Substituted a=1 into f(x) and set up f(x)=e^x-x^2 for x>=0.', 'C2_derivative_calculation': ""Correctly calculated f'(x)=e^x-2ax."", 'C3_monotonicity_analysis': 'Did not properly analyze monotonicity despite mentioning derivative use.', 'C4_zero_point_analysis': 'Did not correctly set up conditions for a single zero point.', 'C5_final_value_of_a': 'Incorrect conclusion for value of a; analysis was flawed.'}",0.9,2654
Math_ShortAns_94,"{'C1_correct_function_substitution': 1, 'C2_derivative_calculation': 1, 'C3_monotonicity_analysis': 0, 'C4_zero_point_analysis': 0, 'C5_final_value_of_a': 0}",2,"{'C1_correct_function_substitution': ""The student correctly substituted a=1 into the function and set up the initial evaluation, but didn't explicitly state needing to prove f(x) ≥ 1 for x ≥ 0."", 'C2_derivative_calculation': ""The student correctly calculated the first derivative f'(x) = e^x - 2x."", 'C3_monotonicity_analysis': ""There is an attempt to discuss monotonicity, but it's not done through a proper interval analysis using the derivative."", 'C4_zero_point_analysis': ""The student mentions the condition e^x = 2ax but doesn't analyze it correctly for zero-point conditions."", 'C5_final_value_of_a': 'The student incorrectly guessed a for the function to have only one zero point without proper analysis.'}",0.8,2765
Math_ShortAns_95,"{'C1_correct_function_substitution': 1, 'C2_derivative_calculation': 1, 'C3_monotonicity_analysis': 1, 'C4_zero_point_analysis': 0, 'C5_final_value_of_a': 0}",3,"{'C1_correct_function_substitution': 'Correctly substitutes a=1 and sets up f(x) for analysis.', 'C2_derivative_calculation': ""Correctly calculates the derivative f'(x) = e^x - 2x."", 'C3_monotonicity_analysis': 'Analyzes the monotonicity correctly using the derivative, identifying intervals.', 'C4_zero_point_analysis': 'Does not set up or analyze the condition e^x = 2ax correctly for one zero point.', 'C5_final_value_of_a': 'Fails to determine the correct final value of a; explanation is vague and incorrect.'}",0.9,2727
Math_ShortAns_98,"{'C1_derivative_analysis': 2, 'C2_boundary_condition': 1, 'C3_logarithmic_inequality': 0, 'C4_product_inequality': 1, 'C5_final_answer': 1}",5,"{'C1_derivative_analysis': 'Student attempted to analyze f(x) with f(1) and f(2), but analysis of negative behavior and derivative was incomplete or incorrect.', 'C2_boundary_condition': 'Student used f(1) to find a boundary condition but incorrectly concluded a = 0.', 'C3_logarithmic_inequality': 'Student did not derive or apply the logarithmic inequality correctly.', 'C4_product_inequality': 'Student expressed product terms correctly but estimation and analysis were incomplete and somewhat incorrect.', 'C5_final_answer': 'Student correctly stated m=3 but incorrectly stated a=0 instead of a=1.'}",0.8,3068
Math_ShortAns_99,"{'C1_derivative_analysis': 0, 'C2_boundary_condition': 0, 'C3_logarithmic_inequality': 0, 'C4_product_inequality': 1, 'C5_final_answer': 0}",1,"{'C1_derivative_analysis': 'The student did not analyze the derivative at all, which is necessary to determine the behavior of f(x) and the value of a.', 'C2_boundary_condition': 'The student did not correctly use f(1) = 0 to derive a condition for a, and concluded that a = 2 without proper analysis.', 'C3_logarithmic_inequality': 'The student did not derive or apply the logarithmic inequality ln(x) ≤ x - 1, which is critical for the first part of the problem and influences the rest.', 'C4_product_inequality': 'The student correctly expressed the product as a series of terms but failed to analyze it accurately, concluding m = 8 rather than at least m = 3.', 'C5_final_answer': 'The final answers for both parts were incorrect: stated a = 2 and m = 8, neither of which aligns with the correct logical deductions.'}",0.9,3142
Math_ShortAns_100,"{'C1_derivative_analysis': 2, 'C2_boundary_condition': 1, 'C3_logarithmic_inequality': 2, 'C4_product_inequality': 3, 'C5_final_answer': 1}",9,"{'C1_derivative_analysis': ""The student correctly finds the derivative f'(x) and analyzes the behavior of f(x) for different values of a, but there is a minor mistake in the derivative calculation. They did correctly conclude that a must be greater than 0."", 'C2_boundary_condition': ""The student partially used f(1)=0 to conclude a=1, but didn't thoroughly explain the boundary condition analysis."", 'C3_logarithmic_inequality': 'The student correctly derived the inequality ln(x)<=x-1 when a=1 and applied it to the second part.', 'C4_product_inequality': 'The student correctly analyzed the product inequality, expressing terms and concluding that m must be at least 3 using the behavior of the product.', 'C5_final_answer': 'The student provided a correct answer for a=1, but the explanation for m=3 is not clear and lacks final analysis.'}",0.8,3081
Math_ShortAns_103,"{'C1_calculate_derivative': 0, 'C2_analyze_derivative_behavior': 0, 'C3_conclude_unique_extrema': 0, 'C4_find_roots': 0, 'C5_final_conclusion': 0}",0,"{'C1_calculate_derivative': 'Incorrect calculation of derivative; did not obtain ln(x) - 1/x.', 'C2_analyze_derivative_behavior': ""Failed to identify the correct behavior of the derivative or locate where f'(x)=0."", 'C3_conclude_unique_extrema': 'Incorrect conclusion on extrema; the derivation errors led to incorrect conclusions.', 'C4_find_roots': 'Did not correctly find the roots of f(x) = 0 or show they are reciprocals.', 'C5_final_conclusion': 'Final conclusions are incorrect based on preceding faulty analysis.'}",0.95,2458
Math_ShortAns_104,"{'C1_calculate_derivative': 0, 'C2_analyze_derivative_behavior': 0, 'C3_conclude_unique_extrema': 0, 'C4_find_roots': 1, 'C5_final_conclusion': 0}",1,"{'C1_calculate_derivative': ""The calculation of the derivative is incorrect. The simplification step contains errors, leading to an incorrect expression for f'(x)."", 'C2_analyze_derivative_behavior': 'The analysis of the derivative behavior is incorrect. The student incorrectly concludes the monotonicity of f(x) based on the wrong derivative expression.', 'C3_conclude_unique_extrema': ""No valid conclusion is drawn about extrema due to incorrect analysis of f'(x)."", 'C4_find_roots': 'The student partially identifies the intervals where roots can exist based on sample evaluations, but does not prove they are reciprocals.', 'C5_final_conclusion': 'The conclusion is inconsistent with the errors in derivative and root analysis, concluding incorrectly about roots and extrema.'}",0.8,2579
Math_ShortAns_105,"{'C1_calculate_derivative': 0, 'C2_analyze_derivative_behavior': 1, 'C3_conclude_unique_extrema': 1, 'C4_find_roots': 1, 'C5_final_conclusion': 1}",4,"{'C1_calculate_derivative': 'The student did not explicitly calculate the derivative of the given function. They referred to finding the derivative without showing any calculations.', 'C2_analyze_derivative_behavior': 'The student correctly stated the existence of a unique point where the derivative is zero based on its analysis.', 'C3_conclude_unique_extrema': ""The student correctly concluded that there is a unique extremum using the derivative's behavior."", 'C4_find_roots': 'The student correctly identified there are two real roots and mentioned their reciprocal relationship but did not sufficiently prove these were reciprocals.', 'C5_final_conclusion': 'The student provided a clear conclusion that there are exactly two real roots and that they are reciprocals.'}",0.8,2291
Math_ShortAns_108,"{'C1_domain_and_derivative': 0, 'C2_monotonicity_and_extrema': 0, 'C3_value_of_a': 0, 'C4_zero_points_condition': 0, 'C5_proof_of_product_less_than_one': 0}",0,"{'C1_domain_and_derivative': 'The student does not identify the domain nor compute the derivative.', 'C2_monotonicity_and_extrema': 'The student does not analyze monotonicity nor find the extremum.', 'C3_value_of_a': 'The student provides the incorrect range for a and the logic is flawed.', 'C4_zero_points_condition': 'The condition for two zero points and product analysis is not correctly set up.', 'C5_proof_of_product_less_than_one': 'The student fails to transform the inequality nor correctly prove the product condition.'}",0.95,2232
Math_ShortAns_109,"{'C1_domain_and_derivative': 1, 'C2_monotonicity_and_extrema': 1, 'C3_value_of_a': 1, 'C4_zero_points_condition': 1, 'C5_proof_of_product_less_than_one': 0}",4,"{'C1_domain_and_derivative': ""Correctly identified domain as (0,+∞) and computed the derivative f'(x) correctly."", 'C2_monotonicity_and_extrema': 'Correctly analyzed monotonicity and found extremum at x = 1.', 'C3_value_of_a': 'Correctly concluded that a ≤ e + 1 based on f(1) ≥ 0.', 'C4_zero_points_condition': 'Correctly set up the condition x1 < 1 < x2 and analyzed the product x1 * x2.', 'C5_proof_of_product_less_than_one': 'Did not correctly transform and prove the condition that x1 * x2 < 1.'}",0.9,2643
Math_ShortAns_112,"{'C1_identify_focus_directrix': 0, 'C2_calculate_p_value': 0, 'C3_parabola_equation': 0, 'C4_slope_relationship': 0, 'C5_max_angle_difference': 0}",0,"{'C1_identify_focus_directrix': 'The student incorrectly identified the focus and did not mention the directrix, which was essential.', 'C2_calculate_p_value': ""The student did not correctly set up the equation to solve for p and didn't arrive at p = 2."", 'C3_parabola_equation': 'The student incorrectly stated the equation of the parabola as y^2 = 3px, failing to substitute and find the correct equation.', 'C4_slope_relationship': 'The student showed confusion about the slope relationship, incorrectly handling the conditions for line MD being vertical.', 'C5_max_angle_difference': 'The student did not correctly determine the maximum a - β or the correct equation of line AB at any point.'}",0.9,2373
Math_ShortAns_113,"{'C1_identify_focus_directrix': 0, 'C2_calculate_p_value': 0, 'C3_parabola_equation': 0, 'C4_slope_relationship': 0, 'C5_max_angle_difference': 0}",0,"{'C1_identify_focus_directrix': 'The student incorrectly identified the focus as (p, 0) instead of (p/2, 0), and failed to mention the directrix correctly.', 'C2_calculate_p_value': 'The student did not correctly set up or solve the equation for |MF| = 3, leading to an incorrect calculation for p.', 'C3_parabola_equation': 'The student did not substitute the correct value for p; thus, no valid equation derived.', 'C4_slope_relationship': ""There was no valid usage of Vieta's formulas or evidence of understanding the slope relationship between lines MN and AB."", 'C5_max_angle_difference': 'The student did not correctly apply the tangent difference formula or derive any equation for line AB related to maximum angle difference.'}",0.9,2457
Math_ShortAns_114,"{'C1_identify_focus_directrix': 1, 'C2_calculate_p_value': 1, 'C3_parabola_equation': 1, 'C4_slope_relationship': 1, 'C5_max_angle_difference': 1}",5,"{'C1_identify_focus_directrix': 'The student correctly identified the focus as (p/2, 0).', 'C2_calculate_p_value': 'The student correctly set up and solved for p using the condition |MF| = 3.', 'C3_parabola_equation': 'The student correctly substituted p = 2 to derive the equation y² = 4x.', 'C4_slope_relationship': 'The student correctly established the slope relationship between lines MN and AB.', 'C5_max_angle_difference': 'The student successfully found the maximum angle difference and derived the equation for line AB.'}",0.9,2285
Math_ShortAns_117,"{'C1_derivative_calculation': 1, 'C2_function_expression': 0, 'C3_monotonic_intervals': 0, 'C4_inequality_analysis': 0, 'C5_maximum_value': 0}",1,"{'C1_derivative_calculation': ""The student correctly identified the form of f'(x) but failed to substitute x = 1 correctly."", 'C2_function_expression': ""The student did not correctly substitute values for f'(1) and f(0) to find the correct expression for f(x)."", 'C3_monotonic_intervals': 'The student gave a partial explanation for monotonic intervals but did not provide correct calculations or intervals.', 'C4_inequality_analysis': 'The student did not set up the inequality correctly for analysis.', 'C5_maximum_value': 'The student did not correctly identify (a+1)b relation, hence could not find the maximum value.'}",0.8,2423
Math_ShortAns_118,"{'C1_derivative_calculation': 1, 'C2_function_expression': 0, 'C3_monotonic_intervals': 0, 'C4_inequality_analysis': 1, 'C5_maximum_value': 0}",2,"{'C1_derivative_calculation': ""The student did not explicitly identify the form of f'(x) but mentioned the substitution x=1. Partial credit given."", 'C2_function_expression': 'The student did not find the expression for f(x) explicitly or correctly identify constants, thus no credit.', 'C3_monotonic_intervals': 'The student did not provide any calculations or definitions for monotonic intervals, therefore no credit.', 'C4_inequality_analysis': 'The student set up h(x) but did not analyze its derivative or derive further conditions, therefore partial credit.', 'C5_maximum_value': 'The explanation for finding the maximum value of (a+1)b was not shown correctly. Hence, no credit.'}",0.8,2319
Math_ShortAns_121,"{'C1_derivative_calculation': 1, 'C2_monotonicity_analysis': 0, 'C3_gx_expression': 1, 'C4_b_max_value': 0, 'C5_ln2_estimation': 0}",2,"{'C1_derivative_calculation': ""Correctly calculated the derivative f'(x) = e^x + e^{-x} - 2."", 'C2_monotonicity_analysis': 'Incorrect conclusion on monotonicity; stated f(x) is decreasing, which is incorrect.', 'C3_gx_expression': 'Correctly expanded g(x) = f(2x) - 4b f(x).', 'C4_b_max_value': ""Incorrect reasoning and conclusion about the maximum value of b; incorrectly assumed b's maximum value is 0."", 'C5_ln2_estimation': 'Failing to arrive at correct estimation for ln 2 based on the given range for √2.'}",0.9,2385
Math_ShortAns_122,"{'C1_derivative_calculation': 1, 'C2_monotonicity_analysis': 1, 'C3_gx_expression': 1, 'C4_b_max_value': 1, 'C5_ln2_estimation': 0}",4,"{'C1_derivative_calculation': ""The derivative f'(x) = e^x + e^{-x} - 2 was correctly calculated."", 'C2_monotonicity_analysis': 'Correctly used the inequality e^x + e^{-x} ≥ 2 to conclude f(x) is increasing.', 'C3_gx_expression': 'Correctly expanded g(x) = f(2x) - 4b f(x).', 'C4_b_max_value': ""Correctly determined b ≤ 2 based on g'(x) analysis."", 'C5_ln2_estimation': 'The approximation process for ln 2 was incorrect and did not use the given range for √2 properly.'}",0.9,2910
Math_ShortAns_125,"{'C1_derivative_calculation': 0, 'C2_monotonicity_analysis': 0, 'C3_periodicity_and_bounds': 0, 'C4_inequality_proof_part2': 0, 'C5_inequality_proof_part3': 0}",0,"{'C1_derivative_calculation': 'The derivative calculation is incomplete and incorrect.', 'C2_monotonicity_analysis': 'The analysis is based on incomplete and incorrect calculations.', 'C3_periodicity_and_bounds': 'No correct attempt to determine periodicity or perform correct maximum value calculations.', 'C4_inequality_proof_part2': 'Did not correctly apply results from part (1) to prove the inequality.', 'C5_inequality_proof_part3': 'The attempt at the proof is incorrect and lacks necessary bounding techniques.'}",0.9,2363
Math_ShortAns_126,"{'C1_derivative_calculation': 0, 'C2_monotonicity_analysis': 0, 'C3_periodicity_and_bounds': 0, 'C4_inequality_proof_part2': 0, 'C5_inequality_proof_part3': 0}",0,"{'C1_derivative_calculation': 'The derivative calculation is incorrect and lacks proper differentiation steps.', 'C2_monotonicity_analysis': 'The analysis of monotonicity is incorrect, as it relies on faulty assumptions about the derivative.', 'C3_periodicity_and_bounds': 'The student did not address periodicity or provide a correct approach to find bounds.', 'C4_inequality_proof_part2': ""The proof doesn't apply results from part (1) correctly and concludes a wrong bound."", 'C5_inequality_proof_part3': 'The inequality proof lacks transformation and bounding techniques, resting instead on incorrect assumptions.'}",0.9,2386
Math_ShortAns_127,"{'C1_derivative_calculation': 0, 'C2_monotonicity_analysis': 0, 'C3_periodicity_and_bounds': 0, 'C4_inequality_proof_part2': 0, 'C5_inequality_proof_part3': 0}",0,"{'C1_derivative_calculation': 'Derivative not actually calculated; only outlines steps.', 'C2_monotonicity_analysis': 'Does not identify critical points or intervals of monotonicity.', 'C3_periodicity_and_bounds': 'Periodicity incorrectly used; does not calculate exact max/min values.', 'C4_inequality_proof_part2': 'Fails to apply part (1) to establish the inequality.', 'C5_inequality_proof_part3': 'Fails to transform the expression and apply correct technique.'}",0.9,2377
Math_ShortAns_130,"{'C1_convert_polar_to_cartesian': 0, 'C2_complete_cartesian_equation': 0, 'C3_find_parametric_equation': 0, 'C4_compare_circles': 0}",0,"{'C1_convert_polar_to_cartesian': 'The student attempted to convert from polar to Cartesian form but made errors in their calculations.', 'C2_complete_cartesian_equation': 'The student did not complete the conversion into a standard Cartesian circle equation, failed to recognize the form.', 'C3_find_parametric_equation': 'The student failed to derive a correct parametric equation for P and did not show a clear path to find it.', 'C4_compare_circles': 'The student guessed about the intersection of C and C1 without calculating and identifying their properties accurately.'}",0.9,2461
Math_ShortAns_131,"{'C1_convert_polar_to_cartesian': 1, 'C2_complete_cartesian_equation': 1, 'C3_find_parametric_equation': 0, 'C4_compare_circles': 0}",2,"{'C1_convert_polar_to_cartesian': 'The student correctly expressed the initial transformation of the polar equation to Cartesian form using ρ² = x² + y² and ρ cos θ = x.', 'C2_complete_cartesian_equation': 'The student correctly transformed the equation to the form (x - √2)² + y² = 2.', 'C3_find_parametric_equation': 'The student did not provide the correct parametric equation for the trajectory of P.', 'C4_compare_circles': 'The student mentioned computing circle details but failed to provide a logical or correct reasoning of the comparison to conclude no common points.'}",0.9,2248
Math_ShortAns_134,"{'C1_eliminate_theta': 0, 'C2_eliminate_t': 0, 'C3_find_intersection': 0, 'C4_cartesian_to_polar': 0, 'C5_final_answer': 0}",0,"{'C1_eliminate_theta': ""Incorrect conversion of C1's parameter equation; x + y should equal 4, not 5."", 'C2_eliminate_t': 'Failed to correctly eliminate parameter t; did not derive x² - y² = 4.', 'C3_find_intersection': 'Intersection point calculated incorrectly; should be P(5/2, 3/2), but student finds incorrect coordinates P(1, 4).', 'C4_cartesian_to_polar': 'Did not correctly convert the Cartesian form to polar form; derived incorrect polar form.', 'C5_final_answer': 'Final polar equation is incorrect; did not follow the correct derivation from prior intersections.'}",0.85,2469
Math_ShortAns_135,"{'C1_eliminate_theta': 1, 'C2_eliminate_t': 1, 'C3_find_intersection': 0, 'C4_cartesian_to_polar': 0, 'C5_final_answer': 1}",3,"{'C1_eliminate_theta': 'Correctly eliminated parameter theta and derived x + y = 4.', 'C2_eliminate_t': 'Correctly eliminated parameter t and derived x^2 - y^2 = 4.', 'C3_find_intersection': 'Did not show the steps to solve for the intersection point P.', 'C4_cartesian_to_polar': 'Did not show any steps for converting the Cartesian equation of the circle to polar form.', 'C5_final_answer': 'Provided correct final polar equation with correct method assumed from prior steps.'}",0.9,2110
Math_ShortAns_138,"{'C1_eliminate_theta': 0, 'C2_eliminate_t': 0, 'C3_find_intersection': 0, 'C4_cartesian_to_polar': 0, 'C5_circle_equation': 0}",0,"{'C1_eliminate_theta': 'The student incorrectly derived the equation as x + y = 8 instead of x + y = 4.', 'C2_eliminate_t': 'The student incorrectly derived the equation as x^2 - y^2 = 2 instead of x^2 - y^2 = 4.', 'C3_find_intersection': 'The student failed to find the correct intersection point, claiming no real solutions.', 'C4_cartesian_to_polar': 'The student did not correctly convert the Cartesian equation to polar coordinates.', 'C5_circle_equation': 'The student did not correctly derive the polar equation of the circle.'}",1.0,2443
Math_ShortAns_139,"{'C1_eliminate_theta': 1, 'C2_eliminate_t': 1, 'C3_find_intersection': 0, 'C4_cartesian_to_polar': 1, 'C5_circle_equation': 1}",4,"{'C1_eliminate_theta': 'Correctly derived x + y = 4 for C1 using trigonometric identities.', 'C2_eliminate_t': 'Correctly derived x² - y² = 4 for C2 using algebraic manipulation.', 'C3_find_intersection': 'Did not find or mention the intersection point P.', 'C4_cartesian_to_polar': 'Correctly derived the polar equation ρ = (17/5) cos θ.', 'C5_circle_equation': ""Correctly found the circle's polar equation with given conditions.""}",0.9,2133
Math_ShortAns_142,"{'C1_apply_AM_GM_inequality': 0, 'C2_conclude_abc_inequality': 0, 'C3_use_basic_inequalities': 0, 'C4_conclude_fraction_inequality': 0, 'C5_equality_conditions': 0}",0,"{'C1_apply_AM_GM_inequality': 'The student incorrectly attempted a special case approach by assuming a = b = c, rather than applying the AM-GM inequality as required by the rubric.', 'C2_conclude_abc_inequality': 'The student reached the correct conclusion but through incorrect methods and reasoning, and relied on special case assumption instead of proper inequality derivation.', 'C3_use_basic_inequalities': 'The student did not use or mention the required basic inequalities to reach a transformed expression relating to sqrt(abc). The approach taken was incorrect.', 'C4_conclude_fraction_inequality': ""The student's derivation for the second inequality was not correct and resulted in an incorrect conclusion different from what is required."", 'C5_equality_conditions': 'The student made an attempt to discuss equality when considering a=b=c but provided an incorrect condition differing from rubric expectations.'}",0.9,2524
Math_ShortAns_143,"{'C1_apply_AM_GM_inequality': 0, 'C2_conclude_abc_inequality': 0, 'C3_use_basic_inequalities': 0, 'C4_conclude_fraction_inequality': 0, 'C5_equality_conditions': 0}",0,"{'C1_apply_AM_GM_inequality': 'The student did not correctly apply the AM-GM inequality to derive any meaningful inequality involving abc.', 'C2_conclude_abc_inequality': 'The student did not conclude the inequality correctly; the reasoning is muddled and incorrect.', 'C3_use_basic_inequalities': ""The student didn't use basic inequalities to transform the expression as required."", 'C4_conclude_fraction_inequality': ""There was no correct conclusion about the fraction inequality; the student's reasoning was faulty."", 'C5_equality_conditions': 'The student missed identifying equality conditions for both inequalities.'}",,2444
Math_ShortAns_144,"{'C1_apply_AM_GM_inequality': 0, 'C2_conclude_abc_inequality': 0, 'C3_use_basic_inequalities': 0, 'C4_conclude_fraction_inequality': 0, 'C5_equality_conditions': 0}",0,"{'C1_apply_AM_GM_inequality': 'The student did not correctly apply the AM-GM inequality; the argument was confused and did not lead to any progression towards the intended inequality.', 'C2_conclude_abc_inequality': 'The student incorrectly concluded the inequality, stating that abc should be greater than or equal to 1/9, which contradicts the requirement. No valid conclusion was drawn.', 'C3_use_basic_inequalities': 'The student did not transform the expression using any relevant inequality or attempted transformation towards using the expression involving sqrt(abc).', 'C4_conclude_fraction_inequality': ""The student's conclusion that the expression is greater than the target inequality term is incorrect as per the problem setup."", 'C5_equality_conditions': 'The student made no attempt to identify conditions under which equality holds for the inequalities.'}",0.9,2455
Math_ShortAns_145,"{'C1_apply_AM_GM_inequality': 1, 'C2_conclude_abc_inequality': 1, 'C3_use_basic_inequalities': 1, 'C4_conclude_fraction_inequality': 1, 'C5_equality_conditions': 1}",5,"{'C1_apply_AM_GM_inequality': 'Correctly applied the AM-GM inequality to derive (abc)^{1/2} <= 1/3.', 'C2_conclude_abc_inequality': 'Correctly concluded abc <= 1/9 from the inequality (abc)^{1/2} <= 1/3.', 'C3_use_basic_inequalities': 'Correctly used basic inequalities b+c >= 2sqrt(bc), etc., to transform the expression.', 'C4_conclude_fraction_inequality': 'Properly concluded the inequality using the transformed expression.', 'C5_equality_conditions': 'Identified the equality conditions correctly for both parts.'}",1.0,2579
Math_ShortAns_148,"{'C1_apply_cauchy_schwarz': 0, 'C2_conclude_part1': 0, 'C3_substitute_b_equals_2c': 1, 'C4_apply_am_gm_inequality': 0, 'C5_conclude_part2': 0}",1,"{'C1_apply_cauchy_schwarz': 'The student applied Cauchy-Schwarz incorrectly, as demonstrated by an incorrect inequality setup.', 'C2_conclude_part1': 'The conclusion from Cauchy-Schwarz was not reached because the setup was incorrect, leading to a conclusion of a \x7fa+b+2c \x7f≤ 4.24 instead of 3.', 'C3_substitute_b_equals_2c': 'The student correctly substituted b=2c and simplified the equation to a^2 + 8c^2 = 3.', 'C4_apply_am_gm_inequality': 'The student did not correctly apply the AM-GM inequality or any other relevant inequality to advance towards proving \x7f(1/a) + (1/c) ≥ 3\x7f.', 'C5_conclude_part2': 'The student did not successfully conclude the second part of the problem, as the necessary inequality was not properly established.'}",0.9,2703
Math_ShortAns_149,"{'C1_apply_cauchy_schwarz': 0, 'C2_conclude_part1': 0, 'C3_substitute_b_equals_2c': 1, 'C4_apply_am_gm_inequality': 0, 'C5_conclude_part2': 0}",1,"{'C1_apply_cauchy_schwarz': 'Failed to correctly apply the Cauchy-Schwarz inequality; used incorrect terms in setup.', 'C2_conclude_part1': 'Failed to conclude correctly; derived wrong bound (6 instead of 3).', 'C3_substitute_b_equals_2c': 'Correctly substituted b=2c and simplified to a valid form a^2 + 8c^2 = 3.', 'C4_apply_am_gm_inequality': 'Did not use AM-GM inequality; attempted an invalid method.', 'C5_conclude_part2': 'Failed to conclude correctly for the second inequality.'}",0.9,2541
Math_ShortAns_150,"{'C1_apply_cauchy_schwarz': 1, 'C2_conclude_part1': 1, 'C3_substitute_b_equals_2c': 1, 'C4_apply_am_gm_inequality': 1, 'C5_conclude_part2': 1}",5,"{'C1_apply_cauchy_schwarz': 'The student correctly applied the Cauchy-Schwarz inequality, setting up the problem correctly.', 'C2_conclude_part1': 'The student correctly concluded $a+b+2c \\leq 3$ from the setup inequality.', 'C3_substitute_b_equals_2c': 'The student correctly substituted $b=2c$ and simplified to obtain $a+4c \\leq 3$.', 'C4_apply_am_gm_inequality': 'The student correctly used the AM-GM inequality to show $\\frac{1}{a} + \\frac{1}{c} \\geq 3$. The steps and justification were correctly written.', 'C5_conclude_part2': 'The student correctly concluded $\\frac{1}{a} + \\frac{1}{c} \\geq 3$ from the setup involving AM-GM inequality.'}",1.0,2449
Math_ShortAns_153,"{'C1_use_cauchy_inequality': 0, 'C2_transform_equation': 0, 'C3_apply_AM_GM_inequality': 1, 'C4_conclude_inequality_1': 0, 'C5_conclude_inequality_2': 0}",1,"{'C1_use_cauchy_inequality': 'Did not make any correct application of the Cauchy-Schwarz inequality for part (1).', 'C2_transform_equation': ""Attempted transformation but incorrect derivation and confusion with equation s(s^2 - 3p) = 2, didn't properly use a^3 + b^3 = 2."", 'C3_apply_AM_GM_inequality': 'Mentioned relationship $ab \neq (\x0crac{a+b}{2})^2$, but did not explicitly and correctly apply AM-GM, breaking logic later.', 'C4_conclude_inequality_1': 'Flawed conclusion with incorrect calculations and reasoning leading to negative result.', 'C5_conclude_inequality_2': 'Failed to correctly reason that a+b ≤ 2, made an incorrect conclusion a+b ≥ 2.'}",0.8,2563
Math_ShortAns_154,"{'C1_use_cauchy_inequality': 0, 'C2_transform_equation': 0, 'C3_apply_AM_GM_inequality': 0, 'C4_conclude_inequality_1': 0, 'C5_conclude_inequality_2': 1}",1,"{'C1_use_cauchy_inequality': 'The student did not apply the Cauchy-Schwarz inequality correctly.', 'C2_transform_equation': 'The student attempted to transform the equation but did not use the given conditions effectively to express it in terms of a+b and ab.', 'C3_apply_AM_GM_inequality': ""There is no application of the AM-GM inequality in the student's answer."", 'C4_conclude_inequality_1': 'The student claims the inequality holds but lacks correct justification and reasoning.', 'C5_conclude_inequality_2': 'The student correctly concluded a+b ≤ 2 with justification based on contradiction, but the reasoning was not entirely clear.'}",0.6,2519
Math_ShortAns_155,"{'C1_use_cauchy_inequality': 0, 'C2_transform_equation': 1, 'C3_apply_AM_GM_inequality': 1, 'C4_conclude_inequality_1': 0, 'C5_conclude_inequality_2': 1}",3,"{'C1_use_cauchy_inequality': 'The student incorrectly applied the Cauchy-Schwarz inequality in part (1). The algebraic manipulations do not properly support the inequality.', 'C2_transform_equation': 'The student correctly works with the initial condition a^3 + b^3 = 2 to express terms involving a + b and ab, which is useful for part (2).', 'C3_apply_AM_GM_inequality': 'The student correctly applies the AM-GM inequality to establish that ab ≤ (a+b)^2/4.', 'C4_conclude_inequality_1': 'The conclusion of inequality (1) lacks proper and coherent justification, making the result unfounded.', 'C5_conclude_inequality_2': 'The student correctly concludes a + b ≤ 2, appropriately justifying it by showing that if a + b > 2, it leads to a contradiction with the given condition a^3 + b^3 = 2.'}",0.8,2295
Math_ShortAns_158,"{'C1_apply_cauchy_inequality': 1, 'C2_evaluate_equality_condition': 0, 'C3_transform_expression': 2, 'C4_apply_am_gm_inequality': 0, 'C5_evaluate_equality_condition_part2': 0}",3,"{'C1_apply_cauchy_inequality': 'The student did not correctly apply the Cauchy-Schwarz inequality but mentioned an idea of using equality to show it holds, deserving partial credit.', 'C2_evaluate_equality_condition': 'The student failed to state the equality condition a = b = 1 clearly for part (1).', 'C3_transform_expression': 'The student correctly transformed a^3 + b^3 = 2 into (a+b)(a^2-ab+b^2) = 2, showing understanding.', 'C4_apply_am_gm_inequality': 'The student made a vague argument about a + b > 2 being incorrect but did not explicitly use AM-GM inequality.', 'C5_evaluate_equality_condition_part2': 'The student failed to clearly identify the equality condition that supports the conclusion for part (2).'}",0.9,2315
Math_ShortAns_159,"{'C1_apply_cauchy_inequality': 1, 'C2_evaluate_equality_condition': 1, 'C3_transform_expression': 2, 'C4_apply_am_gm_inequality': 2, 'C5_evaluate_equality_condition_part2': 1}",7,"{'C1_apply_cauchy_inequality': 'Student recognized the need to apply the Cauchy-Schwarz inequality, but did not set up the correct form for part (1).', 'C2_evaluate_equality_condition': 'Student correctly stated that equality holds when a = b = 1.', 'C3_transform_expression': 'Student correctly transformed the expression using the given conditions.', 'C4_apply_am_gm_inequality': 'Student correctly applied the AM-GM inequality and concluded a+b ≤ 2.', 'C5_evaluate_equality_condition_part2': 'Student correctly identified that equality holds when a = b = 1.'}",0.9,2107
Math_ShortAns_162,"{'C1_function_definition': 1, 'C2_inequality_solution_x_gt_1': 0, 'C3_inequality_solution_x_between_neg1_and_1': 0, 'C4_inequality_solution_x_lt_neg1': 0, 'C5_solution_set_combination': 0, 'C6_value_range_of_a': 1}",2,"{'C1_function_definition': 'Correct functions and piecewise definition for g(x) were provided.', 'C2_inequality_solution_x_gt_1': 'Student incorrectly identified the solution set for x > 1.', 'C3_inequality_solution_x_between_neg1_and_1': 'Incorrect solution set for -1 ≤ x < 1.', 'C4_inequality_solution_x_lt_neg1': 'Incorrect inequality transformation and conclusion for x < -1.', 'C5_solution_set_combination': 'Combined solution set was inaccurate, showing lack of understanding in solution interpretation.', 'C6_value_range_of_a': 'The range for a was correctly determined as [-3, 3] for inclusion of [-1, 1] in the solution set.'}",0.9,2924
Math_ShortAns_163,"{'C1_function_definition': 1, 'C2_inequality_solution_x_gt_1': 1, 'C3_inequality_solution_x_between_neg1_and_1': 1, 'C4_inequality_solution_x_lt_neg1': 0, 'C5_solution_set_combination': 0, 'C6_value_range_of_a': 1}",4,"{'C1_function_definition': 'Correctly defined both functions and identified piecewise nature.', 'C2_inequality_solution_x_gt_1': 'Correctly solved the inequality for x > 1 and identified the correct solution set.', 'C3_inequality_solution_x_between_neg1_and_1': 'Solved the inequality for -1 ≤ x ≤ 1 and identified the solution set.', 'C4_inequality_solution_x_lt_neg1': 'Incorrect solution; solution set does not match logical deduction.', 'C5_solution_set_combination': 'Failed to correctly combine the solution sets for all intervals.', 'C6_value_range_of_a': 'Correctly determined the range of a to include [-1, 1].'}",0.9,2797
Math_ShortAns_166,"{'C1_convert_parametric_to_cartesian': 0, 'C2_convert_cartesian_to_polar': 0, 'C3_convert_C2_to_cartesian': 0, 'C4_find_intersection_points': 0, 'C5_convert_intersection_to_polar': 0, 'C6_final_answer': 0}",0,"{'C1_convert_parametric_to_cartesian': 'Failed to correctly eliminate parameter t to form the Cartesian equation. The student did not form the correct equation (x-4)^2 + (y-5)^2 = 25.', 'C2_convert_cartesian_to_polar': 'The student attempts to convert C1 to polar, but made significant errors in understanding and solving the system.', 'C3_convert_C2_to_cartesian': 'No attempt to convert the polar C2 equation to Cartesian form.', 'C4_find_intersection_points': 'System of equations was not correctly solved to find intersection points. Incorrect assumption regarding intersecting nature.', 'C5_convert_intersection_to_polar': 'Intersection conversion to polar coordinates was not present, no valid Cartesian intersection points were found.', 'C6_final_answer': 'The final answer is incorrect. The student stated there might be no intersection, but this was based on prior incorrect solutions and assumptions.'}",0.9,2421
Math_ShortAns_167,"{'C1_convert_parametric_to_cartesian': 1, 'C2_convert_cartesian_to_polar': 1, 'C3_convert_C2_to_cartesian': 1, 'C4_find_intersection_points': 1, 'C5_convert_intersection_to_polar': 1, 'C6_final_answer': 1}",6,"{'C1_convert_parametric_to_cartesian': 'Correctly eliminated parameter t to form (x-4)^2 + (y-5)^2 = 25.', 'C2_convert_cartesian_to_polar': 'Correctly substituted x = ρ cos θ and y = ρ sin θ to form the correct polar equation.', 'C3_convert_C2_to_cartesian': 'Correctly converted ρ = 2 sin θ to x^2 + y^2 - 2y = 0.', 'C4_find_intersection_points': 'Correctly found intersection points of C1 and C2 in Cartesian coordinates: (1,1) and (0,2).', 'C5_convert_intersection_to_polar': 'Correctly converted intersection points (1,1) and (0,2) to polar coordinates.', 'C6_final_answer': 'Provided the correct polar coordinates of the intersection points: (√2, π/4) and (2, π/2).'}",1.0,2315
Math_ShortAns_170,"{'C1_setup_conditions': 1, 'C2_proof_part1': 1, 'C3_assumption_max': 0, 'C4_proof_part2': 0, 'C5_final_conclusion': 0}",2,"{'C1_setup_conditions': 'Correctly set up and used the conditions a + b + c = 0 and abc = 1.', 'C2_proof_part1': 'The student correctly expressed ab + bc + ca in terms of a, b, c but failed to conclude it must be less than zero in a general case.', 'C3_assumption_max': 'Did not clearly assume max{a, b, c} = a or verify the signs of a, b, c.', 'C4_proof_part2': 'Failed to provide a clear proof showing max{a, b, c} ≥ ∛4, using a valid inequality.', 'C5_final_conclusion': 'Did not provide a coherent final conclusion for both parts.'}",0.8,2131
Math_ShortAns_171,"{'C1_setup_conditions': 1, 'C2_proof_part1': 2, 'C3_assumption_max': 1, 'C4_proof_part2': 2, 'C5_final_conclusion': 1}",7,"{'C1_setup_conditions': 'The student correctly set up the conditions a+b+c=0 and abc=1 and used them correctly in both proofs.', 'C2_proof_part1': 'The student correctly derived ab+bc+ca in terms of a²+b²+c² and concluded ab+bc+ca < 0 using inequality properties.', 'C3_assumption_max': 'The student correctly assumed max{a, b, c}=a and identified the signs correctly as a>0, b<0, c<0.', 'C4_proof_part2': 'The student correctly formulated a³ in terms of b and c, and concluded a ≥ ∛4 using the correct inequality properties.', 'C5_final_conclusion': 'The student provided a coherent conclusion summarizing the results of both parts of the proof.'}",0.95,3394
Math_ShortAns_174,"{'C1_use_cauchy_inequality': 0, 'C2_solve_for_minimum_value': 0, 'C3_set_up_inequality_part2': 1, 'C4_analyze_equality_conditions': 0, 'C5_conclude_on_a_range': 0}",1,"{'C1_use_cauchy_inequality': 'The student did not apply the Cauchy-Schwarz inequality to find the minimum value.', 'C2_solve_for_minimum_value': 'The student incorrectly found the minimum value as 2 instead of 4/3.', 'C3_set_up_inequality_part2': 'The student correctly substituted z = 1 - x - y and set up the inequality.', 'C4_analyze_equality_conditions': 'The student did not properly analyze equality conditions to determine range of a.', 'C5_conclude_on_a_range': 'The conclusion for the range of a was not properly justified and contains logical gaps.'}",0.9,2968
Math_ShortAns_175,"{'C1_use_cauchy_inequality': 1, 'C2_solve_for_minimum_value': 0, 'C3_set_up_inequality_part2': 1, 'C4_analyze_equality_conditions': 0, 'C5_conclude_on_a_range': 1}",3,"{'C1_use_cauchy_inequality': 'Correctly applied Cauchy-Schwarz inequality to set up the expression in part (1), but did not arrive at the correct minimum value.', 'C2_solve_for_minimum_value': 'Incorrectly calculated the minimum value; the inequality was set up but not solved correctly or verified.', 'C3_set_up_inequality_part2': 'Correctly set up the inequality in (2) with a mention of conditions.', 'C4_analyze_equality_conditions': 'Attempted to find equality conditions, but there was no correct exploration or conclusion from the equality conditions.', 'C5_conclude_on_a_range': 'Correctly concluded that a ≤ -3 or a ≥ -1, matching the desired result even if the intermediate steps were insufficient.'}",0.7,3074
Math_ShortAns_178,"{'C1_expand_expression': 1, 'C2_apply_cauchy_inequality': 0, 'C3_equality_condition': 0, 'C4_expand_second_expression': 1, 'C5_prove_inequality': 0}",2,"{'C1_expand_expression': 'The student correctly expanded and combined the terms in the expression (x-1)^2 + (y+1)^2 + (z+1)^2.', 'C2_apply_cauchy_inequality': 'There was no application of the Cauchy-Schwarz inequality to effectively find the minimum value.', 'C3_equality_condition': 'The student did not identify the condition for equality in Cauchy-Schwarz inequality and solve for x, y, z.', 'C4_expand_second_expression': 'The student correctly expanded (x-2)^2 + (y-1)^2 + (z-a)^2 but did not correctly set up the inequality.', 'C5_prove_inequality': 'The student did not correctly prove the inequality nor derive the correct range for a.'}",0.85,2706
Math_ShortAns_179,"{'C1_expand_expression': 0, 'C2_apply_cauchy_inequality': 1, 'C3_equality_condition': 0, 'C4_expand_second_expression': 1, 'C5_prove_inequality': 0}",2,"{'C1_expand_expression': ""The student didn't expand (x-1)^2 + (y+1)^2 + (z+1)^2 correctly as they jumped directly to using inequalities."", 'C2_apply_cauchy_inequality': 'The student applied the Cauchy-Schwarz inequality but did not compute the correct minimum value.', 'C3_equality_condition': 'The student did not address the condition for equality in Cauchy-Schwarz inequality.', 'C4_expand_second_expression': 'Correctly set up the inequality for the expression (x-2)^2 + (y-1)^2 + (z-a)^2 >= 1/3.', 'C5_prove_inequality': 'Failed to appropriately prove the inequality and derive the correct range for a; the logic was flawed.'}",0.8,2988
Math_ShortAns_182,"{'C1_setup_function_a1': 1, 'C2_solve_inequality_a1': 0, 'C3_setup_inequality_a': 0, 'C4_analyze_inequality_a': 0, 'C5_final_answer_a': 0}",1,"{'C1_setup_function_a1': 'The student correctly stated the function for a = 1 as f(x) = 5 - |x+1| - |x-2| and identified breakpoints at x = -1 and x = 2.', 'C2_solve_inequality_a1': 'The student made errors in solving the inequality for each segment and combined them incorrectly. Their solution set was incorrect.', 'C3_setup_inequality_a': 'The student attempted to set up the inequality for part (2) but incorrectly transformed it to |x+1| + |x-2| ≤ 4 instead of the correct transformation.', 'C4_analyze_inequality_a': 'The student did not accurately analyze the inequality nor deduce |x+a| + |x-2| = 4 correctly; computations had several errors.', 'C5_final_answer_a': 'The final answer for part (2) was incorrect due to prior calculation errors and misunderstandings.'}",0.9,3106
Math_ShortAns_183,"{'C1_setup_function_a1': 1, 'C2_solve_inequality_a1': 1, 'C3_setup_inequality_a': 1, 'C4_analyze_inequality_a': 1, 'C5_final_answer_a': 1}",5,"{'C1_setup_function_a1': 'The student correctly set up the function for a=1 and identified the breakpoints.', 'C2_solve_inequality_a1': 'The student correctly solved the inequality for each segment and combined the solutions to form the correct interval [-2, 3].', 'C3_setup_inequality_a': 'The student correctly transformed the inequality to |x+a| + |x-2| ≥ 4.', 'C4_analyze_inequality_a': 'The student correctly used geometric interpretation to deduce |a+2| ≥ 4 and solve for a.', 'C5_final_answer_a': 'The student correctly stated the range for a as a ≤ -6 or a ≥ 2, providing the correct final answer as (-∞, -6] ∪ [2, +∞).'}",1.0,2614
Math_ShortAns_186,"{'C1_substitute_a': 1, 'C2_case_analysis_x': 1, 'C3_solve_inequality': 1, 'C4_analyze_a_range': 1}",4,"{'C1_substitute_a': 'Correctly substitutes a=1 and simplifies to the correct expression |x-1|x + |x-2|(x-1).', 'C2_case_analysis_x': 'Performs case analysis but incorrectly determines the solutions leading to an error in solution sets.', 'C3_solve_inequality': 'Only partially correctly solves inequalities with assumptions made without full backing in the solution process.', 'C4_analyze_a_range': 'Correctly sets up inequality but the final range derived is incorrect, shows a lack of precise analysis.'}",0.7,2695
Math_ShortAns_187,"{'C1_substitute_a': 1, 'C2_case_analysis_x': 2, 'C3_solve_inequality': 2, 'C4_analyze_a_range': 2}",7,"{'C1_substitute_a': 'Correctly substituted a=1 and simplified to |x-1|x + |x-2|(x-1).', 'C2_case_analysis_x': 'Performed case analysis for x < 1, 1 ≤ x < 2, and x ≥ 2, simplifying each correctly.', 'C3_solve_inequality': 'Solved the inequality correctly for all cases and combined the solution sets, obtaining the right answer.', 'C4_analyze_a_range': 'Correctly analyzed the range of a and concluded a range as [1, +∞).'}",1.0,2335
Math_ShortAns_190,"{'C1_transform_inequality': 1, 'C2_apply_inequality_1': 0, 'C3_conclude_part_1': 0, 'C4_expand_and_transform_part_2': 1, 'C5_apply_inequality_2': 0, 'C6_conclude_part_2': 0}",2,"{'C1_transform_inequality': 'Correctly transformed \\( \\frac{1}{a} + \\frac{1}{b} + \\frac{1}{c} = bc + ac + ab \\).', 'C2_apply_inequality_1': 'Incorrect application of AM-GM; failed to show that \\( a^2 + b^2 + c^2 \\geq bc + ac + ab \\).', 'C3_conclude_part_1': 'Did not properly conclude part (1) since no valid inequality was applied.', 'C4_expand_and_transform_part_2': 'Correctly expanded expressions \\((a+b)^3, (b+c)^3, (c+a)^3\\).', 'C5_apply_inequality_2': 'No appropriate inequality applied to show the needed result.', 'C6_conclude_part_2': 'No valid conclusion reached for part (2) as the inequality was not proved.'}",,2910
Math_ShortAns_191,"{'C1_transform_inequality': 0, 'C2_apply_inequality_1': 1, 'C3_conclude_part_1': 0, 'C4_expand_and_transform_part_2': 1, 'C5_apply_inequality_2': 0, 'C6_conclude_part_2': 0}",2,"{'C1_transform_inequality': 'Student attempted to transform using abc = 1 but made an incorrect substitution error.', 'C2_apply_inequality_1': 'Student applied AM-GM inequality correctly for comparison purposes.', 'C3_conclude_part_1': 'Failed to correctly conclude the inequality as required; the logical flow was flawed.', 'C4_expand_and_transform_part_2': 'Correctly expanded (a+b)^3 and other terms but lacks clarity in argument.', 'C5_apply_inequality_2': 'Applied AM-GM, but the reasoning and transformation are incorrect or inadequate.', 'C6_conclude_part_2': 'Did not correctly conclude the inequality and the reasoning was unclear.'}",0.9,2831
Math_ShortAns_192,"{'C1_transform_inequality': 0, 'C2_apply_inequality_1': 0, 'C3_conclude_part_1': 0, 'C4_expand_and_transform_part_2': 1, 'C5_apply_inequality_2': 0, 'C6_conclude_part_2': 0}",1,"{'C1_transform_inequality': 'The student failed to correctly transform the inequality using the abc=1 condition.', 'C2_apply_inequality_1': 'The student did not apply any suitable inequality in part (1) to show the relation between the terms.', 'C3_conclude_part_1': ""The student incorrectly concluded that the inequality doesn't hold, contrary to the problem statement."", 'C4_expand_and_transform_part_2': 'The student correctly expanded the expression for part (2), although their deductions thereafter are incorrect.', 'C5_apply_inequality_2': 'The student mentioned using AM-GM incorrectly and gave a wrong conclusion, failing to prove the inequality.', 'C6_conclude_part_2': 'The student incorrectly concluded part (2), stating that the inequality does not hold.'}",0.9,2822
Math_ShortAns_193,"{'C1_transform_inequality': 1, 'C2_apply_inequality_1': 1, 'C3_conclude_part_1': 1, 'C4_expand_and_transform_part_2': 1, 'C5_apply_inequality_2': 1, 'C6_conclude_part_2': 1}",6,"{'C1_transform_inequality': 'The student correctly transformed the inequality using abc=1 for part (1).', 'C2_apply_inequality_1': 'The student correctly applied an inequality to show a^2 + b^2 + c^2 ≥ bc + ac + ab.', 'C3_conclude_part_1': 'The student correctly concluded the proof for part (1) with a^2 + b^2 + c^2 ≥ 1/a + 1/b + 1/c.', 'C4_expand_and_transform_part_2': 'The student expanded and partially transformed the expression for part (2) correctly.', 'C5_apply_inequality_2': 'The student applied an inequality to approach showing (a+b)^3 + (b+c)^3 + (c+a)^3 ≥ 24.', 'C6_conclude_part_2': 'The student concluded the proof for part (2) correctly despite some lack of detail.'}",0.9,2525
Math_ShortAns_196,"{'C1_establish_conditions': 2, 'C2_apply_inequality_properties': 0, 'C3_conclude_part_1': 0, 'C4_prove_necessity': 0, 'C5_prove_sufficiency': 0, 'C6_final_conclusion': 0}",2,"{'C1_establish_conditions': 'Correctly established a+b=c+d and ab>cd conditions.', 'C2_apply_inequality_properties': 'Failed to appropriately apply properties of inequalities and expand the squares.', 'C3_conclude_part_1': 'Did not conclude from the squared inequality; incorrectly reasoned about the impossibility of the inequality.', 'C4_prove_necessity': 'Did not correctly use (a-b)^2 and (c-d)^2 expressions; it was argued improperly.', 'C5_prove_sufficiency': 'Failed to correctly demonstrate the implications from |a-b|<|c-d|.', 'C6_final_conclusion': 'Did not correctly state the equivalence; the student concluded the opposite.'}",0.9,2491
Math_ShortAns_197,"{'C1_establish_conditions': 2, 'C2_apply_inequality_properties': 2, 'C3_conclude_part_1': 1, 'C4_prove_necessity': 2, 'C5_prove_sufficiency': 0, 'C6_final_conclusion': 1}",8,"{'C1_establish_conditions': 'Correctly stated both a+b=c+d and ab>cd.', 'C2_apply_inequality_properties': 'Expanded squares and concluded (√a+√b)^2 > (√c+√d)^2 correctly.', 'C3_conclude_part_1': 'Correctly concluded √a+√b > √c+√d from the squared inequality.', 'C4_prove_necessity': 'Used (a-b)^2 and (c-d)^2 expressions correctly to conclude |a-b|<|c-d|.', 'C5_prove_sufficiency': 'Did not adequately show that |a-b|<|c-d| implies √a+√b > √c+√d.', 'C6_final_conclusion': 'Correct final conclusion stating the equivalence.'}",0.9,2383
Math_ShortAns_200,"{'C1_substitute_a': 1, 'C2_solve_inequality_part1': 2, 'C3_find_solution_set_part1': 0, 'C4_setup_inequality_part2': 1, 'C5_solve_inequality_part2': 0, 'C6_find_solution_set_part2': 0}",4,"{'C1_substitute_a': 'Correctly substitutes a = 2 into f(x).', 'C2_solve_inequality_part1': 'Correctly simplifies to |2x-2| ≤ 4 and solves |x-1| ≤ 2.', 'C3_find_solution_set_part1': 'The solution set is incorrect; it should be -1 ≤ x ≤ 3.', 'C4_setup_inequality_part2': 'Correctly sets up inequality f(x) + g(x) ≥ 3.', 'C5_solve_inequality_part2': 'Incorrect handling of the inequality and conclusions.', 'C6_find_solution_set_part2': 'Incorrect range for a; should be [2, +∞).'}",0.9,2773
Math_ShortAns_201,"{'C1_substitute_a': 1, 'C2_solve_inequality_part1': 2, 'C3_find_solution_set_part1': 1, 'C4_setup_inequality_part2': 1, 'C5_solve_inequality_part2': 1, 'C6_find_solution_set_part2': 1}",7,"{'C1_substitute_a': 'Correctly substitutes a = 2 into the function f(x).', 'C2_solve_inequality_part1': 'Simplifies to |2x-2| ≤ 4 and solves |x-1| ≤ 2 correctly.', 'C3_find_solution_set_part1': 'Correctly identifies the solution set as -1 ≤ x ≤ 3.', 'C4_setup_inequality_part2': 'Sets up the inequality |2x-1| + |2x-a| + a ≥ 3 correctly.', 'C5_solve_inequality_part2': 'Correctly identifies conditions for a ≥ 3 but has a minor error in completely solving the inequality.', 'C6_find_solution_set_part2': 'Identifies the range of a as [2, +∞), which is mostly correct but slightly lacks thorough exploration of the conditions.'}",0.9,2664
Math_ShortAns_204,"{'C1_inequality_transformation': 0, 'C2_minimum_value_a3_b3': 0, 'C3_correct_minimum_value': 0, 'C4_existence_condition': 0, 'C5_correct_existence_conclusion': 0}",0,"{'C1_inequality_transformation': 'The student failed to apply AM-GM inequality correctly and erroneously assumed ab = 1.', 'C2_minimum_value_a3_b3': 'The student did not use inequalities correctly to show a^3 + b^3 ≥ 4√2 and incorrectly calculated a^3 + b^3 as -1.', 'C3_correct_minimum_value': 'The student stated an incorrect minimum value of a^3 + b^3 as -1 instead of 4√2.', 'C4_existence_condition': 'The student did not use the inequality ab ≥ 2 correctly and made a flawed assumption leading to incorrect conclusion.', 'C5_correct_existence_conclusion': 'The student concluded incorrectly that such a and b exist.'}",0.9,2044
Math_ShortAns_205,"{'C1_inequality_transformation': 0, 'C2_minimum_value_a3_b3': 0, 'C3_correct_minimum_value': 0, 'C4_existence_condition': 0, 'C5_correct_existence_conclusion': 1}",1,"{'C1_inequality_transformation': 'Incorrect application of AM-GM inequality and inability to derive ab ≥ 2.', 'C2_minimum_value_a3_b3': 'Failed to show any valid method for applying the inequalities correctly.', 'C3_correct_minimum_value': 'Did not state or arrive at the correct minimum value of a^3 + b^3.', 'C4_existence_condition': 'Applied AM-GM incorrectly; did not establish 2a + 3b > 6.', 'C5_correct_existence_conclusion': 'Correctly concluded non-existence, although using incorrect reasoning.'}",0.8,2795
Math_ShortAns_208,"{'C1_use_inequality': 0, 'C2_min_value_a3_b3': 0, 'C3_analyze_2a_3b': 0, 'C4_conclusion_existence': 0}",0,"{'C1_use_inequality': 'The student did not correctly apply the inequality to show ab ≥ 2.', 'C2_min_value_a3_b3': 'The student incorrectly calculated the minimum value of a³ + b³; guessed a value of 2 without proper analysis.', 'C3_analyze_2a_3b': 'The student did not use inequalities correctly to show 2a + 3b > 6.', 'C4_conclusion_existence': 'The student incorrectly concluded that a, b exist such that 2a + 3b = 6.'}",1.0,2015
Math_ShortAns_209,"{'C1_use_inequality': 1, 'C2_min_value_a3_b3': 0, 'C3_analyze_2a_3b': 0, 'C4_conclusion_existence': 0}",1,"{'C1_use_inequality': 'The student applied the inequality but concluded ab ≥ 4 incorrectly after an unnecessary step.', 'C2_min_value_a3_b3': 'The student failed to correctly calculate the minimum value of a³ + b³; the argument was cut off prematurely.', 'C3_analyze_2a_3b': 'The student did not address or properly analyze the condition 2a + 3b = 6.', 'C4_conclusion_existence': ""There's no conclusion regarding the non-existence of a, b such that 2a + 3b = 6.""}",0.9,3457
Math_ShortAns_212,"{'C1_analyze_fx': 1, 'C2_prove_inequality': 0, 'C3_setup_condition': 0, 'C4_solve_inequalities': 0, 'C5_final_answer': 0}",1,"{'C1_analyze_fx': 'The student correctly identified that the minimum value of f(x) involves the expression a + 1/a.', 'C2_prove_inequality': 'The student failed to prove that a + 1/a ≥ 2. Their conclusion that f(x) ≥ 1 is incorrect.', 'C3_setup_condition': 'The student incorrectly set up the condition f(3) < 5 and failed to properly analyze cases based on the value of a.', 'C4_solve_inequalities': ""The inequalities were improperly simplified and the student didn't consider cases correctly, leading to errors."", 'C5_final_answer': 'The student arrived at an incorrect final range for a, suggesting a misinterpretation or problem in solving the inequalities.'}",0.9,2634
Math_ShortAns_213,"{'C1_analyze_fx': 0, 'C2_prove_inequality': 1, 'C3_setup_condition': 0, 'C4_solve_inequalities': 0, 'C5_final_answer': 0}",1,"{'C1_analyze_fx': 'The student incorrectly assumed the minimum value is |a + 1/a| without analyzing the function at x = -1/a or x = a.', 'C2_prove_inequality': 'Correctly applied AM-GM inequality to prove a + 1/a ≥ 2.', 'C3_setup_condition': 'The student did not correctly set up the condition f(3) = |3 + 1/a| + |3 - a| < 5.', 'C4_solve_inequalities': 'Failed to solve inequalities for any mentioned cases; merely stated the final range.', 'C5_final_answer': 'The final range was provided without showing required steps from C3 and C4.'}",,2286
Math_ShortAns_216,"{'C1_setup_equation': 0, 'C2_apply_inequality_I': 0, 'C3_conclude_part_I': 1, 'C4_apply_inequality_II': 0, 'C5_conclude_part_II': 0}",1,"{'C1_setup_equation': 'The student failed to derive (a+b+c)^2=1 explicitly and relied on incorrect application of AM-GM inequality.', 'C2_apply_inequality_I': 'The student incorrectly applied the AM-GM inequality instead of a^2+b^2+c^2 >= ab+bc+ca.', 'C3_conclude_part_I': 'Correctly concluded that ab+bc+ca ≤ 1/3, but the reasoning was flawed.', 'C4_apply_inequality_II': 'The student failed to correctly apply the necessary inequalities to prove the statement.', 'C5_conclude_part_II': 'Incorrect conclusion derived, student stated the inequality incorrectly.'}",0.8,2487
Math_ShortAns_217,"{'C1_setup_equation': 1, 'C2_apply_inequality_I': 0, 'C3_conclude_part_I': 1, 'C4_apply_inequality_II': 0, 'C5_conclude_part_II': 0}",2,"{'C1_setup_equation': 'Correctly stated a+b+c=1 and derived (a+b+c)^2=1.', 'C2_apply_inequality_I': 'Failed to correctly apply the inequality a^2+b^2+c^2 >= ab+bc+ca.', 'C3_conclude_part_I': 'Concluded that ab+bc+ca <= 1/3, despite calculation errors.', 'C4_apply_inequality_II': 'Did not apply relevant inequalities for part (II).', 'C5_conclude_part_II': 'Did not correctly conclude the proof for part (II).'}",0.7,3676
