script_id,scores,model_score,comments,confidence,tokens_used
Math_ShortAns_2,"{'C1_transform_function': 1, 'C2_simplify_function': 1, 'C3_apply_maximum_formula': 1, 'C4_find_correct_maximum': 0, 'C5_final_answer_verification': 0}",3,"{'C1_transform_function': 'The student correctly transformed both parts of the function using angle addition formulas.', 'C2_simplify_function': 'The simplification was correctly achieved to a linear combination of sin and cos.', 'C3_apply_maximum_formula': 'The student correctly identified and used the trigonometric maximum formula.', 'C4_find_correct_maximum': 'The student incorrectly concluded the maximum value as 1, showing misunderstanding.', 'C5_final_answer_verification': 'The final answer was stated incorrectly, not aligning with the derived values.'}",0.9,2050
Math_ShortAns_3,"{'C1_transform_function': 0, 'C2_simplify_function': 0, 'C3_apply_maximum_formula': 0, 'C4_find_correct_maximum': 0, 'C5_final_answer_verification': 0}",0,"{'C1_transform_function': 'The student started to transform the function but did not effectively use the angle addition formulas correctly in their simplification.', 'C2_simplify_function': 'The simplification was not effectively performed, leading to incorrect intermediary steps.', 'C3_apply_maximum_formula': 'The student did not apply the trigonometric maximum formula correctly; no evidence of understanding the process.', 'C4_find_correct_maximum': 'Student failed to find the correct maximum value as the necessary steps were not completed or correctly justified.', 'C5_final_answer_verification': 'The student stated that the maximum value is 1 without any clear derived explanation or connection to correct reasoning.'}",0.9,1844
Math_ShortAns_6,"{'C1_find_common_ratio': 1, 'C2_express_terms_geometrically': 1, 'C3_calculate_S5': 0, 'C4_solve_for_S5': 0, 'C5_final_answer': 0}",2,"{'C1_find_common_ratio': 'Correctly determined that q = 3 using the condition a4^2 = a6.', 'C2_express_terms_geometrically': 'Correctly expressed terms a1 to a5 using the common ratio q.', 'C3_calculate_S5': 'Did not use the correct formula for the sum of a geometric series.', 'C4_solve_for_S5': 'Did not compute the correct final value for S5.', 'C5_final_answer': 'Final answer is incorrect; should be 121/3.'}",0.9,2394
Math_ShortAns_7,"{'C1_find_common_ratio': 0, 'C2_express_terms_geometrically': 0, 'C3_calculate_S5': 0, 'C4_solve_for_S5': 0, 'C5_final_answer': 0}",0,"{'C1_find_common_ratio': 'The student did not demonstrate any work or explanation for finding the common ratio q, which is essential to solving the problem.', 'C2_express_terms_geometrically': 'The student did not express the terms a_1 to a_6 in terms of the common ratio.', 'C3_calculate_S5': 'The student did not show the use of the sum formula for calculating S_5.', 'C4_solve_for_S5': 'The student provided an incorrect final calculation without any working steps.', 'C5_final_answer': 'The final answer of 121/9 is incorrect; the correct answer is 121/3.'}",1.0,1865
Math_ShortAns_10,"{'C1_equation_manipulation': 1, 'C2_geometric_interpretation': 1, 'C3_perpendicular_deduction': 0, 'C4_final_angle_calculation': 0}",2,"{'C1_equation_manipulation': 'Correctly transformed the given equation to 2AO = AB + AC.', 'C2_geometric_interpretation': 'Partial credit for mentioning A, B, C lie on the circle, but no clear geometric interpretation related to the diameter.', 'C3_perpendicular_deduction': 'Failed to deduce that AB is perpendicular to AC.', 'C4_final_angle_calculation': 'Final angle calculation is incorrect; stated as 30 degrees instead of 90 degrees.'}",0.9,1834
Math_ShortAns_11,"{'C1_equation_manipulation': 0, 'C2_geometric_interpretation': 0, 'C3_perpendicular_deduction': 0, 'C4_final_angle_calculation': 0}",0,"{'C1_equation_manipulation': 'The student provided no manipulation of the given vector equation.', 'C2_geometric_interpretation': 'No geometric interpretation or understanding of the relationship between vectors was provided.', 'C3_perpendicular_deduction': 'The student did not deduce or state that the vectors are perpendicular.', 'C4_final_angle_calculation': 'The student incorrectly stated that the angle between the vectors is 45°, with no reasoning.'}",1.0,1536
Math_ShortAns_14,"{'C1_identify_circle_params': 1, 'C2_use_tangent_condition': 1, 'C3_use_additional_point': 1, 'C4_solve_system_of_equations': 0, 'C5_find_final_equation': 0}",3,"{'C1_identify_circle_params': ""The student correctly identified the use of point B(2, 1) to set up the equation for the circle's parameters."", 'C2_use_tangent_condition': 'The student correctly identified and applied the tangent condition using the distance formula.', 'C3_use_additional_point': 'The student correctly set up the equation using the additional point A(4,1) on the circle.', 'C4_solve_system_of_equations': ""The student made errors in solving the system of equations correctly to find the circle's center and radius."", 'C5_find_final_equation': 'The student arrived at an incorrect final equation for the circle; multiple points of assumption led to the wrong outcome.'}",0.95,2658
Math_ShortAns_15,"{'C1_identify_circle_params': 1, 'C2_use_tangent_condition': 1, 'C3_use_additional_point': 1, 'C4_solve_system_of_equations': 1, 'C5_find_final_equation': 1}",5,"{'C1_identify_circle_params': 'Correctly assumed center (h, k) and used point B to establish an equation for the circle.', 'C2_use_tangent_condition': 'Correctly applied the tangent condition using the distance formula from center to line.', 'C3_use_additional_point': 'Correctly used point A to set up another equation for the circle.', 'C4_solve_system_of_equations': 'Successfully solved the system to find the correct center and radius.', 'C5_find_final_equation': 'Derived the correct equation of the circle using calculated parameters.'}",0.9,2295
Math_ShortAns_18,"{'C1_identify_relationship': 1, 'C2_compute_individual_terms': 1, 'C3_identify_sum_patterns': 0, 'C4_calculate_partial_sums': 0, 'C5_final_answer_and_check': 0}",2,"{'C1_identify_relationship': 'The student correctly stated and started from the recursive formula.', 'C2_compute_individual_terms': 'The student computed several initial terms and highlighted the alternating sign pattern, but did not fully connect them to a broader pattern.', 'C3_identify_sum_patterns': 'The student did not recognize or apply the correct pattern for term sums; an incorrect assumption was made.', 'C4_calculate_partial_sums': 'No correct calculation of partial sums or recognition of arithmetic sequences present; the student drifted into assumptions.', 'C5_final_answer_and_check': 'The final sum calculation is incorrect and does not follow from a correct method. $S_{60}$ miscalculated with errors in intermediate steps.'}",0.9,2646
Math_ShortAns_19,"{'C1_identify_relationship': 0, 'C2_compute_individual_terms': 0, 'C3_identify_sum_patterns': 0, 'C4_calculate_partial_sums': 0, 'C5_final_answer_and_check': 1}",1,"{'C1_identify_relationship': 'The student did not show identification or use of the recursive relationship in the provided answer.', 'C2_compute_individual_terms': 'The student did not compute any individual terms or demonstrate a pattern in the sequence.', 'C3_identify_sum_patterns': 'The student did not identify any sum patterns of the sequence of terms.', 'C4_calculate_partial_sums': 'The student did not calculate any partial sums from the sequence.', 'C5_final_answer_and_check': 'The student provided the correct final sum, 1830, as the answer, but without any supporting calculations.'}",0.8,1919
Math_ShortAns_22,"{'Q17_C1_derivation_difference': 0, 'Q17_C2_initial_term': 1, 'Q17_C3_general_term': 0, 'Q17_C4_interm_fn_bn': 1, 'Q17_C5_summation': 0}",2,"{'Q17_C1_derivation_difference': 'The student did not correctly apply the difference method or derive valid steps for a_n; multiple incorrect trials and errors.', 'Q17_C2_initial_term': 'Attempt made to solve the initial term, but did not arrive at the correct valid solution for a_1 = 3.', 'Q17_C3_general_term': 'Failure to recognize the sequence as arithmetic and derive the formula a_n = 2n + 1.', 'Q17_C4_interm_fn_bn': 'The student arrived at b_n = 1/(n+1)(n+2) as a function of n, but did not correctly recognize it for application or proper simplification.', 'Q17_C5_summation': 'The student attempted the summation, recognizing telescoping, but ultimately concluded incorrectly and did not simplify correctly.'}",,3175
Math_ShortAns_23,"{'Q17_C1_derivation_difference': 3, 'Q17_C2_initial_term': 2, 'Q17_C3_general_term': 2, 'Q17_C4_interm_fn_bn': 2, 'Q17_C5_summation': 3}",12,"{'Q17_C1_derivation_difference': 'The student correctly applied the difference method, correctly subtracted the equations, and rightly concluded the arithmetic sequence.', 'Q17_C2_initial_term': 'The student set up and solved the initial term equation correctly.', 'Q17_C3_general_term': 'The student recognized the arithmetic sequence and derived the correct formula for the general term.', 'Q17_C4_interm_fn_bn': 'The student correctly expressed b_n in terms of a_n and rewrote it as a telescoping series.', 'Q17_C5_summation': 'The student used the telescoping nature to find the sum and correctly simplified it to the final answer.'}",1.0,2727
Math_ShortAns_26,"{'C1_understand_cosine_relationship': 1, 'C2_correct_calculation_of_C': 1, 'C3_apply_cosine_theorem_for_perimeter': 0, 'C4_area_relation_for_side_length': 1, 'C5_calculate_final_perimeter': 0}",3,"{'C1_understand_cosine_relationship': ""Partial credit for recognizing need to use cosine rule and expressing cos C, but didn't simplify or derive correctly."", 'C2_correct_calculation_of_C': 'Identified C as possibly 60°, indicating a recognition of cos C identity, but without proper calculation.', 'C3_apply_cosine_theorem_for_perimeter': 'Failed to correctly set up or simplify any perimeter relation based on cosine theorem.', 'C4_area_relation_for_side_length': 'Attempted to relate area to side lengths but made errors in assumptions and calculations.', 'C5_calculate_final_perimeter': 'Calculated a perimeter but through incorrect logic and steps, resulting in wrong process.'}",0.7,2003
Math_ShortAns_27,"{'C1_understand_cosine_relationship': 1, 'C2_correct_calculation_of_C': 0, 'C3_apply_cosine_theorem_for_perimeter': 1, 'C4_area_relation_for_side_length': 2, 'C5_calculate_final_perimeter': 1}",5,"{'C1_understand_cosine_relationship': 'The student attempted to use the cosine rule but incorrectly simplified to find cos C.', 'C2_correct_calculation_of_C': 'Student incorrectly concluded C = 90 degrees, failing to recognize cos C = 1/2.', 'C3_apply_cosine_theorem_for_perimeter': ""Student vaguely attempted a method to find the perimeter but didn't apply the cosine theorem correctly."", 'C4_area_relation_for_side_length': 'Student used the area formula correctly to derive ab relation but did not solve completely for a+b.', 'C5_calculate_final_perimeter': 'Incorrectly concluded the perimeter as 4 + √7, arithmetic error in assumption leading to final step error.'}",0.8,2012
Math_ShortAns_28,"{'C1_understand_cosine_relationship': 2, 'C2_correct_calculation_of_C': 2, 'C3_apply_cosine_theorem_for_perimeter': 2, 'C4_area_relation_for_side_length': 3, 'C5_calculate_final_perimeter': 3}",12,"{'C1_understand_cosine_relationship': 'The student correctly used the sine and cosine rule, simplified, and found cos C.', 'C2_correct_calculation_of_C': 'The student identified cos C = 1/2 and calculated C = π/3 accurately.', 'C3_apply_cosine_theorem_for_perimeter': 'The student applied the cosine theorem, set up the correct relation, and simplified it correctly.', 'C4_area_relation_for_side_length': 'The student used the area formula effectively and derived the correct side lengths.', 'C5_calculate_final_perimeter': 'The student logically derived and accurately calculated the final perimeter.'}",1.0,1940
Math_ShortAns_31,"{'C1_prove_I': 1, 'C2_assume_arithmetic_seq_II': 1, 'C3_simplify_lambda_conditions': 0, 'C4_find_specific_lambda': 0, 'C5_conclude_arithmetic_existence': 0}",2,"{'C1_prove_I': ""The student attempts to establish relations but doesn't properly prove the required condition. Partial credit for using some of the relations."", 'C2_assume_arithmetic_seq_II': ""Assumes the arithmetic sequence and identifies elements like common difference but doesn't connect to derive lambda properly. Partial credit given."", 'C3_simplify_lambda_conditions': ""Student doesn't correctly simplify and apply arithmetic sequence conditions."", 'C4_find_specific_lambda': 'Fails to calculate the correct specific value of lambda required for the sequence.', 'C5_conclude_arithmetic_existence': 'Does not conclude or verify the existence or specifics around lambda making the sequence arithmetic.'}",0.85,2805
Math_ShortAns_32,"{'C1_prove_I': 1, 'C2_assume_arithmetic_seq_II': 1, 'C3_simplify_lambda_conditions': 0, 'C4_find_specific_lambda': 0, 'C5_conclude_arithmetic_existence': 0}",2,"{'C1_prove_I': 'Student attempted manipulation but did not successfully show that a_{n+2} - a_n = λ.', 'C2_assume_arithmetic_seq_II': 'Partial credit for assuming an arithmetic sequence and attempting a logical discussion.', 'C3_simplify_lambda_conditions': 'Did not derive or simplify conditions correctly for arithmetic sequence.', 'C4_find_specific_lambda': 'Student did not calculate the specific value of λ correctly.', 'C5_conclude_arithmetic_existence': 'Student incorrectly concluded the existence of λ, no correct logical coherence presented.'}",0.7,2688
Math_ShortAns_33,"{'C1_prove_I': 2, 'C2_assume_arithmetic_seq_II': 2, 'C3_simplify_lambda_conditions': 2, 'C4_find_specific_lambda': 2, 'C5_conclude_arithmetic_existence': 3}",11,"{'C1_prove_I': 'The student correctly stated and used a_n a_{n+1} = λ S_n - 1 and a_{n+1} a_{n+2} = λ S_{n+1} - 1 and appropriately concluded a_{n+2} - a_n = λ, verifying a_{n+1} ≠ 0. Minor algebra error noted but overall proof is sufficient.', 'C2_assume_arithmetic_seq_II': 'The student assumed the sequence could be arithmetic, derived the expression for d in terms of λ, and correctly found d = λ/2.', 'C3_simplify_lambda_conditions': ""The student derived λ S_n in terms of λ and simplified it. They've applied the necessary condition of λ ≠ 0."", 'C4_find_specific_lambda': 'The student correctly identified the necessary equation and solved it to find λ = 4.', 'C5_conclude_arithmetic_existence': 'The student correctly found S_n = n^2 and a_n = 2n - 1 when λ = 4, then accurately summarized the existence of λ. Full logical coherence was present.'}",0.9,2777
Math_ShortAns_36,"{'C1_identify_probabilities': 1, 'C2_calculate_PX2': 0, 'C3_structure_PX4': 0, 'C4_calculate_PX4': 0, 'C5_final_answer': 0}",1,"{'C1_identify_probabilities': ""The student correctly identified that the probability of 甲 scoring during his service is 0.5, and the probability during 乙's service is 0.4."", 'C2_calculate_PX2': 'The student did not correctly identify both scenarios or calculate for winning two successive points, leading to an incorrect result for P(X=2). Calculation is incorrect.', 'C3_structure_PX4': 'The student incorrectly structured the sequence leading to an invalid sequence for X=4.', 'C4_calculate_PX4': ""Calculations for P(X=4) are incorrect due to a misunderstanding of the correct sequences and outcomes necessary for 'X=4 and 甲 wins'. Summation is incorrect."", 'C5_final_answer': 'The final reported probabilities for both parts are incorrect, lacking valid follow-through.'}",0.9,2400
Math_ShortAns_37,"{'C1_identify_probabilities': 1, 'C2_calculate_PX2': 1, 'C3_structure_PX4': 0, 'C4_calculate_PX4': 0, 'C5_final_answer': 0}",2,"{'C1_identify_probabilities': 'Student correctly identifies the probabilities for each player scoring, mentioning 0.5 for 甲 and 0.4 for 乙.', 'C2_calculate_PX2': 'Student makes a mistake in calculating the scenario probabilities for P(X=2), only partially answers.', 'C3_structure_PX4': 'Student does not cover the correct structure for X=4.', 'C4_calculate_PX4': 'Student miscalculates the individual probabilities for the X=4 scenario—incorrect sequence.', 'C5_final_answer': ""Final probabilities for both parts are incorrect. Student's intermediate steps are flawed.""}",0.9,2353
Math_ShortAns_38,"{'C1_identify_probabilities': 1, 'C2_calculate_PX2': 2, 'C3_structure_PX4': 1, 'C4_calculate_PX4': 2, 'C5_final_answer': 1}",7,"{'C1_identify_probabilities': 'The student correctly identified the 0.5 and 0.4 probabilities for players 甲 and 乙 respectively.', 'C2_calculate_PX2': 'The student correctly identified and calculated both scenarios for consecutive wins, resulting in the correct calculation of P(X=2).', 'C3_structure_PX4': 'The student correctly identified the sequence for P(X=4) with 甲-乙-甲-甲.', 'C4_calculate_PX4': 'The student correctly calculated the individual probabilities for the sequences and summed them to correctly find P(X=4).', 'C5_final_answer': 'The student provided the correct final probability values of P(X=2) = 0.5 and P(X=4 且甲获胜) = 0.1.'}",1.0,2341
Math_ShortAns_41,"{'C1_apply_sine_rule': 0, 'C2_solve_for_B': 0, 'C3_triangle_conditions': 0, 'C4_area_function_C': 0, 'C5_area_range_C': 0}",0,"{'C1_apply_sine_rule': 'The student did not correctly apply the sine rule. The simplification from the given condition was incorrect.', 'C2_solve_for_B': 'The student incorrectly concluded that B could be 90 degrees, which is inaccurate given the context.', 'C3_triangle_conditions': 'The student did not demonstrate understanding of the conditions for an acute triangle. There was no mention of constraints on angles.', 'C4_area_function_C': 'The student did not determine the area function correctly in terms of C.', 'C5_area_range_C': 'The calculated area range was incorrect. The student did not calculate the range based on the properties of an acute triangle.'}",0.95,1955
Math_ShortAns_42,"{'C1_apply_sine_rule': 0, 'C2_solve_for_B': 1, 'C3_triangle_conditions': 0, 'C4_area_function_C': 0, 'C5_area_range_C': 1}",2,"{'C1_apply_sine_rule': 'The student did not show the application of the sine rule to derive an equation involving B. They directly mentioned solving for B without deriving the intermediate step.', 'C2_solve_for_B': 'The student correctly identified that B = π/3 in their solution.', 'C3_triangle_conditions': 'The student did not explicitly express A, B, C as angles in an acute triangle, nor showed their sum equals π.', 'C4_area_function_C': 'The student did not correctly set up an area function in terms of C; they mentioned using triangle area formula without a detailed deduction.', 'C5_area_range_C': 'The student correctly provided the area range as (√3/8, √3/2), matching the expected interval despite some notation issues.'}",0.8,1907
Math_ShortAns_45,"{'C1_calculate_S2': 2, 'C2_arithmetic_difference_d': 1, 'C3_general_term_Sn': 0, 'C4_general_term_an': 0, 'C5_conclusion_arithmetic': 0}",3,"{'C1_calculate_S2': 'Correct calculation for S_2 = 4a_1, stating a_2 = 3a_1.', 'C2_arithmetic_difference_d': 'Identifies the need to determine the common difference but fails in correct derivation.', 'C3_general_term_Sn': 'Did not derive the correct general term for S_n.', 'C4_general_term_an': 'Did not correctly express or simplify a_n.', 'C5_conclusion_arithmetic': 'Incorrect conclusion that the sequence {a_n} is not arithmetic.'}",0.9,2214
Math_ShortAns_46,"{'C1_calculate_S2': 0, 'C2_arithmetic_difference_d': 0, 'C3_general_term_Sn': 0, 'C4_general_term_an': 2, 'C5_conclusion_arithmetic': 1}",3,"{'C1_calculate_S2': 'Student did not mention calculating S_2 or use a_2 = 3a_1.', 'C2_arithmetic_difference_d': 'Did not correctly state the difference equation or find d.', 'C3_general_term_Sn': 'Did not correctly derive the general term for S_n.', 'C4_general_term_an': 'Correctly derived the general term a_n = 2a_1n - a_1.', 'C5_conclusion_arithmetic': 'Concluded {a_n} is an arithmetic sequence but did not show a_(n) - a_(n-1) = 2a_1 explicitly.'}",0.8,1949
Math_ShortAns_49,"{'P1_transform_equations': 1, 'P2_difference_equation': 0, 'P3_prove_arithmetic_sequence': 1, 'P4_geometric_condition_and_solve': 1, 'P5_minimum_sum_calculation': 0}",3,"{'P1_transform_equations': 'The student attempted some manipulation of the equation but had algebra errors.', 'P2_difference_equation': 'The student did not successfully derive the correct difference equation.', 'P3_prove_arithmetic_sequence': 'The student incorrectly concludes actions but attempts to identify elements of arithmetic sequences.', 'P4_geometric_condition_and_solve': 'The student sets up the geometric condition but fails to adequately follow through with solutions.', 'P5_minimum_sum_calculation': 'Incorrect and incomplete setup and evaluation towards minimum sum.'}",0.8,2695
Math_ShortAns_50,"{'P1_transform_equations': 2, 'P2_difference_equation': 2, 'P3_prove_arithmetic_sequence': 2, 'P4_geometric_condition_and_solve': 3, 'P5_minimum_sum_calculation': 2}",11,"{'P1_transform_equations': 'The student correctly transformed the given condition to set up the initial equations.', 'P2_difference_equation': 'The difference equation a_n - a_(n-1) = 1 was correctly derived.', 'P3_prove_arithmetic_sequence': 'The student correctly concluded that the sequence is arithmetic with a common difference of 1.', 'P4_geometric_condition_and_solve': 'The geometric condition was applied correctly, deriving a_1 and validating the terms.', 'P5_minimum_sum_calculation': 'The student correctly calculated S_n and found the minimum value of S_n at n = 12 or 13 with S_n = -78.'}",1.0,2452
Math_ShortAns_53,"{'C1_define_sequences': 1, 'C2_solve_recursive_c': 0, 'C3_solve_recursive_d': 1, 'C4_compute_general_terms': 0, 'C5_conclusion': 0}",2,"{'C1_define_sequences': 'Student correctly defined both sequences c_n and d_n.', 'C2_solve_recursive_c': ""Failed to derive the correct recursion relation for c_n, incorrectly concluded it's an arithmetic sequence."", 'C3_solve_recursive_d': 'Correctly identified d_n as an arithmetic sequence.', 'C4_compute_general_terms': 'Attempt to derive general terms for a_n and b_n was incorrect.', 'C5_conclusion': 'Failed to provide correct conclusions or general formulas.'}",0.9,2622
Math_ShortAns_54,"{'C1_define_sequences': 1, 'C2_solve_recursive_c': 2, 'C3_solve_recursive_d': 2, 'C4_compute_general_terms': 0, 'C5_conclusion': 0}",5,"{'C1_define_sequences': 'Correctly defined sequences c_n and d_n.', 'C2_solve_recursive_c': 'Correctly derived the recursion relation for c_n and identified its geometric nature.', 'C3_solve_recursive_d': 'Correctly derived the recursion relation for d_n and identified its arithmetic nature.', 'C4_compute_general_terms': 'Failed to derive the correct general terms for a_n and b_n.', 'C5_conclusion': 'Did not summarize findings clearly; incorrect conclusion regarding general formulas.'}",0.9,3100
Math_ShortAns_55,"{'C1_define_sequences': 1, 'C2_solve_recursive_c': 2, 'C3_solve_recursive_d': 2, 'C4_compute_general_terms': 2, 'C5_conclusion': 1}",8,"{'C1_define_sequences': 'Correctly defined both sequences c_n and d_n.', 'C2_solve_recursive_c': 'Correctly derived the recursion relation and identified it as a geometric sequence.', 'C3_solve_recursive_d': 'Correctly derived the recursion relation and identified it as an arithmetic sequence.', 'C4_compute_general_terms': 'Incorrect expressions for the general terms. Errors in simplifying and incorrect formulas.', 'C5_conclusion': 'Correctly summarized conclusions for sequence types, but incorrect final general term formulas.'}",0.9,2712
Math_ShortAns_58,"{'C1_calculate_r_numerator': 1, 'C2_calculate_r_denominator': 0, 'C3_evaluate_r': 1, 'C4_identify_outliers': 2, 'C5_calculate_adjusted_mean_and_stddev': 0}",4,"{'C1_calculate_r_numerator': 'Partial attempt made, but the calculation of the sum was incorrect.', 'C2_calculate_r_denominator': 'Denominator calculation was incorrect, no correct intermediate steps provided.', 'C3_evaluate_r': 'Quotient calculation is incorrect, but conclusion regarding correlation similarity was based on the threshold.', 'C4_identify_outliers': 'Correct range calculated, but failed to identify 9.22 as an outlier, partially awarded for range calculation.', 'C5_calculate_adjusted_mean_and_stddev': 'Failed to identify and exclude outliers, leading to incorrect adjusted mean and standard deviation.'}",0.8,3464
Math_ShortAns_59,"{'C1_calculate_r_numerator': 1, 'C2_calculate_r_denominator': 0, 'C3_evaluate_r': 1, 'C4_identify_outliers': 2, 'C5_calculate_adjusted_mean_and_stddev': 0}",4,"{'C1_calculate_r_numerator': 'Partial credit: attempted to calculate but used incorrect values.', 'C2_calculate_r_denominator': 'No correct components for denominator calculation.', 'C3_evaluate_r': 'Partial credit: calculated quotient, incorrect r value and conclusion.', 'C4_identify_outliers': 'Partial credit: range calculated incorrectly, but identified 9.22 as outlier.', 'C5_calculate_adjusted_mean_and_stddev': 'Incorrect mean and standard deviation calculations.'}",0.8,3557
Math_ShortAns_60,"{'C1_calculate_r_numerator': 2, 'C2_calculate_r_denominator': 1, 'C3_evaluate_r': 2, 'C4_identify_outliers': 3, 'C5_calculate_adjusted_mean_and_stddev': 2}",10,"{'C1_calculate_r_numerator': 'The student correctly used the given sum \x03c2.78 to calculate the numerator for r.', 'C2_calculate_r_denominator': 'Student correctly identified one component of the denominator but did not show the calculation for the multiplication to achieve the final denominator value.', 'C3_evaluate_r': 'The student correctly calculated r and concluded that |r| < 0.25, but did not show the intermediate multiplication steps.', 'C4_identify_outliers': 'The student correctly calculated the range and identified 9.22 as an outlier requiring inspection.', 'C5_calculate_adjusted_mean_and_stddev': 'Correctly calculated both new mean and standard deviation after excluding the outlier.'}",0.95,3303
Math_ShortAns_63,"{'C1_identify_line_equation': 1, 'C2_find_intersection': 1, 'C3_origin_on_circle_proof': 1, 'C4_circle_equation_with_point': 0, 'C5_final_equations': 0}",3,"{'C1_identify_line_equation': ""Attempted correct form 'y = k(x - 2)', derived equation with critical errors ignoring linearity at the end."", 'C2_find_intersection': 'Found intersection points A and B, but there are algebraic errors and unchecked assumptions leading to incorrect details.', 'C3_origin_on_circle_proof': 'Started vector method but lacked correct execution or final proof of perpendicularity or origin involvement.', 'C4_circle_equation_with_point': 'Failed to properly use point P in conjunction with circle equation; calculation errors noted.', 'C5_final_equations': 'Neither the line nor circle equations are correct; miscalculated based on faulty radius and assumption.'}",0.8,2917
Math_ShortAns_64,"{'C1_identify_line_equation': 2, 'C2_find_intersection': 2, 'C3_origin_on_circle_proof': 0, 'C4_circle_equation_with_point': 1, 'C5_final_equations': 0}",5,"{'C1_identify_line_equation': 'Correctly identified the line as x=2, corresponding to a vertical line through the given point.', 'C2_find_intersection': 'Correct intersection points A and B (2, 2) and (2, -2) were found for this vertical line and verified with the parabola.', 'C3_origin_on_circle_proof': ""Failed to correctly use perpendicular vectors or Vieta's formulas; incorrectly concluded that the origin is not on circle M."", 'C4_circle_equation_with_point': 'Attempted to use point P on the circle to determine radius and set up the equation, but did not result in the correct circle equation.', 'C5_final_equations': 'Failed to state the final correct equations for the circle or line.'}",0.95,3011
Math_ShortAns_67,"{'C1_find_circle_properties': 1, 'C2_establish_midpoint': 1, 'C3_determine_line_condition': 1, 'C4_calculate_distance': 0, 'C5_find_area_triangle': 1}",4,"{'C1_find_circle_properties': 'Correctly identified the center and radius of the circle.', 'C2_establish_midpoint': 'Correct setup of line equation but unclear trajectory derivation.', 'C3_determine_line_condition': 'Identified condition |OP| = |OM| but lacked derivation.', 'C4_calculate_distance': 'Did not correctly find distances or use chord relations.', 'C5_find_area_triangle': 'Implemented formula but unclear calculation and incorrect area.'}",0.7,2650
Math_ShortAns_68,"{'C1_find_circle_properties': 1, 'C2_establish_midpoint': 3, 'C3_determine_line_condition': 2, 'C4_calculate_distance': 1, 'C5_find_area_triangle': 2}",9,"{'C1_find_circle_properties': 'Correctly determined the circle center at (0,4) and radius 4.', 'C2_establish_midpoint': 'Correctly set up the vector condition and derived the correct trajectory equation for M.', 'C3_determine_line_condition': 'Partial understanding shown; correctly understood perpendicular bisector condition but made a calculation error in establishing the equation of PM.', 'C4_calculate_distance': ""Found incorrect distance for N, but correctly calculated O's distance."", 'C5_find_area_triangle': 'Begun correct process for finding area; error in using triangle coordinates led to incorrect area value.'}",0.9,2530
Math_ShortAns_71,"{'C1_ellipse_equation': 0, 'C2_line_through_P': 0, 'C3_intersection_points': 0, 'C4_T_and_H_coordinates': 0, 'C5_prove_HN_fixed': 0}",0,"{'C1_ellipse_equation': 'Student did not find the correct equations for a² or b², and concluded incorrectly that the equation is x² + y² = 1.', 'C2_line_through_P': 'Student attempted a line equation through P but used an incorrect form y = k(x - 1) + 2 instead of y = k(x - 1) - 2.', 'C3_intersection_points': 'Student attempted substitution but reached incorrect and illogical values, did not correctly solve for M and N.', 'C4_T_and_H_coordinates': 'Student did not correctly identify point T or utilize vector properties to find H.', 'C5_prove_HN_fixed': 'Student did not provide a proof or establish that line HN passes through a fixed point.'}",0.9,2297
Math_ShortAns_72,"{'C1_ellipse_equation': 1, 'C2_line_through_P': 0, 'C3_intersection_points': 0, 'C4_T_and_H_coordinates': 0, 'C5_prove_HN_fixed': 1}",2,"{'C1_ellipse_equation': 'Partial credit for stating the correct equation form but missing correct derivation details.', 'C2_line_through_P': 'No credit as the student did not formulate the line equation correctly through point P.', 'C3_intersection_points': 'No credit as incorrect intersection points were given.', 'C4_T_and_H_coordinates': 'No attempt to find points T and H in the answer.', 'C5_prove_HN_fixed': 'Partial credit for mentioning the correct result that line HN passes through a fixed point (0,-2) but lacks comprehensive proof.'}",0.9,1926
Math_ShortAns_75,"{'C1_symmetry_and_point_check': 2, 'C2_substitution_and_equations': 1, 'C3_deduce_conic_equation': 0, 'C4_intersection_condition': 0, 'C5_final_proof': 0}",3,"{'C1_symmetry_and_point_check': 'Student correctly identified two points using some symmetry, but their analysis of which points lie on the ellipse is partially flawed.', 'C2_substitution_and_equations': 'The student attempted substitutions but incorrectly deduced values for a^2 and b^2, thus providing an incorrect equation.', 'C3_deduce_conic_equation': 'Student formulated an incorrect ellipse equation from wrong a^2 and b^2 values.', 'C4_intersection_condition': 'Failed to correctly analyze the intersection of the line with the ellipse under the slope condition.', 'C5_final_proof': 'No coherent or correct final proof regarding the fixed point was provided.'}",0.7,2488
Math_ShortAns_76,"{'C1_symmetry_and_point_check': 1, 'C2_substitution_and_equations': 2, 'C3_deduce_conic_equation': 1, 'C4_intersection_condition': 0, 'C5_final_proof': 0}",4,"{'C1_symmetry_and_point_check': 'Identified that P2, P3, P4 lie on the ellipse but failed to correctly exclude that four points cannot lie on the ellipse.', 'C2_substitution_and_equations': 'Correctly substituted and solved for a² and b² using points, but missed the implication of more than three points lying on the ellipse.', 'C3_deduce_conic_equation': 'Correctly deduced the ellipse equation given the values of a² and b².', 'C4_intersection_condition': 'Attempted to analyze the intersection condition but did not form a meaningful equation or integrate slope conditions.', 'C5_final_proof': 'Attempted to conclude with the fixed point condition but provided an inadequate and incomplete proof.'}",0.8,2669
Math_ShortAns_77,"{'C1_symmetry_and_point_check': 1, 'C2_substitution_and_equations': 1, 'C3_deduce_conic_equation': 1, 'C4_intersection_condition': 1, 'C5_final_proof': 0}",4,"{'C1_symmetry_and_point_check': 'Identified two points on the ellipse; incorrectly identified three since incorrect points were considered.', 'C2_substitution_and_equations': 'Correctly substituted points but incorrect calculations for a² and b² were made.', 'C3_deduce_conic_equation': 'The final ellipse equation was stated correctly but based on incorrect a² and b² values.', 'C4_intersection_condition': 'Attempted to form line and intersection analysis, yet logic lacked rigor and appropriate deductions.', 'C5_final_proof': 'Failed to logically connect the deductions and did not conclude correctly about the fixed point.'}",0.8,2265
Math_ShortAns_80,"{'C1_set_a_zero': 1, 'C2_analyze_f_prime': 1, 'C3_conclude_sign_of_f': 1, 'C4_analyze_second_case': 0, 'C5_consolidate_results': 0}",3,"{'C1_set_a_zero': 'Student identified a=0 and simplified the function but incorrectly concluded f(x)<0 for x>0.', 'C2_analyze_f_prime': ""Student attempted to calculate f'(x) but made calculation errors, incorrectly stating the derivative."", 'C3_conclude_sign_of_f': 'Student incorrectly concluded the sign of f(x) for x>0, but correctly for -1<x<0 partially.', 'C4_analyze_second_case': ""Student calculated f'(0)=0 but failed to progress further for finding conditions on a."", 'C5_consolidate_results': 'No correct calculation of a; student did not address needed analysis for identifying x=0 as a local maxima.'}",0.9,2300
Math_ShortAns_81,"{'C1_set_a_zero': 2, 'C2_analyze_f_prime': 1, 'C3_conclude_sign_of_f': 1, 'C4_analyze_second_case': 1, 'C5_consolidate_results': 1}",6,"{'C1_set_a_zero': 'Correctly set a=0 and simplified the function.', 'C2_analyze_f_prime': 'Attempted to find first derivative, but did not correctly analyze intervals. Partial credit for trying.', 'C3_conclude_sign_of_f': ""Concluded f(x)'s behavior correctly, but the analysis was vague and lacked detail."", 'C4_analyze_second_case': 'Attempted to set x=0 as a maximum point, but there was no correct analysis of h(x).', 'C5_consolidate_results': 'Identified a value for a, but without clear justification or correct derivative calculations.'}",0.7,2211
Math_ShortAns_84,"{'C1_derivative_calculation': 1, 'C2_sign_analysis': 0, 'C3_monotonicity_deduction': 0, 'C4_max_value_calculation': 0, 'C5_proof': 0}",1,"{'C1_derivative_calculation': ""Partial calculation for f'(x) is mostly correct, but incomplete and involves mistakes."", 'C2_sign_analysis': ""No correct analysis of the sign of f'(x) for different values of a was provided."", 'C3_monotonicity_deduction': ""The deduction of monotonicity intervals was incoherent and incorrectly based on f'(x) behavior."", 'C4_max_value_calculation': 'The student did not correctly identify or calculate the maximum value of f(x), calculation was incorrect and method unclear.', 'C5_proof': 'The student struggled with the proof and provided incorrect reasoning. There were logical gaps and no successful deduction of the inequality.'}",0.9,2574
Math_ShortAns_85,"{'C1_derivative_calculation': 1, 'C2_sign_analysis': 0, 'C3_monotonicity_deduction': 0, 'C4_max_value_calculation': 1, 'C5_proof': 0}",2,"{'C1_derivative_calculation': 'Partial derivative calculations correctly, but missed correct factorization.', 'C2_sign_analysis': ""No complete or correct analysis of the sign of f'(x) for different a; incorrect assumptions."", 'C3_monotonicity_deduction': 'Monotonicity deduction is incorrect due to flawed sign analysis.', 'C4_max_value_calculation': 'Attempt to calculate f(x) at a point but incorrect understanding and methodology.', 'C5_proof': 'No valid proof presented for the inequality and logical steps are flawed.'}",0.9,2549
Math_ShortAns_86,"{'C1_derivative_calculation': 2, 'C2_sign_analysis': 2, 'C3_monotonicity_deduction': 2, 'C4_max_value_calculation': 3, 'C5_proof': 2}",11,"{'C1_derivative_calculation': ""The student correctly calculated the derivative as f'(x) = (2ax + 1)(x + 1)/x."", 'C2_sign_analysis': ""The student provided a correct and complete analysis of the sign of f'(x) for cases a = 0, a > 0, and a < 0."", 'C3_monotonicity_deduction': 'The student accurately deduced the monotonicity intervals using the sign of the derivative.', 'C4_max_value_calculation': 'The student correctly identified the critical point and calculated the maximum value of f(x).', 'C5_proof': 'The student provided a correct proof structure for f(x) ≤ -3/4a - 2 under a < 0, but some logical connections could be clearer.'}",0.9,3099
Math_ShortAns_89,"{'C1_calculate_derivative': 1, 'C2_determine_m_value': 2, 'C3_analyze_monotonicity': 0, 'C4_prove_fx_positivity_part1': 0, 'C5_prove_fx_positivity_part2': 0}",3,"{'C1_calculate_derivative': 'Correctly calculated the derivative of the function.', 'C2_determine_m_value': ""Correctly set f'(0) = 0 and solved for m = 1."", 'C3_analyze_monotonicity': 'Failed to correctly identify intervals of increase/decrease and provided insufficient explanation.', 'C4_prove_fx_positivity_part1': 'Did not correctly set up the condition for m ≤ 2 and did not demonstrate understanding that proving for m = 2 suffices.', 'C5_prove_fx_positivity_part2': ""Did not find the unique zero of f'(x) or demonstrate that f(x) ≥ f(x_0) > 0.""}",0.9,2416
Math_ShortAns_90,"{'C1_calculate_derivative': 0, 'C2_determine_m_value': 2, 'C3_analyze_monotonicity': 0, 'C4_prove_fx_positivity_part1': 1, 'C5_prove_fx_positivity_part2': 0}",3,"{'C1_calculate_derivative': 'The derivative should be explicitly stated, but it was not provided in the answer.', 'C2_determine_m_value': ""Correctly set f'(0) = 0 and solved for m = 1."", 'C3_analyze_monotonicity': ""The student did not provide intervals and explanation of monotonicity after determining m = 1; they only mentioned analyzing the derivative's sign."", 'C4_prove_fx_positivity_part1': 'Correctly focused on m = 2 for the condition needed to prove positivity.', 'C5_prove_fx_positivity_part2': ""Did not provide the proof by finding the zero of f'(x) and evaluating f(x) for positivity.""}",0.85,2183
Math_ShortAns_93,"{'C1_function_at_0': 1, 'C2_monotonicity_proof': 0, 'C3_single_zero_condition_decomposed': 1, 'C4_correct_value_of_a': 0, 'C5_clarity_and_rigour': 0}",2,"{'C1_function_at_0': 'Correctly calculated f(0) as 1.', 'C2_monotonicity_proof': 'Failed to use calculus or any method to demonstrate monotonicity for x >= 0.', 'C3_single_zero_condition_decomposed': 'Started correctly by setting the derivative equal to zero and solving for e^x = 2ax.', 'C4_correct_value_of_a': 'Did not derive or justify the correct value of a, focusing incorrectly on negative values.', 'C5_clarity_and_rigour': 'The solution lacks logical flow and includes incorrect assumptions; attempted method is unclear and lacks validity.'}",0.9,2799
Math_ShortAns_94,"{'C1_function_at_0': 1, 'C2_monotonicity_proof': 2, 'C3_single_zero_condition_decomposed': 2, 'C4_correct_value_of_a': 0, 'C5_clarity_and_rigour': 1}",6,"{'C1_function_at_0': 'Correctly calculated f(0) = 1.', 'C2_monotonicity_proof': 'Correct first derivative, but insufficient demonstration of monotonicity and conclusion. Lacks critical point identification.', 'C3_single_zero_condition_decomposed': ""Set f'(x) = 0 correctly and began analysis, but lacked comprehensive decomposition and supporting arguments."", 'C4_correct_value_of_a': 'Incorrect value of a and justification is not convincing.', 'C5_clarity_and_rigour': 'Logical flow suffers due to lack of depth in argumentation, but some valid steps presented.'}",0.8,2863
Math_ShortAns_95,"{'C1_function_at_0': 1, 'C2_monotonicity_proof': 2, 'C3_single_zero_condition_decomposed': 2, 'C4_correct_value_of_a': 0, 'C5_clarity_and_rigour': 1}",6,"{'C1_function_at_0': 'Correctly evaluates f(0) = 1 in part (1).', 'C2_monotonicity_proof': 'Correct first derivative and critical point analysis, but did not clearly prove monotonicity comprehensively.', 'C3_single_zero_condition_decomposed': 'Partial analysis of the condition, but lacks full examination of cases and clear demonstration.', 'C4_correct_value_of_a': 'Incorrect value or justification of a; no clear derivation or reasoning.', 'C5_clarity_and_rigour': 'Some coherent analysis, but lacks overall clear flow and reasoning is not fully developed.'}",0.85,2861
Math_ShortAns_98,"{'C1_calculate_derivative': 0, 'C2_analyze_function_behavior': 0, 'C3_set_up_series_product_inequality': 1, 'C4_relating_series_to_m': 2}",3,"{'C1_calculate_derivative': 'The student did not calculate the derivative of f(x) or analyze it correctly. They concluded without correct exploration of the derivative.', 'C2_analyze_function_behavior': 'The student failed to analyze the function behavior appropriately to determine the correct value of a. The incorrect conclusion of a = 0 indicates misunderstanding.', 'C3_set_up_series_product_inequality': 'Student displayed partial understanding by expressing the inequality in terms of a product of terms, but did not make the correct final connection to e.', 'C4_relating_series_to_m': 'Correct conclusion that m = 3, demonstrating understanding of integer constraints and behavior of the series.'}",0.8,2947
Math_ShortAns_99,"{'C1_calculate_derivative': 0, 'C2_analyze_function_behavior': 0, 'C3_set_up_series_product_inequality': 1, 'C4_relating_series_to_m': 0}",1,"{'C1_calculate_derivative': 'The student did not calculate the derivative of the function nor set up any conditions based on it.', 'C2_analyze_function_behavior': 'The student failed to conclude a = 1 or use the derivative correctly to analyze function behavior.', 'C3_set_up_series_product_inequality': 'The student attempted to set up the series product but did not correctly establish the upper bound using ln(1 + 1/2^k).', 'C4_relating_series_to_m': 'The student incorrectly concluded m = 8, showing a misunderstanding of the integer constraints and bounds.'}",0.9,2947
Math_ShortAns_100,"{'C1_calculate_derivative': 2, 'C2_analyze_function_behavior': 2, 'C3_set_up_series_product_inequality': 1, 'C4_relating_series_to_m': 1}",6,"{'C1_calculate_derivative': 'Student correctly calculated the derivative and identified the cases for a ≤ 0 and a > 0.', 'C2_analyze_function_behavior': 'Correctly concluded that a = 1 based on function behavior analysis.', 'C3_set_up_series_product_inequality': 'Student partially established the upper bound but equated it incorrectly to e and did not use the inequality correctly.', 'C4_relating_series_to_m': ""Student correctly concluded m belongs to (2, e), but the final conclusion about m's minimal value was not correctly deduced.""}",0.9,2886
Math_ShortAns_103,"{'C1_find_derivative': 1, 'C2_monotone_analysis': 0, 'C3_identify_extremum': 0, 'C4_root_existence': 0, 'C5_root_relationship': 0}",1,"{'C1_find_derivative': 'The student attempted to find the derivative but made errors in simplification.', 'C2_monotone_analysis': 'The student failed to correctly use the derivative to analyze monotonic behavior.', 'C3_identify_extremum': 'The student incorrectly concluded that the function has no extremum points.', 'C4_root_existence': 'Misleading conclusions regarding the existence of roots; analysis is not valid.', 'C5_root_relationship': 'No attempt to show reciprocal relationship of roots; conclusion was stated as not having real roots.'}",0.9,2474
Math_ShortAns_104,"{'C1_find_derivative': 1, 'C2_monotone_analysis': 0, 'C3_identify_extremum': 0, 'C4_root_existence': 0, 'C5_root_relationship': 0}",1,"{'C1_find_derivative': 'Correct application of product rule, but derivative simplification is incorrect.', 'C2_monotone_analysis': ""Failed to correctly analyze the monotonic behavior; incorrect statements about f'(x)."", 'C3_identify_extremum': 'Incorrectly concluded on extremum points; logic and calculations are flawed.', 'C4_root_existence': 'Attempted root analysis is incomplete and lacks depth needed for full marks; incorrect logic.', 'C5_root_relationship': 'Did not successfully prove that roots are reciprocals; incomplete argument.'}",0.8,2559
Math_ShortAns_105,"{'C1_find_derivative': 0, 'C2_monotone_analysis': 1, 'C3_identify_extremum': 1, 'C4_root_existence': 1, 'C5_root_relationship': 1}",4,"{'C1_find_derivative': ""The student did not explicitly find the correct derivative f'(x) = ln x - 1/x."", 'C2_monotone_analysis': ""The student vaguely mentions analyzing the monotonic behavior but does not express g'(x) and its implications correctly."", 'C3_identify_extremum': 'Student correctly stated the existence of a unique extremum point without proper justification.', 'C4_root_existence': 'Student vaguely mentions f(x)=0 having roots but does not use specific interval analysis as required.', 'C5_root_relationship': 'The student asserted the reciprocal relationship but did not substantiate why the roots are reciprocals specifically.'}",0.7,2303
Math_ShortAns_108,"{'C1_domain_and_derivative': 0, 'C2_monotonicity_and_value_at_x1': 1, 'C3_a_value_range': 0, 'C4_transform_and_condition': 0, 'C5_derivation_of_inequality': 0}",1,"{'C1_domain_and_derivative': 'The student did not correctly determine the domain or derivative of f(x).', 'C2_monotonicity_and_value_at_x1': 'The student calculated f(1) = e + 1 - a, but did not analyze monotonicity correctly.', 'C3_a_value_range': 'The student incorrectly derived the range of a, stating a ≥ 0 instead of a ≤ e + 1.', 'C4_transform_and_condition': ""The student's analysis of zero points and linking to the condition is incorrect."", 'C5_derivation_of_inequality': 'The student failed to derive or justify the inequality for zero point product.'}",0.9,2311
Math_ShortAns_109,"{'C1_domain_and_derivative': 2, 'C2_monotonicity_and_value_at_x1': 2, 'C3_a_value_range': 2, 'C4_transform_and_condition': 1, 'C5_derivation_of_inequality': 0}",7,"{'C1_domain_and_derivative': 'Correctly determined the domain and derivative.', 'C2_monotonicity_and_value_at_x1': 'Correct monotonicity and value calculated for x=1.', 'C3_a_value_range': ""Correctly deduced the range of 'a' using f(x) ≥ 0."", 'C4_transform_and_condition': 'Identified two zero points but transformation explanation is incomplete.', 'C5_derivation_of_inequality': 'Failed to demonstrate proof and derivation for the inequality condition effectively.'}",0.9,2665
Math_ShortAns_112,"{'P1_identify_directrix': 0, 'P2_calculate_p': 0, 'P3_equation_parabola': 0, 'P4_slope_relations': 0, 'P5_maximize_angle_difference': 0, 'P6_equation_AB': 0}",0,"{'P1_identify_directrix': 'The student did not identify the correct directrix (x = -p/2) and misunderstood the conditions given for MD being vertical.', 'P2_calculate_p': 'The student incorrectly interpreted |MF| calculation without establishing the correct equation |MF| = p + p/2.', 'P3_equation_parabola': 'The student did not correctly derive the equation of the parabola as y² = 4x.', 'P4_slope_relations': 'The student failed to derive the slope relationship k_MN = 2 * k_AB based on correct tangent relations.', 'P5_maximize_angle_difference': 'The student did not apply the correct trigonometric identity or maximization condition for a - β.', 'P6_equation_AB': 'The student failed to derive the equation of line AB and incorrectly concluded it was y = 0.'}",0.9,2534
Math_ShortAns_113,"{'P1_identify_directrix': 0, 'P2_calculate_p': 0, 'P3_equation_parabola': 0, 'P4_slope_relations': 0, 'P5_maximize_angle_difference': 0, 'P6_equation_AB': 0}",0,"{'P1_identify_directrix': 'The student did not correctly identify the directrix or demonstrate an understanding of the vertical line MD.', 'P2_calculate_p': 'The student did not correctly set up or solve the distance equation involving |MF| = 3.', 'P3_equation_parabola': 'The student did not derive the correct equation of the parabola.', 'P4_slope_relations': 'The student did not address the relationship between slopes k_MN and k_AB.', 'P5_maximize_angle_difference': ""The student failed to use trigonometric or calculus principles to calculate a - β's maximum value."", 'P6_equation_AB': 'The student did not derive the equation of line AB correctly.'}",0.8,2571
Math_ShortAns_114,"{'P1_identify_directrix': 2, 'P2_calculate_p': 2, 'P3_equation_parabola': 1, 'P4_slope_relations': 0, 'P5_maximize_angle_difference': 1, 'P6_equation_AB': 2}",8,"{'P1_identify_directrix': 'Correctly identifies directrix x = -p/2 and recognizes x-coordinate of M is p.', 'P2_calculate_p': 'Sets up and solves the correct equation |MF| = p + p/2 = 3 to find p = 2.', 'P3_equation_parabola': 'Correctly substitutes p = 2 into the parabola equation resulting in y² = 4x.', 'P4_slope_relations': 'Fails to properly derive and use the slope relationship k_MN = 2 * k_AB.', 'P5_maximize_angle_difference': 'Partial attempt in applying trigonometric identity; lacks proper trigonometric and calculus principles.', 'P6_equation_AB': 'Correctly derives the equation of line AB as x = √2 y + 4.'}",0.85,2461
Math_ShortAns_117,"{'CR1_function_derivative': 1, 'CR2_base_function': 0, 'CR3_monotonic_intervals': 1, 'CR4_inequality_manipulation': 0, 'CR5_maximization_criteria': 0}",2,"{'CR1_function_derivative': ""Student differentiates correctly, but does not solve for f'(1) and f(0) accurately. Partial credit awarded."", 'CR2_base_function': 'Student fails to establish the correct expression for f(x), missing necessary calculations beyond assumptions.', 'CR3_monotonic_intervals': 'Incorrect conclusion for monotonic intervals, only partial credit for setting up a condition for monotonicity.', 'CR4_inequality_manipulation': 'Student does not correctly transform the inequality; assumptions made are incorrect.', 'CR5_maximization_criteria': 'The student provides no analytical approach or correct justification to determine maximal value of (a+1)b.'}",0.9,2450
Math_ShortAns_118,"{'CR1_function_derivative': 1, 'CR2_base_function': 0, 'CR3_monotonic_intervals': 1, 'CR4_inequality_manipulation': 1, 'CR5_maximization_criteria': 0}",3,"{'CR1_function_derivative': ""The student attempts to find f'(x) but does not explicitly solve for f'(1) or f(0). Partial credit given for initiating the differentiation."", 'CR2_base_function': 'The student fails to provide the complete and correct expression for f(x).', 'CR3_monotonic_intervals': ""The student references analyzing f'(x) to determine monotonic intervals, but lacks detail in deducing the correct intervals."", 'CR4_inequality_manipulation': 'The student correctly sets up the transformed inequality but does not fully explore it.', 'CR5_maximization_criteria': 'The student mentions maximizing (a+1)b but provides incorrect or insufficient application of the derivation and maximization process.'}",0.7,2352
Math_ShortAns_121,"{'C1_calculate_derivative_fx': 1, 'C2_analyze_monotonicity': 1, 'C3_express_gx_and_find_g0': 2, 'C4_analyze_gx_monotonicity': 1, 'C5_estimate_ln_2': 0}",5,"{'C1_calculate_derivative_fx': ""Correctly calculates the derivative f'(x) = e^x + e^(-x) - 2."", 'C2_analyze_monotonicity': 'Uses e^x + e^(-x) >= 2 incorrectly to conclude monotonicity; gets sign of monotonicity wrong.', 'C3_express_gx_and_find_g0': 'Correctly expresses g(x) and finds g(0).', 'C4_analyze_gx_monotonicity': 'Attempts to analyze, but incorrect conclusion about the conditions on b.', 'C5_estimate_ln_2': 'Incorrect estimation of ln(2); uses inappropriate logic.'}",0.9,2503
Math_ShortAns_122,"{'C1_calculate_derivative_fx': 1, 'C2_analyze_monotonicity': 2, 'C3_express_gx_and_find_g0': 2, 'C4_analyze_gx_monotonicity': 3, 'C5_estimate_ln_2': 0}",8,"{'C1_calculate_derivative_fx': ""Correct calculation of the derivative f'(x)."", 'C2_analyze_monotonicity': 'Correctly used e^x + e^(-x) >= 2 and concluded that f(x) is non-decreasing.', 'C3_express_gx_and_find_g0': 'Correctly expressed g(x) and calculated g(0) = 0.', 'C4_analyze_gx_monotonicity': ""Successfully analyzed g'(x), expressed conditions, and concluded b <= 2."", 'C5_estimate_ln_2': 'Estimation of ln(2) attempted but the methodology and calculation were incorrect.'}",0.9,3023
Math_ShortAns_125,"{'C1_derivative_calculation': 1, 'C2_monotonicity_analysis': 1, 'C3_periodicity_max_min': 0, 'C4_inequality_proof_part_a': 1, 'C5_inequality_proof_part_b': 0}",3,"{'C1_derivative_calculation': ""Partial setup for the derivative is given, but it's incorrectly calculated and not used effectively."", 'C2_monotonicity_analysis': ""The student identifies some monotonicity intervals but doesn't correctly use critical points nor provide a definitive trend."", 'C3_periodicity_max_min': 'The student failed to clearly establish periodicity or accurately calculate max/min values.', 'C4_inequality_proof_part_a': 'The inequality setup begins correctly but concludes incorrectly, mistaking maximum as 0.', 'C5_inequality_proof_part_b': 'Student provides incorrect conclusion and reasoning, lacking substantial analysis or bounding technique.'}",0.9,2408
Math_ShortAns_126,"{'C1_derivative_calculation': 1, 'C2_monotonicity_analysis': 0, 'C3_periodicity_max_min': 0, 'C4_inequality_proof_part_a': 1, 'C5_inequality_proof_part_b': 0}",2,"{'C1_derivative_calculation': 'The derivative setup is partially correct but has incorrect trigonometric terms.', 'C2_monotonicity_analysis': 'Failed to analyze monotonicity correctly; incorrect reasoning on function as monotropic increasing.', 'C3_periodicity_max_min': 'Did not address periodicity or max/min values within a period.', 'C4_inequality_proof_part_a': 'Attempted setup for inequality but incorrect conclusion and lack of formal proof.', 'C5_inequality_proof_part_b': 'No valid proof approach provided; failed to demonstrate bounding for the sequence.'}",0.9,2403
Math_ShortAns_127,"{'C1_derivative_calculation': 1, 'C2_monotonicity_analysis': 0, 'C3_periodicity_max_min': 1, 'C4_inequality_proof_part_a': 0, 'C5_inequality_proof_part_b': 0}",2,"{'C1_derivative_calculation': 'The student mentions calculating the derivative but does not provide a correct derivative expression, so partial credit is given.', 'C2_monotonicity_analysis': 'The student does not identify critical points or perform an accurate monotonicity analysis.', 'C3_periodicity_max_min': 'The student recognizes the periodic nature of the function, which is a partial credit point.', 'C4_inequality_proof_part_a': 'The student attempts to describe the process but fails to set up and simplify the inequality correctly.', 'C5_inequality_proof_part_b': 'The student outlines an approach but fails to provide a valid bounding technique or final expression.'}",0.8,2433
Math_ShortAns_130,"{'C1_convert_polar_to_cartesian': 1, 'C2_find_cartesian_equation_of_curve_C1': 0, 'C3_compare_geometric_properties': 0, 'C4_final_conclusion': 0}",1,"{'C1_convert_polar_to_cartesian': 'Recognized the relationship between polar and Cartesian coordinates but incorrectly derived the Cartesian equation.', 'C2_find_cartesian_equation_of_curve_C1': 'Did not correctly derive the parametric equations for the trajectory of P; incorrect handling of vectors.', 'C3_compare_geometric_properties': 'Did not identify or compare the geometric properties of C and C1 correctly.', 'C4_final_conclusion': 'Incorrect conclusion about the intersection of C and C1.'}",0.9,2705
Math_ShortAns_131,"{'C1_convert_polar_to_cartesian': 2, 'C2_find_cartesian_equation_of_curve_C1': 2, 'C3_compare_geometric_properties': 1, 'C4_final_conclusion': 1}",6,"{'C1_convert_polar_to_cartesian': 'The student correctly converted the polar equation to Cartesian coordinates, accounting for the rearrangement into a circle equation.', 'C2_find_cartesian_equation_of_curve_C1': 'The student identified the parametric equation for point M and derived the parametric form for P, as required.', 'C3_compare_geometric_properties': 'The student referenced properties but did not adequately demonstrate identifying the center and radius comparison.', 'C4_final_conclusion': 'The student concluded that C and C1 do not have common points, matching the rubric requirement.'}",0.9,2493
Math_ShortAns_134,"{'C1_transform_C1': 1, 'C2_transform_C2': 0, 'C3_find_intersection_P': 0, 'C4_cartesian_to_polar': 0, 'C5_verify_correctness': 0}",1,"{'C1_transform_C1': 'Partial credit for correctly stating x = 4 cos^2 theta and y = 4 sin^2 theta, but transformed equation given as x + y = 5 instead of 4.', 'C2_transform_C2': 'Incorrect transformation and irrelevant methods used; correct cartesian form not found.', 'C3_find_intersection_P': 'Incorrect intersection process and result; P(1, 4) does not satisfy C1 or C2 equations.', 'C4_cartesian_to_polar': 'Polar equation incorrect; inappropriate application of polar coordinates and incorrect computations.', 'C5_verify_correctness': 'No logical consistency or verification of derived equations; final conclusions unsupported.'}",0.9,2635
Math_ShortAns_135,"{'C1_transform_C1': 2, 'C2_transform_C2': 2, 'C3_find_intersection_P': 0, 'C4_cartesian_to_polar': 2, 'C5_verify_correctness': 1}",7,"{'C1_transform_C1': 'The student correctly transforms the parametric equation for C1 to its cartesian form x + y = 4.', 'C2_transform_C2': 'The student correctly transforms the parametric equation for C2 to its cartesian form x^2 - y^2 = 4.', 'C3_find_intersection_P': 'The student skipped the intersection point calculation and directly provided an incorrect answer.', 'C4_cartesian_to_polar': 'The student correctly set up and derived the polar equation for the circle.', 'C5_verify_correctness': 'The student did not provide any verification or justification for the derived equations, but there is logical consistency in the correct portions.'}",0.9,2305
Math_ShortAns_138,"{'C1_convert_C1': 1, 'C2_convert_C2': 1, 'C3_find_intersection': 0, 'C4_cartesian_to_polar': 0, 'C5_final_answer_presentation': 0}",2,"{'C1_convert_C1': 'Partially simplified the trigonometric relationship correctly, but arrived at the wrong Cartesian equation x + y = 8 instead of x + y = 4.', 'C2_convert_C2': 'Attempted to eliminate parameter t using algebraic manipulation, but derived the incorrect equation x^2 - y^2 = 2 instead of x^2 - y^2 = 4.', 'C3_find_intersection': 'Incorrect calculation showed no real intersection when there should be one.', 'C4_cartesian_to_polar': 'Did not correctly attempt the conversion to polar coordinates.', 'C5_final_answer_presentation': 'The polar equation stated was incorrect, showing misunderstanding and lack of justification.'}",,2507
Math_ShortAns_139,"{'C1_convert_C1': 2, 'C2_convert_C2': 2, 'C3_find_intersection': 0, 'C4_cartesian_to_polar': 0, 'C5_final_answer_presentation': 0}",4,"{'C1_convert_C1': 'The student correctly converted the parametric equations of C1 to the Cartesian equation x + y = 4.', 'C2_convert_C2': 'The student correctly converted the parametric equations of C2 to the Cartesian equation x² - y² = 4.', 'C3_find_intersection': 'The student didn’t show the steps to find the intersection point P of the two curves, so no points can be awarded.', 'C4_cartesian_to_polar': ""The student's answer directly presents the polar equation without showing the steps of conversion from Cartesian coordinates, hence no points."", 'C5_final_answer_presentation': 'Although the final polar equation matches the expected answer, the student didn’t comprehensively justify the polar equation based on previous steps, so no points.'}",0.9,2238
Math_ShortAns_142,"{'C1_apply_AM-GM_to_abc': 0, 'C2_manipulate_to_abc_le_1_over_9': 1, 'C3_apply_AM_GM_to_fractions': 0, 'C4_sum_fractions': 0, 'C5_correct_method_and_final_answer': 0}",1,"{'C1_apply_AM-GM_to_abc': 'Did not apply AM-GM inequality correctly, relied on specific case (a=b=c) instead of using the inequality.', 'C2_manipulate_to_abc_le_1_over_9': 'Managed to conclude abc ≤ 1/9 using specific values, missing proof for the general case.', 'C3_apply_AM_GM_to_fractions': 'Did not apply AM-GM inequality to the individual fraction terms correctly.', 'C4_sum_fractions': 'Incorrect summation approach and reached wrong conclusion for inequality involving fractions.', 'C5_correct_method_and_final_answer': 'Overall methodology flawed and reached incorrect final conclusions for both parts.'}",0.9,2439
Math_ShortAns_143,"{'C1_apply_AM-GM_to_abc': 0, 'C2_manipulate_to_abc_le_1_over_9': 0, 'C3_apply_AM_GM_to_fractions': 0, 'C4_sum_fractions': 0, 'C5_correct_method_and_final_answer': 0}",0,"{'C1_apply_AM-GM_to_abc': 'The student did not apply the AM-GM inequality correctly or attempt to establish any bound relating to (abc)^{1/2}.', 'C2_manipulate_to_abc_le_1_over_9': 'The student failed to correctly deduce that abc <= 1/9; they arrived at incorrect or mixed conclusions.', 'C3_apply_AM_GM_to_fractions': 'No proper attempt was made to apply AM-GM inequality to the individual fractions.', 'C4_sum_fractions': 'The student did not use established inequalities to sum the fractions or arrive at the correct bound.', 'C5_correct_method_and_final_answer': 'Overall approach is incorrect, leading to incorrect final conclusions.'}",0.9,2436
Math_ShortAns_144,"{'C1_apply_AM-GM_to_abc': 0, 'C2_manipulate_to_abc_le_1_over_9': 0, 'C3_apply_AM_GM_to_fractions': 0, 'C4_sum_fractions': 0, 'C5_correct_method_and_final_answer': 0}",0,"{'C1_apply_AM-GM_to_abc': 'The student did not correctly apply the AM-GM inequality to establish the relationship to (abc)^1/2 and made incorrect deductions based on incorrect reasoning.', 'C2_manipulate_to_abc_le_1_over_9': 'Student concluded $abc \\geq \\frac{1}{9}$ instead of $abc \\leq \\frac{1}{9}$; misunderstanding from prior steps.', 'C3_apply_AM_GM_to_fractions': 'The student did not apply AM-GM to fractions or establish any related inequality correctly.', 'C4_sum_fractions': 'The student attempted to sum fractions incorrectly, did not use inequalities or correct results for summation needed to prove the statement.', 'C5_correct_method_and_final_answer': 'The overall methodology is incorrect, leading to incorrect final conclusions for both parts.'}",0.9,2415
Math_ShortAns_145,"{'C1_apply_AM-GM_to_abc': 1, 'C2_manipulate_to_abc_le_1_over_9': 1, 'C3_apply_AM_GM_to_fractions': 1, 'C4_sum_fractions': 1, 'C5_correct_method_and_final_answer': 1}",5,"{'C1_apply_AM-GM_to_abc': 'The student correctly applied the AM-GM inequality stating the required inequality correctly.', 'C2_manipulate_to_abc_le_1_over_9': 'The student correctly concluded from the inequality that abc ≤ 1/9.', 'C3_apply_AM_GM_to_fractions': 'Correctly applied AM-GM inequality to fractions and derivations were accurate.', 'C4_sum_fractions': 'Student correctly summed the terms leading to the solution of the inequality.', 'C5_correct_method_and_final_answer': 'The student provided correct methodology and reached the correct final answers for both parts.'}",,2514
Math_ShortAns_148,"{'C1_understand_given_equation': 1, 'C2_apply_cauchy_inequality': 0, 'C3_substitute_and_prove_part1': 0, 'C4_derive_inequality_condition': 0, 'C5_apply_weighted_inequality': 0, 'C6_verify_equality_condition_part2': 0}",1,"{'C1_understand_given_equation': ""Correctly identified equation and used it in further steps, although didn't lead to a correct conclusion."", 'C2_apply_cauchy_inequality': 'Incorrect setup for Cauchy-Schwarz inequality (miscalculated).', 'C3_substitute_and_prove_part1': 'Failed to identify the equality condition correctly.', 'C4_derive_inequality_condition': 'Did not derive or use the condition necessary for part (2).', 'C5_apply_weighted_inequality': 'Incorrect approach; did not apply the inequality correctly.', 'C6_verify_equality_condition_part2': 'Did not identify or demonstrate the equality condition for part (2).'}",0.9,2717
Math_ShortAns_149,"{'C1_understand_given_equation': 1, 'C2_apply_cauchy_inequality': 0, 'C3_substitute_and_prove_part1': 0, 'C4_derive_inequality_condition': 1, 'C5_apply_weighted_inequality': 0, 'C6_verify_equality_condition_part2': 0}",2,"{'C1_understand_given_equation': 'The student correctly references the given equation and manipulates it for part (2).', 'C2_apply_cauchy_inequality': 'The setup of Cauchy-Schwarz inequality is incorrect with a faulty application that led to incorrect conclusions.', 'C3_substitute_and_prove_part1': 'The student did not identify conditions for equality with a = b = 2c = 1.', 'C4_derive_inequality_condition': 'The student manipulated the condition a + 4c ≤ 3 correctly in part (2), even though the argument was unclear.', 'C5_apply_weighted_inequality': 'The application of the weighted AM-GM inequality is incorrect or not well argued.', 'C6_verify_equality_condition_part2': 'The equality condition for 1/a + 1/c was not demonstrated or verified.'}",0.8,2664
Math_ShortAns_150,"{'C1_understand_given_equation': 0, 'C2_apply_cauchy_inequality': 1, 'C3_substitute_and_prove_part1': 1, 'C4_derive_inequality_condition': 1, 'C5_apply_weighted_inequality': 1, 'C6_verify_equality_condition_part2': 1}",5,"{'C1_understand_given_equation': 'The student did not explicitly show using or manipulating the equation a^2 + b^2 + 4c^2 = 3 in their explanation.', 'C2_apply_cauchy_inequality': 'The student correctly set up and applied the Cauchy-Schwarz inequality to prove a + b + 2c ≤ 3.', 'C3_substitute_and_prove_part1': 'The student correctly identified and explained when equality holds: a = b = 2c = 1.', 'C4_derive_inequality_condition': 'The student correctly derived 0 < a + 4c ≤ 3 and noted its significance.', 'C5_apply_weighted_inequality': 'The student correctly applied the weighted AM-GM inequality to prove 1/a + 1/c ≥ 3.', 'C6_verify_equality_condition_part2': 'The student correctly demonstrated the condition for equality and reached the conclusion that 1/a + 1/c ≥ 3.'}",0.9,2542
Math_ShortAns_153,"{'C1_apply_Cauchy': 0, 'C2_equality_condition': 0, 'C3_setup_second_part': 1, 'C4_apply_AM_GM': 0, 'C5_conclude_second_part': 0}",1,"{'C1_apply_Cauchy': 'The student did not correctly apply the Cauchy-Schwarz inequality to show the needed inequality for (a+b)(a⁵+b⁵).', 'C2_equality_condition': 'The student did not identify the equality condition for the first inequality (a=b=1).', 'C3_setup_second_part': ""The student explains partial algebraic transformation but doesn't correctly express in terms of a+b and ab."", 'C4_apply_AM_GM': 'The student did not use the AM-GM inequality properly to establish the conclusion a+b ≤ 2.', 'C5_conclude_second_part': 'The student did not correctly conclude the proof for a+b ≤ 2 or verify the equality condition.'}",0.8,2555
Math_ShortAns_154,"{'C1_apply_Cauchy': 0, 'C2_equality_condition': 1, 'C3_setup_second_part': 1, 'C4_apply_AM_GM': 1, 'C5_conclude_second_part': 0}",3,"{'C1_apply_Cauchy': 'The student did not use or mention the Cauchy-Schwarz inequality to establish the inequality (a+b)(a⁵+b⁵) ≥ 4.', 'C2_equality_condition': 'The student correctly identified a = b = 1 as the condition for equality in part 1.', 'C3_setup_second_part': 'The student expressed terms involving a+b, but their setup was not fully correct or clear.', 'C4_apply_AM_GM': 'Student attempted a comparison to show a+b ≤ 2 but did not properly apply AM-GM inequality.', 'C5_conclude_second_part': 'The conclusion was incorrect and no proper verification of equality was made at a = b = 1.'}",0.8,2547
Math_ShortAns_155,"{'C1_apply_Cauchy': 1, 'C2_equality_condition': 1, 'C3_setup_second_part': 1, 'C4_apply_AM_GM': 2, 'C5_conclude_second_part': 1}",6,"{'C1_apply_Cauchy': 'Incorrect use of Cauchy-Schwarz inequality setup, but partial understanding of inequality is shown.', 'C2_equality_condition': 'Correctly identifies a = b = 1 as the equality condition for part (1).', 'C3_setup_second_part': 'The setup is attempted but contains algebraic errors in expressing ab. Partial credit for showing understanding.', 'C4_apply_AM_GM': 'Correctly applies the AM-GM inequality to conclude a+b ≤ 2.', 'C5_conclude_second_part': 'Correctly identifies a = b = 1 as equality condition in the conclusion for a+b ≤ 2.'}",0.9,2245
Math_ShortAns_158,"{'C1_apply_Cauchy_for_part1': 0, 'C2_transformation_for_part2': 1, 'C3_use_AM_GM_inequality': 0, 'C4_concluding_part2_proof': 0}",1,"{'C1_apply_Cauchy_for_part1': 'The Cauchy-Schwarz inequality was neither set up nor applied correctly.', 'C2_transformation_for_part2': 'The student correctly expressed a^3+b^3 in terms of a+b and ab, but did not simplify or rearrange correctly to arrive at (a+b)³ - 3ab(a+b) = 2.', 'C3_use_AM_GM_inequality': 'The AM-GM inequality was not used in the context of the transformed expression.', 'C4_concluding_part2_proof': 'Conclusion a+b ≤ 2 was not correctly deduced through logical steps or previous results.'}",0.8,2247
Math_ShortAns_159,"{'C1_apply_Cauchy_for_part1': 2, 'C2_transformation_for_part2': 2, 'C3_use_AM_GM_inequality': 1, 'C4_concluding_part2_proof': 1}",6,"{'C1_apply_Cauchy_for_part1': 'Correctly applied Cauchy-Schwarz inequality and demonstrated equality condition a = b = 1.', 'C2_transformation_for_part2': 'Correctly transformed a^3 + b^3 = 2 to (a+b)^3 - 3ab(a+b) = 2.', 'C3_use_AM_GM_inequality': 'Correctly applied AM-GM inequality in context of the transformed expression.', 'C4_concluding_part2_proof': 'Followed through with logical deduction to conclude a+b ≤ 2.'}",0.95,2069
Math_ShortAns_162,"{'C1_function_definition': 1, 'C2_case_analysis': 2, 'C3_inequality_solving': 1, 'C4_combining_solutions': 0, 'C5_parameter_analysis': 1}",5,"{'C1_function_definition': 'f(x) and g(x) are correctly defined. Absolute values are handled correctly.', 'C2_case_analysis': 'Correctly split into three cases (-∞, -1), [-1, 1), and [1, ∞).', 'C3_inequality_solving': 'Some errors in solving inequalities, but partial credit for attempting proper operations.', 'C4_combining_solutions': 'Errors in combining solutions to form the correct set.', 'C5_parameter_analysis': ""Basic setup for finding 'a' is correct, but incorrect solution range limits score.""}",0.9,2834
Math_ShortAns_163,"{'C1_function_definition': 1, 'C2_case_analysis': 1, 'C3_inequality_solving': 0, 'C4_combining_solutions': 0, 'C5_parameter_analysis': 0}",2,"{'C1_function_definition': 'Correctly defined f(x) and g(x) with correct expressions.', 'C2_case_analysis': 'Split domain of g(x) into intervals correctly but did not correctly analyze tendencies or critical points, as the intervals used in inequality solving were incorrect.', 'C3_inequality_solving': 'Incorrect solving of inequalities; did not correctly evaluate intervals within each case.', 'C4_combining_solutions': 'Did not correctly combine the intervals to form the overall solution.', 'C5_parameter_analysis': 'Incorrect setup and solving for the parameter range in part (2); incorrect conclusion.'}",0.9,2715
Math_ShortAns_166,"{'C1_cartesian_equation_C1': 0, 'C2_convert_to_polar': 0, 'C3_cartesian_equation_C2': 0, 'C4_find_intersection_coordinates': 0, 'C5_convert_intersections_to_polar': 0}",0,"{'C1_cartesian_equation_C1': 'Failed to correctly eliminate parameter t and arrive at correct Cartesian equation for C1.', 'C2_convert_to_polar': 'Incorrect conversion of the Cartesian equation to the polar form; multiple errors in understanding of polar coordinate transformation.', 'C3_cartesian_equation_C2': 'No attempt or incorrect conversion of polar equation of C2 to Cartesian.', 'C4_find_intersection_coordinates': 'Incorrect or no attempt at finding correct Cartesian coordinates of intersections.', 'C5_convert_intersections_to_polar': 'Failed to determine correct polar coordinates of intersection points, with incorrect assumptions about intersection existence.'}",0.9,2376
Math_ShortAns_167,"{'C1_cartesian_equation_C1': 2, 'C2_convert_to_polar': 2, 'C3_cartesian_equation_C2': 1, 'C4_find_intersection_coordinates': 2, 'C5_convert_intersections_to_polar': 2}",9,"{'C1_cartesian_equation_C1': 'The student correctly derived the Cartesian equation (x-4)² + (y-5)² = 25.', 'C2_convert_to_polar': 'The student correctly substituted x = ρ cos θ and y = ρ sin θ into the Cartesian equation and derived ρ² - 8ρ cos θ - 10ρ sin θ + 16 = 0.', 'C3_cartesian_equation_C2': 'The student correctly converted the polar equation of C2 to Cartesian form: x² + y² - 2y = 0.', 'C4_find_intersection_coordinates': 'The student accurately found the Cartesian intersection points (1, 1) and (0, 2) by solving the system of equations.', 'C5_convert_intersections_to_polar': 'The student correctly converted the Cartesian intersection points to polar coordinates: (√2, π/4) and (2, π/2).'}",1.0,2330
Math_ShortAns_170,"{'P1_derive_inequality_expression': 0, 'P2_prove_inequality': 1, 'P3_setup_max_value_condition': 0, 'P4_solve_max_value_inequality': 0, 'P5_final_conclusion': 0}",1,"{'P1_derive_inequality_expression': 'The student did not correctly expand (a+b+c)^2 or derive the correct expression for inequality.', 'P2_prove_inequality': 'The student correctly derived ab + bc + ca in a specific example case and incorrectly equated it to a negative number but did hint at negativity.', 'P3_setup_max_value_condition': 'The student did not correctly assume max{a, b, c} for evaluating the required condition.', 'P4_solve_max_value_inequality': 'The student did not solve the expression to prove max{a, b, c} >= root(3)(4).', 'P5_final_conclusion': 'The student provided an incorrect conclusion without valid derivation and support from previous steps.'}",0.8,2195
Math_ShortAns_171,"{'P1_derive_inequality_expression': 1, 'P2_prove_inequality': 1, 'P3_setup_max_value_condition': 1, 'P4_solve_max_value_inequality': 1, 'P5_final_conclusion': 1}",5,"{'P1_derive_inequality_expression': 'The student correctly expanded (a+b+c)^2 = a^2 + b^2 + c^2 + 2ab + 2bc + 2ca = 0 and used this to derive the inequality expression ab + bc + ca = -0.5(a^2 + b^2 + c^2).', 'P2_prove_inequality': 'The student correctly showed that ab + bc + ca = -0.5(a^2 + b^2 + c^2) which is < 0, given that a^2 + b^2 + c^2 > 0.', 'P3_setup_max_value_condition': 'The student correctly assumed max{a, b, c} = a and deduced that a > 0, b < 0, c < 0 based on given conditions.', 'P4_solve_max_value_inequality': 'The student correctly showed that a^3 = (b^2 + c^2 + 2bc) / bc and concluded that a^3 ≥ 4, leading to a ≥ root(3)(4).', 'P5_final_conclusion': 'The student provided a correct and logical final conclusion that max{a, b, c} >= root(3)(4) based on their deductions.'}",1.0,3563
Math_ShortAns_174,"{'A1_use_constraint': 1, 'A2_apply_cauchy_inequality': 0, 'A3_achieve_equality_condition': 0, 'B1_set_up_inequality': 1, 'B2_prove_a_boundaries': 0}",2,"{'A1_use_constraint': 'The student correctly used the given constraint to express z in terms of x and y.', 'A2_apply_cauchy_inequality': 'The student did not apply Cauchy-Schwarz inequality correctly and incorrectly determined the minimum value.', 'A3_achieve_equality_condition': 'The student did not identify or discuss the conditions for equality to find specific values for x, y, z.', 'B1_set_up_inequality': 'The student correctly set up and interpreted the inequality for part (2) after substituting for z.', 'B2_prove_a_boundaries': 'The student incorrectly concluded the proof and did not justify or demonstrate both a range correctly.'}",0.9,3016
Math_ShortAns_175,"{'A1_use_constraint': 0, 'A2_apply_cauchy_inequality': 1, 'A3_achieve_equality_condition': 0, 'B1_set_up_inequality': 1, 'B2_prove_a_boundaries': 0}",2,"{'A1_use_constraint': 'The use of constraint x+y+z=1 was implicit, not explicitly used to solve for a variable.', 'A2_apply_cauchy_inequality': 'Correct setup of the Cauchy-Schwarz inequality but incorrect simplification and result.', 'A3_achieve_equality_condition': 'Did not correctly identify or solve for the conditions of equality in the Cauchy-Schwarz application.', 'B1_set_up_inequality': ""Correct basic setup of the inequality given, but the process didn't advance further correctly."", 'B2_prove_a_boundaries': 'Failed to properly apply Cauchy-Schwarz and complete proof for the bounds on a.'}",0.8,3093
Math_ShortAns_178,"{'C1_expand_expression': 1, 'C2_apply_cauchy_inequality': 0, 'C3_conclude_part_1': 0, 'C4_setup_part_2_inequality': 1, 'C5_prove_a_bounds': 0}",2,"{'C1_expand_expression': 'The student expanded each term correctly from (x-1)^2, (y+1)^2, (z+1)^2.', 'C2_apply_cauchy_inequality': 'The student did not apply the Cauchy-Schwarz inequality.', 'C3_conclude_part_1': 'The student incorrectly calculated the minimum value, failing to justify the correct result.', 'C4_setup_part_2_inequality': 'The student correctly expanded the expressions, but the conclusion was incorrect.', 'C5_prove_a_bounds': ""The student failed to logically deduce the correct bounds for 'a'.""}",0.9,2728
Math_ShortAns_179,"{'C1_expand_expression': 0, 'C2_apply_cauchy_inequality': 1, 'C3_conclude_part_1': 0, 'C4_setup_part_2_inequality': 1, 'C5_prove_a_bounds': 0}",2,"{'C1_expand_expression': 'The student did not expand the expression correctly, they directly applied Cauchy-Schwarz without this step.', 'C2_apply_cauchy_inequality': 'The setup was partially correct for applying Cauchy-Schwarz but then miscalculated the inequality application.', 'C3_conclude_part_1': 'The student calculated the wrong minimum value; the correct minimum value should have been 4/3.', 'C4_setup_part_2_inequality': 'Partial credit for applying Cauchy-Schwarz correctly but did not proceed correctly afterwards.', 'C5_prove_a_bounds': 'The logical deduction did not lead to the correct bounds of a; the deduction was incorrect.'}",0.9,3025
Math_ShortAns_182,"{'C1_setup_function': 1, 'C2_solve_inequality_part1': 1, 'C3_interpret_solutions_part1': 0, 'C4_write_inequality_for_a': 0, 'C5_find_range_for_a': 0}",2,"{'C1_setup_function': 'The student correctly set up the function for a=1 in piecewise form.', 'C2_solve_inequality_part1': 'Partial credit for using correct methods to solve within intervals, but solutions were not combined correctly.', 'C3_interpret_solutions_part1': 'Failed to combine intervals correctly into the single interval [-2, 3].', 'C4_write_inequality_for_a': 'Failed to set up and simplify the inequality for a correctly.', 'C5_find_range_for_a': 'Did not correctly find the range for a; the attempt was incoherent.'}",0.9,3052
Math_ShortAns_183,"{'C1_setup_function': 1, 'C2_solve_inequality_part1': 2, 'C3_interpret_solutions_part1': 1, 'C4_write_inequality_for_a': 1, 'C5_find_range_for_a': 2}",7,"{'C1_setup_function': 'Correctly expressed f(x) in piecewise form for each interval.', 'C2_solve_inequality_part1': 'Correctly solved inequalities for different intervals and identified solution sets.', 'C3_interpret_solutions_part1': 'Correctly combined intervals to derive the solution set [-2,3].', 'C4_write_inequality_for_a': 'Formulated the inequality and simplified it correctly to |a+2| ≥ 4.', 'C5_find_range_for_a': 'Correctly solved both cases, deriving the range as (-∞, -6] ∪ [2, ∞).'}",1.0,2597
Math_ShortAns_186,"{'C1_substitute_a_1': 2, 'C2_case_analysis_x_ranges': 2, 'C3_solve_inequalities': 1, 'C4_combine_solution_sets': 1, 'C5_analyze_a_conditions': 1}",7,"{'C1_substitute_a_1': 'Correct substitution of a=1 into the function.', 'C2_case_analysis_x_ranges': 'Divided into correct cases for x, but incorrect simplifications for cases.', 'C3_solve_inequalities': 'Attempted solutions for each case, but made errors in deriving the correct solutions for each.', 'C4_combine_solution_sets': 'Attempted to combine solution sets but combined set has errors.', 'C5_analyze_a_conditions': ""Attempted analysis for a's range, incorrectly concluded a's value range.""}",0.7,2760
Math_ShortAns_187,"{'C1_substitute_a_1': 2, 'C2_case_analysis_x_ranges': 3, 'C3_solve_inequalities': 2, 'C4_combine_solution_sets': 2, 'C5_analyze_a_conditions': 3}",12,"{'C1_substitute_a_1': 'Correctly substituted a=1 in the function.', 'C2_case_analysis_x_ranges': ""Divided x into correct ranges but simplifications aren't all coherent, especially for x < 1 where inequality resolving isn't correct."", 'C3_solve_inequalities': 'Attempted solution for all cases; solution for x < 1 is incorrect.', 'C4_combine_solution_sets': 'Attempted to combine solution sets and the final conclusion is given correctly as (-∞, 1).', 'C5_analyze_a_conditions': 'Analyzed correctly for both a≥1 and a<1, final conclusion for part (2) is correct.'}",0.9,2417
Math_ShortAns_190,"{'C5_reformulate_inequality_1': 1, 'C5_apply_inequality_1': 0, 'C5_reformulate_inequality_2': 1, 'C5_apply_inequality_2': 0, 'C5_address_equality_conditions': 0}",2,"{'C5_reformulate_inequality_1': 'Student correctly identified that 1/a + 1/b + 1/c = bc + ac + ab.', 'C5_apply_inequality_1': 'Student attempted to use AM-GM but failed to correctly apply symmetric inequalities to prove the reformulated inequality.', 'C5_reformulate_inequality_2': 'Student expanded (a+b)^3, (b+c)^3, (c+a)^3 correctly.', 'C5_apply_inequality_2': 'Student failed to use any appropriate inequalities or arrive at correct conclusion for part (2).', 'C5_address_equality_conditions': 'Student did not acknowledge conditions for equality anywhere in the solution.'}",0.9,2835
Math_ShortAns_191,"{'C5_reformulate_inequality_1': 1, 'C5_apply_inequality_1': 1, 'C5_reformulate_inequality_2': 1, 'C5_apply_inequality_2': 1, 'C5_address_equality_conditions': 0}",4,"{'C5_reformulate_inequality_1': 'Correctly recognized and reformulated into x + y + z with abc=1.', 'C5_apply_inequality_1': 'Applied AM-GM incorrectly and with flaws. Did not conclude correctly; partial credit for some correct reasoning.', 'C5_reformulate_inequality_2': 'Correctly expanded cubic expressions.', 'C5_apply_inequality_2': 'Reasoning is convoluted and incorrect, but made an attempt with some correct steps.', 'C5_address_equality_conditions': 'No mention of conditions for equality, such as a=b=c.'}",0.8,2779
Math_ShortAns_192,"{'C5_reformulate_inequality_1': 0, 'C5_apply_inequality_1': 0, 'C5_reformulate_inequality_2': 1, 'C5_apply_inequality_2': 0, 'C5_address_equality_conditions': 0}",1,"{'C5_reformulate_inequality_1': ""The student did not correctly reformulate the inequality using abc = 1. The student attempted to replace \\(\\frac{1}{a} + \\frac{1}{b} + \\frac{1}{c}\\) using expressions that don't aid in solving the inequality based on abc = 1."", 'C5_apply_inequality_1': ""The student incorrectly applied inequalities in attempt to prove the reformulated inequality. The student's steps suggest errors in understanding AM-GM or other symmetric inequalities."", 'C5_reformulate_inequality_2': 'The student correctly expanded the cubic identities. This is a correct initiation for addressing part (2).', 'C5_apply_inequality_2': 'The student did not effectively apply any suitable inequalities to prove the required inequality. They incorrectly concluded part (2) does not hold.', 'C5_address_equality_conditions': 'The student did not address the conditions for equality in the original inequalities posed in the question.'}",0.9,2831
Math_ShortAns_193,"{'C5_reformulate_inequality_1': 1, 'C5_apply_inequality_1': 2, 'C5_reformulate_inequality_2': 1, 'C5_apply_inequality_2': 1, 'C5_address_equality_conditions': 1}",6,"{'C5_reformulate_inequality_1': 'Correct transformation using abc=1 for part (1).', 'C5_apply_inequality_1': 'Correctly applied symmetric inequalities and derived the result for part (1).', 'C5_reformulate_inequality_2': 'Properly identified and expanded (a+b)^3, (b+c)^3, (c+a)^3.', 'C5_apply_inequality_2': 'Partial credit for using a suitable inequality setup, but AM-GM application lacked completeness.', 'C5_address_equality_conditions': 'Correctly noted conditions for equality, mentioning when equality holds.'}",0.9,2425
Math_ShortAns_196,"{'P1_establish_condition': 1, 'P2_use_squared_expressions': 0, 'P3_conclude_part_1': 0, 'P4_sufficient_condition': 0, 'P5_necessary_condition': 0}",1,"{'P1_establish_condition': 'The student correctly stated the condition a+b=c+d and mentions ab>cd, but does not effectively use them in deriving anything substantial.', 'P2_use_squared_expressions': 'The student fails to use squared expressions in deriving the relevant inequalities.', 'P3_conclude_part_1': 'The student made no proper conclusion regarding sqrt(a)+sqrt(b) > sqrt(c)+sqrt(d) and was unable to link logical steps.', 'P4_sufficient_condition': 'The student does not demonstrate or logically conclude that sqrt(a)+sqrt(b) > sqrt(c)+sqrt(d) implies |a-b|<|c-d|.', 'P5_necessary_condition': 'The student suggests incorrect deductions and does not correctly argue that |a-b|<|c-d| implies sqrt(a)+sqrt(b) > sqrt(c)+sqrt(d).'}",0.8,2451
Math_ShortAns_197,"{'P1_establish_condition': 2, 'P2_use_squared_expressions': 2, 'P3_conclude_part_1': 2, 'P4_sufficient_condition': 2, 'P5_necessary_condition': 2}",10,"{'P1_establish_condition': 'Both conditions a+b=c+d and ab>cd are correctly stated and used.', 'P2_use_squared_expressions': 'Correctly used squared expressions to derive inequalities.', 'P3_conclude_part_1': 'Correctly concludes sqrt(a)+sqrt(b) > sqrt(c)+sqrt(d) from the previous steps.', 'P4_sufficient_condition': 'Correctly shows sqrt(a)+sqrt(b) > sqrt(c)+sqrt(d) implies |a-b| < |c-d|.', 'P5_necessary_condition': 'Correctly shows |a-b| < |c-d| implies sqrt(a)+sqrt(b) > sqrt(c)+sqrt(d).'}",1.0,2288
Math_ShortAns_200,"{'C1_substitute_a_2': 1, 'C2_solve_absolute_inequality': 1, 'C3_solution_set_part1': 0, 'C4_formulate_fx_plus_gx': 1, 'C5_solve_parameter_a': 0, 'C6_solution_set_part2': 0}",3,"{'C1_substitute_a_2': 'Correct substitution of a = 2 into the function.', 'C2_solve_absolute_inequality': 'Partial credit for correctly transforming to |x-1| ≤ 2, but incorrect in the final solution x ≤ 4.', 'C3_solution_set_part1': 'Incorrect solution set for the inequality, solution provided as [-1, 4] instead of [-1, 3].', 'C4_formulate_fx_plus_gx': 'Correct formation of f(x) + g(x), but failed to proceed correctly.', 'C5_solve_parameter_a': 'Failed to solve correctly for range of a; provided an incorrect range.', 'C6_solution_set_part2': 'Incorrect range for value of a provided.'}",0.9,2828
Math_ShortAns_201,"{'C1_substitute_a_2': 1, 'C2_solve_absolute_inequality': 2, 'C3_solution_set_part1': 1, 'C4_formulate_fx_plus_gx': 1, 'C5_solve_parameter_a': 1, 'C6_solution_set_part2': 0}",6,"{'C1_substitute_a_2': 'Correct substitution of a = 2 into f(x) to form |2x-2| + 2 ≤ 6.', 'C2_solve_absolute_inequality': 'Correct transformation and solution of |2x-2| ≤ 4 to find -1 ≤ x ≤ 3.', 'C3_solution_set_part1': 'Provided the correct solution set for the inequality f(x) ≤ 6, x within [-1, 3].', 'C4_formulate_fx_plus_gx': 'Formulated f(x) + g(x) correctly as |2x-1| + |2x-a| + a ≥ 3.', 'C5_solve_parameter_a': 'Partially correct; identified cases and range for a < 3 but final range determination was slightly incorrect.', 'C6_solution_set_part2': 'Incorrect conclusion for the range of values for a ([2,+∞), not correctly justified).'}",0.9,2731
Math_ShortAns_204,"{'C1_initial_transformation': 1, 'C2_inequality_application': 0, 'C3_correct_minimum_value': 0, 'C4_existence_proof': 1, 'C5_final_conclusion': 0}",2,"{'C1_initial_transformation': 'The student correctly transformed the initial equation to a form involving a and b, but later assumptions were incorrect.', 'C2_inequality_application': 'The student incorrectly assumed ab = 1, which is not justified by any correct application of the inequality √ab = 1/a + 1/b.', 'C3_correct_minimum_value': 'The student incorrectly identified the minimum value of a^3 + b^3 as -1, which is incorrect.', 'C4_existence_proof': 'The student attempted to find a and b for 2a + 3b = 6, but the reasoning was incorrect as it did not respect the initial conditions.', 'C5_final_conclusion': 'The final conclusion about existence was not clearly justified or aligned with the correct inequalities and conditions.'}",0.8,2014
Math_ShortAns_205,"{'C1_initial_transformation': 0, 'C2_inequality_application': 0, 'C3_correct_minimum_value': 0, 'C4_existence_proof': 1, 'C5_final_conclusion': 1}",2,"{'C1_initial_transformation': 'The student did not correctly transform the given equation or explore its implications properly.', 'C2_inequality_application': 'The student failed to apply the correct inequality concepts and derive any meaningful implications; they misused AM-GM inequality in their approach.', 'C3_correct_minimum_value': 'The student concluded incorrectly that the minimum value does not exist.', 'C4_existence_proof': 'Partial credit awarded for attempting to demonstrate the non-existence of a and b such that 2a + 3b = 6. However, reasoning contains errors.', 'C5_final_conclusion': 'Though flawed, a clear conclusion was given regarding the non-existence of such a and b.'}",0.7,2777
Math_ShortAns_208,"{'C1_find_ab_inequality': 0, 'C2_calculate_min_a3_b3': 0, 'C3_validate_2a_3b_inequality': 0, 'C4_agents_of_equality_case': 0, 'C5_final_conclusion': 0}",0,"{'C1_find_ab_inequality': 'The student failed to derive the inequality ab ≥ 2.', 'C2_calculate_min_a3_b3': 'The student incorrectly concluded the minimum value of a^3 + b^3.', 'C3_validate_2a_3b_inequality': 'The student incorrectly stated that a, b satisfying 2a + 3b = 6 exists.', 'C4_agents_of_equality_case': 'The student did not mention the correct equality case where a = b = √2.', 'C5_final_conclusion': 'Both final conclusions were incorrect with no valid reasoning for their claims.'}",0.9,2175
Math_ShortAns_209,"{'C1_find_ab_inequality': 1, 'C2_calculate_min_a3_b3': 0, 'C3_validate_2a_3b_inequality': 0, 'C4_agents_of_equality_case': 0, 'C5_final_conclusion': 0}",1,"{'C1_find_ab_inequality': 'Student incorrectly set ab ≥ 4 instead of ab ≥ 2, but stated part of the relationship involving √(1/ab).', 'C2_calculate_min_a3_b3': 'Incomplete and incorrect calculations; failed to apply the inequality properly.', 'C3_validate_2a_3b_inequality': 'No attempt made at showing why 2a + 3b cannot equal 6 based on given inequality conditions.', 'C4_agents_of_equality_case': 'Did not identify equality case where a = b = √2.', 'C5_final_conclusion': 'Failed to correctly conclude the minimum value and existence condition.'}",0.8,3620
Math_ShortAns_212,"{'C1_analyze_f_x': 1, 'C2_prove_f_x_ge_2': 1, 'C3_scenario_analysis_a_gt_3': 0, 'C4_scenario_analysis_a_le_3': 1, 'C5_combine_solutions': 0}",3,"{'C1_analyze_f_x': 'Partial understanding demonstrated; fails to calculate absolute values correctly.', 'C2_prove_f_x_ge_2': 'Attempts a proof but contains critical mistakes such as incorrect conclusion on the minimal value being 1.', 'C3_scenario_analysis_a_gt_3': 'No correct analysis of scenario where a > 3.', 'C4_scenario_analysis_a_le_3': 'Partial setup of inequality but incorrect conclusion; calculation errors present.', 'C5_combine_solutions': 'Fails to logically combine scenario results and incorrectly states the range of a.'}",0.8,2636
Math_ShortAns_213,"{'C1_analyze_f_x': 1, 'C2_prove_f_x_ge_2': 2, 'C3_scenario_analysis_a_gt_3': 0, 'C4_scenario_analysis_a_le_3': 0, 'C5_combine_solutions': 0}",3,"{'C1_analyze_f_x': 'Partial understanding of absolute value properties. Incorrectly claims f(x) is at least |a + 1/a| without analysis.', 'C2_prove_f_x_ge_2': 'Correct application of AM-GM inequality gives a valid conclusion that f(x) ≥ 2.', 'C3_scenario_analysis_a_gt_3': 'Did not analyze scenario for a > 3 nor formulate any inequalities.', 'C4_scenario_analysis_a_le_3': 'Did not analyze scenario for 0 < a ≤ 3 nor set up any inequalities.', 'C5_combine_solutions': 'Fails to combine scenarios correctly or logically; improper handling of range.'}",0.8,2325
Math_ShortAns_216,"{'C1_setup_sigma': 1, 'C2_applying_basic_inequality_I': 1, 'C3_conclusion_part_I': 1, 'C4_applying_basic_inequality_II': 0, 'C5_conclusion_part_II': 0}",3,"{'C1_setup_sigma': 'The student correctly uses the constraint a + b + c = 1.', 'C2_applying_basic_inequality_I': 'The student attempts to use AM-GM inequality incorrectly instead of rearrangement or Cauchy-Schwarz.', 'C3_conclusion_part_I': 'The student properly concludes that ab + bc + ca ≤ 1/3, providing adequate reasoning.', 'C4_applying_basic_inequality_II': 'The student incorrectly applies AM-GM inequality for Part II, leading to incorrect reasoning.', 'C5_conclusion_part_II': 'The conclusion for Part II is incorrect and contradicts logical deductions.'}",0.95,2322
Math_ShortAns_217,"{'C1_setup_sigma': 1, 'C2_applying_basic_inequality_I': 1, 'C3_conclusion_part_I': 1, 'C4_applying_basic_inequality_II': 0, 'C5_conclusion_part_II': 0}",3,"{'C1_setup_sigma': 'The student identified and expanded (a+b+c)^2 = 1.', 'C2_applying_basic_inequality_I': ""Partial application of Cauchy-Schwarz but doesn't fully justify a² + b² + c² ≥ ab + bc + ca."", 'C3_conclusion_part_I': 'Correctly concluded 3(ab + bc + ca) ≤ 1, leading to the desired inequality for Part I.', 'C4_applying_basic_inequality_II': 'Failed to properly apply inequality techniques or show any logical path for Part II.', 'C5_conclusion_part_II': 'Conclusion for Part II is incorrect and lacks logical deductions.'}",0.8,3532
