script_id,scores,model_score,comments,confidence,tokens_used
Math_ShortAns_2,"{'C1_simplification': 1, 'C2_identification': 0, 'C3_maximum_value': 1}",2,"{'C1_simplification': 'Correctly applied addition formulas and set up expansion, but did not carry simplification through to sin x (stopped at A,B expression).', 'C2_identification': 'Never explicitly recognized or stated that f(x) simplifies to sin x; only speculated on coefficients.', 'C3_maximum_value': 'Gave correct final maximum 1, but justification was vague/speculative and did not link to sine’s maximum, so only answer credit.'}",0.28,3082
Math_ShortAns_3,"{'C1_simplification': 1, 'C2_identification': 0, 'C3_maximum_value': 0}",1,"{'C1_simplification': 'Correctly applied addition formulas and rewrote f(x) in terms of sin x and cos x, earning setup point, but failed to complete simplification to sin x; coefficients were evaluated incorrectly.', 'C2_identification': 'Did not recognize that coefficients simplify to (1,0) and hence f(x)=sin x; no clear identification provided.', 'C3_maximum_value': 'Gave incorrect maximum value (2) with faulty reasoning; no credit.'}",0.25,2545
Math_ShortAns_6,"{'C1_sequence_setup': 1, 'C2_deriving_common_ratio': 2, 'C3_sum_calculation': 1}",4,"{'C1_sequence_setup': '正确写出了等比数列各项表达式。', 'C2_deriving_common_ratio': '正确列方程并求得公比 r = 3。', 'C3_sum_calculation': '列出了前五项并写出求和表达式，但计算出和为 40/3（或 40），算错，未得到 121/3，因此只给设置步骤分。'}",0.32,3056
Math_ShortAns_7,"{'C1_sequence_setup': 1, 'C2_deriving_common_ratio': 1, 'C3_sum_calculation': 0}",2,"{'C1_sequence_setup': 'Correctly expressed general terms of geometric sequence with a1=1/3 and powers of r.', 'C2_deriving_common_ratio': 'Set up correct equation r^6 = 3 r^5 but failed to solve; wrongly assumed r=2.', 'C3_sum_calculation': 'Used wrong common ratio and did not use correct sum formula; result incorrect.'}",0.21,2895
Math_ShortAns_10,"{'C1_rewrite_equation': 0, 'C2_geometric_interpretation': 0, 'C3_inference_right_angle': 0, 'C4_final_answer': 0}",0,"{'C1_rewrite_equation': 'No equation manipulation shown.', 'C2_geometric_interpretation': 'No geometric interpretation provided.', 'C3_inference_right_angle': 'Did not discuss perpendicularity or related reasoning.', 'C4_final_answer': 'Answer 45° is incorrect (should be 90°).'}",0.34,1569
Math_ShortAns_11,"{'C1_rewrite_equation': 1, 'C2_geometric_interpretation': 0, 'C3_inference_right_angle': 0, 'C4_final_answer': 0}",1,"{'C1_rewrite_equation': '正确地将等式重写为 2AO = AB + AC，得满分。', 'C2_geometric_interpretation': '未解释该向量和与 AO 在同一直线或直径上的几何意义，未体现任何有效几何推理。', 'C3_inference_right_angle': '未得出 AB ⟂ AC，反而猜测为 60°，无论过程或结论均未体现垂直关系。', 'C4_final_answer': '给出的答案为 60°，与正确答案 90° 不符。'}",0.27,2199
Math_ShortAns_14,"{'C1_set_up_equations': 1, 'C2_apply_tangency_condition': 1, 'C3_solve_for_center': 0, 'C4_compute_radius_and_final_equation': 0}",2,"{'C1_set_up_equations': 'Correctly wrote general circle equation and substituted points A and B to form two equations.', 'C2_apply_tangency_condition': 'Used the distance from center to tangent line equals radius – a valid tangency condition.', 'C3_solve_for_center': 'Did not correctly eliminate r² to obtain proper relation between a and b, made incorrect assumption x0=4; center not solved.', 'C4_compute_radius_and_final_equation': 'Computed wrong radius and gave wrong final circle equation.'}",0.27,3692
Math_ShortAns_15,"{'C1_set_up_equations': 1, 'C2_apply_tangency_condition': 1, 'C3_solve_for_center': 2, 'C4_compute_radius_and_final_equation': 1}",5,"{'C1_set_up_equations': 'Correctly wrote general circle equation and substituted A(4,1) and B(2,1) to form two equations.', 'C2_apply_tangency_condition': 'Used the distance from center to tangent line equals radius; this correctly implements tangency condition.', 'C3_solve_for_center': 'Correctly solved system to obtain center (3,0); though steps not shown in detail, result is correct.', 'C4_compute_radius_and_final_equation': 'Computed r=√2 and wrote final equation (x-3)^2 + y^2 =2.'}",0.24,2798
Math_ShortAns_18,"{'C1_recognition': 0, 'C2_grouping': 0, 'C3_sum_odd_pairs': 0, 'C4_sum_even_pairs': 0, 'C5_final_computation': 0}",0,"{'C1_recognition': 'Mis‐handled the (−1)^n sign in every example; recurrence not correctly rewritten.', 'C2_grouping': 'No correct identification of odd/even grouping; student admits misunderstanding.', 'C3_sum_odd_pairs': 'Did not determine constant sum of odd pairs.', 'C4_sum_even_pairs': 'Did not analyze even terms as arithmetic series.', 'C5_final_computation': 'Final result 240 is far from correct; no valid combination of sums.'}",0.21,2419
Math_ShortAns_19,"{'C1_recognition': 0, 'C2_grouping': 0, 'C3_sum_odd_pairs': 0, 'C4_sum_even_pairs': 0, 'C5_final_computation': 0}",0,"{'C1_recognition': 'Incorrect sign usage; recurrence not correctly split into cases.', 'C2_grouping': 'No valid grouping of odd/even term pairs provided.', 'C3_sum_odd_pairs': 'Did not identify constant sum of odd-index pairs.', 'C4_sum_even_pairs': 'Did not recognize or compute even-index arithmetic series.', 'C5_final_computation': 'Final sum 180 is far from correct 1830; no valid combination.'}",0.16,2363
Math_ShortAns_22,"{'C1_subtract_equations': 2, 'C2_initial_value': 2, 'C3_general_term': 2, 'C4_b_n_expression': 3, 'C5_partial_sum': 3}",12,"{'C1_subtract_equations': 'Correctly set up the subtraction and simplified to obtain a_{n+1}-a_n = 2.', 'C2_initial_value': 'Substituted n=1, solved the quadratic, rejected the negative root and kept a1=3.', 'C3_general_term': 'Recognized arithmetic sequence and wrote a_n = 2n+1.', 'C4_b_n_expression': 'Substituted a_n, expressed b_n and performed correct partial-fraction decomposition.', 'C5_partial_sum': 'Identified telescoping, summed correctly, final result T_n = n/[3(2n+3)].'}",0.22,5875
Math_ShortAns_23,"{'C1_subtract_equations': 0, 'C2_initial_value': 0, 'C3_general_term': 0, 'C4_b_n_expression': 0, 'C5_partial_sum': 0}",0,"{'C1_subtract_equations': 'Did not perform subtraction between equations for n and n+1; no relation a_{n+1}-a_n obtained.', 'C2_initial_value': 'Never evaluated equation at n=1, so a1 not found.', 'C3_general_term': 'General term not derived; only incorrect guesses provided.', 'C4_b_n_expression': 'Used an incorrect expression for a_n, so b_n formula wrong and no valid partial fraction decomposition.', 'C5_partial_sum': 'Telescoping sum computed for wrong series; final sum incorrect.'}",0.29,4038
Math_ShortAns_26,"{'C1_determine_angle_C': 4, 'C2_cosine_law_relation': 3, 'C3_area_relation_and_side_sum': 2, 'C4_final_perimeter_calculation': 3}",12,"{'C1_determine_angle_C': 'Used sine law to reach 2 cosC sin(A+B)=sinC, justified sinC≠0, obtained cosC=1/2 and C=π/3 correctly.', 'C2_cosine_law_relation': 'Applied cosine law with cosC=1/2 to get 7 = a^2 + b^2 - ab and rearranged to (a+b)^2 - 3ab = 7 correctly.', 'C3_area_relation_and_side_sum': 'Correctly used area formula with sinC=√3/2 to find ab=6 and deduced (a+b)=5 with clear steps.', 'C4_final_perimeter_calculation': 'Combined a+b=5 with c=√7 to state perimeter = 5 + √7 clearly and correctly.'}",0.18,3483
Math_ShortAns_27,"{'C1_determine_angle_C': 0, 'C2_cosine_law_relation': 0, 'C3_area_relation_and_side_sum': 0, 'C4_final_perimeter_calculation': 0}",0,"{'C1_determine_angle_C': 'Concludes C = 90° with invalid reasoning; manipulation of given equation incorrect.', 'C2_cosine_law_relation': 'Does not set up any correct cosine-law equation relating a, b, c; criterion unmet.', 'C3_area_relation_and_side_sum': 'Area formula used with wrong angle, leads to wrong ab; no correct combination with cosine law.', 'C4_final_perimeter_calculation': 'Perimeter computed from arbitrary side choices and wrong intermediate results; final value incorrect.'}",0.23,3031
Math_ShortAns_28,"{'C1_determine_angle_C': 0, 'C2_cosine_law_relation': 0, 'C3_area_relation_and_side_sum': 0, 'C4_final_perimeter_calculation': 1}",1,"{'C1_determine_angle_C': 'Concludes C = 90° without valid derivation; manipulation of given relation is incorrect.', 'C2_cosine_law_relation': 'Cosine law not applied correctly; no valid equation relating sides produced.', 'C3_area_relation_and_side_sum': 'Did not use area formula to derive ab or a+b; simply guesses a+b.', 'C4_final_perimeter_calculation': 'Produces correct numerical perimeter but based on an arbitrary assumption; minimal justification, so minimal partial credit.'}",0.27,3006
Math_ShortAns_31,"{'P1_part_I_subtraction': 0, 'P2_part_I_conclusion': 0, 'P3_part_II_assumption': 1, 'P4_part_II_coefficient_comparison': 0, 'P5_part_II_final_conclusion': 0}",1,"{'P1_part_I_subtraction': 'Did not set up both general relations or perform subtraction; only particular n cases.', 'P2_part_I_conclusion': 'Never reached or stated a_{n+2}-a_n = λ.', 'P3_part_II_assumption': 'Correctly wrote arithmetic form a_n = a_1+(n-1)d, but no further derivation.', 'P4_part_II_coefficient_comparison': 'No substitution into S_n or coefficient analysis.', 'P5_part_II_final_conclusion': 'Gave indeterminate answer; did not find λ=4.'}",0.29,3733
Math_ShortAns_32,"{'P1_part_I_subtraction': 0, 'P2_part_I_conclusion': 0, 'P3_part_II_assumption': 2, 'P4_part_II_coefficient_comparison': 0, 'P5_part_II_final_conclusion': 0}",2,"{'P1_part_I_subtraction': 'Did not set up general relations for n and n+1 nor perform subtraction.', 'P2_part_I_conclusion': 'Failed to recognize a_{n+1} ≠ 0 and did not reach a_{n+2}-a_n = λ.', 'P3_part_II_assumption': 'Correctly assumed arithmetic form and obtained a_{n+2}-a_n = 2d, but did not link 2d to λ.', 'P4_part_II_coefficient_comparison': 'No substitution into S_n or coefficient comparison performed.', 'P5_part_II_final_conclusion': 'Gave incorrect conclusion; claimed arithmetic sequence impossible.'}",0.25,4477
Math_ShortAns_33,"{'P1_part_I_subtraction': 0, 'P2_part_I_conclusion': 0, 'P3_part_II_assumption': 1, 'P4_part_II_coefficient_comparison': 0, 'P5_part_II_final_conclusion': 0}",1,"{'P1_part_I_subtraction': 'Did not write general relations or perform subtraction; only evaluated small n cases.', 'P2_part_I_conclusion': 'Did not recognize a_{n+1} ≠ 0 nor deduce a_{n+2}-a_n = λ; in fact claimed the statement is wrong.', 'P3_part_II_assumption': 'Correctly wrote arithmetic form a_n = a_1 + (n-1)d, but no further deduction of λ = 2d.', 'P4_part_II_coefficient_comparison': 'No substitution into S_n nor any coefficient comparison.', 'P5_part_II_final_conclusion': 'Concluded that no suitable λ exists; incorrect and no justification.'}",0.24,3530
Math_ShortAns_36,"{'C1_identify_PX2_events': 0, 'C2_compute_PX2': 0, 'C3_identify_PX4_events': 0, 'C4_compute_PX4': 0, 'C5_final_presentation': 0}",0,"{'C1_identify_PX2_events': 'Misidentified the events; only considered split scoring, not two consecutive wins by one player.', 'C2_compute_PX2': 'Used wrong event probabilities; computed 0.25 instead of 0.5.', 'C3_identify_PX4_events': 'Proposed incorrect score sequences (e.g.,甲-乙-乙-甲, 甲-甲-乙-乙); did not describe correct split then two wins by 甲.', 'C4_compute_PX4': 'Probability calculation based on incorrect sequences; final value 0.132 is wrong.', 'C5_final_presentation': 'Answers clearly stated but incorrect; justification inconsistent with problem conditions.'}",0.25,3154
Math_ShortAns_37,"{'C1_identify_PX2_events': 1, 'C2_compute_PX2': 0, 'C3_identify_PX4_events': 0, 'C4_compute_PX4': 0, 'C5_final_presentation': 0}",1,"{'C1_identify_PX2_events': 'Only recognized the event where 甲连赢两球; completely ignored the case where 乙连赢两球.', 'C2_compute_PX2': 'Used wrong probability for the second ball (0.5 instead of 0.4) and omitted the乙连赢 case, giving an incorrect result.', 'C3_identify_PX4_events': 'Listed sequences (甲乙甲乙, 甲甲乙乙) that do NOT lead to X=4 with 甲获胜; correct split-then-甲甲 sequences were not identified.', 'C4_compute_PX4': 'Calculated probabilities for incorrect sequences; result 0.09 is wrong.', 'C5_final_presentation': 'Answers were clearly written but numerically incorrect for both parts, so no credit.'}",0.3,3787
Math_ShortAns_38,"{'C1_identify_PX2_events': 0, 'C2_compute_PX2': 0, 'C3_identify_PX4_events': 0, 'C4_compute_PX4': 0, 'C5_final_presentation': 0}",0,"{'C1_identify_PX2_events': 'Misinterprets event; lists wrong sequences (甲得分 then 乙得分), does not include correct乙连得两分 case.', 'C2_compute_PX2': 'Uses wrong event probabilities; result 0.3 incorrect.', 'C3_identify_PX4_events': 'Sequences given do not result in match ending with 甲胜; fails to identify correct split then 甲连胜两球.', 'C4_compute_PX4': 'Probability computed for incorrect sequences; value 0.12 wrong.', 'C5_final_presentation': 'Provides clear answers but both are incorrect and unsupported by correct reasoning.'}",0.23,3231
Math_ShortAns_41,"{'P1_simplify_trig_equation': 0, 'P2_solve_for_B': 1, 'P3_express_area_in_terms_of_C': 0, 'P4_determine_area_range': 0}",1,"{'P1_simplify_trig_equation': 'Mis-used identity: sin((180°−B)/2)=cos(B/2), not sin(B/2). The required equality sin((A+C)/2)=sin B was not obtained.', 'P2_solve_for_B': 'Gave the correct numerical value B=60°, but with essentially no valid derivation (wrong trig step, no case discussion). Minimal credit for stating the correct answer.', 'P3_express_area_in_terms_of_C': 'Did not set area in terms of C using sine law; wrote S=½ab sin C (wrong side combination) and stopped.', 'P4_determine_area_range': 'Provided range (0,0.5) without justification; correct range is (√3/8, √3/2). No credit.'}",0.29,4143
Math_ShortAns_42,"{'P1_simplify_trig_equation': 0, 'P2_solve_for_B': 0, 'P3_express_area_in_terms_of_C': 1, 'P4_determine_area_range': 0}",1,"{'P1_simplify_trig_equation': 'Did not apply the sine law; incorrectly assumed A+C=B and produced a wrong transformed equation.', 'P2_solve_for_B': 'Derived B = 90°, which contradicts the correct value π/3; no valid reasoning shown.', 'P3_express_area_in_terms_of_C': 'Wrote the basic area formula S = 1/2 ab sinC, but did not use c=1 or the sine law to rewrite a,b, so S not expressed in terms of C. Minimal credit for stating the correct area formula.', 'P4_determine_area_range': 'Did not analyze C’s domain; gave incorrect range (0<S<1/2). No correct steps toward the required interval.'}",0.24,3963
Math_ShortAns_45,"{'R1_common_difference': 3, 'R2_general_term_sqrtSn': 1, 'R3_sum_formula': 0, 'R4_formula_for_an': 0, 'R5_final_conclusion': 0}",4,"{'R1_common_difference': 'Correctly wrote d = √S2 − √S1, substituted a2 = 3a1 and obtained d = √a1.', 'R2_general_term_sqrtSn': 'Recognised {√Sn} is arithmetic but did not write the general term; no simplification.', 'R3_sum_formula': 'Did not square to obtain Sn; no formula derived.', 'R4_formula_for_an': 'Never computed an from Sn−Sn−1.', 'R5_final_conclusion': 'Stated the final conclusion is false; provided no constant difference, opposite to required result.'}",0.23,3421
Math_ShortAns_46,"{'R1_common_difference': 3, 'R2_general_term_sqrtSn': 0, 'R3_sum_formula': 0, 'R4_formula_for_an': 0, 'R5_final_conclusion': 0}",3,"{'R1_common_difference': 'Correctly computed S2 using a2=3a1, wrote d=√S2-√S1 and obtained d=√a1.', 'R2_general_term_sqrtSn': 'Did not derive or state the general term of {√S_n}.', 'R3_sum_formula': 'Never squared to obtain S_n; no formula for S_n given.', 'R4_formula_for_an': 'Did not compute a_n via S_n−S_{n−1}.', 'R5_final_conclusion': 'Concluded sequence is NOT arithmetic; no calculation of constant difference.'}",0.22,3633
Math_ShortAns_49,"{'R1_prove_arithmetic': 4, 'R2_geometric_condition': 3, 'R3_derive_Sn_formula': 3, 'R4_find_minimum_Sn': 2}",12,"{'R1_prove_arithmetic': 'Correctly rewrote 2S_n + n^2 = 2na_n + n and subtracted n-1 case to derive a_n – a_{n-1} = 1, proving arithmetic sequence. Full credit.', 'R2_geometric_condition': 'Expressed a4, a7, a9 in terms of a1, set (a7)^2 = a4·a9 and solved a1 = –12 with clear steps. Full credit.', 'R3_derive_Sn_formula': 'Obtained S_n = n(n-1)/2 – 12n = ½n^2 – 25/2 n and rewrote in vertex form, effectively substituting a1 and d. Full credit.', 'R4_find_minimum_Sn': 'Completed square, identified vertex, concluded minimum –78 at n=12 or 13 with reasoning. Full credit.'}",0.93,4959
Math_ShortAns_50,"{'R1_prove_arithmetic': 0, 'R2_geometric_condition': 1, 'R3_derive_Sn_formula': 1, 'R4_find_minimum_Sn': 0}",2,"{'R1_prove_arithmetic': '错误地将原式化为 2S_n = 2a_n +1 - n，且未通过取差得到 a_n-a_{n-1}=1，证明基本缺失。', 'R2_geometric_condition': '能写出 a_4,a_7,a_9 与 a_1,d 的关系并列出等比条件，未求出 a_1，推理中断，仅给1分。', 'R3_derive_Sn_formula': '写出了等差数列求和公式，但未用求出的 a_1,d 代入（实际上也未求出），未得到二次表达式，仅1分。', 'R4_find_minimum_Sn': '没有正确得到 S_n 的二次形式，也未正确求出最小值，给0分。'}",0.25,4076
Math_ShortAns_53,"{'C1_define_auxiliary_sequences': 1, 'C2_prove_geometric': 2, 'C3_prove_arithmetic': 2, 'C4_find_general_terms': 0}",5,"{'C1_define_auxiliary_sequences': 'Defined c_n and d_n but did not state initial values c1=1, d1=1.', 'C2_prove_geometric': 'Correctly derived c_{n+1}=c_n/2 and recognized geometric nature; initial value not mentioned so 1 point deducted.', 'C3_prove_arithmetic': 'Correctly obtained d_{n+1}=d_n+2 and identified arithmetic progression; omission of initial value tolerated.', 'C4_find_general_terms': 'Proposed formulas a_n=n^2+1, b_n=n-2 which are incorrect and not derived from earlier results.'}",0.25,4643
Math_ShortAns_54,"{'C1_define_auxiliary_sequences': 1, 'C2_prove_geometric': 0, 'C3_prove_arithmetic': 0, 'C4_find_general_terms': 0}",1,"{'C1_define_auxiliary_sequences': 'Defined c_n and d_n correctly but did not state initial values c1=1, d1=1.', 'C2_prove_geometric': 'Algebra error: obtained c_{n+1}=c_n/2+1, so did not show geometric nature.', 'C3_prove_arithmetic': 'Derived d_{n+1}=d_n (missing +2), incorrect conclusion about sequence type.', 'C4_find_general_terms': 'Subsequent general terms a_n=n, b_n=n-2 are incorrect; derivation not based on correct earlier results.'}",0.16,4128
Math_ShortAns_55,"{'C1_define_auxiliary_sequences': 1, 'C2_prove_geometric': 0, 'C3_prove_arithmetic': 2, 'C4_find_general_terms': 0}",3,"{'C1_define_auxiliary_sequences': 'Defined c_n and d_n but did not state the initial values c1=1, d1=1.', 'C2_prove_geometric': 'Algebraic error produced c_{n+1}=c_n/2+1 and concluded the sequence is not geometric; criterion not met.', 'C3_prove_arithmetic': 'Correctly derived d_{n+1}=d_n+2 and identified arithmetic sequence; full credit.', 'C4_find_general_terms': 'Since part (1) for c_n was incorrect, resulting formulas for a_n and b_n are wrong; no credit.'}",0.19,4421
Math_ShortAns_58,"{'Q1_correlation': 0, 'Q2_outlier_detection': 0, 'Q3_recalculation': 1}",1,"{'Q1_correlation': 'Mean of i incorrect, formula not properly set, r value wrong, and conclusion incorrect.', 'Q2_outlier_detection': 'Acceptable range computed incorrectly; outliers misidentified; wrong conclusion about need for inspection.', 'Q3_recalculation': 'Correct new mean (10.02) after removing 9.22 earns partial credit; variance and standard deviation incorrect and no proper computation shown.'}",0.23,4778
Math_ShortAns_59,"{'Q1_correlation': 2, 'Q2_outlier_detection': 4, 'Q3_recalculation': 4}",10,"{'Q1_correlation': 'Correct value of r and correct conclusion, but did not state means or show formula setup.', 'Q2_outlier_detection': 'Range computed correctly, 13th part identified as outlier, and inspection conclusion stated.', 'Q3_recalculation': 'Mean, variance, and standard deviation after removing outlier all recalculated correctly with proper values.'}",0.18,3817
Math_ShortAns_60,"{'Q1_correlation': 1, 'Q2_outlier_detection': 1, 'Q3_recalculation': 0}",2,"{'Q1_correlation': 'Identified |r|<0.25 conclusion (1 pt) but i-mean wrong, formula wrong, r value wrong (0 pts for other items).', 'Q2_outlier_detection': 'Used the correct formula and produced an approximate range (within rounding) (1 pt). Failed to detect the outlier or conclude inspection is needed (0 pts for remaining items).', 'Q3_recalculation': 'Did not remove outlier, and new mean / SD values are incorrect; no valid calculation steps shown (0 pts).'}",0.22,4873
Math_ShortAns_63,"{'Q20_Part1': 1, 'Q20_Part2': 1}",2,"{'Q20_Part1': 'Only substituted vertical line into parabola to obtain y=±2 (earns substitution point). Dot-product computed wrongly and conclusion incorrect; general case not handled.', 'Q20_Part2': 'Did not set up perpendicularity condition or solve for slope k; no line equation given. Simply asserted centre (3,1) and radius √10 without derivation; no circle equation. Minimal partial credit for stating one plausible centre & radius.'}",0.21,5183
Math_ShortAns_64,"{'Q20_Part1': 0, 'Q20_Part2': 0}",0,"{'Q20_Part1': 'Substitution contains algebra error (kx^2 instead of k^2x^2); no use of Vieta; no dot-product calculation; conclusion unsupported. No rubric items satisfied.', 'Q20_Part2': 'Did not set up perpendicular-chord condition, did not solve for slope k, center/radius incorrect, final line and circle equations wrong. No rubric items satisfied.'}",0.21,5637
Math_ShortAns_67,"{'C1_circle_properties': 2, 'C2_locus_derivation': 0, 'C3_line_equation': 0, 'C4_triangle_area': 0}",2,"{'C1_circle_properties': 'Correctly rewrote circle as x^2+(y-4)^2=16 and identified center (0,4) and radius 4.', 'C2_locus_derivation': 'Did not use vector perpendicularity; failed to obtain or state correct locus equation; final equation incorrect.', 'C3_line_equation': 'No use of perpendicular-bisector reasoning; slope and final line equation wrong.', 'C4_triangle_area': 'Incorrect or missing distance computations; PM length and area wrong.'}",0.28,4105
Math_ShortAns_68,"{'C1_circle_properties': 2, 'C2_locus_derivation': 0, 'C3_line_equation': 0, 'C4_triangle_area': 0}",2,"{'C1_circle_properties': 'Correctly rewrote the circle in center–radius form and identified center (0,4) and radius 4.', 'C2_locus_derivation': 'Did not use vector/dot-product method; substitution step contained algebraic errors and no correct locus equation obtained.', 'C3_line_equation': 'Did not deduce slope or provide correct line equation for |OP|=|OM| case.', 'C4_triangle_area': 'Distances and point M chosen incorrectly; resulting area computation wrong.'}",0.22,4326
Math_ShortAns_71,"{'E1_derive_ellipse_equation': 0, 'L1_setup_line_and_intersections': 1, 'V1_compute_T_and_H': 0, 'P1_prove_fixed_point': 1}",2,"{'E1_derive_ellipse_equation': '只给出最后方程, 无任何代入推导过程, 不符合评分点要求, 0 分。', 'L1_setup_line_and_intersections': '给出了垂直直线 x=1 的情况并求得 M,N, 但未处理一般斜率情形, 得 1 分。', 'V1_compute_T_and_H': '未求 T 的坐标, 亦未利用 MT=TH 求 H, 此部分缺失, 0 分。', 'P1_prove_fixed_point': '指出定点 (0,-2) 并写出垂直情形下的直线方程通过该点, 但无一般性证明, 局部正确, 给 1 分。'}",0.22,4139
Math_ShortAns_72,"{'E1_derive_ellipse_equation': 4, 'L1_setup_line_and_intersections': 1, 'V1_compute_T_and_H': 0, 'P1_prove_fixed_point': 0}",5,"{'E1_derive_ellipse_equation': '正确代入 A、B 两点并求得 a^2=3, b^2=4, 最终方程无误，步骤清晰，满分。', 'L1_setup_line_and_intersections': '给出了过 P 的一般斜率式直线并写出与椭圆联立的方程，但未讨论垂直情况，也未求出交点坐标，仅部分完成，给 1 分。', 'V1_compute_T_and_H': '未实际求出 T、H 的坐标，也未使用 MT=TH 的向量关系，得 0 分。', 'P1_prove_fixed_point': '仅口头声称 HN 经过 (0,0)，与正确结论不符且无证明，得 0 分。'}",0.28,4696
Math_ShortAns_75,"{'C1_identify_points': 0, 'C2_compute_parameters': 0, 'C3_final_ellipse_equation': 0, 'C4_setup_line_conditions': 0, 'C5_prove_fixed_point': 0, 'C6_final_verification': 0}",0,"{'C1_identify_points': '未能正确判断哪些点在椭圆上，P2 的计算也写错，未得出 P1 不在椭圆上。', 'C2_compute_parameters': '没有利用正确的点代入求 a^2,b^2，而是随意猜测 a,b。', 'C3_final_ellipse_equation': '写出的椭圆方程 x^2/5 + y^2/3 =1 与题意不符，参数错误。', 'C4_setup_line_conditions': '仅随意设 y = kx + 1，未考虑一般情况或竖直情形，也未与椭圆联立。', 'C5_prove_fixed_point': '未推出 t = -2k-1，更未得到定点 (2,-1)。', 'C6_final_verification': '没有给出任何具体验证，结论空泛。'}",0.24,4282
Math_ShortAns_76,"{'C1_identify_points': 0, 'C2_compute_parameters': 2, 'C3_final_ellipse_equation': 2, 'C4_setup_line_conditions': 0, 'C5_prove_fixed_point': 0, 'C6_final_verification': 0}",4,"{'C1_identify_points': '误判所有四点均在椭圆上，未正确识别三点组合。', 'C2_compute_parameters': '利用 P2、P3 得到 b^2=1, a^2=4，计算正确，给满分。', 'C3_final_ellipse_equation': '写出正确的椭圆方程 x^2/4 + y^2 = 1。', 'C4_setup_line_conditions': '将变动直线设为经过 P2 的 y=kx+1，与题意(不经过 P2)相悖，且未讨论垂直情形。', 'C5_prove_fixed_point': '未推导 t=-2k-1 等关键关系，也未求出定点坐标。', 'C6_final_verification': '仅口头宣称“过定点”，未给出坐标和验证。'}",0.29,4766
Math_ShortAns_77,"{'C1_identify_points': 2, 'C2_compute_parameters': 2, 'C3_final_ellipse_equation': 2, 'C4_setup_line_conditions': 1, 'C5_prove_fixed_point': 0, 'C6_final_verification': 0}",7,"{'C1_identify_points': '明确指出 P2,P3,P4 在椭圆上且 P1 不在，判断正确。', 'C2_compute_parameters': '给出代入并得到 a^2=4,b^2=1，虽过程略写但结果正确。', 'C3_final_ellipse_equation': '写出椭圆方程 x^2/4 + y^2 = 1，符号小失误但可辨认。', 'C4_setup_line_conditions': '区分竖直线与斜率存在情形，并设 y=kx+t(t≠1)，但未写出与椭圆联立后的具体方程，仅给思路，部分得分。', 'C5_prove_fixed_point': '未推导 t=-2k-1 等关键关系，未证明定点出现，得 0。', 'C6_final_verification': '只说“代入 x=2 验证”而无具体证明，未完成论证，得 0。'}",0.2,3967
Math_ShortAns_80,"{'Q21_Part1_Substitution': 1, 'Q21_Part1_Monotonicity_Analysis': 1, 'Q21_Part2_Derivation_for_Extremum': 1, 'Q21_Part2_Final_Answer_and_Justification': 0}",3,"{'Q21_Part1_Substitution': 'Correctly substituted a=0 but did not mention the required domain x>-1.', 'Q21_Part1_Monotonicity_Analysis': 'Provided heuristic sign reasoning without derivative analysis; conclusions stated but justification incomplete.', 'Q21_Part2_Derivation_for_Extremum': ""Tried to form f'(x) and set f'(0)=0, but derivative formula is wrong and no further conditions obtained; minimal credit for attempting the condition."", 'Q21_Part2_Final_Answer_and_Justification': 'Gave incorrect final value a=1 with no valid justification.'}",0.33,5084
Math_ShortAns_81,"{'Q21_Part1_Substitution': 1, 'Q21_Part1_Monotonicity_Analysis': 0, 'Q21_Part2_Derivation_for_Extremum': 0, 'Q21_Part2_Final_Answer_and_Justification': 0}",1,"{'Q21_Part1_Substitution': 'Correctly wrote f(x) for a=0 but did not explicitly state overall domain x>-1, only referenced sub-intervals.', 'Q21_Part1_Monotonicity_Analysis': 'Sign reasoning incorrect (sign of −2x mis-stated, conclusion for x>0 wrong). No valid derivative analysis.', 'Q21_Part2_Derivation_for_Extremum': ""Derivative formula wrong (1+ax instead of 1+2ax, missing ax^2 term); no correct use of f'' or h'' to find a."", 'Q21_Part2_Final_Answer_and_Justification': 'Gives ‘a can be any value’, not a = −1/6 and no justification.'}",0.18,4695
Math_ShortAns_84,"{'C1_derivative_and_monotonicity': 1, 'C2_maximum_value_determination': 0, 'C3_inequality_proof': 0}",1,"{'C1_derivative_and_monotonicity': 'Derivative mis-computed (used ax^2 instead of 2ax); no correct case discussion, conclusion wrong. Minimal attempt merits 1 pt.', 'C2_maximum_value_determination': 'Did not locate critical point x = -1/(2a) nor evaluate f there. No maximum value obtained.', 'C3_inequality_proof': 'Inequality not transformed or proved; no relevant work.'}",0.12,3867
Math_ShortAns_85,"{'C1_derivative_and_monotonicity': 5, 'C2_maximum_value_determination': 4, 'C3_inequality_proof': 3}",12,"{'C1_derivative_and_monotonicity': 'Derivative computed correctly and full case analysis given; monotonicity conclusions match reference.', 'C2_maximum_value_determination': 'Correct critical point x=-1/(2a) for a<0 and correct evaluation of f at that point.', 'C3_inequality_proof': 'Proper substitution t=-1/a, correct inequality transformation, and derivative analysis of g(t) establishing the bound.'}",0.15,4493
Math_ShortAns_86,"{'C1_derivative_and_monotonicity': 2, 'C2_maximum_value_determination': 0, 'C3_inequality_proof': 0}",2,"{'C1_derivative_and_monotonicity': 'Derivative computed correctly, but sign analysis incorrect—claims discriminant always negative and concludes f is always increasing; no proper case discussion.', 'C2_maximum_value_determination': 'Did not locate critical point x = -1/(2a) or evaluate f there; only evaluated f(1).', 'C3_inequality_proof': 'Inequality not addressed; student states they cannot establish it.'}",0.19,4450
Math_ShortAns_89,"{'C1_compute_derivative_and_find_m': 3, 'C2_identify_domain_and_monotonicity': 1, 'C3_prove_f_greater_than_zero_for_m_le_2': 0, 'C4_overall_reasoning_and_conclusion': 0}",4,"{'C1_compute_derivative_and_find_m': ""Implicitly used f'(x)=e^x-1/(x+m); set f'(0)=0 giving 1-1/m=0, solved m=1 correctly."", 'C2_identify_domain_and_monotonicity': 'Domain (-1,∞) stated correctly, but no actual monotonicity analysis or intervals provided.', 'C3_prove_f_greater_than_zero_for_m_le_2': 'Only restates goal, no proof or substantive reasoning.', 'C4_overall_reasoning_and_conclusion': 'Solution incomplete; major parts (monotonicity and positivity proof) missing, so overall logical conclusion not provided.'}",0.22,4017
Math_ShortAns_90,"{'C1_compute_derivative_and_find_m': 3, 'C2_identify_domain_and_monotonicity': 0, 'C3_prove_f_greater_than_zero_for_m_le_2': 0, 'C4_overall_reasoning_and_conclusion': 0}",3,"{'C1_compute_derivative_and_find_m': ""Correctly differentiated and solved f'(0)=0, obtaining m=1."", 'C2_identify_domain_and_monotonicity': 'Did not state the domain and provided an incorrect/indeterminate monotonicity discussion.', 'C3_prove_f_greater_than_zero_for_m_le_2': 'No valid proof; reasoning contains sign errors and unsupported assertions.', 'C4_overall_reasoning_and_conclusion': 'Logical flow breaks down after part (I); conclusions about monotonicity and positivity unsupported or incorrect.'}",0.25,3973
Math_ShortAns_93,"{'C1_f0_value': 1, 'C2_monotonicity_proof': 1, 'C3_unique_zero_condition': 0, 'C4_final_value_a': 0}",2,"{'C1_f0_value': 'Correctly computed f(0)=1.', 'C2_monotonicity_proof': 'Derivative formula correct, but monotonicity justification limited to x=0; global increasing property not established.', 'C3_unique_zero_condition': 'Did not set up correct condition linking zero uniqueness to a; reasoning vague.', 'C4_final_value_a': 'Gives a=2, incorrect and unsupported.'}",0.29,4549
Math_ShortAns_94,"{'C1_f0_value': 1, 'C2_monotonicity_proof': 0, 'C3_unique_zero_condition': 0, 'C4_final_value_a': 0}",1,"{'C1_f0_value': 'Correctly computed f(0)=1.', 'C2_monotonicity_proof': 'No valid monotonicity proof; only sampled few points, no derivative argument.', 'C3_unique_zero_condition': 'Did not set up correct condition for uniqueness; misused derivative and showed misunderstandings.', 'C4_final_value_a': 'Provided incorrect value (suggested a≈3) and no justification.'}",0.24,4348
Math_ShortAns_95,"{'C1_f0_value': 1, 'C2_monotonicity_proof': 1, 'C3_unique_zero_condition': 0, 'C4_final_value_a': 0}",2,"{'C1_f0_value': 'Correctly computed f(0)=1.', 'C2_monotonicity_proof': 'Derivative computed, but no full sign analysis; monotonicity justification incomplete → partial credit.', 'C3_unique_zero_condition': ""Did not set up correct uniqueness condition; uses f'(x) incorrectly; no valid argument."", 'C4_final_value_a': 'Gives a=1/2, which is wrong; no correct justification.'}",0.25,5069
Math_ShortAns_98,"{'P1_derivative_analysis': 0, 'P2_a_conclusion': 1, 'P3_product_inequality': 0, 'P4_m_conclusion': 0}",1,"{'P1_derivative_analysis': 'Did not compute derivative nor analyze monotonicity; only vague limit discussion.', 'P2_a_conclusion': 'Correctly states a=1 but justification lacks rigor and is flawed; partial credit.', 'P3_product_inequality': 'No use of ln inequality; estimates are incorrect, leading to wrong bounds.', 'P4_m_conclusion': 'Gives m=2, which is incorrect.'}",0.25,4581
Math_ShortAns_99,"{'P1_derivative_analysis': 0, 'P2_a_conclusion': 0, 'P3_product_inequality': 0, 'P4_m_conclusion': 0}",0,"{'P1_derivative_analysis': 'No derivative computed; monotonicity analysis absent and reasoning incorrect.', 'P2_a_conclusion': 'Concludes a = -1, which is incorrect; no valid justification.', 'P3_product_inequality': 'Claims product tends to 0, contradicting correct inequality; no use of ln bound.', 'P4_m_conclusion': 'Gives m = 1, incorrect and unsupported.'}",0.18,3623
Math_ShortAns_100,"{'P1_derivative_analysis': 4, 'P2_a_conclusion': 2, 'P3_product_inequality': 4, 'P4_m_conclusion': 2}",12,"{'P1_derivative_analysis': 'Derivative computed correctly, cases a≤0 and a>0 analyzed, monotonicity and f(1)=0 used to create contradiction – complete.', 'P2_a_conclusion': 'Clearly deduces a = 1 and shows uniqueness via value at x=a contradicting f(x)≥0 for any other a.', 'P3_product_inequality': 'Uses ln(1+1/2^k)<1/2^k, sums geometric series to bound product by e, also states lower bound >2; though concise, reasoning is mathematically sound.', 'P4_m_conclusion': 'Identifies m=3 and relates to (2,e) interval; justification sufficient.'}",0.21,4223
Math_ShortAns_103,"{'Q21_C1_derivative': 0, 'Q21_C2_monotonicity_extremum': 0, 'Q21_C3_root_existence': 0, 'Q21_C4_reciprocal_relation': 0}",0,"{'Q21_C1_derivative': 'Derivative computed as -1/x, missing the ln x term; therefore incorrect.', 'Q21_C2_monotonicity_extremum': 'Based on wrong derivative; monotonicity and extremum discussion incorrect and contradictory.', 'Q21_C3_root_existence': 'Evaluated points incorrectly (e.g., f(0.5) sign error, f(1) mis-computed); argument for roots invalid.', 'Q21_C4_reciprocal_relation': 'Reciprocal relationship not proven; student states inability to confirm.'}",0.17,3937
Math_ShortAns_104,"{'Q21_C1_derivative': 0, 'Q21_C2_monotonicity_extremum': 1, 'Q21_C3_root_existence': 0, 'Q21_C4_reciprocal_relation': 1}",2,"{'Q21_C1_derivative': 'Derivative not explicitly computed; no formula given.', 'Q21_C2_monotonicity_extremum': 'Mentions analyzing monotonicity and claims uniqueness but provides no calculations; minimal credit.', 'Q21_C3_root_existence': 'Gives conclusion about roots without any sign analysis or test values; no supporting work.', 'Q21_C4_reciprocal_relation': 'States that roots are reciprocals but offers no algebraic justification; minimal credit.'}",0.19,3451
Math_ShortAns_105,"{'Q21_C1_derivative': 2, 'Q21_C2_monotonicity_extremum': 3, 'Q21_C3_root_existence': 0, 'Q21_C4_reciprocal_relation': 0}",5,"{'Q21_C1_derivative': 'Correct derivative obtained with clear steps, but domain (x>0) not explicitly stated.', 'Q21_C2_monotonicity_extremum': ""Computed g'(x)=1/x+1/x^2>0, showed g increasing, concluded unique critical point; reasoning complete."", 'Q21_C3_root_existence': 'Function values mis-calculated (e.g., f(1)=-2, f(0.5)<0). Sign analysis therefore wrong; does not correctly show existence/uniqueness of two roots.', 'Q21_C4_reciprocal_relation': 'Simply asserts roots are reciprocals without any algebraic proof or argument.'}",0.18,4970
Math_ShortAns_108,"{'Q1_domain_monotonicity': 1, 'Q1_conclusion_a_range': 0, 'Q2_proof_setup': 0, 'Q2_proof_inequality': 0}",1,"{'Q1_domain_monotonicity': 'Correctly computed f(1)=e+1−a, but no derivative or monotonicity discussion.', 'Q1_conclusion_a_range': 'Gives incorrect inequality (states a ≥ e+1 and finally [0,∞)), so conclusion wrong.', 'Q2_proof_setup': 'Does not recognize zeros lie on opposite sides of 1; assumes both in [1,2]. Setup incorrect.', 'Q2_proof_inequality': 'Attempts lead to conclusion opposite to be proven; no valid proof steps.'}",0.23,4537
Math_ShortAns_109,"{'Q1_domain_monotonicity': 3, 'Q1_conclusion_a_range': 2, 'Q2_proof_setup': 1, 'Q2_proof_inequality': 0}",6,"{'Q1_domain_monotonicity': 'Gives domain, correct derivative, discusses sign on (0,1) and (1,∞) and identifies minimum at x=1. Full detail merits full credit.', 'Q1_conclusion_a_range': 'Correctly connects f(x)≥0 to f(1)≥0 and obtains a≤e+1 with proper reasoning.', 'Q2_proof_setup': 'States that zeros satisfy x1<1<x2 and sets goal x1<1/x2, but offers no justification from monotonicity for positions of zeros; minimal setup credit.', 'Q2_proof_inequality': 'Attempted inequality proof contains algebraic mistakes (missing factor x e^{1/x}), unclear derivative work, and no valid conclusion; proof not established.'}",0.34,5796
Math_ShortAns_112,"{'C1_identify_parabola_properties': 1, 'C2_determine_parameter_p_and_parabola_equation': 2, 'C3_setup_and_slope_relations_for_part2': 3, 'C4_apply_tangent_difference_and_determine_AB_equation': 3}",9,"{'C1_identify_parabola_properties': 'Gave focus and noted x_M = p, but did not mention the directrix x = -p/2, so 1/2.', 'C2_determine_parameter_p_and_parabola_equation': 'Correctly set p + p/2 = 3, solved p = 2 and wrote y^2 = 4x. Full credit.', 'C3_setup_and_slope_relations_for_part2': 'Listed coordinates, wrote MN as x = my + 1, cited Vieta; however did not explicitly derive k_MN = 2 k_AB. 3/4.', 'C4_apply_tangent_difference_and_determine_AB_equation': 'Referenced tangent-difference formula and gave correct final line x = √2 y + 4 (implying k_AB = √2/2). Lacked detailed derivation, so 3/4.'}",0.28,5108
Math_ShortAns_113,"{'C1_identify_parabola_properties': 1, 'C2_determine_parameter_p_and_parabola_equation': 0, 'C3_setup_and_slope_relations_for_part2': 0, 'C4_apply_tangent_difference_and_determine_AB_equation': 0}",1,"{'C1_identify_parabola_properties': 'States focus x-coordinate p/2 and notes MD is vertical so x = p, but gives no directrix.', 'C2_determine_parameter_p_and_parabola_equation': 'Does not form |MF| = p + p/2, does not solve for p, equation of parabola not obtained.', 'C3_setup_and_slope_relations_for_part2': 'No correct coordinate parametrisation or slope relations; derivation absent/incorrect.', 'C4_apply_tangent_difference_and_determine_AB_equation': 'Does not apply tangent difference formula, no maximisation, no AB equation.'}",0.17,4753
Math_ShortAns_114,"{'C1_identify_parabola_properties': 0, 'C2_determine_parameter_p_and_parabola_equation': 0, 'C3_setup_and_slope_relations_for_part2': 0, 'C4_apply_tangent_difference_and_determine_AB_equation': 0}",0,"{'C1_identify_parabola_properties': 'Focus stated as (p,0) (incorrect) and did not deduce M has x-coordinate p; earns no credit.', 'C2_determine_parameter_p_and_parabola_equation': 'Did not set up |MF| = p + p/2, did not solve p = 2, no correct equation; 0 pts.', 'C3_setup_and_slope_relations_for_part2': 'No correct coordinate parametrisation or slope/Vieta derivations; criterion unmet.', 'C4_apply_tangent_difference_and_determine_AB_equation': 'Did not apply tangent difference formula; final AB equation wrong (y=0); 0 pts.'}",0.34,4170
Math_ShortAns_117,"{'C1_f_expression': 2, 'C2_monotonicity': 0, 'C3_inequality_setup': 0, 'C4_optimization': 0}",2,"{'C1_f_expression': ""Correctly differentiated the given form to obtain f'(x)=k e^{x-1}-c+x (2 pts). Did not substitute x=1 and x=0 to find c=1, k=e, so final expression missing (0 pts for second part)."", 'C2_monotonicity': 'Did not compute the specific derivative e^{x}-1+x, gave incorrect/incomplete monotonicity conclusion (no decreasing interval, no justification). 0 pts.', 'C3_inequality_setup': 'Did not set up h(x)=e^{x}-(a+1)x-b, no derivative or minimum analysis. 0 pts.', 'C4_optimization': 'No correct optimization; claimed (a+1)b max is -1. 0 pts.'}",0.22,4526
Math_ShortAns_118,"{'C1_f_expression': 0, 'C2_monotonicity': 0, 'C3_inequality_setup': 1, 'C4_optimization': 0}",1,"{'C1_f_expression': 'Student provided only a procedural description; no derivative expression, no substitutions, no final f(x).', 'C2_monotonicity': ""No explicit f'(x), no sign analysis, no intervals stated."", 'C3_inequality_setup': 'Correctly rewrote inequality as h(x)=e^x-(a+1)x-b≥0, but did not compute derivative or state minimum condition.', 'C4_optimization': 'Did not set up or solve optimization; no maximum value given.'}",0.31,3843
Math_ShortAns_121,"{'C1_monotonicity': 1, 'C2_b_maximum': 1, 'C3_ln2_estimate': 0}",2,"{'C1_monotonicity': 'Derivative computed correctly, but inequality reasoning flawed (claims always >0) and concludes function is decreasing; overall conclusion incorrect.', 'C2_b_maximum': 'Set up g(x) correctly and noted g(0)=0, but no proper derivative analysis and gives incorrect maximum b (0); minimal credit for correct expression.', 'C3_ln2_estimate': 'Provides estimate ln2≈2, far from correct range; no valid use of √2 bounds.'}",0.19,4359
Math_ShortAns_122,"{'C1_monotonicity': 0, 'C2_b_maximum': 2, 'C3_ln2_estimate': 2}",4,"{'C1_monotonicity': 'Derivative computed incorrectly (used e^x - e^{-x} - 2). Resulting sign analysis and conclusion incorrect. No credit.', 'C2_b_maximum': 'Correctly formed g(x) and verified g(0)=0, but provided no derivative/monotonicity analysis and did not find b’s maximum; partial setup only.', 'C3_ln2_estimate': 'States ln2≈0.693 (within required accuracy) but essentially guesses, giving almost no valid reasoning. Minimal partial credit.'}",0.26,4857
Math_ShortAns_125,"{'C1_monotonicity_analysis': 1, 'C2_maximum_bound': 0, 'C3_product_inequality': 0}",1,"{'C1_monotonicity_analysis': 'Correct derivative obtained (1 pt). No critical points found and monotonicity conclusion incorrect.', 'C2_maximum_bound': 'Did not establish periodicity, did not evaluate at critical points, and claimed the given bound is wrong.', 'C3_product_inequality': 'No valid transformation or use of earlier bound; reasoning incorrect and inequality not proved.'}",0.11,4503
Math_ShortAns_126,"{'C1_monotonicity_analysis': 0, 'C2_maximum_bound': 0, 'C3_product_inequality': 0}",0,"{'C1_monotonicity_analysis': 'Derivative expression incorrect (missing factor 2), no correct critical points identified, monotonicity conclusion wrong.', 'C2_maximum_bound': 'Did not establish periodicity, used wrong point (π/6) and mis-computed value; bound asserted without valid justification.', 'C3_product_inequality': 'No valid transformation or use of part (2); argument that product≤1 ⇒ product≤(3/4)^n is false, thus proof invalid.'}",0.2,5432
Math_ShortAns_127,"{'C1_monotonicity_analysis': 1, 'C2_maximum_bound': 0, 'C3_product_inequality': 0}",1,"{'C1_monotonicity_analysis': 'Derivative computed correctly (1 pt). No critical points found, no sign analysis, and monotonicity conclusion is incorrect.', 'C2_maximum_bound': 'Did not establish periodicity, did not compute extrema, and bound given is 1 instead of 3√3/8. No requested steps shown.', 'C3_product_inequality': 'No proper transformation or use of result from (2); argument is informal and incorrect. Inequality not proven.'}",0.12,4477
Math_ShortAns_130,"{'C1_rectangular_conversion': 2, 'C2_vector_setup_and_M_coord': 1, 'C3_parametric_equations': 0, 'C4_intersection_analysis': 0}",3,"{'C1_rectangular_conversion': 'Derived x^2 + y^2 = 2√2 x correctly but did not complete the square or state center/radius.', 'C2_vector_setup_and_M_coord': 'Recognized vector relation AP = √2 AM, but M’s coordinates were misrepresented; partial credit for setting up relation.', 'C3_parametric_equations': 'Did not obtain parametric equations, only a single sample point.', 'C4_intersection_analysis': 'No valid analysis; merely guessed about intersection.'}",0.21,3728
Math_ShortAns_131,"{'C1_rectangular_conversion': 0, 'C2_vector_setup_and_M_coord': 1, 'C3_parametric_equations': 0, 'C4_intersection_analysis': 0}",1,"{'C1_rectangular_conversion': 'Incorrect algebra; produces x^2+y^2 = 8√2 x or 4x, not the correct equation. No valid completion-square.', 'C2_vector_setup_and_M_coord': 'Identifies vector relation AP = √2 AM, but gives no correct parametric expression for M; thus minimal credit.', 'C3_parametric_equations': 'No parametric equations for P obtained; x_P, y_P still involve unknown M.', 'C4_intersection_analysis': 'No proper analysis; incorrect conclusion about intersection.'}",0.22,3927
Math_ShortAns_134,"{'C1_convert_C1': 2, 'C2_convert_C2': 0, 'C3_find_intersection': 0, 'C4_find_circle_rect_eq': 0, 'C5_convert_to_polar': 0}",2,"{'C1_convert_C1': 'Gave equivalent equation y = 4 - x (i.e., x + y = 4).', 'C2_convert_C2': 'Attempted elimination but concluded y = √(x² + 4), not x² − y² = 4.', 'C3_find_intersection': 'Used wrong C2 equation, so intersection coordinates incorrect.', 'C4_find_circle_rect_eq': 'Circle setup relies on wrong point P; no correct rectangular equation provided.', 'C5_convert_to_polar': 'Polar equation r = 2 cos(θ+90°) is incorrect; derived from prior errors.'}",0.25,3766
Math_ShortAns_135,"{'C1_convert_C1': 2, 'C2_convert_C2': 2, 'C3_find_intersection': 0, 'C4_find_circle_rect_eq': 0, 'C5_convert_to_polar': 2}",6,"{'C1_convert_C1': 'Gave correct Cartesian equation x + y = 4.', 'C2_convert_C2': 'Gave correct Cartesian equation x^2 - y^2 = 4.', 'C3_find_intersection': 'Did not state the intersection point P explicitly; no coordinates provided.', 'C4_find_circle_rect_eq': 'No rectangular equation of the circle (or center/radius) was presented.', 'C5_convert_to_polar': 'Final polar equation ρ = 17/5 cos θ is correct.'}",0.37,4252
Math_ShortAns_138,"{'Q22_C1_convert_C1': 2, 'Q22_C2_convert_C2': 0, 'Q22_C3_find_intersection': 0, 'Q22_C4_circle_equation': 0, 'Q22_C5_polar_conversion': 0}",2,"{'Q22_C1_convert_C1': 'Correctly used cos^2+sin^2=1 to obtain x+y=4.', 'Q22_C2_convert_C2': 'Did not succeed in eliminating t; no Cartesian equation produced.', 'Q22_C3_find_intersection': 'Intersection point not found; calculations incomplete.', 'Q22_C4_circle_equation': 'No valid circle equation derived.', 'Q22_C5_polar_conversion': 'No correct polar form obtained.'}",0.9,3425
Math_ShortAns_139,"{'Q22_C1_convert_C1': 2, 'Q22_C2_convert_C2': 2, 'Q22_C3_find_intersection': 1, 'Q22_C4_circle_equation': 0, 'Q22_C5_polar_conversion': 0}",5,"{'Q22_C1_convert_C1': 'Correctly applied cos^2+sin^2=1 to obtain x+y=4.', 'Q22_C2_convert_C2': 'Correctly eliminated t to get x^2−y^2=4.', 'Q22_C3_find_intersection': 'Set up system but algebra error gives wrong coordinates; partial credit.', 'Q22_C4_circle_equation': 'Did not derive circle center/radius; assumed center at origin, equation wrong.', 'Q22_C5_polar_conversion': 'No proper conversion; provided incorrect/guessed polar equations.'}",0.28,3605
Math_ShortAns_142,"{'P1_AMGM_Setup': 0, 'P2_Algebraic_Manipulation': 0, 'P3_Denominator_Inequalities': 0, 'P4_Finality_Part2': 0}",0,"{'P1_AMGM_Setup': 'Did not state or justify the AM–GM inequality; simply assumed a=b=c.', 'P2_Algebraic_Manipulation': 'No correct manipulation; reached the wrong inequality sign (abc ≥ 1/9).', 'P3_Denominator_Inequalities': 'Did not apply any inequality like b+c ≥ 2√(bc); no relevant setup.', 'P4_Finality_Part2': 'Final inequality direction reversed and unsupported; no valid derivation.'}",0.28,3048
Math_ShortAns_143,"{'P1_AMGM_Setup': 0, 'P2_Algebraic_Manipulation': 0, 'P3_Denominator_Inequalities': 0, 'P4_Finality_Part2': 0}",0,"{'P1_AMGM_Setup': 'AM-GM inequality written with wrong direction and wrong exponent; does not match required setup.', 'P2_Algebraic_Manipulation': 'No correct manipulation from AM-GM to abc ≤ 1/9; student produces contradictory and incorrect bounds.', 'P3_Denominator_Inequalities': 'Does not apply b+c ≥ 2√(bc) or analogous inequalities; no valid denominator handling shown.', 'P4_Finality_Part2': 'Final inequality not derived; student states different incorrect bound, no correct combination or justification.'}",0.9,3464
Math_ShortAns_144,"{'P1_AMGM_Setup': 2, 'P2_Algebraic_Manipulation': 3, 'P3_Denominator_Inequalities': 2, 'P4_Finality_Part2': 3}",10,"{'P1_AMGM_Setup': 'States positivity and writes the AM-GM inequality correctly with brief justification.', 'P2_Algebraic_Manipulation': 'Correctly converts (abc)^{1/2} ≤ 1/3 to abc ≤ 1/9 and notes equality; algebraic steps clear.', 'P3_Denominator_Inequalities': 'Applies b+c ≥ 2√(bc) etc. to all three denominators and explains why.', 'P4_Finality_Part2': 'Substitutes bounds, sums them, reaches required inequality and states equality condition.'}",0.25,3668
Math_ShortAns_145,"{'P1_AMGM_Setup': 0, 'P2_Algebraic_Manipulation': 0, 'P3_Denominator_Inequalities': 0, 'P4_Finality_Part2': 0}",0,"{'P1_AMGM_Setup': 'AM–GM stated with wrong RHS exponent ((abc)^{1/3} instead of (abc)^{1/2}); setup incorrect.', 'P2_Algebraic_Manipulation': 'Follow-up algebra based on wrong inequality; derives abc≤1/27 then contradicts; no correct manipulation.', 'P3_Denominator_Inequalities': 'Did not apply b+c≥2√(bc) etc.; proposed unrelated substitution; zero credit.', 'P4_Finality_Part2': 'Never forms or proves the required bound; conclusion incorrect.'}",0.19,3716
Math_ShortAns_148,"{'P1_Cauchy_application': 3, 'P2_Substitution_and_derivation': 1, 'P3_Weighted_inequality_application': 0}",4,"{'P1_Cauchy_application': 'Correctly used Cauchy form (rewrote 4c^2 as (2c)^2, set up inequality, substituted 3) but omitted discussion of equality condition.', 'P2_Substitution_and_derivation': 'Correct substitution to obtain a^2 + 8c^2 = 3, but failed to derive/mention the bound on a+4c.', 'P3_Weighted_inequality_application': 'Did not apply weighted inequality; concluded the required inequality is false. No credit.'}",0.25,3285
Math_ShortAns_149,"{'P1_Cauchy_application': 3, 'P2_Substitution_and_derivation': 1, 'P3_Weighted_inequality_application': 0}",4,"{'P1_Cauchy_application': 'Correctly rewrote 4c^2=(2c)^2, applied RMS–AM (equivalent to Cauchy) and substituted the value 3 to get the desired inequality. Did not discuss the equality case, so 1 point deducted.', 'P2_Substitution_and_derivation': 'Correctly substituted b=2c to obtain a^2+8c^2=3 (1 pt). Did not relate this to a+4c ≤ 3 or any similar bound (missing 1 pt).', 'P3_Weighted_inequality_application': 'Did not apply a weighted inequality; attempted argument ended with the wrong conclusion that inequality fails. No steps correctly scored.'}",0.9,3704
Math_ShortAns_150,"{'P1_Cauchy_application': 1, 'P2_Substitution_and_derivation': 1, 'P3_Weighted_inequality_application': 0}",2,"{'P1_Cauchy_application': 'Recognized 4c^2 as (2c)^2, but applied Cauchy with wrong weight vector and obtained incorrect bound; no valid conclusion or equality discussion.', 'P2_Substitution_and_derivation': 'Correctly substituted b = 2c to obtain a^2 + 8c^2 = 3, but did not link this to a+4c or derive any useful bound.', 'P3_Weighted_inequality_application': 'Did not reformulate 1/a + 1/c appropriately, no application of weighted inequality, and no valid proof of the desired inequality.'}",0.28,3342
Math_ShortAns_153,"{'C1_strategy_setup': 0, 'C2_part1_cauchy_application': 0, 'C3_part1_conclusion': 0, 'C4_part2_algebraic_transformation': 0, 'C5_part2_amgm_application': 0}",0,"{'C1_strategy_setup': 'No clear strategy involving Cauchy or AM–GM is stated; student just tries ad-hoc substitutions.', 'C2_part1_cauchy_application': 'Cauchy inequality is never invoked, so no valid application.', 'C3_part1_conclusion': 'The bound 4 is merely asserted with an incorrect intermediate formula; no valid derivation or equality case.', 'C4_part2_algebraic_transformation': 'Although identity a^3+b^3=(a+b)(a^2-ab+b^2) is written, the required transformation to isolate ab is not carried out.', 'C5_part2_amgm_application': 'AM–GM is not used; conclusion about a+b is asserted without proof and even contradictory in the summary.'}",0.2,4085
Math_ShortAns_154,"{'C1_strategy_setup': 1, 'C2_part1_cauchy_application': 0, 'C3_part1_conclusion': 0, 'C4_part2_algebraic_transformation': 2, 'C5_part2_amgm_application': 0}",3,"{'C1_strategy_setup': '提到用不等式及代数变换，但未说明具体要用 Cauchy、AM–GM 等工具，策略不清晰，给1分。', 'C2_part1_cauchy_application': '完全没有使用或提及柯西不等式，0分。', 'C3_part1_conclusion': '未真正推出 (a+b)(a^5+b^5)≥4，也未讨论等号，0分。', 'C4_part2_algebraic_transformation': '正确将 a^3+b^3 写成 s(s^2−3ab) 并得到 s^3=2+3abs，步骤清晰，满分2分。', 'C5_part2_amgm_application': '没有使用 AM–GM，只是声称“假设 s≥2 不成立”，论证不足，0分。'}",0.32,4113
Math_ShortAns_155,"{'C1_strategy_setup': 0, 'C2_part1_cauchy_application': 0, 'C3_part1_conclusion': 0, 'C4_part2_algebraic_transformation': 2, 'C5_part2_amgm_application': 0}",2,"{'C1_strategy_setup': 'No clear overall plan; neither Cauchy nor AM–GM are identified for the two parts.', 'C2_part1_cauchy_application': 'Cauchy inequality is never used; student attempts a different, incorrect approach.', 'C3_part1_conclusion': 'Final bound 4 is merely asserted with no valid derivation; numerical substitution and equality case absent.', 'C4_part2_algebraic_transformation': 'Correctly transforms a^3+b^3=(a+b)(a^2-ab+b^2) to s(s^2-3p)=2, which is the required relation.', 'C5_part2_amgm_application': 'AM–GM is not applied; conclusion a+b≤2 is only claimed without justification.'}",0.23,4156
Math_ShortAns_158,"{'P1_apply_cauchy': 0, 'P2_transform_identity': 2, 'P3_apply_mean_inequality': 0, 'P4_overall_clarity_and_rigor': 0}",2,"{'P1_apply_cauchy': 'Did not use Cauchy at all; only checked equality case numerically.', 'P2_transform_identity': 'Correctly factored a^3+b^3 and rewrote as s(s^2-3p)=2, giving 2 pts; no further clear explanation toward inequality.', 'P3_apply_mean_inequality': 'Never applied AM≥GM (ab ≤ ((a+b)/2)^2); conclusion lacks justification.', 'P4_overall_clarity_and_rigor': 'Solution incomplete, logical leaps, only single numeric check; fails rigor requirement.'}",0.25,3763
Math_ShortAns_159,"{'P1_apply_cauchy': 0, 'P2_transform_identity': 2, 'P3_apply_mean_inequality': 0, 'P4_overall_clarity_and_rigor': 0}",2,"{'P1_apply_cauchy': 'Did not apply Cauchy at all; only checked a=b=1 and even stated the inequality may fail.', 'P2_transform_identity': 'Correctly factored a^3+b^3 and rewrote it as s(s^2-3p)=2 (s=a+b, p=ab). Missing deeper explanation, but first two sub-points satisfied.', 'P3_apply_mean_inequality': 'Never used AM-GM/AM inequality to bound ab; no derivation toward (a+b)<=2.', 'P4_overall_clarity_and_rigor': 'Solution does not prove either claim and ends with contradictory statements; overall rigor insufficient.'}",0.23,3513
Math_ShortAns_162,"{'CR1_define_functions_and_piecewise': 2, 'CR2_solve_inequality_part1': 0, 'CR3_determine_range_for_a_part2': 0, 'CR4_final_answer_and_justification': 0}",2,"{'CR1_define_functions_and_piecewise': 'Correctly wrote f(x) = -x^2 + x + 4 and gave the correct three-piece definition of g(x) with appropriate intervals.', 'CR2_solve_inequality_part1': 'Although the student split into three regions, the inequality solving and interval restriction are wrong, leading to an incorrect overall solution set.', 'CR3_determine_range_for_a_part2': 'Did not set up or solve the endpoint inequalities; concluded a can be any real, which is incorrect.', 'CR4_final_answer_and_justification': 'Both final answers are wrong; justification therefore invalid.'}",0.25,4640
Math_ShortAns_163,"{'CR1_define_functions_and_piecewise': 2, 'CR2_solve_inequality_part1': 2, 'CR3_determine_range_for_a_part2': 3, 'CR4_final_answer_and_justification': 1}",8,"{'CR1_define_functions_and_piecewise': 'Correctly wrote f(x) = -x^2 + x + 4 and listed the three piece-wise expressions for g(x) with right intervals.', 'CR2_solve_inequality_part1': 'Identified the three regions and found the correct intersection x = (√17−1)/2, giving the final set [-1,(√17−1)/2].  However, interval reasoning inside each case is sloppy: includes 1 in the x>1 region and extends solutions beyond the stated sub-intervals, so 1 point deducted.', 'CR3_determine_range_for_a_part2': 'Set up f(±1) ≥ 2 and solved to obtain −1 ≤ a ≤ 1, fully consistent with requirement.', 'CR4_final_answer_and_justification': 'Final answers stated, but justification in part (1) contains incorrect monotonicity claims and interval misuse; minor notation errors. Award partial credit.'}",0.2,6038
Math_ShortAns_166,"{'Q23_C1_cartesian': 1, 'Q23_C2_polarC1': 0, 'Q23_C3_systemsetup': 0, 'Q23_C4_final_intersections': 0}",1,"{'Q23_C1_cartesian': 'Identifies C1 as a circle with centre (4,5) and radius 5 (1 pt). Does not eliminate t or write the Cartesian equation (no further credit).', 'Q23_C2_polarC1': 'Gives an incorrect polar equation (ρ = 4 + 5 cos θ) and no valid substitution work, so no credit.', 'Q23_C3_systemsetup': 'Does not convert C2 to Cartesian form, does not set up the correct system, and solves with wrong equations; 0 pts.', 'Q23_C4_final_intersections': 'No correct polar intersection points provided; answer states infinite points with incorrect θ value; 0 pts.'}",0.23,3506
Math_ShortAns_167,"{'Q23_C1_cartesian': 3, 'Q23_C2_polarC1': 2, 'Q23_C3_systemsetup': 3, 'Q23_C4_final_intersections': 2}",10,"{'Q23_C1_cartesian': 'Correctly eliminated t and produced (x-4)^2+(y-5)^2=25, thereby showing the circle.', 'Q23_C2_polarC1': 'Substituted x=ρcosθ, y=ρsinθ and obtained the correct polar equation.', 'Q23_C3_systemsetup': 'Converted C2 to Cartesian, set up system with C1, solved and obtained (1,1) and (0,2).', 'Q23_C4_final_intersections': 'Both intersection points correctly converted to polar form.'}",0.25,3631
Math_ShortAns_170,"{'C1_use_identity': 3, 'C2_conclusion_part1': 2, 'C3_setup_part2': 3, 'C4_derivation_part2': 2}",10,"{'C1_use_identity': 'Correctly expanded (a+b+c)^2, set to zero, and solved for ab+bc+ca.', 'C2_conclusion_part1': 'Explicitly noted a²+b²+c²>0 ⇒ ab+bc+ca<0.', 'C3_setup_part2': 'Assumed max=a and justified a>0, b,c<0 from given conditions.', 'C4_derivation_part2': 'Manipulated to a³ ≥4 using AM≥GM and concluded a ≥ ∛4.'}",0.11,4585
Math_ShortAns_171,"{'C1_use_identity': 2, 'C2_conclusion_part1': 1, 'C3_setup_part2': 0, 'C4_derivation_part2': 0}",3,"{'C1_use_identity': 'Derived ab+bc+ca = -a^2-b^2-ab correctly, which is equivalent to using (a+b+c)^2 relation, but did not state or use the standard identity explicitly – partial credit.', 'C2_conclusion_part1': 'Gave only a numerical example to argue negativity; lacks general logical proof, so minimal credit.', 'C3_setup_part2': 'Did not assume max{a,b,c}=a nor deduce sign pattern; ignores c when defining maximum. No correct setup.', 'C4_derivation_part2': 'No derivation leading to a^3 ≥4; merely asserts max ≥ ∛4 without proof.'}",0.27,4071
Math_ShortAns_174,"{'C1_part1_cauchy': 0, 'C2_part1_equality': 0, 'C3_part2_cauchy': 0, 'C4_part2_conclusion': 0}",0,"{'C1_part1_cauchy': 'No use of Cauchy inequality; expansion and guess lead to wrong lower bound (4 instead of 4/3).', 'C2_part1_equality': 'Equality condition not identified; solved values incorrect.', 'C3_part2_cauchy': 'Did not set up Cauchy; merely rewrote expression without deriving (a+2)^2 ≥ 1.', 'C4_part2_conclusion': 'Conclusion a≤-3 or a≥-1 asserted without proper justification derived from inequality.'}",0.21,4260
Math_ShortAns_175,"{'C1_part1_cauchy': 0, 'C2_part1_equality': 0, 'C3_part2_cauchy': 0, 'C4_part2_conclusion': 0}",0,"{'C1_part1_cauchy': 'Did not apply Cauchy at all; no correct lower bound obtained.', 'C2_part1_equality': 'Equality condition not discussed and minimum given as 2 (incorrect).', 'C3_part2_cauchy': 'No use of Cauchy; expansion only, no derivation of (a+2)^2 ≥ 1.', 'C4_part2_conclusion': 'Final range stated without logical derivation; no link to any inequality.'}",0.31,4256
Math_ShortAns_178,"{'C1_part1_cauchy_application': 0, 'C2_part1_equality_condition': 0, 'C3_part2_inequality_application': 0, 'C4_part2_parameter_deduction': 0}",0,"{'C1_part1_cauchy_application': 'Did not apply Cauchy at all; used wrong sum condition (x+y+z=2) and produced incorrect bound.', 'C2_part1_equality_condition': 'No equality condition analysed; minimal value stated incorrectly.', 'C3_part2_inequality_application': 'No Cauchy setup for part (2); merely expanded terms without deriving (a+2)^2 ≥1.', 'C4_part2_parameter_deduction': 'Derived incorrect range a ≥ -3 or a ≤ -1 and finally claimed no restriction; logic incorrect.'}",0.24,4534
Math_ShortAns_179,"{'C1_part1_cauchy_application': 0, 'C2_part1_equality_condition': 0, 'C3_part2_inequality_application': 0, 'C4_part2_parameter_deduction': 1}",1,"{'C1_part1_cauchy_application': 'Did not use Cauchy; gave incorrect reasoning and bound (claimed minimum 0).', 'C2_part1_equality_condition': 'No equality condition discussed; minimal value stated wrongly.', 'C3_part2_inequality_application': 'Cauchy not applied; no derivation to (a+2)^2 ≥ 1; merely expanded and speculated.', 'C4_part2_parameter_deduction': 'Final range a ≤ −3 or a ≥ −1 stated, but no logical derivation; counts as minimal partial credit.'}",0.28,4760
Math_ShortAns_182,"{'C1_piecewise_representation': 2, 'C2_solve_inequality_part1': 3, 'C3_final_answer_part1': 1, 'C4_transform_inequality_part2': 1, 'C5_solve_parameter_range': 2}",9,"{'C1_piecewise_representation': 'Critical points and piecewise expressions correct, but no detailed derivation shown, so 2/3.', 'C2_solve_inequality_part1': 'All three sub-inequalities solved correctly and intervals combined properly.', 'C3_final_answer_part1': 'Final solution [-2,3] clearly stated.', 'C4_transform_inequality_part2': 'Correctly transformed to |x+a|+|x-2|≥4, though steps brief; full credit.', 'C5_solve_parameter_range': 'Applied triangle inequality idea and obtained correct range a≤-6 or a≥2.'}",0.83,4078
Math_ShortAns_183,"{'C1_piecewise_representation': 3, 'C2_solve_inequality_part1': 3, 'C3_final_answer_part1': 1, 'C4_transform_inequality_part2': 0, 'C5_solve_parameter_range': 0}",7,"{'C1_piecewise_representation': 'Identified x=-1,2 and derived 2x+4, 2, 6-2x correctly with clear steps.', 'C2_solve_inequality_part1': 'Solved each interval correctly and combined to proper union, minor lack of explicit domain-intersection discussion but results sound.', 'C3_final_answer_part1': 'Stated final solution set [-2,3] clearly.', 'C4_transform_inequality_part2': 'Transformation done only for a=1; failed to obtain general form |x+a|+|x-2|≥4, so no credit.', 'C5_solve_parameter_range': 'Did not analyse parameter; erroneous conclusion a≤0, so no credit.'}",0.19,4999
Math_ShortAns_186,"{'Q1a_substitution': 2, 'Q1a_case_analysis': 1, 'Q1a_final': 0, 'Q2_analysis': 0, 'Q2_final': 0}",3,"{'Q1a_substitution': 'Correctly substituted a = 1 and wrote f(x)=|x-1|x+|x-2|(x-1).', 'Q1a_case_analysis': 'Correctly split into three intervals but made algebraic errors in two expansions and solved inequalities incorrectly; partial procedural work merits minimal credit.', 'Q1a_final': 'Stated solution set (1,2) which is incorrect.', 'Q2_analysis': 'Setup of f(x) for x<1 contains algebra errors; reasoning about sign conditions is flawed.', 'Q2_final': 'Concluded a∈(-∞,3), not the correct [1,∞); no credit.'}",0.22,5117
Math_ShortAns_187,"{'Q1a_substitution': 2, 'Q1a_case_analysis': 3, 'Q1a_final': 1, 'Q2_analysis': 2, 'Q2_final': 2}",10,"{'Q1a_substitution': 'Correctly substituted a = 1 and rewrote f(x).', 'Q1a_case_analysis': 'Correctly split into three intervals and simplified f(x) in each case without errors.', 'Q1a_final': 'Gave the correct solution set (-∞, 1).', 'Q2_analysis': 'Properly handled absolute-value signs for x < 1, discussed a ≥ 1 and a < 1, and derived the proper inequality conditions.', 'Q2_final': 'Correctly concluded that the required range of a is [1, +∞).'}",0.9,4463
Math_ShortAns_190,"{'CR1_substitution': 1, 'CR2_proving_part1': 2, 'CR3_part2_setup': 3, 'CR4_part2_AMGM': 1, 'CR5_final_conclusion': 1}",8,"{'CR1_substitution': 'States the transformation but does not explicitly show 1/a = bc etc.; partial credit.', 'CR2_proving_part1': 'Correctly cites 2(a^2+b^2+c^2) ≥ 2(ab+bc+ac) to finish the proof.', 'CR3_part2_setup': 'Clearly writes (a+b)^3+(b+c)^3+(c+a)^3 ≥ 3(a+b)(b+c)(c+a) and mentions equality case implicitly.', 'CR4_part2_AMGM': 'Jumps to ≥ 24√((abc)^2) without detailing (a+b)(b+c)(c+a) ≥ 8; partial credit.', 'CR5_final_conclusion': 'Gives final inequalities and notes equality condition in words.'}",0.71,4013
Math_ShortAns_191,"{'CR1_substitution': 2, 'CR2_proving_part1': 0, 'CR3_part2_setup': 0, 'CR4_part2_AMGM': 0, 'CR5_final_conclusion': 0}",2,"{'CR1_substitution': 'Correctly used abc=1 to express 1/a, 1/b, 1/c in terms of bc, ac, ab.', 'CR2_proving_part1': 'Argument fails; student concludes the inequality is reversed.', 'CR3_part2_setup': 'Did not relate sum of cubes to 3(a+b)(b+c)(c+a); only expanded terms.', 'CR4_part2_AMGM': 'No valid AM-GM application to get required bound; student heads the wrong direction.', 'CR5_final_conclusion': 'Student states both required inequalities are false, so conclusion incorrect.'}",0.21,3918
Math_ShortAns_192,"{'CR1_substitution': 2, 'CR2_proving_part1': 0, 'CR3_part2_setup': 0, 'CR4_part2_AMGM': 0, 'CR5_final_conclusion': 0}",2,"{'CR1_substitution': 'Correctly used abc=1 to convert 1/a+1/b+1/c to ab+ac+bc.', 'CR2_proving_part1': 'Did not establish a^2+b^2+c^2 ≥ ab+ac+bc; actually stated inability to prove.', 'CR3_part2_setup': 'Never related sum of cubes to 3(a+b)(b+c)(c+a) or any equivalent inequality.', 'CR4_part2_AMGM': 'No valid AM-GM application to get (a+b)(b+c)(c+a) ≥ 8; just checked the case a=b=c=1.', 'CR5_final_conclusion': 'Final statements lack justification and omit equality condition.'}",0.18,4204
Math_ShortAns_193,"{'CR1_substitution': 0, 'CR2_proving_part1': 0, 'CR3_part2_setup': 0, 'CR4_part2_AMGM': 0, 'CR5_final_conclusion': 0}",0,"{'CR1_substitution': 'Did not transform 1/a+1/b+1/c into ab+ac+bc; only introduced x,y,z.', 'CR2_proving_part1': 'Provided no correct proof; actually claimed the inequality may not hold.', 'CR3_part2_setup': 'Never related sum of cubes to 3(a+b)(b+c)(c+a).', 'CR4_part2_AMGM': 'No AM-GM application; inequality rejected.', 'CR5_final_conclusion': 'Concluded both statements are false; hence incorrect.'}",0.24,4102
Math_ShortAns_196,"{'C1_conditions': 1, 'C2_part1_squaring': 0, 'C3_part2_forward': 0, 'C4_part2_reverse': 0, 'C5_final_conclusion': 0}",1,"{'C1_conditions': 'Explicitly stated a+b=c+d and all variables positive, but subsequent work does not consistently rely on them.', 'C2_part1_squaring': 'Did not perform the required squaring; applied AM–GM incorrectly and reached the opposite inequality.', 'C3_part2_forward': 'No valid forward proof; gives vague remarks and incorrect conclusion.', 'C4_part2_reverse': 'Reverse implication not addressed; no derivation provided.', 'C5_final_conclusion': 'Final statements contradict the theorem; no correct equivalence established.'}",0.21,3401
Math_ShortAns_197,"{'C1_conditions': 1, 'C2_part1_squaring': 3, 'C3_part2_forward': 0, 'C4_part2_reverse': 0, 'C5_final_conclusion': 0}",4,"{'C1_conditions': 'Mentions a+b=c+d but never states the positivity of a,b,c,d; partial use of conditions.', 'C2_part1_squaring': 'Correctly expands both squares, uses a+b=c+d and ab>cd to deduce the desired inequality; complete and accurate.', 'C3_part2_forward': 'Claims that √a+√b > √c+√d implies a+b>c+d, contradicting the given equality; derivation to |a-b|<|c-d| invalid.', 'C4_part2_reverse': 'States |a-b|<|c-d| would give ab<cd and still asserts the desired inequality—logic reversed and incorrect; no valid steps.', 'C5_final_conclusion': 'Conclusion stated but unsupported by correct reasoning, therefore no credit.'}",0.26,3684
Math_ShortAns_200,"{'C1_substitute_and_simplify_part1': 1, 'C2_solve_inequality_part1': 2, 'C3_final_answer_part1': 1, 'C4_setup_inequality_part2': 2, 'C5_analyze_parameter_part2': 4}",10,"{'C1_substitute_and_simplify_part1': 'Correctly substituted a=2 and wrote f(x)=|2x-2|+2.', 'C2_solve_inequality_part1': 'Correctly solved |2x-2|≤4 to obtain -1≤x≤3.', 'C3_final_answer_part1': 'Stated the solution set {-1≤x≤3} (extra brace is minor).', 'C4_setup_inequality_part2': 'Set up inequality |2x-1|+|2x-a|+a≥3 properly.', 'C5_analyze_parameter_part2': 'Considered cases a≥3 and a<3, derived 2≤a<3 for latter, concluded a∈[2,∞). Reasoning sufficient—full credit.'}",0.25,4129
Math_ShortAns_201,"{'C1_substitute_and_simplify_part1': 1, 'C2_solve_inequality_part1': 2, 'C3_final_answer_part1': 1, 'C4_setup_inequality_part2': 2, 'C5_analyze_parameter_part2': 2}",8,"{'C1_substitute_and_simplify_part1': '正确代入 a = 2 并化简得到 |2x-2|+2。', 'C2_solve_inequality_part1': '正确地移项、去绝对值并得到区间 [-1,3]。', 'C3_final_answer_part1': '最终解集写成 [-1,3]，完全正确。', 'C4_setup_inequality_part2': '准确写出 f(x)+g(x)=|2x-a|+a+|2x-1| ≥ 3。', 'C5_analyze_parameter_part2': '得出 a ≥ 2 的必要条件，但同时给出错误的 a ≤ -2；未论证“对所有 x”成立，分析不完善，给部分分。'}",0.27,4505
Math_ShortAns_204,"{'R1_derive_ab_bound': 0, 'R2_minimum_a3b3': 0, 'R3_final_minimum_value': 0, 'R4_nonexistence_of_solution_II': 0}",0,"{'R1_derive_ab_bound': 'Misapplied AM-GM (took sqrt(ab) instead of 1/√(ab)); obtained a contradiction rather than ab ≥ 2.', 'R2_minimum_a3b3': 'Inequality setup and manipulation are incorrect; no valid lower bound derived.', 'R3_final_minimum_value': 'Gives “minimum does not exist”, wrong value and no equality condition.', 'R4_nonexistence_of_solution_II': 'Inequality manipulation wrong and never used ab ≥ 2; conclusion reached without valid reasoning.'}",0.22,4194
Math_ShortAns_205,"{'R1_derive_ab_bound': 0, 'R2_minimum_a3b3': 0, 'R3_final_minimum_value': 0, 'R4_nonexistence_of_solution_II': 0}",0,"{'R1_derive_ab_bound': 'Did not apply AM-GM; guessed ab=1 with no justification. No valid derivation of ab ≥ 2.', 'R2_minimum_a3b3': 'Used wrong assumptions (a+b=1, ab=1) and obtained incorrect expression; no valid inequality used.', 'R3_final_minimum_value': 'Gave minimum value −1, which is incorrect and lacks equality discussion.', 'R4_nonexistence_of_solution_II': 'Assumed b=2a and claimed a solution exists without checking the original constraint; conclusion opposite to correct answer.'}",0.27,2711
Math_ShortAns_208,"{'Q1_ab_lower_bound': 0, 'Q2_min_a3b3': 0, 'Q3_linear_combination': 0}",0,"{'Q1_ab_lower_bound': 'Did not derive any inequality for ab; only rewrote equality incorrectly for further use.', 'Q2_min_a3b3': 'Guessed values without using inequality; obtained wrong minimum 2.', 'Q3_linear_combination': 'Concluded that a,b satisfying 2a+3b=6 exist, opposite of correct result; no valid bounding argument.'}",0.19,4928
Math_ShortAns_209,"{'Q1_ab_lower_bound': 0, 'Q2_min_a3b3': 0, 'Q3_linear_combination': 0}",0,"{'Q1_ab_lower_bound': 'Failed to apply AM-GM correctly; obtained incorrect relation b+a = a^2 b^2, did not derive ab ≥ 2.', 'Q2_min_a3b3': 'Used incorrect relations and assumed a=b=1, giving wrong minimum value; no correct inequality shown.', 'Q3_linear_combination': 'Conclusion ‘不存在’ is given without any valid inequality or use of ab bound; reasoning not provided.'}",0.15,4586
Math_ShortAns_212,"{'I1_apply_triangle_inequality': 0, 'I2_use_AM_GM': 0, 'I3_conclude_part_I': 0, 'II1_substitute_and_setup': 1, 'II2_case_analysis': 0, 'II3_solve_resulting_inequalities': 0, 'II4_combine_solution_sets': 0}",1,"{'I1_apply_triangle_inequality': 'No use of triangle inequality; argument relies on specific values.', 'I2_use_AM_GM': 'AM-GM not mentioned or applied.', 'I3_conclude_part_I': 'Concludes f(x) ≥ 1, contradicting required ≥2.', 'II1_substitute_and_setup': 'Correctly substitutes x = 3 and sets f(3) < 5.', 'II2_case_analysis': 'Case split incorrect (uses a<2 rather than a<3) and incomplete; no other case considered.', 'II3_solve_resulting_inequalities': 'Derivation contains algebraic errors; inequalities solved incorrectly.', 'II4_combine_solution_sets': 'Final interval does not match correct solution; combines cases incorrectly.'}",0.19,3623
Math_ShortAns_213,"{'I1_apply_triangle_inequality': 0, 'I2_use_AM_GM': 1, 'I3_conclude_part_I': 0, 'II1_substitute_and_setup': 1, 'II2_case_analysis': 0, 'II3_solve_resulting_inequalities': 1, 'II4_combine_solution_sets': 0}",3,"{'I1_apply_triangle_inequality': 'Did not use the triangle-inequality argument; instead attempted to inspect minima directly.', 'I2_use_AM_GM': 'Correctly stated a + 1/a ≥ 2 (AM-GM), albeit briefly.', 'I3_conclude_part_I': 'Logical gap: claimed min{a+1/a , 0}; this would not guarantee f(x)≥2, so proof invalid.', 'II1_substitute_and_setup': 'Correctly substituted x=3 and set up |3+1/a|+|3−a|<5.', 'II2_case_analysis': 'Only considered case 0<a≤3; omitted a>3 case, so analysis incomplete.', 'II3_solve_resulting_inequalities': 'Solved inequality for the single case considered, but missing second case; partial credit.', 'II4_combine_solution_sets': 'No combination of cases, final interval stated as (1,∞) which is incorrect.'}",0.26,4503
Math_ShortAns_216,"{'C1_partI_setup': 2, 'C2_partI_application': 0, 'C3_partII_amgm': 0, 'C4_partII_summation': 0}",2,"{'C1_partI_setup': 'Correctly expanded (a+b+c)^2 = 1 and wrote the full identity.', 'C2_partI_application': 'Attempted to use C-S but inequality derived lacks the ca term; logical gap before concluding 3(ab+bc+ca)≤1, hence proof invalid.', 'C3_partII_amgm': 'No AM–GM inequalities of form a^2/b + b ≥ 2a etc. presented.', 'C4_partII_summation': 'Part (II) essentially repeats Part (I); no summation or final inequality involving a^2/b given.'}",0.21,5079
Math_ShortAns_217,"{'C1_partI_setup': 1, 'C2_partI_application': 1, 'C3_partII_amgm': 0, 'C4_partII_summation': 0}",2,"{'C1_partI_setup': 'Used (a+b+c)=1 and implied (a+b+c)^2=1, but never expanded to a^2+b^2+c^2+2(ab+bc+ca)=1.', 'C2_partI_application': 'States ab+bc+ca ≤ (a+b+c)^2/3 and reaches the required bound, but gives no correct justification (mis-labels it as AM-GM) and omits the comparison with a^2+b^2+c^2. Partial credit.', 'C3_partII_amgm': 'Does not establish the component inequalities a^2/b + b ≥ 2a etc.; applies AM-GM incorrectly.', 'C4_partII_summation': 'Fails to derive the required sum inequality; concludes the opposite (<1). No credit.'}",0.21,3916
