script_id,scores,model_score,comments,confidence,tokens_used
Math_ShortAns_2,"{'F1_expand_first_term': 1, 'F2_transform_second_term': 1, 'F3_simplify_expression': 1, 'F4_final_answer': 1}",4,"{'F1_expand_first_term': 'The student applied a valid sine addition formula to expand sin(x+2φ), albeit in a different form than expected.', 'F2_transform_second_term': 'The rewriting of -2 sin φ cos(x+φ) using the identity is correctly executed.', 'F3_simplify_expression': 'The terms were grouped correctly, but the final simplification to sin x was not completed; partial credit awarded.', 'F4_final_answer': 'The final answer of 1 is correctly stated based on the maximum of sin x.'}",0.9,4215
Math_ShortAns_3,"{'F1_expand_first_term': 1, 'F2_transform_second_term': 1, 'F3_simplify_expression': 1, 'F4_final_answer': 0}",3,"{'F1_expand_first_term': 'The student expanded sin(x+2φ) correctly using an equivalent form.', 'F2_transform_second_term': 'The rewriting of -2 sin φ cos(x+φ) using the sum-difference formula is correct.', 'F3_simplify_expression': 'The terms were grouped correctly, but the student made an error in applying the identities to simplify (confusing the coefficients).', 'F4_final_answer': 'The final answer is incorrect; the correct maximum value is 1.'}",0.95,4501
Math_ShortAns_6,"{'C1_define_terms': 1, 'C2_form_equation': 1, 'C3_solve_for_q': 1, 'C4_calculate_S_n': 0, 'C5_final_answer': 0}",3,"{'C1_define_terms': 'The student correctly defined the terms of the geometric sequence.', 'C2_form_equation': 'The equation a₄² = a₆ was correctly formed.', 'C3_solve_for_q': 'The student correctly cancelled r⁵ and solved for r = 3, with the implicit understanding that r ≠ 0.', 'C4_calculate_S_n': 'The sum of the first five terms was computed incorrectly; the cancellation and fractional summing process lost a term, leading to an error.', 'C5_final_answer': 'The final answer is incorrect; the correct sum should be 121/3.'}",1.0,3894
Math_ShortAns_7,"{'C1_define_terms': 1, 'C2_form_equation': 1, 'C3_solve_for_q': 0, 'C4_calculate_S_n': 0, 'C5_final_answer': 0}",2,"{'C1_define_terms': 'The sequence terms were defined correctly.', 'C2_form_equation': 'The equation (1/3·r³)² = 1/3·r⁵ was set up correctly.', 'C3_solve_for_q': 'Instead of correctly solving r⁶ = 3r⁵ to get r = 3, the student arbitrarily assumed r = 2.', 'C4_calculate_S_n': 'The sum formula was not correctly applied; the student simply summed terms based on the wrong r.', 'C5_final_answer': 'The final answer S₅ = 31/3 is incorrect; the correct answer is 121/3.'}",1.0,3297
Math_ShortAns_10,"{'Q15_step1_rewrite_equation': 0, 'Q15_step2_geometric_interpretation': 0, 'Q15_step3_deduce_perpendicularity': 0, 'Q15_step4_final_answer': 0}",0,"{'Q15_step1_rewrite_equation': 'The student did not rewrite the given equation.', 'Q15_step2_geometric_interpretation': 'No geometric interpretation is provided.', 'Q15_step3_deduce_perpendicularity': 'No reasoning about perpendicularity or rectangle is present.', 'Q15_step4_final_answer': 'The final answer is given as 45°, which is incorrect.'}",1.0,1838
Math_ShortAns_11,"{'Q15_step1_rewrite_equation': 1, 'Q15_step2_geometric_interpretation': 0, 'Q15_step3_deduce_perpendicularity': 0, 'Q15_step4_final_answer': 0}",1,"{'Q15_step1_rewrite_equation': 'Correctly rewrote the equation as 2AO = AB + AC.', 'Q15_step2_geometric_interpretation': 'Did not identify the significance of the vector sum indicating alignment with the diameter of the circle.', 'Q15_step3_deduce_perpendicularity': 'Failed to derive the conclusion that AB and AC are perpendicular by geometric reasoning.', 'Q15_step4_final_answer': 'Final answer is incorrect; the student concluded 60° instead of the correct 90°.'}",,2358
Math_ShortAns_14,"{'C1_setup_equation': 1, 'C2_tangent_condition': 1, 'C3_solving_system': 0, 'C4_final_answer': 0}",2,"{'C1_setup_equation': ""The student correctly set up the circle's equation and substituted both given points."", 'C2_tangent_condition': 'The distance formulation for the tangency condition is correctly applied.', 'C3_solving_system': 'The student made an unjustified assumption (fixing x0=4) which led to an incorrect system solution.', 'C4_final_answer': 'The final answer is inconsistent and incorrect, with conflicting equations provided.'}",0.95,3377
Math_ShortAns_15,"{'C1_setup_equation': 1, 'C2_tangent_condition': 1, 'C3_solving_system': 1, 'C4_final_answer': 2}",5,"{'C1_setup_equation': 'The student correctly set up the general equation and substituted both point A and point B.', 'C2_tangent_condition': 'The student correctly used the distance from the center to the line equal to the radius as the tangency condition.', 'C3_solving_system': 'The system of equations was solved correctly yielding the center (3, 0).', 'C4_final_answer': 'The radius was computed correctly as √2 and the final equation (x-3)² + y² = 2 was correctly stated.'}",1.0,2998
Math_ShortAns_18,"{'C1_recursion_analysis': 0, 'C2_derive_group_sums': 0, 'C3_sum_computation': 0, 'C4_final_answer': 0, 'C5_solution_coherence': 0}",0,"{'C1_recursion_analysis': 'The student begins with some computations but fails to identify and explain the alternating structure and grouping of odd/even terms.', 'C2_derive_group_sums': 'There is no clear derivation of the pair sums or recognition of the constant and arithmetic sequence components.', 'C3_sum_computation': 'The sum is arbitrarily estimated without proper arithmetic series computation as required.', 'C4_final_answer': 'The final answer of 240 is incorrect; it does not match the correct answer of 1830.', 'C5_solution_coherence': 'The solution is disorganized and lacks logical flow, with insufficient justification for steps taken.'}",0.95,3452
Math_ShortAns_19,"{'C1_recursion_analysis': 0, 'C2_derive_group_sums': 0, 'C3_sum_computation': 0, 'C4_final_answer': 0, 'C5_solution_coherence': 0}",0,"{'C1_recursion_analysis': 'The student mentions the recurrence and computes a few terms but fails to explain the alternating structure or group the terms into odd/even-index pairs.', 'C2_derive_group_sums': 'There is no clear derivation of the sums for the identified groups; the arithmetic progression for even-index terms is completely missing.', 'C3_sum_computation': 'The student does not accurately compute the sum based on the groups and uses a flawed method (simply multiplying by 60).', 'C4_final_answer': 'The final answer of 180 is incorrect, and the computation leading to it is not properly justified.', 'C5_solution_coherence': 'The solution is disorganized and confusing, with misapplied recurrence relations and arithmetic errors.'}",1.0,3553
Math_ShortAns_22,"{'R1_recursion_derivation': 3, 'R2_closed_form_an': 3, 'R3_partial_fraction_b_n': 3, 'R4_telescoping_sum': 3}",12,"{'R1_recursion_derivation': 'Correctly set up and subtracted the two equations, and deduced aₙ₊₁ - aₙ = 2 with proper justification.', 'R2_closed_form_an': 'Correct identification of the initial value a₁ = 3 and deriving the arithmetic sequence aₙ = 2n + 1.', 'R3_partial_fraction_b_n': 'Accurately substituted the closed-form into bₙ and decomposed 1/[(2n+1)(2n+3)] into partial fractions.', 'R4_telescoping_sum': 'Telescoping series is correctly recognized, set up, and simplified to the final answer.'}",,4084
Math_ShortAns_23,"{'R1_recursion_derivation': 1, 'R2_closed_form_an': 0, 'R3_partial_fraction_b_n': 0, 'R4_telescoping_sum': 1}",2,"{'R1_recursion_derivation': 'The student rewrote the equation using the recursion Sₙ = Sₙ₋₁ + aₙ but did not derive the proper difference relation between aₙ₊₁ and aₙ.', 'R2_closed_form_an': 'Several guesses (aₙ = n, aₙ = n+1, aₙ = 2ⁿ) were attempted, none of which produced the correct closed-form aₙ = 2n+1.', 'R3_partial_fraction_b_n': 'The substitution led to bₙ = 1/((n+1)(n+2)) instead of the correct expression from aₙ = 2n+1. Although the partial fractions were decomposed in a telescoping form, it was based on an incorrect aₙ.', 'R4_telescoping_sum': 'The student recognized a telescoping structure and set up the sum as ∑(1/(k+1)–1/(k+2)), but the final simplification was erroneous.'}",0.95,5871
Math_ShortAns_26,"{'C1_transform_identity': 3, 'C2_determine_angle_C': 2, 'C3_setup_cosine_law_relation': 2, 'C4_use_area_relation': 2, 'C5_calculate_perimeter': 3}",12,"{'C1_transform_identity': 'Correctly transformed the identity using the sine theorem and sum formulas, arriving at 2cosC sinC = sinC.', 'C2_determine_angle_C': 'Deduced cos C = 1/2 and determined C = π/3 properly with full justification.', 'C3_setup_cosine_law_relation': 'Used the cosine law with cos C = 1/2 correctly to derive (a+b)² - 3ab = 7.', 'C4_use_area_relation': 'Applied the area formula correctly to find ab = 6 and then determined a+b = 5.', 'C5_calculate_perimeter': 'Calculated the perimeter as 5 + √7 correctly by combining the results.'}",1.0,3215
Math_ShortAns_27,"{'C1_transform_identity': 0, 'C2_determine_angle_C': 0, 'C3_setup_cosine_law_relation': 0, 'C4_use_area_relation': 0, 'C5_calculate_perimeter': 0}",0,"{'C1_transform_identity': 'The student does not correctly transform the given identity using sine functions; instead they arbitrarily set x=1 without justification.', 'C2_determine_angle_C': 'The student incorrectly deduced C = 90° without isolating cos C = 1/2 as required.', 'C3_setup_cosine_law_relation': 'The cosine law was mentioned but not properly applied to obtain the required relation among the sides.', 'C4_use_area_relation': 'The area relation was misused by assuming sin C = 1; this led to an incorrect computation of ab.', 'C5_calculate_perimeter': 'The perimeter was computed by arbitrarily assigning values to a and b, rather than deriving them from the established relations.'}",1.0,3657
Math_ShortAns_28,"{'C1_transform_identity': 0, 'C2_determine_angle_C': 0, 'C3_setup_cosine_law_relation': 0, 'C4_use_area_relation': 0, 'C5_calculate_perimeter': 1}",1,"{'C1_transform_identity': 'No proper transformation using the sine theorem was attempted; just a superficial substitution was made.', 'C2_determine_angle_C': 'Incorrectly assumed cos C = 0 leading to C = 90°, rather than properly isolating cos C.', 'C3_setup_cosine_law_relation': 'The cosine law was not correctly applied with cos C = 1/2 to derive any relation.', 'C4_use_area_relation': 'The area formula was not used to derive ab and connect it to (a+b), with no systematic work shown.', 'C5_calculate_perimeter': 'Although the final expression 5 + √7 is correct, it was based on an unjustified assumption (a+b = 5) without proper derivation.'}",,3438
Math_ShortAns_31,"{'I_Proof': 0, 'II_Assumption': 1, 'II_Relation': 0, 'II_Condition_and_Solution': 0}",1,"{'I_Proof': 'The student did not subtract the given equations or show the necessary factorization to deduce aₙ₊₂ - aₙ = λ.', 'II_Assumption': 'Although the student mentioned the form aₙ = a₁ + (n-1)d, they did not develop it further to properly set up the arithmetic assumption.', 'II_Relation': 'The student failed to link the derived relation from part (I) with the arithmetic sequence by equating aₙ₊₂ - aₙ to 2d.', 'II_Condition_and_Solution': 'No additional condition was derived to constrain λ, so the unique value (λ = 4) was not obtained.'}",0.9,4438
Math_ShortAns_32,"{'I_Proof': 0, 'II_Assumption': 3, 'II_Relation': 0, 'II_Condition_and_Solution': 0}",3,"{'I_Proof': 'The student did not perform the required subtraction of the general equations to derive aₙ₊₂ - aₙ = λ, instead only computing specific cases without a general proof.', 'II_Assumption': 'The student correctly assumed that if the sequence is arithmetic, then aₙ = 1 + (n-1)d and deduced aₙ₊₂ - aₙ = 2d.', 'II_Relation': 'The student failed to equate 2d to λ as required, and incorrectly claimed that 2d cannot equal a constant λ.', 'II_Condition_and_Solution': 'No additional condition was derived to obtain a unique value of λ; the answer incorrectly concludes that no such λ exists.'}",,4458
Math_ShortAns_33,"{'I_Proof': 0, 'II_Assumption': 2, 'II_Relation': 0, 'II_Condition_and_Solution': 0}",2,"{'I_Proof': 'The answer does not provide the required subtraction and factorization; it computes initial terms and then simply denies the relation.', 'II_Assumption': 'The student states the arithmetic sequence form but does not develop it further; partial credit is given for correctly writing a_n = 1+(n-1)d.', 'II_Relation': 'No link between a_{n+2} - a_n and 2d is established; no deduction of d = λ/2 is made.', 'II_Condition_and_Solution': 'The answer fails to derive the necessary condition (i.e., λ = 4) and concludes incorrectly that no such λ exists.'}",,3741
Math_ShortAns_36,"{'P1_event_identification': 0, 'P1_probability_calculation': 0, 'P2_event_modeling': 0, 'P2_probability_computation': 0}",0,"{'P1_event_identification': 'The answer fails to correctly identify the two mutually exclusive events leading to X = 2; it considers only one scenario.', 'P1_probability_calculation': 'The computation multiplies probabilities incorrectly (0.5×0.5) and ignores the proper probabilities based on serve conditions.', 'P2_event_modeling': 'The student does not properly model the event for X = 4 and A winning; the required split in first two points is not clearly or correctly established.', 'P2_probability_computation': 'The probability calculations for the sequences in part (2) are incorrect, misapplying serve probabilities and event order.'}",,3987
Math_ShortAns_37,"{'P1_event_identification': 0, 'P1_probability_calculation': 0, 'P2_event_modeling': 0, 'P2_probability_computation': 1}",1,"{'P1_event_identification': 'The student only considered the case where A wins both balls and neglected the scenario where B wins both balls, so the events are misidentified.', 'P1_probability_calculation': 'The student computed only a single product (0.5×0.5) resulting in 0.25, ignoring the alternate event, leading to an incorrect total probability.', 'P2_event_modeling': 'The required modeling (first two balls split, then A wins the next two) was not correctly identified; the student incorrectly stated the conditions.', 'P2_probability_computation': 'Although the student attempted calculations with two sequences, the chosen sequences and computations are in error, yielding 0.09 instead of the correct 0.1. Partial credit is given for attempting multiplication.'}",0.9,4249
Math_ShortAns_38,"{'P1_event_identification': 0, 'P1_probability_calculation': 0, 'P2_event_modeling': 0, 'P2_probability_computation': 0}",0,"{'P1_event_identification': 'The student failed to correctly identify the two mutually exclusive events for X=2 (i.e., consecutive wins by either player) and instead mixed up conditions.', 'P1_probability_calculation': 'The multiplication is applied only for one sequence (0.5 × 0.6) resulting in 0.3, while the correct approach should have included both sequences leading to a sum of 0.5.', 'P2_event_modeling': 'The event structure for X=4 and A winning is misinterpreted; the student does not correctly model the split in the first two balls followed by two consecutive A wins.', 'P2_probability_computation': 'The computed probabilities for part (2) are incorrect; incorrect sequences and serve probabilities were used, leading to an erroneous total probability.'}",1.0,4051
Math_ShortAns_41,"{'C1_derive_sine_equation': 0, 'C2_solve_for_B': 2, 'C3_setup_area_expression': 0, 'C4_determine_area_range': 0}",2,"{'C1_derive_sine_equation': 'The student correctly substitutes A+C = 180°-B, but then incorrectly converts sin((180°-B)/2) to sin(B/2), leading to a wrong trigonometric equation.', 'C2_solve_for_B': 'Although the final answer B = 60° is correct, the reasoning is flawed and incomplete, yielding only partial credit.', 'C3_setup_area_expression': 'The area expression is not properly set up using the sine law and the condition c=1; the student merely wrote a formula without necessary substitutions.', 'C4_determine_area_range': 'The student incorrectly deduced the area range as (0, 0.5) without proper consideration of the acute triangle constraints and correct computation.'}",,3527
Math_ShortAns_42,"{'C1_derive_sine_equation': 0, 'C2_solve_for_B': 0, 'C3_setup_area_expression': 0, 'C4_determine_area_range': 0}",0,"{'C1_derive_sine_equation': 'The student incorrectly substituted A+C = B instead of using A+C = 180° - B, leading to an incorrect derivation.', 'C2_solve_for_B': 'The student erroneously claimed that sin(B/2) = sinB and concluded B = 90° instead of correctly solving sin((A+C)/2) = sinB to get B = 60°.', 'C3_setup_area_expression': 'The area expression is set up improperly and does not incorporate the sine law substitution required by the rubric.', 'C4_determine_area_range': 'The area range derivation is inconsistent and not based on a proper analysis; the final bounds do not match the expected result.'}",,3165
Math_ShortAns_45,"{'R1_common_difference': 3, 'R2_general_term_sqrtSn': 0, 'R3_sum_expression_and_Sn': 0, 'R4_term_formula_and_arithmetic_proof': 0}",3,"{'R1_common_difference': 'The student correctly computed S₂ = 4a₁ and derived the common difference d = √a₁.', 'R2_general_term_sqrtSn': 'The student did not express the general term of {√Sₙ} as required.', 'R3_sum_expression_and_Sn': 'No derivation or simplification of Sₙ by squaring the general term was provided.', 'R4_term_formula_and_arithmetic_proof': 'The student failed to derive the general term aₙ and did not prove that {aₙ} is an arithmetic sequence; in fact, the conclusion was incorrect.'}",1.0,3554
Math_ShortAns_46,"{'R1_common_difference': 2, 'R2_general_term_sqrtSn': 0, 'R3_sum_expression_and_Sn': 0, 'R4_term_formula_and_arithmetic_proof': 0}",2,"{'R1_common_difference': 'The student correctly computed S₁, S₂ and the difference √S₂ - √S₁ = √a₁, but then misapplied the arithmetic property by stating the differences are not equal. Partial credit awarded.', 'R2_general_term_sqrtSn': 'No attempt was made to express the general term of {√Sₙ} as an arithmetic sequence.', 'R3_sum_expression_and_Sn': 'The student did not derive the expression for Sₙ by squaring the general term.', 'R4_term_formula_and_arithmetic_proof': 'There was no valid derivation of the general term aₙ or proof that {aₙ} is arithmetic; in fact, the student incorrectly assumed a₃ = 2a₁.'}",0.9,3989
Math_ShortAns_49,"{'C1_prove_arithmetic': 6, 'C2_express_terms': 2, 'C3_determine_first_term': 2, 'C4_find_Sn_min': 2}",12,"{'C1_prove_arithmetic': 'The derivation correctly subtracts the equations and deduces that aₙ – aₙ₋₁ = 1, establishing an arithmetic progression with common difference 1.', 'C2_express_terms': 'The expressions for a₄, a₇, and a₉ in terms of a₁ are correctly derived.', 'C3_determine_first_term': 'The geometric progression condition is properly applied to find a₁ = -12.', 'C4_find_Sn_min': 'The sum Sₙ is accurately computed and minimized, yielding the correct minimum value of -78.'}",1.0,4721
Math_ShortAns_50,"{'C1_prove_arithmetic': 0, 'C2_express_terms': 2, 'C3_determine_first_term': 0, 'C4_find_Sn_min': 0}",2,"{'C1_prove_arithmetic': 'The algebraic manipulation is incorrect. The student failed to properly derive and compare equations for consecutive n and did not deduce a_n - a_(n-1) = 1.', 'C2_express_terms': 'The terms a4, a7, and a9 are correctly expressed as a1+3d, a1+6d, and a1+8d.', 'C3_determine_first_term': 'While the geometric condition is set up, the student did not solve the equation to determine a1, leading to an incomplete result.', 'C4_find_Sn_min': 'The student misapplied the minimization by arbitrarily choosing d = 0 and incorrectly concluded that the minimum S_n is 0.'}",,3806
Math_ShortAns_53,"{'R1_setup_substitution': 1, 'R2_prove_geometric_sequence': 3, 'R3_prove_arithmetic_sequence': 2, 'R4_find_general_terms': 0, 'R5_overall_logic_and_presentation': 0}",6,"{'R1_setup_substitution': 'The student defines cₙ and dₙ but does not state the initial conditions explicitly.', 'R2_prove_geometric_sequence': 'The derivation for cₙ is correctly executed with clear steps leading to cₙ₊₁ = cₙ/2.', 'R3_prove_arithmetic_sequence': 'The subtraction is done correctly, showing dₙ₊₁ = dₙ + 2.', 'R4_find_general_terms': 'The attempt to find closed forms is made but the resulting formulas (aₙ = n² + 1, bₙ = n - 2) are not derived correctly.', 'R5_overall_logic_and_presentation': 'While part (1) is logically organized, the overall presentation lacks clarity and the final closed formulas are inconsistent with the derivations.'}",,4580
Math_ShortAns_54,"{'R1_setup_substitution': 1, 'R2_prove_geometric_sequence': 0, 'R3_prove_arithmetic_sequence': 0, 'R4_find_general_terms': 0, 'R5_overall_logic_and_presentation': 0}",1,"{'R1_setup_substitution': 'Defined the sequences cₙ and dₙ but did not state initial conditions or fully detail the substitution process.', 'R2_prove_geometric_sequence': 'The derivation for cₙ is incorrect; the student obtained cₙ₊₁ = (cₙ)/2 + 1 instead of the proper geometric recurrence.', 'R3_prove_arithmetic_sequence': 'The subtraction led to dₙ₊₁ = dₙ instead of showing an arithmetic sequence with common difference 2; then the student confused the type.', 'R4_find_general_terms': 'The proposed general terms aₙ = n and bₙ = n - 2 are unsupported and do not follow from valid algebraic steps.', 'R5_overall_logic_and_presentation': 'The solution lacks logical coherence and contains conflicting conclusions and self-admitted mistakes.'}",,4588
Math_ShortAns_55,"{'R1_setup_substitution': 1, 'R2_prove_geometric_sequence': 0, 'R3_prove_arithmetic_sequence': 2, 'R4_find_general_terms': 0, 'R5_overall_logic_and_presentation': 0}",3,"{'R1_setup_substitution': 'Defined new sequences cₙ and dₙ but did not mention the initial conditions explicitly.', 'R2_prove_geometric_sequence': 'Incorrect derivation: the recurrence for cₙ should be cₙ₊₁ = (1/2)cₙ, but the student obtained cₙ₊₁ = cₙ/2 + 1.', 'R3_prove_arithmetic_sequence': 'The derivation for dₙ is correct and complete.', 'R4_find_general_terms': 'Final answers for aₙ and bₙ are incorrect and inconsistent with the derived recurrences.', 'R5_overall_logic_and_presentation': 'The overall presentation lacks coherence and the final answers are not justified.'}",0.95,4285
Math_ShortAns_58,"{'C1_compute_r': 0, 'C2_interpret_r': 0, 'C3_identify_outlier_range': 1, 'C4_inspection_decision': 0, 'C5_recompute_statistics': 1}",2,"{'C1_compute_r': 'The calculation of r is fundamentally flawed due to an incorrect mean for i and inconsistent arithmetic leading to a grossly off result.', 'C2_interpret_r': 'Since the computed r is invalid, the conclusion that dimensions are increasing is not justified.', 'C3_identify_outlier_range': 'Though the student attempted to compute the range, the use of an incorrect multiplier (3s ≈ 0.75 instead of 0.636) results in an inaccurate interval.', 'C4_inspection_decision': 'The student misidentified the outlier by considering 9.22 as in-range and therefore incorrectly decided that no inspection was needed.', 'C5_recompute_statistics': 'The recomputed mean is correct, but the new standard deviation value is significantly off from the expected result.'}",1.0,5695
Math_ShortAns_59,"{'C1_compute_r': 4, 'C2_interpret_r': 2, 'C3_identify_outlier_range': 2, 'C4_inspection_decision': 2, 'C5_recompute_statistics': 2}",12,"{'C1_compute_r': 'The student correctly computed r ≈ -0.18, matching the expected calculation.', 'C2_interpret_r': 'The interpretation is clear and correctly concludes no systematic trend since |r| < 0.25.', 'C3_identify_outlier_range': 'The student accurately computed the acceptable range as approximately (9.33, 10.61).', 'C4_inspection_decision': 'The outlier (measurement 9.22) is correctly identified and the need for inspection is properly concluded.', 'C5_recompute_statistics': 'The recomputed mean (10.02) and standard deviation (0.09) after excluding the outlier are correctly calculated.'}",,4330
Math_ShortAns_60,"{'C1_compute_r': 1, 'C2_interpret_r': 1, 'C3_identify_outlier_range': 1, 'C4_inspection_decision': 0, 'C5_recompute_statistics': 0}",3,"{'C1_compute_r': 'The student attempted to compute r but used an incorrect mean for i (8 instead of 8.5), an erroneous sum (-5 instead of -2.78), and misapplied the formula, yielding an incorrect r value.', 'C2_interpret_r': 'The conclusion that there is no systematic trend is reached using a borderline incorrect value (|r| = 0.25), showing partial understanding.', 'C3_identify_outlier_range': 'The acceptable range is computed with a minor arithmetic error (3s computed as 0.6 instead of 0.636), which leads to an approximate range of (9.37, 10.57) rather than the correct (9.33, 10.61).', 'C4_inspection_decision': 'The student mistakenly claims all measurements are within the acceptable range, missing the clear outlier (9.22); thus, the decision on inspection is incorrect.', 'C5_recompute_statistics': 'Since the student erroneously states no outlier exists, the recalculated mean and standard deviation after outlier removal are not computed.'}",0.9,5185
Math_ShortAns_63,"{'C1_prove_origin_on_circle': 4, 'C2_use_point_P_and_determine_parameters': 0, 'C3_determine_circle_and_line_equations': 0}",4,"{'C1_prove_origin_on_circle': 'The student correctly set up the vertical line and found the intersection points, but made a calculation error in the dot product, leading to an incorrect conclusion.', 'C2_use_point_P_and_determine_parameters': 'No parameter was determined using point P; the student merely computed a distance with an incorrect center, without deriving the line parameter.', 'C3_determine_circle_and_line_equations': 'The final circle and line equations were not properly derived; the computed center is incorrect and the required final equations are missing.'}",0.95,4419
Math_ShortAns_64,"{'C1_prove_origin_on_circle': 2, 'C2_use_point_P_and_determine_parameters': 0, 'C3_determine_circle_and_line_equations': 1}",3,"{'C1_prove_origin_on_circle': 'The student correctly set up the line equation and attempted substitution, but made critical algebra mistakes and did not properly show the dot product condition.', 'C2_use_point_P_and_determine_parameters': 'No correct use of point P to derive restrictions on the parameter was provided; the required condition for determining the parameter is missing.', 'C3_determine_circle_and_line_equations': 'While a circle equation with center (1,0) and radius computed from P is given, the final line equation is unsupported and inconsistent with the process.'}",0.9,4632
Math_ShortAns_67,"{'Q20_P1_circle': 1, 'Q20_P1_dot_product': 0, 'Q20_P1_algebra': 0, 'Q20_P2_geometric_insight': 0, 'Q20_P2_line_equation': 0, 'Q20_P2_distance_chord': 0, 'Q20_P2_area': 0}",1,"{'Q20_P1_circle': 'Correctly rewrote the circle equation and identified center and radius.', 'Q20_P1_dot_product': 'Did not set up the required perpendicular vector dot product condition.', 'Q20_P1_algebra': 'Algebraic manipulation is incomplete and does not yield the correct locus equation.', 'Q20_P2_geometric_insight': 'Fails to properly connect the condition |OP| = |OM| with geometric insight.', 'Q20_P2_line_equation': 'The line equation is arbitrarily given without using proper slope relations.', 'Q20_P2_distance_chord': 'No correct computation or explanation relating distances to the chord length.', 'Q20_P2_area': 'The area computation is inconsistent and does not follow a correct method.'}",1.0,4802
Math_ShortAns_68,"{'Q20_P1_circle': 1, 'Q20_P1_dot_product': 0, 'Q20_P1_algebra': 0, 'Q20_P2_geometric_insight': 0, 'Q20_P2_line_equation': 0, 'Q20_P2_distance_chord': 0, 'Q20_P2_area': 0}",1,"{'Q20_P1_circle': ""Correctly rewrote the circle's equation and identified its center and radius."", 'Q20_P1_dot_product': 'Did not set up the perpendicularity condition using vectors.', 'Q20_P1_algebra': 'Algebraic manipulation is flawed; a proper locus equation for M was not derived.', 'Q20_P2_geometric_insight': 'No geometric reasoning linking |OP| = |OM| and the perpendicular bisector was provided.', 'Q20_P2_line_equation': 'Failed to derive the required line equation based on slope relationships.', 'Q20_P2_distance_chord': 'Did not compute the distances or use chord properties as required.', 'Q20_P2_area': ""Incorrect area computation; the triangle's area was calculated incorrectly.""}",,5016
Math_ShortAns_71,"{'Q20_C1_determine_parameters': 1, 'Q20_C2_write_ellipse_equation': 1, 'Q20_C3_setup_line_and_intersections': 1, 'Q20_C4_proof_of_fixed_point': 0}",3,"{'Q20_C1_determine_parameters': 'Only the final ellipse equation is given without showing the substitution steps for both A and B, so minimal partial credit is awarded.', 'Q20_C2_write_ellipse_equation': 'The final standard form of the ellipse is correctly stated.', 'Q20_C3_setup_line_and_intersections': 'A specific vertical line (x = 1) is assumed and the intersections with the ellipse are computed correctly, but the full setup (including discussion of general slope and derivation of T) is missing.', 'Q20_C4_proof_of_fixed_point': 'The answer merely states the final equation of line HN without providing any vector reasoning or derivation to prove it always passes through (0, -2).'}",,3921
Math_ShortAns_72,"{'Q20_C1_determine_parameters': 3, 'Q20_C2_write_ellipse_equation': 1, 'Q20_C3_setup_line_and_intersections': 1, 'Q20_C4_proof_of_fixed_point': 0}",5,"{'Q20_C1_determine_parameters': 'Substitution of points A and B is correctly done, yielding b^2 = 4 and a^2 = 3.', 'Q20_C2_write_ellipse_equation': 'The final ellipse equation is correctly expressed in standard form.', 'Q20_C3_setup_line_and_intersections': 'The student sets up the line through P but does not fully detail the intersection process or correctly derive point T.', 'Q20_C4_proof_of_fixed_point': 'The proof of the fixed point is incorrect; the student claims the fixed point is (0, 0) instead of (0, -2) and does not adequately justify the vector relation.'}",0.9,3440
Math_ShortAns_75,"{'Q20_C1_identification': 0, 'Q20_C2_derive_parameters': 0, 'Q20_C3_handle_vertical_case': 0, 'Q20_C4_nonvertical_setup': 0, 'Q20_C5_fixed_point_verification': 0}",0,"{'Q20_C1_identification': 'The student fails to properly identify the three points on the ellipse and their reasoning is flawed.', 'Q20_C2_derive_parameters': 'Instead of deriving a² and b² from the correct points, they arbitrarily set a = 5 and b = 3, which is incorrect.', 'Q20_C3_handle_vertical_case': 'No analysis of the vertical line case is provided.', 'Q20_C4_nonvertical_setup': 'The student sets a line with fixed intercept (t = 1) and does not derive the required relation using the slope condition.', 'Q20_C5_fixed_point_verification': 'The fixed point verification is not carried out properly; the argument is incomplete and lacks substitution.'}",1.0,4072
Math_ShortAns_76,"{'Q20_C1_identification': 0, 'Q20_C2_derive_parameters': 3, 'Q20_C3_handle_vertical_case': 0, 'Q20_C4_nonvertical_setup': 1, 'Q20_C5_fixed_point_verification': 0}",4,"{'Q20_C1_identification': 'The answer fails to identify the three correct points; it incorrectly concludes that all four points lie on the ellipse without proper symmetry justification.', 'Q20_C2_derive_parameters': 'The substitution using P2 and P3 is correctly performed to obtain b² = 1 and a² = 4, leading to the correct ellipse equation, despite misusing P1.', 'Q20_C3_handle_vertical_case': 'No analysis was provided for the vertical slope case, hence no credit.', 'Q20_C4_nonvertical_setup': 'While the non-vertical case is set up and the quadratic is derived, the necessary relation (t = -2k - 1) is not properly derived from the slope condition.', 'Q20_C5_fixed_point_verification': 'The fixed point verification is omitted; the answer only loosely concludes the fixed point existence without substitution or detailed justification.'}",,4966
Math_ShortAns_77,"{'Q20_C1_identification': 2, 'Q20_C2_derive_parameters': 3, 'Q20_C3_handle_vertical_case': 1, 'Q20_C4_nonvertical_setup': 2, 'Q20_C5_fixed_point_verification': 1}",9,"{'Q20_C1_identification': 'Correctly identified P2, P3, and P4 on C using symmetry.', 'Q20_C2_derive_parameters': 'Substitution led to correct parameters and final ellipse equation.', 'Q20_C3_handle_vertical_case': 'Acknowledges the vertical case but does not fully dismiss it with the slope condition.', 'Q20_C4_nonvertical_setup': 'Sets up the non-vertical case and quadratic but does not explicitly derive t = -2k - 1.', 'Q20_C5_fixed_point_verification': 'Mentions substituting x=2 to verify the fixed point but does not show the complete verification.'}",0.9,4163
Math_ShortAns_80,"{'Q21_1_rewrite_function': 2, 'Q21_1_derivative_monotonicity': 0, 'Q21_1_conclusion_signs': 1, 'Q21_2_setup_derivative': 1, 'Q21_2_solve_parameter': 0}",4,"{'Q21_1_rewrite_function': 'The student correctly rewrote f(x) for a=0 with proper interval indications.', 'Q21_1_derivative_monotonicity': 'No derivative analysis was provided to justify the monotonicity; only sign observations were made.', 'Q21_1_conclusion_signs': 'The conclusion about the signs of f(x) is stated, though not well connected to a rigorous derivative analysis.', 'Q21_2_setup_derivative': ""The student attempted to compute f'(x) but the derivative is incorrectly determined and h(x) is not clearly isolated."", 'Q21_2_solve_parameter': 'No valid computation of a was provided; the student arbitrarily chose a=1 without proper justification.'}",,3950
Math_ShortAns_81,"{'Q21_1_rewrite_function': 2, 'Q21_1_derivative_monotonicity': 0, 'Q21_1_conclusion_signs': 0, 'Q21_2_setup_derivative': 1, 'Q21_2_solve_parameter': 0}",3,"{'Q21_1_rewrite_function': 'The student correctly rewrote f(x) for a=0 and referenced the correct intervals.', 'Q21_1_derivative_monotonicity': 'No proper derivative or monotonicity analysis was provided to justify the sign conclusions.', 'Q21_1_conclusion_signs': 'The conclusion is incorrect for x > 0 as the student mistakenly deduced f(x) < 0 instead of f(x) > 0.', 'Q21_2_setup_derivative': 'An attempt was made to set up the derivative, but the expression is flawed and no clear numerator function h(x) was isolated.', 'Q21_2_solve_parameter': 'No computation of the second derivative or any attempt to solve for a was provided; the answer incorrectly suggests a may be arbitrary.'}",1.0,4898
Math_ShortAns_84,"{'C1_derivative': 1, 'C2_monotonicity_discussion': 0, 'C3_critical_point': 0, 'C4_inequality_proof': 0}",1,"{'C1_derivative': 'The student correctly differentiated ln x and (2a+1)x but incorrectly differentiated ax² (should be 2ax, not ax²) and did not simplify or factorize or mention the domain.', 'C2_monotonicity_discussion': ""No correct case analysis was provided; the student wrongly assumed f'(x) is always negative without proper discussion."", 'C3_critical_point': ""The student did not correctly set f'(x)=0 or identify the critical point for a<0."", 'C4_inequality_proof': 'The proof for the inequality is flawed, with an incorrect evaluation at x=1 and failure to transform and analyze the maximum value appropriately.'}",0.9,4370
Math_ShortAns_85,"{'C1_derivative': 3, 'C2_monotonicity_discussion': 2, 'C3_critical_point': 3, 'C4_inequality_proof': 4}",12,"{'C1_derivative': 'Correct differentiation, combining and factorization with domain noted.', 'C2_monotonicity_discussion': 'All cases (a=0, a>0, a<0) are correctly discussed with proper sign analysis.', 'C3_critical_point': 'The critical point is correctly obtained and its role as maximum is well explained.', 'C4_inequality_proof': 'The maximum value is correctly expressed, substitution is applied, and the auxiliary function analysis is complete.'}",,5076
Math_ShortAns_86,"{'C1_derivative': 2, 'C2_monotonicity_discussion': 0, 'C3_critical_point': 0, 'C4_inequality_proof': 0}",2,"{'C1_derivative': 'The derivative was computed correctly term‐by-term, but the required factorization and domain note were missing.', 'C2_monotonicity_discussion': 'The solution only considered a single case (asserting D < 0) and did not correctly discuss all cases (a = 0, a > 0, a < 0).', 'C3_critical_point': ""No attempt was made to locate the critical point by solving f'(x)=0 for a < 0."", 'C4_inequality_proof': 'The inequality proof is incorrect; the approach relies on evaluating f(1) and does not follow the necessary steps to establish the maximum value.'}",0.95,4697
Math_ShortAns_89,"{'C1_determine_m': 3, 'C2_monotonicity': 0, 'C3_transform_m_condition': 1, 'C4_prove_minimum_positive': 0}",4,"{'C1_determine_m': ""The student correctly set f'(0)=0 and solved for m=1."", 'C2_monotonicity': ""The student identified the domain but did not complete the analysis of the derivative's sign to conclude the monotonicity intervals."", 'C3_transform_m_condition': 'The student mentioned reducing the problem to m=2 but did not provide full justification.', 'C4_prove_minimum_positive': 'No attempt was made to prove f(x) > 0 for m=2; the proof remains undeveloped.'}",0.9,3571
Math_ShortAns_90,"{'C1_determine_m': 3, 'C2_monotonicity': 0, 'C3_transform_m_condition': 0, 'C4_prove_minimum_positive': 0}",3,"{'C1_determine_m': ""The student correctly differentiated f(x) and set f'(0)=0 to solve for m, yielding m=1."", 'C2_monotonicity': 'The answer lacks a correct analysis of the domain and sign of the derivative for m=1; the student gives an inconclusive and incorrect discussion of monotonicity.', 'C3_transform_m_condition': 'There is no valid reduction to the worst-case m=2. The explanation misuses inequalities and does not properly justify using the case m=2.', 'C4_prove_minimum_positive': 'The student fails to provide a correct proof that the function for m=2 has a unique minimum that is positive; the reasoning is flawed.'}",0.95,4228
Math_ShortAns_93,"{'C1_prove_f_ge_1': 2, 'C2_unique_zero_condition': 0, 'C3_deduce_final_a': 0}",2,"{'C1_prove_f_ge_1': 'Computed f(0)=1 and the derivative correctly, but the monotonicity analysis is incomplete and relies on sample evaluation rather than a rigorous argument.', 'C2_unique_zero_condition': ""Did not clearly identify or justify the connection to an auxiliary function; the discussion of f'(x)=0 is misapplied."", 'C3_deduce_final_a': 'The final answer a=2 is incorrect and the derivation process is vague without the necessary computation.'}",,3742
Math_ShortAns_94,"{'C1_prove_f_ge_1': 1, 'C2_unique_zero_condition': 0, 'C3_deduce_final_a': 0}",1,"{'C1_prove_f_ge_1': 'The student correctly computed f(0) = 1 but only used numerical examples instead of a rigorous derivative analysis to show monotonicity.', 'C2_unique_zero_condition': 'The answer does not establish a correct connection with an auxiliary function or properly analyze the condition for a unique zero.', 'C3_deduce_final_a': 'The student did not derive a final value for a; the suggested values (3 or 4) are mere guesses without justification.'}",0.95,3869
Math_ShortAns_95,"{'C1_prove_f_ge_1': 2, 'C2_unique_zero_condition': 0, 'C3_deduce_final_a': 0}",2,"{'C1_prove_f_ge_1': ""f(0) and f'(x) were computed correctly and the conclusion stated, but the monotonicity analysis is too superficial and lacks rigor."", 'C2_unique_zero_condition': 'The answer fails to properly connect the uniqueness of the zero to an auxiliary function or use a rigorous method; the explanation is flawed.', 'C3_deduce_final_a': 'The derivation of a is incorrect with an unjustified conclusion (a = 1/2) that does not follow from a valid analysis.'}",0.9,4209
Math_ShortAns_98,"{'P1_derivative_analysis': 0, 'P2_determining_a': 1, 'P3_using_ln_inequalities': 0, 'P4_estimating_product_and_m': 0}",1,"{'P1_derivative_analysis': 'No derivative was computed or monotonicity discussion provided.', 'P2_determining_a': 'While the answer concludes a = 1, the justification is insufficient and lacks detailed analysis.', 'P3_using_ln_inequalities': 'The required logarithmic inequality was not used to establish the bounds.', 'P4_estimating_product_and_m': 'The product estimation is incorrect and internal inconsistencies lead to a wrong conclusion.'}",,4316
Math_ShortAns_99,"{'P1_derivative_analysis': 0, 'P2_determining_a': 0, 'P3_using_ln_inequalities': 0, 'P4_estimating_product_and_m': 0}",0,"{'P1_derivative_analysis': 'No correct derivative analysis or monotonicity discussion was provided.', 'P2_determining_a': 'Although f(1) = 0 was noted, the reasoning is confused and leads to the incorrect conclusion a = -1 instead of a = 1.', 'P3_using_ln_inequalities': 'The logarithmic inequality was not used; the answer does not relate ln(1+1/2^k) to 1/2^k correctly.', 'P4_estimating_product_and_m': 'The product is estimated incorrectly, with an erroneous conclusion that the product tends to 0, leading to m = 1.'}",,3722
Math_ShortAns_100,"{'P1_derivative_analysis': 2, 'P2_determining_a': 3, 'P3_using_ln_inequalities': 3, 'P4_estimating_product_and_m': 2}",10,"{'P1_derivative_analysis': 'The student correctly differentiates f(x) and analyzes the sign by splitting into cases.', 'P2_determining_a': 'The argument that a must equal 1 using f(1)=0 and the minimum at x=a is clearly stated.', 'P3_using_ln_inequalities': 'The student uses ln(x) ≤ x-1 to deduce ln(1+1/2^k) < 1/2^k, though the explanation is brief.', 'P4_estimating_product_and_m': 'The estimation using the geometric series is set up and bounds are given, but the final reasoning is a bit implicit.'}",,4583
Math_ShortAns_103,"{'C1_domain_derivative': 0, 'C2_extremum_uniqueness': 0, 'C3_existence_roots': 1, 'C4_reciprocal_relation': 0}",1,"{'C1_domain_derivative': 'The derivative was computed incorrectly and the domain (x>0) was not mentioned.', 'C2_extremum_uniqueness': ""The student misinterprets the derivative's sign and fails to properly analyze or justify a unique extremum point."", 'C3_existence_roots': 'Although some sign evaluations were attempted, they are incomplete and do not establish two distinct roots.', 'C4_reciprocal_relation': 'No valid proof or algebraic manipulation is provided to show the reciprocal relationship between the roots.'}",,3893
Math_ShortAns_104,"{'C1_domain_derivative': 1, 'C2_extremum_uniqueness': 1, 'C3_existence_roots': 2, 'C4_reciprocal_relation': 1}",5,"{'C1_domain_derivative': '正确指出了定义域，但没有明确写出导数式，缺乏必要的详细推导。', 'C2_extremum_uniqueness': '虽指出唯一极值点的结论，但没有提供具体的单调性分析或符号变化验证，细节不足。', 'C3_existence_roots': '给出了分区讨论并声明存在两个根，但未用具体的数值评价或中间值定理的严谨论证支持。', 'C4_reciprocal_relation': '指出了两个根互为倒数，但没有作出充分的代数证明说明根的互逆关系。'}",1.0,3656
Math_ShortAns_105,"{'C1_domain_derivative': 1, 'C2_extremum_uniqueness': 3, 'C3_existence_roots': 1, 'C4_reciprocal_relation': 0}",5,"{'C1_domain_derivative': ""The derivative f'(x)= ln x - 1/x is correctly derived, but the domain (0, ∞) is not explicitly stated."", 'C2_extremum_uniqueness': ""The uniqueness is argued by showing g'(x) > 0 and monotonicity, satisfying the criterion."", 'C3_existence_roots': 'The evaluation at f(0.5) and f(1) hints at one root, but no valid interval is shown for the second root; the analysis is incomplete.', 'C4_reciprocal_relation': 'The reciprocal relation is merely claimed without any rigorous algebraic proof.'}",0.9,4165
Math_ShortAns_108,"{'C1_part1_monotonicity': 0, 'C2_part1_final_answer': 0, 'C3_part2_zeros_location': 0, 'C4_part2_final_argument': 0}",0,"{'C1_part1_monotonicity': 'The solution does not analyze the derivative or establish the monotonicity of f(x), missing the necessary reasoning.', 'C2_part1_final_answer': 'Although the student computed f(1) = e + 1 - a, they incorrectly deduced that a >= e + 1 instead of a <= e + 1.', 'C3_part2_zeros_location': 'The student incorrectly assumes both zeros lie in [1,2] and does not use the monotonicity of the function to conclude one zero is below 1 and the other above 1.', 'C4_part2_final_argument': 'The provided argument is flawed; using a sample value leading to x1x2 = 3 does not prove, and in fact contradicts, the required inequality x1x2 < 1.'}",1.0,3466
Math_ShortAns_109,"{'C1_part1_monotonicity': 3, 'C2_part1_final_answer': 2, 'C3_part2_zeros_location': 3, 'C4_part2_final_argument': 0}",8,"{'C1_part1_monotonicity': 'Correctly identified the domain and performed derivative analysis to conclude f(x) is decreasing on (0,1) and increasing on (1,+∞).', 'C2_part1_final_answer': 'Substituted x = 1, obtained f(1) = e + 1 - a, and deduced a ≤ e + 1 with adequate justification.', 'C3_part2_zeros_location': 'Stated that f(x) has two zeros with one less than 1 and the other greater than 1; though brief, it uses the monotonicity result appropriately.', 'C4_part2_final_argument': 'The argument intended to prove x1x2 < 1 is incomplete, repetitive, and does not conclusively establish the inequality.'}",,4660
Math_ShortAns_112,"{'P1_identify_parabola_constants': 4, 'P2_setup_intersections_and_slope_relations': 2, 'P3_optimize_angle_difference': 1, 'P4_final_line_equation': 1}",8,"{'P1_identify_parabola_constants': 'The student correctly identified the focus, set up the relation |MF| = p + p/2 = 3, solved for p, and provided the correct parabola equation.', 'P2_setup_intersections_and_slope_relations': 'Coordinates for points and the line MN are stated, and Vieta’s theorem is mentioned, but without sufficient detail for full credit.', 'P3_optimize_angle_difference': 'The answer hints at using the tangent difference formula and inequality but lacks an explicit derivation.', 'P4_final_line_equation': 'The final answer for the line AB is correct, but the derivation using intersection conditions and Vieta’s theorem is very superficial.'}",0.9,4181
Math_ShortAns_113,"{'P1_identify_parabola_constants': 0, 'P2_setup_intersections_and_slope_relations': 0, 'P3_optimize_angle_difference': 0, 'P4_final_line_equation': 0}",0,"{'P1_identify_parabola_constants': 'The answer misidentifies the distance |MF| by using |p - p/2| instead of the correct relation; none of the required steps (setting p+p/2=3, solving for p, and writing the correct parabola) is achieved.', 'P2_setup_intersections_and_slope_relations': 'The intersections and coordinate representations are not correctly set up. The answer does not establish the proper coordinates for M, N, A, B or use Vieta’s formulas.', 'P3_optimize_angle_difference': 'There is no correct derivation for tan(a - β) in terms of a variable, and the necessary optimization using inequalities is missing.', 'P4_final_line_equation': 'The final line equation is derived incorrectly with no proper calculation for the constant; the answer only presents a vague formula without proper justification.'}",1.0,3918
Math_ShortAns_114,"{'P1_identify_parabola_constants': 0, 'P2_setup_intersections_and_slope_relations': 0, 'P3_optimize_angle_difference': 0, 'P4_final_line_equation': 0}",0,"{'P1_identify_parabola_constants': 'The student misidentifies the focus (stating F = (p, 0) instead of (p/2, 0)) and incorrectly derives |MF| = |x1 - p|; the proper setup p + p/2 = 3 is completely missing.', 'P2_setup_intersections_and_slope_relations': ""No correct coordinate assignments or intersection setup using Vieta's formulas; the answer does not properly express the line MN or compute the coordinates."", 'P3_optimize_angle_difference': 'The derivation of the angle difference using slopes or tangent formulas is absent; the student does not correctly optimize a–β.', 'P4_final_line_equation': 'The final line equation is incorrectly given as y = 0, with no proper derivation or use of the calculated optimal slope; it does not match the expected result.'}",0.95,3902
Math_ShortAns_117,"{'C1_derive_function_expression': 1, 'C2_deduce_monotonic_intervals': 1, 'C3_analyze_inequality_and_maximize_product': 0}",2,"{'C1_derive_function_expression': ""The student correctly differentiates but fails to substitute x=0 and x=1 to determine f(0) and f'(1), leaving constants undetermined and the final expression incomplete."", 'C2_deduce_monotonic_intervals': 'They claim monotonicity for x > 0 without proper analysis or identifying the critical point; the analysis of the derivative is not fully justified.', 'C3_analyze_inequality_and_maximize_product': 'The transformation of the inequality and the subsequent optimization are not handled correctly; the final answer for (a+1)b is given without proper derivation.'}",,4463
Math_ShortAns_118,"{'C1_derive_function_expression': 1, 'C2_deduce_monotonic_intervals': 1, 'C3_analyze_inequality_and_maximize_product': 1}",3,"{'C1_derive_function_expression': ""The answer outlines the process (differentiate, substitute x = 1, etc.) but does not show the detailed computations (e.g. f(0)=1, f'(1)=e) or the final explicit expression."", 'C2_deduce_monotonic_intervals': ""The student states that monotonicity is analyzed by using f'(x) but does not provide the explicit derivative or identify the intervals with explanations."", 'C3_analyze_inequality_and_maximize_product': 'The answer correctly transforms the inequality into h(x) and mentions using the derivative to find the minimum, but lacks detailed steps and final maximization details.'}",0.95,3985
Math_ShortAns_121,"{'Q21_I_monotonicity': 2, 'Q21_II_b_max': 2, 'Q21_III_ln2_estimation': 0}",4,"{'Q21_I_monotonicity': 'The derivative was correctly computed and the inequality was mentioned, but the equality case was not properly discussed and the monotonicity conclusion was reversed.', 'Q21_II_b_max': 'The expression for g(x) was correctly written and expanded, but the analysis to derive a condition on b was missing, leading to an incorrect conclusion.', 'Q21_III_ln2_estimation': 'The provided bounds for √2 were not correctly linked to ln 2, and the final estimation is completely off.'}",1.0,3843
Math_ShortAns_122,"{'Q21_I_monotonicity': 0, 'Q21_II_b_max': 3, 'Q21_III_ln2_estimation': 1}",4,"{'Q21_I_monotonicity': 'The derivative is computed incorrectly (sign error) and the inequality e^x + e^(-x) ≥ 2 is not used; the conclusion on monotonicity is unclear.', 'Q21_II_b_max': 'The student correctly wrote f(2x) and set up g(x) and even stated b = 2, but the expansion and analysis (e.g., derivative or condition derivation) to justify b ≤ 2 is missing.', 'Q21_III_ln2_estimation': 'The approximate value ln 2 ≈ 0.693 (or 0.694) is mentioned, but the necessary intermediate steps connecting the given bounds of √2 to this estimate are not clearly provided.'}",0.9,4565
Math_ShortAns_125,"{'P1_monotonicity_analysis': 1, 'P2_maximum_absolute_value': 0, 'P3_product_inequality': 0}",1,"{'P1_monotonicity_analysis': 'The student computed the derivative but did not simplify it using trigonometric identities or identify the critical points; the conclusion on monotonicity is incorrect.', 'P2_maximum_absolute_value': 'The approach to find the maximum absolute value is flawed: the student wrongly chooses x = π/4 and does not use the periodicity or identified critical points; thus, no valid proof is provided.', 'P3_product_inequality': 'The student merely used the trivial bound sin²(…) ≤ 1, without any proper transformation or connection to the bound from part (2), failing to prove the required inequality.'}",1.0,4095
Math_ShortAns_126,"{'P1_monotonicity_analysis': 0, 'P2_maximum_absolute_value': 0, 'P3_product_inequality': 0}",0,"{'P1_monotonicity_analysis': 'The derivative computation is incomplete and contains errors. The monotonicity analysis is based on false assumptions (e.g., sin²x being negative), and critical points are not correctly determined.', 'P2_maximum_absolute_value': 'The student only rewrites the function and claims a maximum at π/6 without demonstrating periodicity or correctly computing and verifying the critical points as required.', 'P3_product_inequality': 'The product inequality part is handled incorrectly by using the trivial bound sin²(2^k x) ≤ 1, which does not address the transformation or use the bound from part (2) to reach the required inequality.'}",,4039
Math_ShortAns_127,"{'P1_monotonicity_analysis': 0, 'P2_maximum_absolute_value': 0, 'P3_product_inequality': 0}",0,"{'P1_monotonicity_analysis': 'The derivative is computed without proper use of trigonometric identities, and the critical points and sign analysis are entirely omitted; the conclusion about monotonicity is incorrectly justified.', 'P2_maximum_absolute_value': 'The student incorrectly simplifies |f(x)| and fails to use the periodicity and critical point evaluations needed to show the sharp bound of (3√3)/8.', 'P3_product_inequality': 'The approach is overly trivial by replacing each term with 1, with no proper transformation or use of the bound from part (2); the reasoning is insufficient.'}",0.95,3273
Math_ShortAns_130,"{'C1_rectangular_conversion': 2, 'C2_parameterization_P': 0, 'C3_intersection_analysis': 0}",2,"{'C1_rectangular_conversion': 'The student correctly converted the polar equation to x² + y² = 2√2 x but did not complete the square to express the circle in standard form.', 'C2_parameterization_P': 'The parameterization of point M and subsequent use of the vector relation were not correctly established; a specific point was arbitrarily chosen instead of a general derivation.', 'C3_intersection_analysis': 'No proper analysis was provided regarding the relative positions and intersections of the circles.'}",0.95,3869
Math_ShortAns_131,"{'C1_rectangular_conversion': 1, 'C2_parameterization_P': 0, 'C3_intersection_analysis': 0}",1,"{'C1_rectangular_conversion': 'The student correctly stated the polar-to-rectangular relations, earning 1 point, but produced inconsistent and incorrect substitutions without completing the square.', 'C2_parameterization_P': 'The parameterization for P is incomplete; the student did not properly express M in terms of the parameter or derive the final equations.', 'C3_intersection_analysis': 'There is no proper analysis of the intersection between the circles. The necessary computations of centers, radii, and distances are missing.'}",0.9,4189
Math_ShortAns_134,"{'C1_conversion': 0, 'C2_conversion': 0, 'Intersection_point': 0, 'Circle_construction': 0}",0,"{'C1_conversion': 'Incorrect use of the trigonometric identity; the student derived an incorrect relation (x = -4 + y instead of x + y = 4).', 'C2_conversion': 'Incorrect elimination of the parameter; the expected rectangular form x² - y² = 4 was not obtained.', 'Intersection_point': 'The intersection point was computed using the wrong equations, leading to an incorrect answer.', 'Circle_construction': 'The circle construction is completely off—the center, radius, and polar form are all incorrect.'}",1.0,3318
Math_ShortAns_135,"{'C1_conversion': 2, 'C2_conversion': 2, 'Intersection_point': 0, 'Circle_construction': 3}",7,"{'C1_conversion': ""The student correctly converted C1's parametric equations to the rectangular form x + y = 4."", 'C2_conversion': 'The student correctly provided the rectangular form x² - y² = 4 for C2.', 'Intersection_point': 'No work or explicit mention of the intersection point P was given, so no points are awarded.', 'Circle_construction': 'The final polar equation of the circle is correct, though no steps were shown; full credit is given for the correct result.'}",1.0,4270
Math_ShortAns_138,"{'C1_convert_C1': 2, 'C2_convert_C2': 0, 'C3_find_intersection': 0, 'C4_circle_center_radius': 0, 'C5_polar_equation': 0}",2,"{'C1_convert_C1': 'The conversion for C1 is correct, obtaining x + y = 4.', 'C2_convert_C2': 'The elimination of t for C2 is not properly executed; the expected result x² - y² = 4 is not derived.', 'C3_find_intersection': 'No valid intersection point P is computed from the system.', 'C4_circle_center_radius': ""The step to determine the circle's center and radius is not correctly established."", 'C5_polar_equation': 'The conversion to the polar equation is vague and does not lead to the correct form.'}",,3560
Math_ShortAns_139,"{'C1_convert_C1': 2, 'C2_convert_C2': 2, 'C3_find_intersection': 0, 'C4_circle_center_radius': 0, 'C5_polar_equation': 0}",4,"{'C1_convert_C1': ""The conversion of C1's parametric equations to x + y = 4 is correctly executed."", 'C2_convert_C2': 'The parameter elimination for C2 is correctly done, yielding x² - y² = 4.', 'C3_find_intersection': 'The intersection point of the curves is incorrectly computed; neither (4,0) nor (3,1) is correct.', 'C4_circle_center_radius': ""The method to determine the circle's center on the polar axis and the radius is either missing or incorrect."", 'C5_polar_equation': 'The conversion to the polar equation is not properly derived; the answer does not match the required form.'}",0.95,3680
Math_ShortAns_142,"{'P1_AMGM_application': 0, 'P1_final_conclusion': 0, 'P2_inequality_setup': 0, 'P2_final_conclusion': 0}",0,"{'P1_AMGM_application': 'The answer does not use the AM-GM inequality properly; instead, it incorrectly assumes a=b=c without establishing the inequality framework.', 'P1_final_conclusion': 'The conclusion is reversed (abc ≥ 1/9) and is based on incorrect algebraic manipulation, failing to show abc ≤ 1/9.', 'P2_inequality_setup': 'The setup for part (2) is incorrect. There is no proper use of the estimates based on b+c ≥ 2√(bc) and similar inequalities.', 'P2_final_conclusion': 'The final conclusion is incorrectly derived, with the inequality direction reversed and lacking proper connection to the given hypothesis.'}",,3154
Math_ShortAns_143,"{'P1_AMGM_application': 1, 'P1_final_conclusion': 0, 'P2_inequality_setup': 0, 'P2_final_conclusion': 0}",1,"{'P1_AMGM_application': 'The answer mentions using AM-GM, but the inequality is written with the wrong direction and the subsequent derivation is incorrect.', 'P1_final_conclusion': 'Incorrect conclusion; instead of deriving abc ≤ 1/9 with proper squaring and equality conditions, the answer gives inconsistent and wrong results.', 'P2_inequality_setup': 'No proper setup using b+c ≥ 2√(bc) is given; the provided rearrangement is incorrect and unrelated.', 'P2_final_conclusion': 'The final conclusion deviates from the required inequality and lacks the correct summation and equality condition.'}",,3545
Math_ShortAns_144,"{'P1_AMGM_application': 3, 'P1_final_conclusion': 2, 'P2_inequality_setup': 3, 'P2_final_conclusion': 2}",10,"{'P1_AMGM_application': 'Correctly noted a, b, c > 0 and applied AM-GM to a^(3/2), b^(3/2), c^(3/2), leading to (abc)^(1/2) ≤ 1/3 with clear explanation.', 'P1_final_conclusion': 'Properly squared the inequality to obtain abc ≤ 1/9 and stated the equality condition a=b=c.', 'P2_inequality_setup': 'Correctly used b+c ≥ 2√(bc) (and similar inequalities) and rewrote a/(b+c) as a/(2√(bc)) which is equivalently expressed in terms of a^(3/2) over 2√(abc).', 'P2_final_conclusion': 'Accurately summed the inequalities and substituted a^(3/2)+b^(3/2)+c^(3/2) = 1 to conclude the desired result, also noting the equality condition.'}",,3883
Math_ShortAns_145,"{'P1_AMGM_application': 0, 'P1_final_conclusion': 0, 'P2_inequality_setup': 0, 'P2_final_conclusion': 0}",0,"{'P1_AMGM_application': 'The student misapplies AM-GM: they incorrectly write the inequality and mishandle the exponent conversion, leading to an incorrect bound.', 'P1_final_conclusion': 'The final conclusion for part (1) is wrong; the student concludes abc ≤ 1/10, which is not only inconsistent with the derived bound but also contradicts the target result.', 'P2_inequality_setup': 'The setup for part (2) is flawed; the attempted substitution does not follow logically from b+c ≥ 2√(bc) and does not connect correctly to a^(3/2), b^(3/2), c^(3/2).', 'P2_final_conclusion': 'The final inequality in part (2) deviates significantly from the expected result, with the student arriving at a non-matching conclusion.'}",,3712
Math_ShortAns_148,"{'P1_part1_proof': 4, 'P2_part2_substitution': 1, 'P3_part2_Titu_lemma': 0}",5,"{'P1_part1_proof': ""The student correctly rewrote 4c² as (2c)² and applied the Cauchy inequality to obtain a+b+2c≤3, though calling it the 'trigonometric inequality' is a misnomer, the reasoning is correct."", 'P2_part2_substitution': 'The substitution b=2c was performed correctly to get a²+8c²=3, but the student did not use the result from part (1) to deduce a+4c ≤ 3, leading to an incomplete argument.', 'P3_part2_Titu_lemma': ""The student failed to apply Titu's lemma or a weighted inequality to deduce 1/a+1/c ≥ 3, instead introducing an unrelated substitution and concluding the inequality is false.""}",,3479
Math_ShortAns_149,"{'P1_part1_proof': 4, 'P2_part2_substitution': 1, 'P3_part2_Titu_lemma': 0}",5,"{'P1_part1_proof': 'Correct rewriting of 4c² as (2c)² and proper use of RMS-AM inequality to derive a + b + 2c ≤ 3.', 'P2_part2_substitution': 'Substitution b = 2c is attempted but does not lead to deducing a + 4c ≤ 3 as required; the connection with Part (1) is missing.', 'P3_part2_Titu_lemma': ""Incorrect approach for applying Titu's lemma or a weighted inequality; does not establish the required bound for 1/a + 1/c.""}",1.0,3958
Math_ShortAns_150,"{'P1_part1_proof': 1, 'P2_part2_substitution': 0, 'P3_part2_Titu_lemma': 0}",1,"{'P1_part1_proof': 'Attempted to use Cauchy-Schwarz but chose incorrect weights (using 1, 1, 2 instead of 1, 1, 1), leading to an incorrect bound.', 'P2_part2_substitution': 'Substituted b = 2c, but did not deduce the required relationship (a + 4c ≤ 3); instead, the substitution was misapplied.', 'P3_part2_Titu_lemma': 'Did not set up or apply Titu’s lemma (or equivalent weighted AM-HM) to reach the final inequality for 1/a + 1/c.'}",0.95,3814
Math_ShortAns_153,"{'P1_apply_cauchy_for_part1': 0, 'P2_conclude_part1_inequality': 0, 'P3_restructure_equation_for_part2': 0, 'P4_apply_amgm_and_deduce_bound': 0, 'P5_overall_logical_structure': 0}",0,"{'P1_apply_cauchy_for_part1': 'The answer does not show any clear application of the Cauchy inequality; instead it loosely cites trivial cases.', 'P2_conclude_part1_inequality': 'The substitution a^3 + b^3 = 2 is not used to derive a rigorous inequality; the substitution is only exemplified by a = b = 1 without general justification.', 'P3_restructure_equation_for_part2': 'There is an attempt to use the factorization of a^3+b^3, but no clear, step-by-step transformation is provided.', 'P4_apply_amgm_and_deduce_bound': 'No valid or clear application of the AM-GM inequality (or similar) appears; the conclusion a+b ≤ 2 is asserted without proper justification.', 'P5_overall_logical_structure': 'The overall answer is disorganized, with unclear reasoning and contradictory statements regarding a+b.'}",1.0,4326
Math_ShortAns_154,"{'P1_apply_cauchy_for_part1': 0, 'P2_conclude_part1_inequality': 0, 'P3_restructure_equation_for_part2': 1, 'P4_apply_amgm_and_deduce_bound': 0, 'P5_overall_logical_structure': 0}",1,"{'P1_apply_cauchy_for_part1': 'The answer does not use the Cauchy inequality at all; it avoids the required method.', 'P2_conclude_part1_inequality': 'There is no clear substitution of a³+b³=2 to derive (a+b)(a⁵+b⁵) ≥ 4, nor is the equality condition discussed.', 'P3_restructure_equation_for_part2': 'While the student makes an attempt by rewriting a³+b³ in terms of s and ab, the transformation is not detailed enough.', 'P4_apply_amgm_and_deduce_bound': 'There is no correct application of the AM-GM inequality; the deduction of a+b ≤ 2 is not rigorously established.', 'P5_overall_logical_structure': 'The overall proof is disorganized and lacks clear, systematic reasoning as required.'}",0.9,4118
Math_ShortAns_155,"{'P1_apply_cauchy_for_part1': 0, 'P2_conclude_part1_inequality': 0, 'P3_restructure_equation_for_part2': 1, 'P4_apply_amgm_and_deduce_bound': 0, 'P5_overall_logical_structure': 0}",1,"{'P1_apply_cauchy_for_part1': 'The answer does not use the Cauchy inequality at all and bypasses the required detailed steps.', 'P2_conclude_part1_inequality': 'No clear substitution of a^3+b^3=2 to derive the (a+b)(a^5+b^5) ≥ 4 inequality; the conclusion is missing proper reasoning.', 'P3_restructure_equation_for_part2': 'The student correctly rewrites a^3+b^3 as s(s^2-3p) and derives s^3 = 2+3ps, but the steps lack clarity and complete transformation.', 'P4_apply_amgm_and_deduce_bound': 'There is a vague contradiction argument for a+b ≤ 2; no proper use of AM-GM or similar inequality is shown.', 'P5_overall_logical_structure': 'The solution is disorganized with unclear transitions and incomplete arguments.'}",0.9,4975
Math_ShortAns_158,"{'C1_part1_cauchy': 0, 'C2_part2_AM_transformation': 1}",1,"{'C1_part1_cauchy': 'No proper use of Cauchy inequality was presented; the answer only verifies the inequality for a specific case (a = b = 1) without a general proof.', 'C2_part2_AM_transformation': 'While the student shows a factorization step and mentions a contradiction if a+b > 2, the transformation and the use of the AM inequality are incomplete and not rigorously justified.'}",1.0,3654
Math_ShortAns_159,"{'C1_part1_cauchy': 0, 'C2_part2_AM_transformation': 0}",0,"{'C1_part1_cauchy': 'The student did not apply the Cauchy inequality to derive a general proof; instead, only a special case (a=b=1) was verified, which does not fulfill the criterion.', 'C2_part2_AM_transformation': 'The student failed to perform the required transformation of a³+b³ and did not correctly apply the AM inequality to deduce a+b ≤ 2; the answer incorrectly concludes that a+b might exceed 2.'}",0.95,3203
Math_ShortAns_162,"{'P1_define_functions': 2, 'P2_analyze_inequality_part1': 0, 'P3_final_answer_part1': 0, 'P4_setup_inequality_part2': 0, 'P5_solve_for_a': 0}",2,"{'P1_define_functions': 'The student correctly defined f(x) for a=1 and g(x) piecewise.', 'P2_analyze_inequality_part1': 'The analysis on intervals is incorrect; the quadratic inequalities are mis-solved and gaps in the analysis exist.', 'P3_final_answer_part1': 'The final solution set is wrong, merging incorrect intervals.', 'P4_setup_inequality_part2': 'No proper setup of the inequality for x in [-1,1] was provided.', 'P5_solve_for_a': 'The final answer for the parameter a is incorrect; the derived range does not match the required conditions.'}",0.9,3880
Math_ShortAns_163,"{'P1_define_functions': 2, 'P2_analyze_inequality_part1': 1, 'P3_final_answer_part1': 2, 'P4_setup_inequality_part2': 2, 'P5_solve_for_a': 1}",8,"{'P1_define_functions': 'Correctly defined f(x) and provided the piecewise definition of g(x) on the necessary intervals.', 'P2_analyze_inequality_part1': 'Attempted to analyze the inequality by splitting into intervals and identifying the critical point (√17 − 1)/2, but the treatment of the interval x < -1 is flawed and inconsistent.', 'P3_final_answer_part1': 'Despite the errors in the interval analysis, the final answer for part (1) is correctly stated.', 'P4_setup_inequality_part2': 'Correctly set up the inequality for f(x) ≥ 2 over [-1,1] and transformed it to the necessary form.', 'P5_solve_for_a': 'Solved the resulting inequalities correctly to obtain a ∈ [−1, 1].'}",,4980
Math_ShortAns_166,"{'C1_param_to_cartesian': 1, 'C2_cartesian_to_polar_C1': 0, 'C3_intersection_setup': 1, 'C4_solving_system': 0, 'C5_final_answer_polar': 0}",2,"{'C1_param_to_cartesian': ""The answer merely states the circle's center and radius without fully eliminating the parameter; partial recognition but insufficient work."", 'C2_cartesian_to_polar_C1': 'The student incorrectly converts to polar form by directly writing ρ = 4 + 5 cosθ, which does not follow from the correct substitution.', 'C3_intersection_setup': 'They set up an equation by equating the two ρ expressions but used an incorrect polar form for C1.', 'C4_solving_system': 'The algebraic manipulation leading to tanθ = -5/2 is unjustified and not correctly solved.', 'C5_final_answer_polar': 'The final answer incorrectly claims infinitely many intersection points at θ = -π/6 and does not correctly convert the intersection points into polar coordinates.'}",0.9,5076
Math_ShortAns_167,"{'C1_param_to_cartesian': 2, 'C2_cartesian_to_polar_C1': 2, 'C3_intersection_setup': 2, 'C4_solving_system': 2, 'C5_final_answer_polar': 2}",10,"{'C1_param_to_cartesian': 'Correctly eliminated the parameter t to obtain (x-4)²+(y-5)²=25.', 'C2_cartesian_to_polar_C1': 'Proper substitution of x=ρcosθ and y=ρsinθ yielded the correct polar form.', 'C3_intersection_setup': 'Correctly set up the intersection by converting C2 to rectangular form and forming the system with C1.', 'C4_solving_system': 'Solved the system accurately to obtain the Cartesian intersection points (1,1) and (0,2).', 'C5_final_answer_polar': 'Correct conversion of the intersection points to polar coordinates.'}",,3724
Math_ShortAns_170,"{'Q1_proof_identity': 3, 'Q2_sign_conditions': 2, 'Q3_derivation_a_cube': 3, 'Q4_final_conclusion': 2}",10,"{'Q1_proof_identity': 'The student correctly expands (a+b+c)² and isolates ab+bc+ca, showing it is negative.', 'Q2_sign_conditions': 'The student clearly identifies that with max{a, b, c} = a, we have a > 0 and b, c < 0.', 'Q3_derivation_a_cube': 'The student derives a³ = (b+c)²/(bc) and applies the inequality to conclude a³ ≥ 4.', 'Q4_final_conclusion': 'The student properly concludes that max{a, b, c} ≥ ∛4, noting the condition for equality.'}",,4049
Math_ShortAns_171,"{'Q1_proof_identity': 1, 'Q2_sign_conditions': 0, 'Q3_derivation_a_cube': 0, 'Q4_final_conclusion': 1}",2,"{'Q1_proof_identity': 'The student expanded using substitution but only demonstrated the result with a single numerical example rather than a general proof via the identity.', 'Q2_sign_conditions': 'The student did not clearly identify or justify the required sign conditions for a, b, and c.', 'Q3_derivation_a_cube': 'The derivation is incomplete and does not correctly show how to arrive at a³ ≥ 4.', 'Q4_final_conclusion': 'The final conclusion is stated without proper justification.'}",,3602
Math_ShortAns_174,"{'C1_cauchy_part1': 0, 'C2_equality_condition_part1': 0, 'C3_transform_inequality_part2': 0, 'C4_deduce_parameter_range': 1}",1,"{'C1_cauchy_part1': 'No use of Cauchy inequality was attempted; the expansion and derivation are incorrect, leading to an incorrect minimum value.', 'C2_equality_condition_part1': 'The answer did not determine the equality condition properly; the values x = y = z = 1/3 are incorrect.', 'C3_transform_inequality_part2': 'No proper Cauchy inequality application was used to transform the inequality; the reasoning and derivation are missing.', 'C4_deduce_parameter_range': 'The final parameter range is stated correctly as a ≤ -3 or a ≥ -1, but with insufficient justification.'}",,4140
Math_ShortAns_175,"{'C1_cauchy_part1': 0, 'C2_equality_condition_part1': 0, 'C3_transform_inequality_part2': 0, 'C4_deduce_parameter_range': 0}",0,"{'C1_cauchy_part1': 'The answer did not apply the Cauchy inequality to establish a lower bound and instead resorted to substitution and incorrect value guessing.', 'C2_equality_condition_part1': 'No equality condition for the Cauchy inequality was mentioned or solved.', 'C3_transform_inequality_part2': 'The student did not use a Cauchy argument to transform the second inequality and did not derive (a+2)² ≥ 1.', 'C4_deduce_parameter_range': 'The final parameter range was not correctly deduced or justified; the deduction is incomplete and incorrect.'}",,4203
Math_ShortAns_178,"{'C1_part1_cauchy': 0, 'C2_part1_equality': 0, 'C3_part2_cauchy': 0, 'C4_part2_conclusion': 0, 'C5_final_answer_and_clarity': 0}",0,"{'C1_part1_cauchy': 'No application of the Cauchy–Schwarz inequality; the student incorrectly expanded the expression and used an incorrect sum (x+y+z=2 instead of 1).', 'C2_part1_equality': 'Failed to determine or use the equality condition for minimizing the expression.', 'C3_part2_cauchy': 'Did not apply the Cauchy–Schwarz inequality to the second part; only expanded terms without reaching the intended inequality.', 'C4_part2_conclusion': 'The conclusion for part (2) is incorrect and does not logically follow; the condition on a is misstated.', 'C5_final_answer_and_clarity': 'The final answers for both parts are unclear and erroneous, with poor logical flow.'}",1.0,3860
Math_ShortAns_179,"{'C1_part1_cauchy': 0, 'C2_part1_equality': 0, 'C3_part2_cauchy': 0, 'C4_part2_conclusion': 1, 'C5_final_answer_and_clarity': 0}",1,"{'C1_part1_cauchy': 'Does not apply the Cauchy–Schwarz inequality and instead incorrectly relies on expansion and a faulty substitution.', 'C2_part1_equality': 'Fails to identify the proper equality condition and does not use it to compute the minimum value.', 'C3_part2_cauchy': 'No proper application of the Cauchy–Schwarz inequality is present; merely expansion without reaching the intended inequality.', 'C4_part2_conclusion': 'Although the final range a ≤ -3 or a ≥ -1 is stated for part (2), the reasoning is confused and incomplete.', 'C5_final_answer_and_clarity': ""Final answers are given, but the explanation is unclear and part (1)'s answer is entirely incorrect.""}",0.95,4213
Math_ShortAns_182,"{'C1_piecewise_expression': 3, 'C2_solve_inequality_fx_ge_0': 3, 'C3_transform_fx_le_1': 2, 'C4_apply_triangle_inequality_and_solve_for_a': 2}",10,"{'C1_piecewise_expression': 'Correctly identified the critical points (-1 and 2) and derived the correct piecewise form.', 'C2_solve_inequality_fx_ge_0': 'Accurately solved the inequality on each interval and combined the solutions to obtain [-2, 3].', 'C3_transform_fx_le_1': 'Properly transformed f(x) ≤ 1 into |x+a| + |x-2| ≥ 4 with clear logical steps.', 'C4_apply_triangle_inequality_and_solve_for_a': 'Correctly applied absolute value properties to derive |a+2| ≥ 4, resulting in a ≤ -6 or a ≥ 2.'}",1.0,3587
Math_ShortAns_183,"{'C1_piecewise_expression': 3, 'C2_solve_inequality_fx_ge_0': 3, 'C3_transform_fx_le_1': 1, 'C4_apply_triangle_inequality_and_solve_for_a': 0}",7,"{'C1_piecewise_expression': 'Correctly identified the critical points and derived the correct piecewise expressions.', 'C2_solve_inequality_fx_ge_0': 'Solved inequalities for each interval appropriately and obtained the correct combined solution.', 'C3_transform_fx_le_1': 'Attempted the transformation, but incorrectly substituted a = 1; only partial credit awarded.', 'C4_apply_triangle_inequality_and_solve_for_a': 'Did not apply the triangle inequality to determine the range for a and gave an incorrect final answer.'}",,5209
Math_ShortAns_186,"{'C1_substitute_a1': 2, 'C2_piecewise_analysis_part1': 0, 'C3_analysis_part2_a_values': 0, 'C4_final_answer_and_logical_flow': 0}",2,"{'C1_substitute_a1': 'The student correctly substituted a = 1 and set up a piecewise formulation, but made calculation errors in expansion.', 'C2_piecewise_analysis_part1': 'The case analysis is flawed: incorrect expansion and wrong conclusions for each interval lead to the wrong solution set.', 'C3_analysis_part2_a_values': ""The analysis for part (2) is confused and incorrect; the student’s reasoning does not correctly separate the cases for 'a'."", 'C4_final_answer_and_logical_flow': 'The final answer is not consistent with a proper logical analysis of earlier steps.'}",0.9,4803
Math_ShortAns_187,"{'C1_substitute_a1': 3, 'C2_piecewise_analysis_part1': 3, 'C3_analysis_part2_a_values': 3, 'C4_final_answer_and_logical_flow': 1}",10,"{'C1_substitute_a1': 'The student correctly substituted a = 1 and set up the piecewise cases (x < 1, 1 ≤ x < 2, and x ≥ 2).', 'C2_piecewise_analysis_part1': 'The interval analysis is correct; for x < 1 the inequality holds (using (x-1)^2 > 0), and the remaining intervals yield no valid solutions.', 'C3_analysis_part2_a_values': 'The student distinguishes the cases a ≥ 1 and a < 1, and correctly concludes that only a ≥ 1 yields f(x) < 0 for all x in (-∞, 1), resulting in a ∈ [1, +∞).', 'C4_final_answer_and_logical_flow': 'The final answers for both parts are clearly stated with logical justifications.'}",0.95,4730
Math_ShortAns_190,"{'Q23_Part1_Substitution': 2, 'Q23_Part1_Inequality': 2, 'Q23_Part2_InequalitySetup': 2, 'Q23_Final_Conclusion': 1}",7,"{'Q23_Part1_Substitution': 'The student correctly indicates the substitution using abc = 1 to convert 1/a into bc, etc.', 'Q23_Part1_Inequality': 'The inequality proof is asserted using a basic inequality, but details are sparse.', 'Q23_Part2_InequalitySetup': 'The setup using (a+b)³+(b+c)³+(c+a)³ ≥ 3(a+b)(b+c)(c+a) and subsequently applying an inequality is mentioned, though the explanation is brief.', 'Q23_Final_Conclusion': 'The student concludes with the correct final forms and a brief mention of the equality condition without detailed explanation.'}",,4008
Math_ShortAns_191,"{'Q23_Part1_Substitution': 2, 'Q23_Part1_Inequality': 0, 'Q23_Part2_InequalitySetup': 0, 'Q23_Final_Conclusion': 0}",2,"{'Q23_Part1_Substitution': 'Correctly substituted 1/a = bc etc. using abc = 1.', 'Q23_Part1_Inequality': 'Did not establish a² + b² + c² ≥ ab + ac + bc; only compared both sums to 3, which is insufficient.', 'Q23_Part2_InequalitySetup': 'Expansion is correct but fails to use the proper inequality setup with AM-GM to reach the bound of 24.', 'Q23_Final_Conclusion': 'Final conclusions are incorrect; the student reverses the intended inequalities and does not discuss equality conditions.'}",0.95,4647
Math_ShortAns_192,"{'Q23_Part1_Substitution': 2, 'Q23_Part1_Inequality': 0, 'Q23_Part2_InequalitySetup': 1, 'Q23_Final_Conclusion': 0}",3,"{'Q23_Part1_Substitution': 'The substitution using abc = 1 to write 1/a = bc, etc. is correctly stated.', 'Q23_Part1_Inequality': 'The student fails to prove a²+b²+c² ≥ ab+ac+bc and misapplies AM-GM, reversing its direction.', 'Q23_Part2_InequalitySetup': 'The expansion is provided, but instead of a rigorous inequality approach using AM-GM and the product inequality, a test case a=b=c=1 is used; insufficient for full credit.', 'Q23_Final_Conclusion': 'The final conclusion is vague and does not properly establish the first inequality or detail the equality condition.'}",,4279
Math_ShortAns_193,"{'Q23_Part1_Substitution': 0, 'Q23_Part1_Inequality': 0, 'Q23_Part2_InequalitySetup': 0, 'Q23_Final_Conclusion': 0}",0,"{'Q23_Part1_Substitution': 'The student did not correctly use abc = 1 to substitute 1/a = bc, 1/b = ac, 1/c = ab; they only renamed the terms without making the needed substitution.', 'Q23_Part1_Inequality': 'The proof of a² + b² + c² ≥ ab + ac + bc was not provided; instead, an irrelevant inequality was cited which does not lead to the required result.', 'Q23_Part2_InequalitySetup': 'The student expanded the cubes but did not correctly apply the inequality (or AM-GM) to establish a lower bound of 24; the argument based on limits was mistaken.', 'Q23_Final_Conclusion': 'The final conclusions contradict the correct results, and the equality conditions were not discussed. Overall, no correct justification was provided for either part.'}",1.0,4065
Math_ShortAns_196,"{'C1_use_of_identity': 0, 'C2_part1_inequality': 0, 'C3_part2_necessity': 0, 'C4_part2_sufficiency': 0}",0,"{'C1_use_of_identity': 'The student did not correctly set up the squared identities or substitute a+b = c+d.', 'C2_part1_inequality': 'The student incorrectly used AM-GM instead of deducing √(ab) > √(cd) and derived the wrong inequality.', 'C3_part2_necessity': 'The necessity part is not properly derived; key steps using squared expressions and differences are missing.', 'C4_part2_sufficiency': 'The sufficiency argument is not provided with the required transformations and logical steps.'}",,3574
Math_ShortAns_197,"{'C1_use_of_identity': 3, 'C2_part1_inequality': 2, 'C3_part2_necessity': 0, 'C4_part2_sufficiency': 0}",5,"{'C1_use_of_identity': 'The student correctly wrote the squared expressions and used a+b=c+d, earning full marks here.', 'C2_part1_inequality': 'The derivation for part (1) is correct, deducing √(ab) > √(cd) and therefore the inequality holds.', 'C3_part2_necessity': 'The necessity part is incorrectly reasoned; the student mistakenly deduced a+b > c+d and did not apply the proper identities to relate ab and the difference of a, b.', 'C4_part2_sufficiency': 'No correct derivation was provided for the sufficiency direction; the necessary transformation to connect |a-b| and ab was missing.'}",,3385
Math_ShortAns_200,"{'P1_substitute_and_rewrite': 1, 'P2_solve_inequality_part1': 2, 'P3_final_solution_part1': 1, 'P4_setup_and_manipulate_part2': 1, 'P5_deduce_parameter_range_part2': 1}",6,"{'P1_substitute_and_rewrite': 'Correctly substituted a=2 and rewrote f(x) as |2x-2|+2.', 'P2_solve_inequality_part1': 'Properly isolated the absolute value and solved |2x-2| ≤ 4 to get x between -1 and 3.', 'P3_final_solution_part1': 'Final solution interval [-1, 3] is stated correctly.', 'P4_setup_and_manipulate_part2': 'The setup of the inequality f(x)+g(x) ≥ 3 is attempted and the division by 2 is applied, but the transformation and case analysis are vague and lack rigor.', 'P5_deduce_parameter_range_part2': 'While the final answer a ∈ [2, +∞) is correct, the deduction is not clearly or rigorously justified through a detailed case analysis.'}",0.9,5016
Math_ShortAns_201,"{'P1_substitute_and_rewrite': 1, 'P2_solve_inequality_part1': 2, 'P3_final_solution_part1': 1, 'P4_setup_and_manipulate_part2': 1, 'P5_deduce_parameter_range_part2': 0}",5,"{'P1_substitute_and_rewrite': 'The substitution a=2 and rewriting f(x)=|2x-2|+2 is correct.', 'P2_solve_inequality_part1': 'The inequality is correctly isolated and solved leading to -1 ≤ x ≤ 3.', 'P3_final_solution_part1': 'The final solution for x is correctly given as [-1, 3].', 'P4_setup_and_manipulate_part2': 'The inequality f(x)+g(x) ≥ 3 is set up and case-split attempted, but the analysis is incomplete and not fully justified.', 'P5_deduce_parameter_range_part2': 'The final parameter range is deduced incorrectly by including a ≤ -2; the correct answer should be a ∈ [2, +∞), so no credit is given.'}",0.9,5187
Math_ShortAns_204,"{'C1_derive_ab_inequality': 0, 'C2_minimum_a3_plus_b3': 0, 'C3_analyze_partII_no_solution': 1}",1,"{'C1_derive_ab_inequality': 'The answer misapplies AM-GM, yields a contradiction without deriving ab ≥ 2.', 'C2_minimum_a3_plus_b3': 'The computation for a³+b³ minimum is flawed and does not use the derived inequality correctly.', 'C3_analyze_partII_no_solution': 'While the conclusion (no solution for 2a+3b=6) is reached, the reasoning is incorrect and incomplete.'}",,3776
Math_ShortAns_205,"{'C1_derive_ab_inequality': 0, 'C2_minimum_a3_plus_b3': 0, 'C3_analyze_partII_no_solution': 0}",0,"{'C1_derive_ab_inequality': 'The student did not correctly derive the inequality; the assumption ab = 1 is unfounded and does not lead to ab ≥ 2.', 'C2_minimum_a3_plus_b3': 'The manipulation and computation for a³ + b³ are flawed, relying on the incorrect value of a + b and ab.', 'C3_analyze_partII_no_solution': 'The student incorrectly finds a purported solution for 2a + 3b = 6 without justifying that it fails the given conditions.'}",1,2760
Math_ShortAns_208,"{'R1_derive_ab_inequality': 0, 'R2_find_minimum_a3_plus_b3': 0, 'R3_explain_no_solution_for_linear': 0}",0,"{'R1_derive_ab_inequality': 'The student did not derive a·b ≥ 2; they only multiplied both sides by ab without further justification or use of AM-GM.', 'R2_find_minimum_a3_plus_b3': 'The student incorrectly guessed by plugging in values (a = b = 1) instead of applying the inequality method, and did not identify the correct equality case.', 'R3_explain_no_solution_for_linear': 'The student’s reasoning is vague and incorrect; they attempted substitution but incorrectly concluded that a solution exists without proper inequality analysis.'}",1.0,3253
Math_ShortAns_209,"{'R1_derive_ab_inequality': 0, 'R2_find_minimum_a3_plus_b3': 0, 'R3_explain_no_solution_for_linear': 1}",1,"{'R1_derive_ab_inequality': 'The derivation is incorrect; multiplying by ab was misapplied and the resulting manipulation is wrong.', 'R2_find_minimum_a3_plus_b3': 'The method to find a³+b³ minimum is flawed; key steps are missing and the assumption a=b=1 is incorrect.', 'R3_explain_no_solution_for_linear': ""Although the answer '不存在' is stated, the justification is very weak and lacks proper inequality analysis.""}",,2998
Math_ShortAns_212,"{'P1_triangle_inequality': 0, 'P2_AM_GM_application': 0, 'P3_substitution_and_case_segmentation': 1, 'P4_solving_inequalities': 0, 'P5_final_answer_and_interval_union': 0}",1,"{'P1_triangle_inequality': 'Did not apply the triangle inequality; the step to derive f(x) ≥ a + 1/a is missing and reasoning is confused.', 'P2_AM_GM_application': 'No AM–GM reasoning was used; the answer simply tests a=1 instead of applying the inequality.', 'P3_substitution_and_case_segmentation': 'x = 3 was substituted but the case analysis is incomplete and incorrectly partitioned (using a < 2 instead of the correct splits).', 'P4_solving_inequalities': 'The inequality is derived poorly and solved incorrectly; the manipulation leads to an incorrect conclusion.', 'P5_final_answer_and_interval_union': 'The final answer is incorrect; the union of intervals does not match the correct result based on the proper analysis.'}",0.95,4098
Math_ShortAns_213,"{'P1_triangle_inequality': 1, 'P2_AM_GM_application': 1, 'P3_substitution_and_case_segmentation': 1, 'P4_solving_inequalities': 1, 'P5_final_answer_and_interval_union': 0}",4,"{'P1_triangle_inequality': 'Student uses evaluation at specific points rather than clearly applying the triangle inequality, leading to unclear reasoning.', 'P2_AM_GM_application': 'Student states that a + 1/a ≥ 2 without a detailed justification; minimal use of AM–GM.', 'P3_substitution_and_case_segmentation': 'Substitutes x = 3 correctly but only considers one case (3 + 1/a ≥ 0 and 3 – a ≥ 0), omitting the necessary separate case analysis for a > 3.', 'P4_solving_inequalities': 'Derives the inequality for the single considered case but does not fully address or solve the inequality across all required cases.', 'P5_final_answer_and_interval_union': 'Final answer is given as (1, +∞), which is incorrect and does not combine the proper intervals derived from the analysis.'}",0.95,4889
Math_ShortAns_216,"{'P1_partI_identity': 1, 'P2_partI_conclusion': 2, 'P3_partII_inequalities': 0, 'P4_partII_conclusion': 0}",3,"{'P1_partI_identity': 'The student correctly states the expansion (a+b+c)² = a²+b²+c²+2(ab+bc+ca)=1 but does not properly justify using the inequality a²+b²+c² ≥ ab+bc+ca before deducing 3(ab+bc+ca) ≤ 1.', 'P2_partI_conclusion': 'The final conclusion for part (I) is stated correctly as ab+bc+ca ≤ 1/3, earning full credit for this part.', 'P3_partII_inequalities': 'There is no attempt to apply the auxiliary inequalities (a²/b)+b ≥ 2a, etc. for part (II); the answer repeats part (I) instead.', 'P4_partII_conclusion': 'No work towards deducing the final inequality for part (II) is provided.'}",,5030
Math_ShortAns_217,"{'P1_partI_identity': 1, 'P2_partI_conclusion': 2, 'P3_partII_inequalities': 0, 'P4_partII_conclusion': 0}",3,"{'P1_partI_identity': 'The student correctly obtained the final bound for ab+bc+ca using an inequality, but did not show the expansion or relate the squares to product terms as required by the rubric.', 'P2_partI_conclusion': 'They clearly conclude that ab+bc+ca ≤ 1/3 and check equality when a=b=c=1/3.', 'P3_partII_inequalities': 'The student’s approach for part (II) is incorrect; they misapply AM-GM and do not use the required auxiliary inequalities.', 'P4_partII_conclusion': 'The final conclusion for part (II) is wrong; the student incorrectly concludes that the sum is less than 1.'}",,4562
