script_id,confidence,model_score,scores,comments,tokens_used
Math_ShortAns_2,0.9,4,"{""C1"": 2, ""C2"": 1, ""C3"": 1}","{""C1"": ""The final answer of 1 is correct, but the derivation contains errors and confusion in applying trigonometric formulas."", ""C2"": ""The logical reasoning is only partially developed. The expansion steps are initiated but the student admits to using some wrong formulas and did not complete a clear argument."", ""C3"": ""The answer is incomplete. While parts of the required process are present, the overall explanation lacks rigor and consistency.""}",3580
Math_ShortAns_3,0.95,2,"{""C1"": 1, ""C2"": 1, ""C3"": 0}","{""C1"": ""The expansion of sine and cosine terms initially appears correct, but the student incorrectly combines the coefficients and mis-evaluates the expressions, leading to a wrong numerical outcome."", ""C2"": ""The reasoning shows an attempt to use the maximum value principle for a sinusoidal combination; however, a key error occurs in the computation of the coefficients, undermining the logical flow."", ""C3"": ""The answer is incomplete. The student stops after forming the combined sine\u2013cosine expression and provides an ambiguous final result, failing to clearly arrive at the correct maximum value.""}",3402
Math_ShortAns_6,0.95,3,"{""C1"": 1, ""C2"": 1, ""C3"": 1}","{""C1"": ""The student correctly derived the common ratio r = 3 and set up the terms appropriately, but the final numerical answer is incorrect."", ""C2"": ""While the reasoning in setting up the equation and cancelling terms is acceptable, the error during the arithmetic summation undermines the overall solution."", ""C3"": ""The solution shows an attempt at a complete process; however, the mistake in combining the terms (which should yield 121/3) makes the answer incomplete.""}",4001
Math_ShortAns_7,0.95,3,"{""C1"": 1, ""C2"": 1, ""C3"": 1}","{""C1"": ""The student correctly set up the general term expressions and derived the equation (1/9)r^6 = (1/3)r^5, but the critical step of solving for r was mishandled by arbitrarily assuming r = 2."", ""C2"": ""Logical reasoning is weakened by the unjustified leap in choosing r = 2 despite the derived equation clearly implying r = 3 when divided by r^5 (r \u2260 0)."", ""C3"": ""The answer is incomplete since, although the process was partly outlined, the final answer is incorrect due to the unjustified substitution and resulting wrong S5.""}",3755
Math_ShortAns_10,,0,"{""C1"": 0, ""C2"": 0, ""C3"": 0}","{""C1"": """", ""C2"": """", ""C3"": """"}",1519
Math_ShortAns_11,0.95,0,"{""C1"": 0, ""C2"": 0, ""C3"": 0}","{""C1"": ""The final answer is incorrect. The known correct answer is 90\u00b0 but the student concluded 60\u00b0 without proper justification."", ""C2"": ""The reasoning is confused and lacks a clear logical derivation from the vector equation. The steps do not logically lead to the claim of a 60\u00b0 angle."", ""C3"": ""The solution is incomplete. It does not use the circle properties or proper vector reasoning to derive the necessary relationships, and the answer is based on an unjustified assumption.""}",2099
Math_ShortAns_14,0.95,1,"{""C1"": 0, ""C2"": 1, ""C3"": 0}","{""C1"": ""The final answer is incorrect. The student\u2019s work does not yield the correct circle equation (the correct answer is (x-3)\u00b2 + y\u00b2 = 2)."", ""C2"": ""Some initial steps (writing the equations and the tangent condition) are on the right track, but the reasoning collapses due to wrong assumptions and inconsistent computations."", ""C3"": ""The solution is incomplete and internally contradictory, presenting two different circle equations without a coherent final result.""}",4499
Math_ShortAns_15,1.0,5,"{""C1"": 3, ""C2"": 1, ""C3"": 1}","{""C1"": ""The final equation (x-3)^2 + y^2 = 2 is correct."", ""C2"": ""The answer does not show any logical steps or explanation, which detracts from the reasoning aspect."", ""C3"": ""The response is incomplete in terms of process, despite presenting the correct final result.""}",4663
Math_ShortAns_18,1.0,0,"{""C1"": 0, ""C2"": 0, ""C3"": 0}","{""C1"": ""The final numerical answer of 240 is incorrect; the student did not arrive at the proper sum of the first 60 terms."", ""C2"": ""The logical reasoning is flawed. Although the initial steps are set up by plugging in small values of n, the student incorrectly assumes a pattern without proper justification and arbitrarily sets a1 to 0."", ""C3"": ""The solution is incomplete. Essential steps to derive a general expression for the sequence or a systematic way to sum the terms are missing, leading to a random estimation.""}",2651
Math_ShortAns_19,0.95,1,"{""C1"": 0, ""C2"": 1, ""C3"": 0}","{""C1"": ""The final answer 180 is incorrect. The student failed to correctly derive the recurrence or arrive at the correct sum."", ""C2"": ""There was an attempt to set up the recurrence relation, but the logical steps contain multiple mistakes, and the method becomes confused."", ""C3"": ""The solution is incomplete. The student did not find or justify a consistent pattern and abandoned the derivation before reaching a correct conclusion.""}",3154
Math_ShortAns_22,0.9,12,"{""C1"": 4, ""C2"": 8, ""C3"": 0}","{""C1"": ""In part (I), the student attempts to derive the formula by subtracting the recursive relations and concludes that the difference a(n+1) \u2212 a(n) is 2. This step is not rigorously justified though the final answer a(n) = 2n + 1 is correct. The reasoning lacks detailed explanation and proper handling of the subtraction step."", ""C2"": ""For part (II), the student correctly applies partial fraction decomposition to the term 1/(a(n)a(n+1)) and properly telescopes the sum. The final result, after simplification, is correctly obtained."", ""C3"": """"}",6385
Math_ShortAns_23,0.95,5,"{""C1"": 2, ""C2"": 2, ""C3"": 1}","{""C1"": ""The answer contains numerous miscalculations and unfounded assumptions. The derivation for the general term a_n is based on incorrect substitutions, and none of the tested forms (n, n+1, or 2^n) satisfy the given equation."", ""C2"": ""There is an attempt to use recursive reasoning and telescoping series for b_n, but the logical progression is flawed. The student repeatedly changes strategies without a correct or coherent justification."", ""C3"": ""The solution remains incomplete. The final formulas for both a_n and the sum of b_n are not correctly derived or clearly stated.""}",3729
Math_ShortAns_26,0.95,12,"{""C1"": 6, ""C2"": 6, ""C3"": 0}","{""C1"": ""The student correctly transformed the given condition using the sine law and appropriate trigonometric identities to obtain 2 cos C sin C = sin C. Canceling sin C (which is nonzero) yields cos C = 1/2, and thus C = \u03c0/3, which is correct."", ""C2"": ""For part (II), the student properly substituted cos C = 1/2 into the cosine law to derive the relation 7 = a\u00b2 + b\u00b2 - ab, reformulated it to (a+b)\u00b2 - 3ab = 7, used the area formula with sin C = \u221a3/2 to find ab = 6, and deduced (a+b)\u00b2 = 25 leading to a+b = 5. Finally, the perimeter was calculated as 5 + \u221a7. All steps are logical and correct."", ""C3"": """"}",5483
Math_ShortAns_27,0.9,1,"{""C1"": 0, ""C2"": 1, ""C3"": 0}","{""C1"": ""The final answer for angle C is not derived correctly. The student arbitrarily set x equal to 1 without any justification, which led to an unsupported conclusion that C = 90\u00b0. In part (II), the student uses this incorrect result and further assumes specific side lengths without any valid reasoning."", ""C2"": ""The logical approach is very weak. Although the student introduces a substitution and uses the area formula, the choices made (like setting x = 1 and assuming values for a and b) are unjustified and do not follow from the given equation or known triangle relations."", ""C3"": ""The answer is incomplete. Both parts of the problem were not properly addressed: the method to find C is flawed, and the perimeter calculation in part (II) relies on arbitrary assumptions. There is no consistent method to determine the unknown side lengths or relate them to the area.""}",2994
Math_ShortAns_28,1.0,0,"{""C1"": 0, ""C2"": 0, ""C3"": 0}","{""C1"": ""The answer is factually incorrect. For part (I) the correct value of angle C should be 60\u00b0 based on the projection formula, not 90\u00b0. For part (II) the perimeter derivation is based on an arbitrary assumption without any supporting calculation."", ""C2"": ""The reasoning is unsound. Instead of using known identities to simplify the given expression, the student simply assumed a value for cos C and for a+b without any justification."", ""C3"": ""The answer is incomplete. The derivation lacks proper steps or logical deductions required to arrive at the correct answers for both parts.""}",3793
Math_ShortAns_31,0.95,2,"{""C1"": 1, ""C2"": 1, ""C3"": 0}","{""C1"": ""The answer shows some initial computations but fails to correctly deduce that a\u2099\u208a\u2082 - a\u2099 = \u03bb. In part (II) the student does not identify the correct condition for the arithmetic sequence."", ""C2"": ""The reasoning is muddled. The derivation stops abruptly and the student does not logically link the computed expressions to the required conclusion."", ""C3"": ""The answer is incomplete. It does not provide a valid demonstration for part (I) and does not appropriately decide whether there exists a \u03bb making the sequence arithmetic.""}",3414
Math_ShortAns_32,0.95,3,"{""C1"": 2, ""C2"": 1, ""C3"": 0}","{""C1"": ""The student correctly computed a2 and a3 for specific cases, but did not establish the general relation a(n+2) - a(n) = lambda."", ""C2"": ""The logical reasoning in Part I is incomplete, and in Part II the student incorrectly argues that no such lambda exists, whereas in fact a careful analysis shows a particular lambda (namely 4) can work."", ""C3"": ""The answer is far from complete. The proof for Part I is abandoned without reaching the required general result, and the discussion in Part II is not based on a valid derivation.""}",3188
Math_ShortAns_33,0.9,4,"{""C1"": 2, ""C2"": 1, ""C3"": 1}","{""C1"": ""The answer correctly computes the first few terms from the recurrence but fails to prove the stated formula and reaches an incorrect conclusion in part (I) and (II)."", ""C2"": ""The logical steps are unclear and the reasoning does not lead to a valid derivation of a(n+2) \u2013 a(n) = \u03bb or address the condition for an arithmetic progression."", ""C3"": ""The answer is incomplete; it does not provide a proper proof for part (I) nor meaningful argumentation for deciding the existence of such a \u03bb in part (II).""}",3124
Math_ShortAns_36,0.95,4,"{""C1"": 2, ""C2"": 1, ""C3"": 1}","{""C1"": ""The answer misidentifies the probabilities \u2013 for instance, the second ball should use 0.4 for \u7532\u2019s chance when \u4e59 serves, not 0.5. This error in probability application leads to an incorrect value for P(X=2) as well as in part (2)."", ""C2"": ""The logical structure is flawed. The student does not correctly identify all finishing sequences for a win after 10:10 and mixes up serve order and scoring rules."", ""C3"": ""The solution is incomplete. It does not consider all required cases (such as the possibility of both players winning two consecutive points), and the reasoning for part (2) is inconsistent with the rules of the match.""}",3729
Math_ShortAns_37,0.95,2,"{""C1"": 1, ""C2"": 1, ""C3"": 0}","{""C1"": ""The numerical answers are incorrect. In part (1), the student incorrectly used 0.5 for the second ball instead of using the correct value of 0.4, resulting in an incorrect product. In part (2), the probabilities and combinations are not derived correctly."", ""C2"": ""The student attempted to establish a logical flow by listing possible scenarios, but the reasoning is flawed. The incorrect use of probabilities and unclear case distinctions harm the argument."", ""C3"": ""The answer lacks completeness. In both parts, not all necessary cases were correctly considered and the final derivations do not match the problem\u2019s requirements.""}",2975
Math_ShortAns_38,0.95,2,"{""C1"": 1, ""C2"": 1, ""C3"": 0}","{""C1"": ""The numerical answer for part (1) is incorrect. The student misunderstood the winning condition in a deuce: the match can end in two balls only when the same player wins both, and the probability computation should account for both players, not the mismatched events provided."", ""C2"": ""The logical reasoning is flawed as the student lists scenarios that do not lead to match termination in exactly two balls and combines probabilities incorrectly."", ""C3"": ""The answer is incomplete. It neglects the proper case analysis for a deuce situation and gives a superficial treatment of part (2) without correctly accounting for the conditions that must be satisfied.""}",2965
Math_ShortAns_41,0.95,6,"{""C1"": 4, ""C2"": 2, ""C3"": 0}","{""C1"": ""The student correctly obtained B = 60\u00b0 in part (1), but the answer for part (2) is not justified and is incorrect."", ""C2"": ""The logical reasoning behind part (1) is adequate, however the reasoning for deriving the area range is incomplete and based on an unsupported assumption."", ""C3"": ""The answer is incomplete as it does not properly solve part (2) and lacks necessary explanation and derivation.""}",4140
Math_ShortAns_42,1.0,0,"{""C1"": 0, ""C2"": 0, ""C3"": 0}","{""C1"": ""Part (1) is completely flawed. The student misinterprets the relation between A, B, and C by incorrectly deducing that sin(B/2) equals sin B and then concluding B = 90\u00b0. This error fundamentally undermines the derivation and is mathematically incorrect."", ""C2"": ""Part (2) provides an unsupported and inconsistent analysis. The student makes arbitrary statements about side lengths and maximum area without a proper derivation, and the conflicting maximum area values indicate a lack of proper reasoning. The answer does not correctly apply triangle properties or derive a meaningful range."", ""C3"": """"}",2497
Math_ShortAns_45,0.95,3,"{""C1"": 2, ""C2"": 1, ""C3"": 0}","{""C1"": ""The answer begins correctly by computing S2 using a2 = 3a1 but then fails to derive the proper relation between terms. It does not show the necessary algebraic manipulation to prove the sequence is arithmetic."", ""C2"": ""The logical steps are confused. The deduction using sqrt(S3) and the approximation S3 = S2 + a3 lacks clarity and is based on incorrect assumptions, leading to a false conclusion."", ""C3"": ""The proof is incomplete as it does not correctly demonstrate that the sequence {a_n} is arithmetic. Instead, it ends with the opposite conclusion, failing to meet the problem requirements.""}",2216
Math_ShortAns_46,0.95,0,"{""C1"": 0, ""C2"": 0, ""C3"": 0}","{""C1"": ""The solution does not arrive at the required result; the student incorrectly concludes that the sequence {a_n} is not arithmetic, directly contradicting the given statement."", ""C2"": ""The logical reasoning is flawed. Although S1 and S2 are computed correctly, the deduction that the difference in square roots does not match is not justified and the subsequent assumption for a3 is arbitrary."", ""C3"": ""The answer is incomplete. It stops without properly handling the arithmetic progression condition for {sqrt(S_n)} and does not successfully prove the arithmetic nature of {a_n}.""}",2414
Math_ShortAns_49,0.9,10,"{""C1"": 4, ""C2"": 3, ""C3"": 3}","{""C1"": ""The final results are correct. The student correctly shows that a_n - a_(n-1) = 1 (i.e. the sequence is arithmetic with common difference 1) and obtains a1 = -12 followed by S_n = n(n-25)/2, giving a minimum value of -78."", ""C2"": ""Although the key equations are used properly, the logical flow is very terse. The subtraction between the equations for n and n-1, as well as the reasoning for the minimal value via the quadratic vertex, is not clearly explained."", ""C3"": ""The answer is incomplete in its exposition. Some intermediate steps, especially the derivation leading to a1 and the minimization argument for S_n, are only briefly mentioned, despite the final answer being correct.""}",5853
Math_ShortAns_50,0.9,4,"{""C1"": 2, ""C2"": 1, ""C3"": 1}","{""C1"": ""The derivation is incorrect. The student mismanipulated the given equation and did not rigorously deduce that a(n) equals a1 + (n - 1)d. The use of the arithmetic form was assumed rather than proved."", ""C2"": ""There is a lack of clear logical flow. Steps such as substituting into the equation and claiming the equality holds for all n are unjustified."", ""C3"": ""The answer is incomplete. Both parts of the problem are only partially addressed and the final answer for S(n)\u2019s minimum is not rigorously derived.""}",4417
Math_ShortAns_53,0.9,10,"{""C1"": 4, ""C2"": 4, ""C3"": 2}","{""C1"": ""The student correctly derived the recurrence for c\u2099 and d\u2099 in part (1), showing that c\u2099 is geometric and d\u2099 is arithmetic. However, the final closed\u2010form formulas for a\u2099 and b\u2099 in part (2) are incorrect."", ""C2"": ""The reasoning in part (1) is sound and the computations are clear. In part (2) the approach seems confused and the guessed pattern does not satisfy the recurrence, indicating incomplete logical derivation."", ""C3"": ""The answer is incomplete. While part (1) is properly demonstrated, part (2) lacks a correct derivation and verification of the closed forms, leading to an incorrect conclusion.""}",5606
Math_ShortAns_54,0.95,4,"{""C1"": 2, ""C2"": 1, ""C3"": 1}","{""C1"": ""The derivations contain significant computational errors. In summing the equations for c\u2099, the student mistakenly added an extra term and reached an incorrect recurrence. Also, the result for d\u2099 is inconsistent, as it is claimed to be both geometric and arithmetic."", ""C2"": ""The logical reasoning is muddled. The answer contains contradictory statements about which sequence is geometric or arithmetic, indicating a lack of clear analytical progression."", ""C3"": ""The answer is incomplete. The student did not correctly establish the properties for part (1) and did not properly derive the general formulas for a\u2099 and b\u2099 in part (2).""}",3542
Math_ShortAns_55,0.95,6,"{""C1"": 3, ""C2"": 2, ""C3"": 1}","{""C1"": ""The answer shows a partial understanding. The student correctly derived that the difference sequence d\u2099 is arithmetic (d\u2099\u208a\u2081 = d\u2099 + 2), but completely miscomputed the sum sequence c\u2099. Instead of proving that c\u2099 is geometric, the student obtained c\u2099\u208a\u2081 = (c\u2099)/2 + 1, which contradicts the requirement. Also, the final formulas for a\u2099 and b\u2099 are unjustified and inconsistent with the initial conditions."", ""C2"": ""The logical reasoning is flawed. Although the student attempted to use substitutions with c\u2099 and d\u2099 and showed correct manipulation for d\u2099, the steps for c\u2099 and for obtaining the closed\u2010form formulas are confusing and erroneous."", ""C3"": ""The answer is incomplete. Part (1) fails to establish that a\u2099 + b\u2099 is a geometric sequence, and the derivation for part (2) is only a rough guess without a rigorous argument.""}",4908
Math_ShortAns_58,1.0,1,"{""C1"": 0, ""C2"": 0, ""C3"": 1}","{""C1"": ""The calculation of the correlation coefficient is fundamentally flawed. The student misidentifies the mean of the production order, uses inconsistent values, and ends up with an impossible value (13.33), which indicates a gross error in method and arithmetic."", ""C2"": ""The conclusion that parts\u2019 dimensions increase over time is based on the incorrect correlation coefficient and does not follow logically from a proper computation."", ""C3"": ""There is an attempt to compute the outlier thresholds, but the student uses an imprecise and incorrect calculation for 3 times the standard deviation.""}",4987
Math_ShortAns_59,0.95,9,"{""C1"": 4, ""C2"": 3, ""C3"": 2}","{""C1"": ""The answer correctly states that |r| < 0.25 (with r approx -0.18) and draws the proper conclusion."", ""C2"": ""The logical connection between the threshold and the conclusion is made, although no calculation details are provided."", ""C3"": ""The answer is very brief and lacks any computational work or explanation beyond the final conclusion.""}",11729
Math_ShortAns_60,0.9,5,"{""C1"": 2, ""C2"": 2, ""C3"": 1}","{""C1"": ""The answer contains multiple calculation errors. The student incorrectly computes the mean (using 10.07 instead of 9.97), misapplies the variance and correlation formulas, and obtains a value for r that is inconsistent with the data. Additionally, the value for i\u2019s mean is wrong and the multiplication in the correlation numerator is handled poorly."", ""C2"": ""The reasoning is flawed. The student\u2019s approach to compute the correlation coefficient and to decide if a trend exists does not follow the proper statistical procedure. The conclusion that |r| < 0.25 holds is based on an erroneous calculation. The transition from computing sums to a final decision is not logically justified."", ""C3"": ""The answer is incomplete. In part (2), the proper range for outlier detection is not accurately computed, the abnormal value (9.22) is overlooked, and the procedure for re-estimating the mean and standard deviation after removing outliers is not thoroughly executed.""}",3958
Math_ShortAns_63,1.0,0,"{""C1"": 0, ""C2"": 0, ""C3"": 0}","{""C1"": ""None of the provided computations or assumptions are correct. The student incorrectly restricts the straight line to the vertical case and then miscomputes the intersection with the parabola, leading to wrong coordinates for A and B. In part (2), the use of an assumed center (3,1) is unjustified and the computed distances are irrelevant."", ""C2"": ""The reasoning is flawed throughout. The student neglects the general case for the line, uses incorrect substitutions into the parabola, and performs an invalid vector analysis that leads to an incorrect conclusion about the location of O relative to circle M."", ""C3"": ""The answer is fragmentary, only addressing isolated computational snippets without a coherent complete solution for either (1) or (2). Critical steps and logical deductions necessary for the full proof are missing.""}",5571
Math_ShortAns_64,0.9,3,"{""C1"": 1, ""C2"": 1, ""C3"": 1}","{""C1"": ""The mathematical work is largely incorrect. The student incorrectly fixes the intersection points as (1, \u221a2) and (1, -\u221a2), which does not hold for a general line through (2,0) and leads to an incorrect determination of the circle\u2019s center and radius."", ""C2"": ""There is an attempt to develop a method using substitution, Vieta\u2019s formulas, and the geometric properties of the diameter circle, but the chain of reasoning is confused and contains several errors."", ""C3"": ""The answer is incomplete. In part (1), the student fails to properly prove that the origin lies on the circle, and in part (2) the derivation of the tangent line (or the sought line) is not justified correctly.""}",5366
Math_ShortAns_67,0.95,5,"{""C1"": 2, ""C2"": 2, ""C3"": 1}","{""C1"": ""The student\u2019s answer begins with a reasonable setup for the line\u2019s equation but quickly makes incorrect substitutions in the circle\u2019s equation and produces an unclear expression for the midpoint M. The derivation is incorrect and does not lead to the proper locus."", ""C2"": ""The logical reasoning is weak: the steps are not justified, multiple algebraic errors occur, and the student admits confusion. Arbitrary substitutions (like setting Mx = 4 and My = 2) do not follow from the prior work."", ""C3"": ""The solution is incomplete. The student does not properly finish finding M\u2019s locus or convincingly determine the line and triangle area when |OP| = |OM|. Many parts of the answer appear to be guessed without proper derivation.""}",3049
Math_ShortAns_68,0.95,4,"{""C1"": 2, ""C2"": 1, ""C3"": 1}","{""C1"": ""The student\u2019s work shows an attempt to set up the problem by writing the line equation and substituting into the circle\u2019s equation, but the algebraic expansion is incorrect and the substitution into the circle (after completing the square) is not handled properly."", ""C2"": ""The logical reasoning falters when using the midpoint formula and then trying to eliminate the parameter k. The parameter form remains unresolved instead of deriving an explicit locus equation."", ""C3"": ""The solution does not fully address the problem. In part (2) the student miscalculates |OP| (which should be sqrt(8) rather than 2) and incorrectly determines the coordinates of M, leading to an incorrect area. Overall, many essential steps are either mistaken or missing.""}",3395
Math_ShortAns_71,1.0,4,"{""C1"": 4, ""C2"": 0, ""C3"": 0}","{""C1"": ""The ellipse equation is correctly derived as x^2/3 + y^2/4 = 1."", ""C2"": ""The second part is completely incorrect. The student mistakenly chose the vertical line x = 1, which does not even pass through the given point P(1,-2) and leads to wrong intersection points and an erroneous claim about the fixed point. There is no proper derivation or proof provided for the fixed point property."", ""C3"": """"}",4392
Math_ShortAns_72,0.95,1,"{""C1"": 1, ""C2"": 0, ""C3"": 0}","{""C1"": ""The answer contains a very incomplete and incorrect account for part (2) and completely omits part (1). The substitution is set up but no valid calculation is carried through."", ""C2"": ""The reasoning is very vague. The claim about using y\u2010axis symmetry and the ensuing statements do not logically lead to proving that line HN passes through (0,0). There is no clear, valid argument provided."", ""C3"": ""The answer is incomplete overall. It does not address part (1) and gives an unsatisfactory, unsubstantiated treatment of part (2).""}",3247
Math_ShortAns_75,0.9,3,"{""C1"": 2, ""C2"": 1, ""C3"": 0}","{""C1"": ""For part (1), the student made errors in plugging in the point P2 and mis\u2010computed b^2, leading to an absurd result. The work is incomplete and the final ellipse equation is just a guessed value without proper justification."", ""C2"": ""For part (2), the student\u2019s argument is vague. They merely set up an equation for the slopes and hastily conclude the existence of a fixed point without a rigorous proof. The reasoning is insufficient and the explanation lacks clarity."", ""C3"": """"}",2738
Math_ShortAns_76,0.9,12,"{""C1"": 7, ""C2"": 3, ""C3"": 2}","{""C1"": ""The computational steps in part (1) follow correctly: substituting P2 gives b\u00b2 = 1 and then using P3 yields a\u00b2 = 4, and the final ellipse x\u00b2/4 + y\u00b2 = 1 is correct. However, the explanation contains a misleading statement regarding all four points being on the ellipse."", ""C2"": ""The logical reasoning is weak, especially in part (2). The student sets up the line and makes a brief reference to the sum of slopes property without providing a clear and rigorous argument for the fixed point."", ""C3"": ""The answer is incomplete overall. While part (1) is essentially computed, part (2) stops at setting up the quadratic and asserting the fixed point without a full demonstration or detailed explanation.""}",7048
Math_ShortAns_77,0.9,5,"{""C1"": 3, ""C2"": 2, ""C3"": 0}","{""C1"": ""For part (1), the student substitutes points P2 and P3 into the ellipse equation and obtains a\u00b2 = 4 and b\u00b2 = 1, which are the correct parameters if these two points are assumed to lie on the ellipse."", ""C2"": ""However, the student does not explain why only these two points are used or how the condition that exactly three of the four given points lie on the ellipse is taken into account. The reasoning is incomplete."", ""C3"": """"}",11343
Math_ShortAns_80,0.95,5,"{""C1"": 2, ""C2"": 2, ""C3"": 1}","{""C1"": ""The answer for part (1) is superficially correct in concluding the signs of f(x) for x in (-1,0) and x>0, but the argument is too brief and lacks rigor; for part (2) the derivative is computed but the reasoning is flawed since f'(0)=0 holds for any a and no further analysis (e.g. second\u2010derivative test) is provided, resulting in an arbitrary choice of a=1."", ""C2"": ""The logical reasoning in part (1) is very informal and does not fully justify why the negative and positive contributions yield the stated inequalities, and in part (2) the reasoning fails to specify conditions on a to ensure a maximum at x=0."", ""C3"": ""The answer is incomplete. Part (1) has minimal explanation and part (2) is left unresolved with a random answer rather than a proper derivation of a.""}",5642
Math_ShortAns_81,0.95,2,"{""C1"": 1, ""C2"": 1, ""C3"": 0}","{""C1"": ""The answer is incorrect. The sign reasoning is flawed: for x between -1 and 0, the term -2x is positive and was mistakenly treated as negative, and for x > 0 the conclusion is reversed; the student\u2019s analysis does not match the required f(x) > 0 for x > 0."", ""C2"": ""The logical reasoning is inconsistent. The student misapplies the sign analysis and does not correctly compare the contributions of the different terms. Additionally, in part (2) the derivative is computed but no further analysis (such as computing the second derivative) is performed, leaving the argument incomplete."", ""C3"": ""The answer is incomplete. Part (1) fails to correctly prove the sign behavior of f(x), and part (2) does not determine a value for a, which was the target of the question.""}",3209
Math_ShortAns_84,0.95,2,"{""C1"": 1, ""C2"": 1, ""C3"": 0}","{""C1"": ""The derivative is computed incorrectly. Instead of 1/x + 2a x + 2a + 1, the student obtained 1/x + a x^2 + 2a + 1."", ""C2"": ""The reasoning regarding finding the zero of f'(x) and concluding that f'(x) is always negative is flawed and unjustified."", ""C3"": ""The attempt at proving part (2) is incomplete and contains incorrect evaluations (e.g., using f(1)=3a+1 and concluding that it is 'very small' for a<0 without proper reasoning).""}",3851
Math_ShortAns_85,0.95,12,"{""C1"": 4, ""C2"": 4, ""C3"": 4}","{""C1"": ""The derivative was correctly identified in its factored form and the behavior for a = 0, a > 0, and a < 0 was addressed accurately. In particular, for a < 0 the critical point was correctly found and the sign changes properly described."", ""C2"": ""The logical flow is clear. The answer splits the discussion by cases and then, for a < 0, deduces the maximum value of the function by evaluating at the turning point. The transformation to an equivalent inequality via substitution (setting t = -1/a) and the subsequent derivative test to find the optimum (t = 2) were well-organized."", ""C3"": ""The answer covers both parts of the problem completely. While there are minor notational issues (such as extra bracket marks), the main steps for proving the inequality f(x) \u2264 -3/(4a) - 2 are present and valid.""}",7287
Math_ShortAns_86,0.95,4,"{""C1"": 3, ""C2"": 1, ""C3"": 0}","{""C1"": ""The student correctly computed the derivative f'(x) = 1/x + 2ax + 2a + 1, which is the only correct part of the work."", ""C2"": ""The discussion on monotonicity is based on setting f'(x) = 0 and analyzing the resulting quadratic, but the claim that the discriminant is always negative (and thus f is always increasing) is incorrect and not justified."", ""C3"": ""For part (2), the student merely substituted x = 1 and then concluded that the inequality f(x) \u2264 -3/(4a) - 2 does not hold, failing to provide any valid proof. There is little evidence of any step towards proving the desired inequality.""}",4089
Math_ShortAns_89,0.9,5,"{""C1"": 4, ""C2"": 1, ""C3"": 0}","{""C1"": ""The student correctly used the derivative at x = 0 to find m = 1 and correctly identified the domain, which is an important part of the answer."", ""C2"": ""For the discussion of monotonicity, the student merely stated the need to analyze the sign of the derivative but did not carry out any analysis, resulting in an incomplete answer."", ""C3"": ""Regarding the proof that f(x) > 0 when m <= 2, the answer only announced the intent to prove the case m = 2 and did not present any substantive arguments or details.""}",4062
Math_ShortAns_90,0.9,6,"{""C1"": 4, ""C2"": 1, ""C3"": 1}","{""C1"": ""The student correctly computed the derivative and set f'(0)=0 to get m=1. This part is accurate and shows proper handling of the first step."", ""C2"": ""The discussion on the monotonicity is vague and flawed. The student\u2019s analysis does not properly determine the sign change of the derivative or correctly describe the intervals of increase and decrease."", ""C3"": ""The argument for part (II) is unsound. Although f(0) is computed correctly, the conclusion that f(x) > 0 for m <= 2 is not substantiated with proper reasoning and contradicts the computed value at x = 0 for some m.""}",3867
Math_ShortAns_93,0.95,5,"{""C1"": 3, ""C2"": 2, ""C3"": 0}","{""C1"": ""The student correctly computed f(0) and the evaluations at x = 1 and x = 2, but the use of approximate values and the lack of a general argument weaken the correctness. In part (2), the reasoning is confused and the proposed value a = 2 is not justified."", ""C2"": ""The logical reasoning is incomplete. For part (1), testing a few points and noting f'(0) > 0 does not establish monotonicity for all x \u2265 0. In part (2), the argument only partly addresses the derivative without a rigorous analysis to ensure exactly one zero of f(x), leading to an incorrect conclusion."", ""C3"": """"}",4447
Math_ShortAns_94,0.95,5,"{""C1"": 3, ""C2"": 1, ""C3"": 1}","{""C1"": ""The student computed f(0) correctly and got reasonable numerical values for f(1) and f(2) in part (1), but using a few sample points does not constitute a rigorous proof for all x \u2265 0. In part (2), the student\u2019s computations are based on a flawed understanding of the behavior of e^x (it diverges rather than tending to zero), leading to an incorrect conclusion for a."", ""C2"": ""The logical reasoning is weak. For part (1) the approach of checking a few values is insufficient, and for part (2) the reasoning about the derivative and limits is fundamentally incorrect."", ""C3"": ""The answer is incomplete. A full proof for part (1) should use a demonstration (e.g., via the derivative) to show the inequality holds for all x \u2265 0. Part (2) lacks proper analysis entirely and does not yield a correct unique value for a.""}",3177
Math_ShortAns_95,0.9,4,"{""C1"": 2, ""C2"": 1, ""C3"": 1}","{""C1"": ""The answer correctly computes that f(0) = 1, which is necessary for part (1), but the overall conclusion for both parts is not rigorously justified. In part (2) the conclusion a = 1/2 is reached with unsupported reasoning."", ""C2"": ""The logical reasoning in part (1) relies on a heuristic that e^x grows faster than x\u00b2 and a check at x = 0, but this is not developed into a full proof. For part (2) the argument based on f'(x) is incorrect and inconsistent."", ""C3"": ""The answer is incomplete. While part (1) contains key elements, it lacks a rigorous demonstration over all x \u2265 0. Part (2) is not properly solved.""}",6954
Math_ShortAns_98,0.95,4,"{""C1"": 3, ""C2"": 1, ""C3"": 0}","{""C1"": ""The student\u2019s final answer for part (1) (a = 1) is correct, but the answer to part (2) is completely wrong. Thus, overall correctness suffers."", ""C2"": ""The reasoning provided is very weak. In part (1) the argument is not rigorous and in part (2) the estimation is flawed and does not justify the (incorrect) final result."", ""C3"": ""The answer is incomplete since part (2) is inadequately addressed, with crucial steps missing and errors in the approach.""}",6303
Math_ShortAns_99,1.0,0,"{""C1"": 0, ""C2"": 0, ""C3"": 0}","{""C1"": ""The solution for part (1) is completely incorrect. The student incorrectly reasons about the sign of a and finally concludes a = -1, which contradicts the known inequality ln x \u2264 x - 1 that forces a to be 1."", ""C2"": ""In part (2) the student miscalculates the product by claiming that each factor is small and that the overall product tends to 0. In reality, the product converges to a number between 2 and 3, so the correct minimal integer m should be 3. The analysis is fundamentally flawed."", ""C3"": """"}",3581
Math_ShortAns_100,0.9,8,"{""C1"": 3, ""C2"": 3, ""C3"": 2}","{""C1"": ""The final conclusion that a = 1 is correct, but the discussion for a \u2264 0 is based on an incorrect or inadequately justified claim. Moreover, while using f \u2032(x) = 0 to locate the minimum is acceptable, the reasoning to show that f(a) < f(1) when a \u2260 1 is only sketched."", ""C2"": ""The logical progression \u2013 dividing into cases and then arguing by comparing f(a) with f(1) \u2013 has some correct ideas but is not fully rigorous and contains some gaps (for example, the argument for the a \u2264 0 case is not well substantiated)."", ""C3"": ""The answer is incomplete. In part (1) the analysis is not fully carried out and in part (2) the steps (establishing the bounds and then deducing the minimal integer m) are only partially outlined without clearly stating the final answer.""}",7439
Math_ShortAns_103,1.0,0,"{""C1"": 0, ""C2"": 0, ""C3"": 0}","{""C1"": ""The derivative was computed incorrectly. The student omitted the ln x term that arises when differentiating (x-1) ln x, leading to an erroneous derivative expression."", ""C2"": ""Due to the incorrect derivative, the analysis regarding the existence and uniqueness of the extreme point is flawed. The argument based on f'(x) is not logically sound."", ""C3"": ""The investigation of the zeros of f(x) is also incorrect. The student\u2019s sign analysis and subsequent conclusions about the number and reciprocal nature of the roots are unfounded.""}",2895
Math_ShortAns_104,0.9,6,"{""C1"": 3, ""C2"": 2, ""C3"": 1}","{""C1"": ""The final conclusions for both (1) and (2) are correct, but the answer lacks necessary derivations."", ""C2"": ""The logical structure is only outlined without rigorous justification or detailed analysis."", ""C3"": ""The answer is incomplete; it omits explicit calculations and a detailed reasoning process needed for full credit.""}",2939
Math_ShortAns_105,0.95,6,"{""C1"": 6, ""C2"": 0, ""C3"": 0}","{""C1"": ""The student correctly computes the derivative f'(x) and successfully simplifies it to ln x - 1/x. The argument using the monotonicity of the auxiliary function g(x)= ln x - 1/x to conclude the uniqueness of the extreme point is logically structured."", ""C2"": ""The analysis for f(x)=0 is flawed. The student miscalculates the function values (for example, f(0.5) is wrongly claimed to be positive) and the subsequent sign analysis is incorrect, which does not support the claim of two real roots that are reciprocals."", ""C3"": """"}",4572
Math_ShortAns_108,1.0,0,"{""C1"": 0, ""C2"": 0, ""C3"": 0}","{""C1"": ""The answer is entirely incorrect. Instead of correctly finding that f(1) = e + 1 - a must be nonnegative, the student misinterprets the calculation and concludes a is at least 0, which conflicts with the proper condition."", ""C2"": ""The logical reasoning is erroneous. The limits and intermediate analysis of the function are misapplied, leading to a false conclusion in part (1) and a completely unsound argument for part (2)."", ""C3"": ""The answer fails to address both parts of the problem logically and thoroughly. The concluding statements do not satisfy the requirements of the problem and contain unsupported assertions.""}",3161
Math_ShortAns_109,0.9,11,"{""C1"": 6, ""C2"": 3, ""C3"": 2}","{""C1"": ""The answer gets part (1) essentially correct by identifying the domain, the behavior of f, and deducing that f(1) = e + 1 \u2013 a so that a must be no more than e + 1. However, the derivative computation is questionable and the chain of reasoning for part (2) does not lead to a valid final conclusion."", ""C2"": ""The student uses a idea of splitting the domain into x in (0,1) and x in (1,+infty), and relies on f(1) giving the minimum. Although this is the right direction for part (1), the logical steps\u2014especially for the proof in part (2)\u2014are fragmented and do not form a coherent argument."", ""C3"": ""The response is incomplete. While the answer for part (1) is stated (a \u2264 e+1), the justification lacks necessary rigor. For part (2), only some ideas are mentioned without a proper proof, leaving the answer far from complete.""}",7628
Math_ShortAns_112,0.9,6,"{""C1"": 3, ""C2"": 2, ""C3"": 1}","{""C1"": ""The final numerical result (p = 2) is correct, but the method of computing the distance |MF| as p + p/2 is not rigorously justified."", ""C2"": ""The reasoning is very abbreviated and contains a conceptual inaccuracy (adding x-coordinates instead of computing Euclidean distance correctly)."", ""C3"": ""The answer stops after computing p without explicitly writing the full parabola equation as requested.""}",61591
Math_ShortAns_113,0.95,3,"{""C1"": 1, ""C2"": 1, ""C3"": 1}","{""C1"": ""The answer incorrectly assumes that the distance from M to F is merely the difference in x-coordinates (|x1 - p/2|), completely ignoring the y-coordinate, which leads to a fundamental calculation error."", ""C2"": ""The logical steps used in setting up the two cases and the further discussion for part (2) are unclear and not well justified. The approach lacks proper reasoning to connect the geometric conditions with obtaining the correct equation."", ""C3"": ""The solution is incomplete. It does not properly solve for p in part (1) to determine the parabola's equation, and the answer for part (2) remains vague without reaching a final, correct equation for line AB.""}",2994
Math_ShortAns_114,0.95,5,"{""C1"": 2, ""C2"": 2, ""C3"": 1}","{""C1"": ""The answer begins with setting up the two cases for x1 given |x1 - p| = 3, but it mistakenly identifies the focus F at (p, 0) and merely repeats the given parabola without resolving the actual conditions. The derivation in part (2) leading to y = 0 is unjustified."", ""C2"": ""The logical flow is weak. The student does not convincingly explain why p > 3 is needed and the reasoning for the slope of MD being infinite is not used properly when deducing the maximum difference in angles."", ""C3"": ""The answer is incomplete. It does not fully develop the solution for both parts of the problem; in particular the derivation of the final equation for line AB is not sufficiently elaborated.""}",2992
Math_ShortAns_117,0.9,2,"{""C1"": 2, ""C2"": 0, ""C3"": 0}","{""C1"": ""In part (1) the student merely rewrote the function using the symbols k and c without imposing the consistency conditions that come from plugging in specific values (for example, f(0) and f'(1)) to fully determine k and c. Their analysis of the monotonicity is overly simplistic and incorrect since they ignore that f'(x)=k e^(x\u20111)-c+x, with the proper conditions the function is decreasing for x<0 and increasing for x>0. This part is only partially correct and incomplete."", ""C2"": ""In part (2) the student misinterprets the inequality. They incorrectly assume that the linear part ax+b behaves as a constant and assert, without a proper minimization argument, that (a+1)b is maximized at \u20131. The analysis is both logically flawed and mathematically incorrect."", ""C3"": """"}",3352
Math_ShortAns_118,0.95,2,"{""C1"": 1, ""C2"": 1, ""C3"": 0}","{""C1"": ""The answer outlines an idea for part (2) by suggesting transforming the inequality and setting up a minimization condition, but no actual computations are carried out. There is no numerical derivation or verification of conditions to support the final result."", ""C2"": ""The reasoning is only partially logical. The student skips important steps such as deducing the explicit form of the function f(x) (part (1)) and actually finding the minimum that leads to a concrete relation between a and b. The approach is overly vague."", ""C3"": ""The answer is incomplete since it entirely omits part (1) and only provides a superficial outline for part (2) without any final numerical answer or detailed derivation. Critical steps and conclusions are missing.""}",2905
Math_ShortAns_121,0.95,3,"{""C1"": 2, ""C2"": 1, ""C3"": 0}","{""C1"": ""The student correctly computed the derivative f'(x) as e^x + e^(-x) - 2, but then misinterpreted its sign. Since f'(0) = 0 and f'(x) > 0 for x \u2260 0, the function is actually nondecreasing (in fact strictly increasing when x \u2260 0), not decreasing."", ""C2"": ""The logical steps falter after the derivative. The solution for part (I) incorrectly concludes f is decreasing. In part (II), the student merely plugs in x = 0 without a valid argument for the maximum b, and in part (III) the estimation of ln 2 is entirely off. Overall, the reasoning does not support the required conclusions."", ""C3"": ""The answer is incomplete. Only part (I) is partially addressed (with an error), while parts (II) and (III) are not correctly solved or justified.""}",3768
Math_ShortAns_122,0.95,3,"{""C1"": 1, ""C2"": 1, ""C3"": 1}","{""C1"": ""The student\u2019s derivative is incorrect. Instead of adding e^(-x) the student subtracted it, which leads to an erroneous equation f'(x) = e^x - e^(-x) - 2. This error undermines the correctness of the analysis."", ""C2"": ""The logical reasoning is flawed. The student attempts to determine the monotonicity by evaluating f'(0) and making contradictory statements about the derivative\u2019s behavior without a proper justification."", ""C3"": ""The answer is incomplete. Aside from part (I), the discussion of parts (II) and (III) is unclear and does not lead to a definitive determination of b\u2019s maximum value nor a rigorous estimation of ln2.""}",4402
Math_ShortAns_125,1.0,1,"{""C1"": 1, ""C2"": 0, ""C3"": 0}","{""C1"": ""In part (1) the derivative formula was written correctly, but the subsequent analysis is flawed. The student incorrectly assumes sign changes without noting that sin x is positive on (0, \u03c0), and concludes monotonicity erroneously."", ""C2"": ""In part (2) the student rewrites |f(x)| as 2|sin^3 x cos x| and then incorrectly claims the maximum occurs at x = \u03c0/4, yielding a value lower than the given bound. This miscalculation does not prove the required inequality."", ""C3"": ""In part (3) the student uses the trivial bound sin^2(\u00b7) \u2264 1 to claim the product is \u22641, and then loosely compares it with (3/4)^n. This argument is insufficient and does not establish the desired inequality.""}",4847
Math_ShortAns_126,0.9,3,"{""C1"": 1, ""C2"": 2, ""C3"": 0}","{""C1"": ""In part (1) the reasoning is flawed. The student incorrectly discusses the sign of sin^2 x (which is always nonnegative) and mischaracterizes the derivative\u2019s behavior, leading to a wrong conclusion on monotonicity."", ""C2"": ""In part (2) the student correctly rewrites f(x) as 2 sin^3 x cos x but then incorrectly identifies the maximum point. The approach is incomplete as it does not properly determine the critical point."", ""C3"": ""In part (3) the argument is very superficial. Simply noting that each sine squared term is at most 1 does not justify the inequality, and the proof is incomplete with no proper reasoning.""}",4011
Math_ShortAns_127,1.0,1,"{""C1"": 1, ""C2"": 0, ""C3"": 0}","{""C1"": ""In part (1), the student correctly computes a derivative expression but then incorrectly and incompletely concludes that f(x) is increasing by merely citing that sin x is monotonic. This ignores the behavior of the full derivative and the mixed influence of the factors involved."", ""C2"": ""For part (2), the student merely rewrites |f(x)| in a different form and incorrectly concludes that it is bounded by 1 by a superficial appeal to the maximum of sin functions, without obtaining the sharper bound of 3\u221a3/8 or providing any detailed analysis."", ""C3"": ""In part (3), the student\u2019s approach oversimplifies by replacing each sin\u00b2 term with 1, and then loosely argues that the product is bounded by 1, failing to prove the given inequality. The rationale is incorrect and incomplete.""}",3840
Math_ShortAns_130,0.95,4,"{""C1"": 4, ""C2"": 0, ""C3"": 0}","{""C1"": ""For part (1), the conversion from the polar equation to the rectangular equation was executed correctly. The student arrived at x^2 - 2\u221a2 x + y^2 = 0, which is equivalent to the proper circle equation after completing the square. Although the final form could be expressed in completed square form for clarity, the work is acceptable."", ""C2"": ""For part (2), the student\u2019s answer is very unclear and incomplete. The attempt to parameterize the locus of P does not lead to a valid parameterization, and the subsequent reasoning is neither systematic nor justified. The answer does not meet the requirements of the problem."", ""C3"": """"}",4925
Math_ShortAns_131,1.0,0,"{""C1"": 0, ""C2"": 0, ""C3"": 0}","{""C1"": ""The answer merely states the conversion formula for x without applying it to the given polar equation."", ""C2"": ""There is no reasoning or further work that addresses the conversion task."", ""C3"": ""The answer is entirely incomplete as it does not produce the Cartesian form.""}",8088
Math_ShortAns_134,0.95,1,"{""C1"": 1, ""C2"": 0, ""C3"": 0}","{""C1"": ""The student attempted to eliminate the parameter for C1 but ended up with x = -4 + y, which is a sign error; the correct relation should be x = 4 - y (or equivalently, x + y = 4)."", ""C2"": ""The elimination process for C2 is fundamentally flawed. Instead of obtaining the standard relation (x^2 - y^2 = 4), the student incorrectly derived y = sqrt(x^2 + 4), which is not equivalent."", ""C3"": """"}",5741
Math_ShortAns_135,1.0,10,"{""C1"": 5, ""C2"": 5, ""C3"": 0}","{""C1"": ""The student correctly eliminated the parameters for both curves. For C1, using x = 4 cos\u00b2\u03b8 and y = 4 sin\u00b2\u03b8 leads to x + y = 4, and for C2, the elimination yields x\u00b2 - y\u00b2 = 4. These are accurate."", ""C2"": ""For the circle part, the student correctly identified that the circle through the origin and the intersection point (which is uniquely determined) with center on the polar axis leads to the polar equation r = (17/5) cos \u03b8. The answer is consistent with the determined center and radius."", ""C3"": """"}",4408
Math_ShortAns_138,0.95,3,"{""C1"": 3, ""C2"": 0, ""C3"": 0}","{""C1"": ""For part (1), the student correctly derived the ordinary equation for curve C1 (x + y = 4). However, the conversion for curve C2 is not completed, so only partial work is shown. "", ""C2"": ""The answer for part (2) (deriving the polar equation of the circle) is missing or extremely unclear. No valid derivation or final result was given."", ""C3"": """"}",4787
Math_ShortAns_139,0.95,5,"{""C1"": 5, ""C2"": 0, ""C3"": 0}","{""C1"": ""For part (1), the student correctly obtained the standard equations: x + y = 4 for C1 and x^2 - y^2 = 4 for C2 by eliminating the parameters. These results are correct."", ""C2"": ""For part (2), the student\u2019s approach is highly flawed. The algebra to find the intersection point is incorrect (the proper substitution in x + y = 4 into x^2 - y^2 = 4 should yield a unique point, not y = 0 or 1), and the final polar equation for the circle is derived without proper reasoning. The answer does not correctly use the given conditions to form the required polar coordinate equation."", ""C3"": """"}",5649
Math_ShortAns_142,0.95,0,"{""C1"": 0, ""C2"": 0, ""C3"": 0}","{""C1"": ""The answer contains incorrect computations. The student mistakenly equated (1/3)^(2/3) with 1/3, leading to a wrong value for a and therefore for abc."", ""C2"": ""The logical reasoning is flawed. Instead of showing that abc is at most 1/9, the argument confusingly concludes that abc is at least 1/9. The manipulation for the second part is also inconsistent and does not follow valid steps."", ""C3"": ""The answer is incomplete. It does not provide a valid proof for either part of the problem and does not correctly address the conditions of the inequalities.""}",2631
Math_ShortAns_143,1.0,0,"{""C1"": 0, ""C2"": 0, ""C3"": 0}","{""C1"": ""The answer misapplies the AM-GM inequality by reversing its direction and deriving an incorrect bound for abc, so the correctness of the solution is completely compromised."", ""C2"": ""The logical reasoning is deeply flawed; the steps do not follow correctly and the improper use of inequalities leads to inconsistent and unjustified conclusions."", ""C3"": ""The answer is incomplete: it fails to properly address both parts of the problem and the manipulations in part (2) are not only unclear but also incorrect.""}",2945
Math_ShortAns_144,1.0,10,"{""C1"": 5, ""C2"": 5, ""C3"": 0}","{""C1"": ""Part (1) uses the AM-GM inequality correctly: dividing the sum of a^(3/2), b^(3/2), c^(3/2) by 3 leads to (abc)^(1/2) <= 1/3, hence abc <= 1/9 and the equality condition is correctly identified. Part (2) correctly applies the inequality b+c >= 2\u221a(bc) (and similarly for the other pairs) and properly rewrites each fraction in the desired form to sum to 1/(2\u221a(abc))."", ""C2"": ""The solution is logically organized with each step clearly motivated. Although the exposition is brief and some notations have extra braces, the algebraic manipulations and the overall argument are valid and complete for both subparts."", ""C3"": """"}",5319
Math_ShortAns_145,0.9,2,"{""C1"": 1, ""C2"": 1, ""C3"": 0}","{""C1"": ""The answer misuses AM-GM by correctly setting up the inequality but then concluding abc <= 1/27 and later even adjusting to 1/10, which does not match the required result of 1/9."", ""C2"": ""The logical reasoning is inconsistent and shows clear errors in manipulation and substitution, leading to an incorrect overall argument."", ""C3"": ""The solution is incomplete. Both parts (1) and (2) are not correctly justified, and the attempt for part (2) is particularly flawed.""}",3012
Math_ShortAns_148,0.95,5,"{""C1"": 5, ""C2"": 0, ""C3"": 0}","{""C1"": ""For part (1) the student correctly applied the Cauchy\u2010Schwarz inequality to show that a + b + 2c is at most 3. However, the answer for part (2) is incomplete and ultimately reaches an incorrect conclusion."", ""C2"": ""The reasoning in part (1) is succinct and correct, but for part (2) the student does not develop the necessary steps and misjudges the inequality, showing a lack of sufficient development and a wrong final result."", ""C3"": """"}",5630
Math_ShortAns_149,0.95,9,"{""C1"": 4, ""C2"": 3, ""C3"": 2}","{""C1"": ""The first part is solved correctly using RMS\u2010AM; however, the second part is incorrect. The student wrongly concludes that 1/a + 1/c is less than 3 instead of proving the required inequality."", ""C2"": ""The reasoning for part (1) is sound; in contrast, the logical steps for part (2) are confused and lead to an incorrect claim without proper justification."", ""C3"": ""The answer is incomplete because the student does not successfully prove the inequality for part (2); the argument halts with an inconclusive approach.""}",3994
Math_ShortAns_150,0.95,1,"{""C1"": 1, ""C2"": 0, ""C3"": 0}","{""C1"": ""The answer incorrectly applies Cauchy\u2010Schwarz and derives an upper bound (approximately 4.24) instead of proving the required bound of 3, and the attempt for part (2) shows no valid derivation."", ""C2"": ""The reasoning is flawed throughout, with misapplication of inequalities and unjustified substitutions that do not lead to the desired conclusions."", ""C3"": ""The answer is incomplete; neither part is correctly proven or fully developed, leading to an overall failure in addressing the problem requirements.""}",3634
Math_ShortAns_153,0.9,4,"{""C1"": 2, ""C2"": 1, ""C3"": 1}","{""C1"": ""The answer attempts a manipulation of the formulas but does so incorrectly. The expression for a^5+b^5 is stated without proper justification, and the final conclusions do not match the problem requirements."", ""C2"": ""The logical reasoning is very weak. There is reliance on a sample value (a = 1, b = 1) rather than a general proof, and the chain of deductions is inconsistent and unjustified."", ""C3"": ""The answer is incomplete. It does not provide a full proof for either part and ends with contradictory statements about a+b. Both required inequalities are not rigorously established.""}",4124
Math_ShortAns_154,0.9,4,"{""C1"": 2, ""C2"": 1, ""C3"": 1}","{""C1"": ""The student correctly starts with the factorization of a\u00b3+b\u00b3, but the derivation for a\u2075+b\u2075 is not accurate and does not properly connect to proving the (a+b)(a\u2075+b\u2075) \u2265 4 inequality."", ""C2"": ""The logical flow is flawed. The steps taken do not build a coherent argument to reach the required conclusions, and some inferences (like assuming s \u2265 2 leads to a contradiction) are not well supported."", ""C3"": ""The answer is incomplete. The student neither fully proves the first inequality nor gives a rigorous justification for a+b \u2264 2 beyond a simple example and an intuitive contradiction.""}",4391
Math_ShortAns_155,0.95,5,"{""C1"": 2, ""C2"": 2, ""C3"": 1}","{""C1"": ""The answer incorrectly applies algebraic identities. For example, the derivation for a^5+b^5 is flawed and does not check out with simple test cases."", ""C2"": ""The logical steps are not rigorously explained. The connections between the established formulas and the desired inequalities are not clearly justified."", ""C3"": ""The answer is incomplete. It sets up relevant formulas but does not carry the proof to a proper conclusion for both parts of the problem.""}",3452
Math_ShortAns_158,0.9,4,"{""C1"": 2, ""C2"": 1, ""C3"": 1}","{""C1"": ""The algebraic manipulations start off on the right track by introducing s = a+b and p = ab, but the recalled formula for a^5+b^5 is questionable and not verified. The proof only checks the special case a = b = 1, which does not establish the inequality in general."", ""C2"": ""The logical reasoning is weak. Instead of a systematic argument applying for all positive a and b, the student resorts to a numerical example and a vague contradiction argument without detailed justification."", ""C3"": ""The answer is incomplete. It fails to provide a full general proof for both parts of the problem and relies on insufficient sample testing rather than a rigorous derivation.""}",3104
Math_ShortAns_159,0.95,2,"{""C1"": 1, ""C2"": 1, ""C3"": 0}","{""C1"": ""The answer starts with correct algebraic manipulations but then only verifies the equality case a = b = 1. This is insufficient to prove the general inequality, so correctness is largely missing."", ""C2"": ""The reasoning is flawed and inconsistent. The attempt to rely on a specific numerical example does not justify the conclusions for all positive a and b, and the argument for part (2) contradicts itself."", ""C3"": ""The proof is incomplete. It does not provide a general argument for either part of the problem, and the steps leading to the final conclusions are not rigorously developed.""}",2758
Math_ShortAns_162,0.9,5,"{""C1"": 2, ""C2"": 2, ""C3"": 1}","{""C1"": ""The answer is incorrect. The solution for part (1) is wrongly derived \u2013 the piecewise inequalities and their solved results lead to an incorrect combined solution, and in part (2) the conclusion that a can be any real number is also false."", ""C2"": ""The logical reasoning is flawed. Although the student attempted a piecewise analysis, the inequalities are set up and solved incorrectly, and the justification for merging the solution sets is unclear."", ""C3"": ""The answer is incomplete. Only portions of the work for part (1) are provided while part (2) is inadequately addressed.""}",4436
Math_ShortAns_163,0.9,10,"{""C1"": 4, ""C2"": 3, ""C3"": 3}","{""C1"": ""The final answer for part (1) and (2) is numerically correct. However, the student\u2019s work is split into separate pieces for different x\u2010regions and uses unclear monotonicity arguments that are not fully justified, especially for the x < -1 part."", ""C2"": ""The logical reasoning is superficial. The student states that f is monotonic on each interval and that this gives the solution, but does not clearly explain or derive why these facts lead to the stated union of intervals."", ""C3"": ""While the answer for part (2) is correct and the conditions reducing to a in [-1,1] are given, the presentation is fragmented and incomplete. A unified, systematic derivation covering all cases would have been preferable.""}",6279
Math_ShortAns_166,0.9,3,"{""C1"": 2, ""C2"": 1, ""C3"": 0}","{""C1"": ""The student recognized that C1 is a circle with center (4, 5) and radius 5 but then incorrectly expressed its polar form as r = 4 + 5 cos \u03b8. They did not properly eliminate the parameter or derive the correct polar equation, so the conversion is largely incorrect."", ""C2"": ""In part (2) the student simply substituted the incorrect polar equation of C1 into C2\u2019s equation and obtained an unsound tangent equation. The algebraic manipulation is flawed and leads to the wrong conclusion of infinite intersections."", ""C3"": """"}",3537
Math_ShortAns_167,0.95,10,"{""C1"": 5, ""C2"": 5, ""C3"": 0}","{""C1"": ""The conversion of C1 from the parameter form to the Cartesian equation and then to the polar form is correctly executed. The derived polar equation (rho^2 - 8rho cos(theta) - 10rho sin(theta) + 16 = 0) is equivalent to the expected result."", ""C2"": ""The transformation of C2 from its polar form to the rectangular form is correctly done, and the intersection points for C1 and C2 are accurately determined in rectangular coordinates, with the conversion to polar coordinates also correct."", ""C3"": """"}",5016
Math_ShortAns_170,0.95,10,"{""C1"": 5, ""C2"": 5, ""C3"": 0}","{""C1"": ""The student\u2019s answer correctly proves (1) by using the identity (a+b+c)\u00b2 and deducing that ab+bc+ca = -\u00bd(a\u00b2+b\u00b2+c\u00b2) which is negative since a\u00b2+b\u00b2+c\u00b2 > 0. The proof for (2) is also accurate; by assuming max{a, b, c} = a, showing a > 0 and b, c < 0, and then using a = -b-c and a = 1/(bc) to arrive at a\u00b3 \u2265 4 via the inequality b\u00b2+c\u00b2 \u2265 2bc. The equality case b = c is noted."", ""C2"": ""The explanation is succinct and outlines the key steps without extraneous details. Both parts are logically structured and complete, demonstrating sound reasoning."", ""C3"": """"}",5663
Math_ShortAns_171,0.9,4,"{""C1"": 3, ""C2"": 1, ""C3"": 0}","{""C1"": ""For part (1), the student correctly substituted c = -a - b and derived an expression for ab + bc + ca. However, the demonstration relies on a numerical example that does not satisfy the given condition abc = 1, and the reasoning is not rigorous or fully justified."", ""C2"": ""For part (2), the student\u2019s argument is unclear and involves flawed algebraic steps. The derivation starting from ab(-a - b) = -1 is not correctly executed, and the conclusion that the maximum is at least the cube root of 4 is not supported by a valid logical or algebraic reasoning."", ""C3"": """"}",3457
Math_ShortAns_174,0.9,9,"{""C1"": 4, ""C2"": 3, ""C3"": 2}","{""C1"": ""For part (1), the student correctly substituted z = 1 \u2013 x \u2013 y and expanded the square terms, but the key step of finding the true minimum is done by assuming x = y = z. This symmetry assumption is incorrect since solving the necessary conditions (via differentiation) leads to a different candidate. In part (2) the final conclusion on a is stated correctly, yet the justification is not rigorous."", ""C2"": ""The logical reasoning shows some understanding (such as rewriting the expressions and attempting to use derivative conditions), but the choice of x = y = z for minimization is flawed, and the argument in part (2) lacks a clear analysis or use of boundary cases for the inequality."", ""C3"": ""The answer is incomplete overall. Although some algebraic manipulation is correct, both parts suffer from insufficient explanation. The minimization in (1) is not rigorously established and the derivation in (2) stops short of a full argument.""}",6563
Math_ShortAns_175,1.0,2,"{""C1"": 1, ""C2"": 1, ""C3"": 0}","{""C1"": ""The answer contains major computational errors and arrives at a clearly incorrect minimum in part (1). In part (2) the expansion is flawed and the conclusion about a has no valid justification."", ""C2"": ""The reasoning is disjointed \u2013 the student does not properly set up or solve the minimization problem and instead uses an unjustified test point. The argument for the parameter a is not logically developed."", ""C3"": ""The solution is incomplete. For part (1), no proper minimization is performed, and for part (2) the necessary analysis to restrict a is missing.""}",3984
Math_ShortAns_178,0.95,2,"{""C1"": 1, ""C2"": 1, ""C3"": 0}","{""C1"": ""Correctness is very low. The student incorrectly uses the given condition, replacing x+y+z=1 with x+y+z=2. Both the minimal value in part (1) and the parameter condition in part (2) are derived incorrectly."", ""C2"": ""Logical reasoning is flawed. The student made inappropriate assumptions about the squares and their minimum values without proper justification, leading to inconsistent and incorrect conclusions."", ""C3"": ""The answer is incomplete. The student did not develop a proper minimization strategy for part (1) and completely failed to construct a rigorous proof for part (2) as required.""}",3290
Math_ShortAns_179,0.95,3,"{""C1"": 1, ""C2"": 1, ""C3"": 1}","{""C1"": ""The student made errors in calculating the minimal value. Although the expansion steps are correctly written, the substitution using x + y + z = 1 is mishandled, leading to an incorrect minimal value of 0 in part (1)."", ""C2"": ""The logical reasoning is flawed. The derivation jumps from the expanded expression to setting x = 0, y = 0, z = 1 without proper justification, and the reasoning in part (2) is vague and inconsistent with the required condition."", ""C3"": ""The solution is incomplete. Both parts lack a systematic approach (e.g., completing the square or using known inequalities) and do not address all necessary subtleties to rigorously conclude the correct answers.""}",3414
Math_ShortAns_182,0.95,10,"{""C1"": 4, ""C2"": 3, ""C3"": 3}","{""C1"": ""The answer for part (1) is presented correctly with an accurate piecewise breakdown and final solution [-2, 3]. The answer for part (2) correctly reduces the inequality to |a+2| >= 4 and obtains the correct range a <= -6 or a >= 2."", ""C2"": ""The reasoning in part (1) is logical and clear. However, the explanation for part (2) is very brief and lacks detailed justification on why the minimum of |x+a|+|x-2| equals |a+2|."", ""C3"": ""The solution for part (1) is complete and accurate, while part (2) has the correct final answer but is incomplete in showing intermediate steps and explanation.""}",5964
Math_ShortAns_183,0.9,6,"{""C1"": 3, ""C2"": 2, ""C3"": 1}","{""C1"": ""For correctness, the student correctly handled part (1) by obtaining the solution [-2, 3] but did not get the correct answer in part (2)."", ""C2"": ""The logical reasoning in the analysis of piecewise functions for part (1) is acceptable; however, the work in part (2) contains significant errors in the treatment of absolute values and erroneous algebraic manipulations."", ""C3"": ""The answer is incomplete because while part (1) is addressed, part (2) is not properly solved, and the final range of a given (a <= 0) is incorrect with no proper justification.""}",7752
Math_ShortAns_186,0.95,5,"{""C1"": 2, ""C2"": 2, ""C3"": 1}","{""C1"": ""The answer is incorrect. For version (1) with a = 1, the proper analysis shows that f(x) is negative for all x < 1, yet the student incorrectly obtained (1, 2) as the solution set. Likewise, the answer for part (2) does not match the correct condition."", ""C2"": ""The logical reasoning is flawed. In handling the absolute values and breaking the domain into cases, the student made computational errors and misapplied the sign considerations, leading to wrong interval conclusions."", ""C3"": ""The answer is incomplete. The derivation in part (2) is vague and unjustified, and the process does not clearly establish the necessary conditions for the parameter a.""}",4909
Math_ShortAns_187,0.9,6,"{""C1"": 3, ""C2"": 2, ""C3"": 1}","{""C1"": ""Answer only considers the case x < 1 and obtains the correct final interval for that region, but does not discuss the other subintervals."", ""C2"": ""The manipulation into (x-1)^2 > 0 is dubious without justifying that the factor -2 has been properly accounted for."", ""C3"": ""The analysis is incomplete because the student does not check the cases for x in [1, 2) and x \u2265 2.""}",58760
Math_ShortAns_190,0.9,5,"{""C1"": 3, ""C2"": 2, ""C3"": 0}","{""C1"": ""The transformation used in part (2) appears to be on the right track, especially converting (a+b)\u00b3+(b+c)\u00b3+(c+a)\u00b3 to 3(a+b)(b+c)(c+a) and then further relating it to 24\u221a((abc)\u00b2). However, the justification is very sketchy without clear details."", ""C2"": ""The logical reasoning is very terse and relies on stating \u2018basic inequalities\u2019 without showing how the inequalities apply step by step. The explanation does not clearly demonstrate why equality holds under certain conditions."", ""C3"": ""The provided answer completely misses part (1) of the problem, which is a significant omission given that the question asks for proofs in both parts.""}",3009
Math_ShortAns_191,0.95,5,"{""C1"": 2, ""C2"": 2, ""C3"": 1}","{""C1"": ""The answer is incorrect. In part (1), the student misuses the fact that 1/a equals bc and then incorrectly concludes the inequality should be reversed. Part (2) contains erroneous expansions and misuse of AM-GM. Overall, the statements do not match the required proofs."", ""C2"": ""The logical reasoning is flawed. The student\u2019s steps mix up the inequality directions and use inappropriate applications of standard inequalities without a clear line of argument."", ""C3"": ""The answer is incomplete. It fails to provide a valid and complete proof for either of the given inequalities and instead concludes with a reversed, incorrect result.""}",3434
Math_ShortAns_192,0.95,4,"{""C1"": 2, ""C2"": 1, ""C3"": 1}","{""C1"": ""The answer contains significant mathematical errors. In part (1), the use of AM-GM is reversed and leads to an incorrect conclusion. In part (2), checking a special case (a=b=c=1) is not a valid proof."", ""C2"": ""The logical reasoning is very weak. The student does not provide a rigorous argument and the steps are not justified or clearly connected."", ""C3"": ""The answer is incomplete. Neither inequality is proven rigorously, and important arguments or proofs are missing.""}",3360
Math_ShortAns_193,1.0,0,"{""C1"": 0, ""C2"": 0, ""C3"": 0}","{""C1"": ""The answer misinterprets the inequality by suggesting that negative values appear or that ab+ac+bc may be less than 1, although a, b, c are positive. There is no valid computation or verification of the stated inequality."", ""C2"": ""The logical reasoning is flawed. The student incorrectly uses the idea of letting a, b, c approach 0 despite the constraint abc = 1, and overall the approach leads to a false conclusion rather than a proof."", ""C3"": ""The answer is incomplete. There is no valid attempt to prove the required inequalities, and the student dismisses both parts by asserting that the inequalities do not hold without proper counterexample or rigorous argument.""}",3332
Math_ShortAns_196,1.0,0,"{""C1"": 0, ""C2"": 0, ""C3"": 0}","{""C1"": ""The mathematical manipulations are incorrect. The student misapplies the AM inequality by stating that sqrt(a)+sqrt(b) is less than or equal to sqrt(a+b), and then draws the wrong conclusion. This shows a fundamental error in understanding the relationships between the quantities."", ""C2"": ""The logical reasoning is flawed. The student does not correctly use the given condition a+b = c+d to compare the expressions and ends up reversing the inequality, deviating from what needed to be proved."", ""C3"": ""The answer is incomplete. It fails to rigorously prove both parts of the question and does not correctly establish the necessary and sufficient condition requested in the second part.""}",2497
Math_ShortAns_197,0.9,8,"{""C1"": 3, ""C2"": 2, ""C3"": 3}","{""C1"": ""For part (1), the student correctly writes the expressions for (\u221aa+\u221ab)\u00b2 and (\u221ac+\u221ad)\u00b2 and shows the step subtracting them, but the use of the mean inequality is not well justified. There is a reliance on a correct formula but without rigorous explanation."", ""C2"": ""The logical reasoning is problematic in part (2). The student mistakenly deduces that \u221aa+\u221ab>\u221ac+\u221ad implies a+b>c+d, which contradicts the given a+b=c+d. As a result, the equivalence argument is flawed."", ""C3"": ""Overall, the answer is incomplete. Several key steps and justifications are missing, especially in establishing the full equivalence in part (2).""}",5141
Math_ShortAns_200,0.95,3,"{""C1"": 2, ""C2"": 1, ""C3"": 0}","{""C1"": ""The final answer obtained for part (2) is actually correct (the set of a-values is [2, \u221e)), but the justification is unclear and the manipulation of the absolute\u2010value expressions is not rigorously explained."", ""C2"": ""The logical reasoning is muddled. The argument incorrectly separates the cases and uses unrelated inequalities to claim that the inequality holds automatically for a \u2265 3 and then restricts a for a < 3. This approach lacks clarity and proper justification."", ""C3"": ""The answer is incomplete because part (1) of the question is missing entirely. A complete answer should have addressed both parts.""}",3889
Math_ShortAns_201,0.95,4,"{""C1"": 2, ""C2"": 2, ""C3"": 0}","{""C1"": ""For part (1) the student correctly transformed the inequality to |2x - 2| \u2264 4 and obtained the two separate inequalities. However, the work for part (2) is not complete or correct \u2013 the cases are treated partially and some key cases are left unfinished, leading to an incorrect final answer."", ""C2"": ""The logical reasoning in part (1) is sound, but overall the solution lacks completeness and proper justification in part (2). The attempt to divide into cases is begun, yet the analysis remains disorganized and the final range for a is not justified."", ""C3"": """"}",6919
Math_ShortAns_204,0.95,2,"{""C1"": 1, ""C2"": 1, ""C3"": 0}","{""C1"": ""The answer does not correctly derive the minimum value for a\u00b3+b\u00b3; in fact, a correct analysis shows that a\u00b3+b\u00b3 has a minimum (attained when a = b = \u221a2), not that it does not exist. In part (II), even though the final conclusion (non\u2010existence of a, b satisfying 2a+3b=6 under the given condition) might be correct, the student\u2019s manipulation is invalid."", ""C2"": ""The logical reasoning is severely flawed. The student misapplies the AM-GM inequality by inserting extra braces and incorrectly equating expressions, leading to conclusions that rely on false steps (for example, deducing that an inequality holds only if a positive quantity is zero)."", ""C3"": ""The answer is incomplete. It fails to properly connect the given condition to a valid minimization of a\u00b3+b\u00b3, and the argument for part (II) is only a rehash of the same invalid approach without proper justification.""}",6524
Math_ShortAns_205,0.9,3,"{""C1"": 1, ""C2"": 1, ""C3"": 1}","{""C1"": ""The answer is mathematically incorrect. The transformation from the original equation is flawed and the assumption that ab equals 1 is unjustified, leading to an absurd result for a\u00b3+b\u00b3."", ""C2"": ""The logical reasoning is weak. The steps followed do not properly derive the desired quantities, and the approach does not adhere to sound mathematical deduction."", ""C3"": ""The answer is incomplete. The student stops mid-derivation, fails to properly simplify or validate results, and does not adequately address part (II) in relation to the original condition.""}",2654
Math_ShortAns_208,0.9,4,"{""C1"": 2, ""C2"": 1, ""C3"": 1}","{""C1"": ""The answer contains numerical errors and incorrect substitutions. For example, a = 1, b = 1 does not satisfy the given equation, so concluding that the minimum of a\u00b3 + b\u00b3 is 2 is incorrect."", ""C2"": ""The reasoning is largely based on guesswork rather than a rigorous derivation. The student did not logically derive the relationship between a and b and instead tried random values."", ""C3"": ""Both parts of the question are not fully addressed. The derivation for part I is incomplete, and the discussion in part II lacks proper justification or solving of the substitute equation.""}",2398
Math_ShortAns_209,0.9,4,"{""C1"": 2, ""C2"": 1, ""C3"": 1}","{""C1"": ""The student\u2019s work contains serious algebraic mistakes. Multiplying both sides by ab was not properly executed, leading to an erroneous step where a + b was equated with a\u00b2b\u00b2. This incorrect manipulation undermines the result."", ""C2"": ""The logical reasoning is muddled. The student attempts to use known identities but fails to derive the needed relationships correctly, leaving the answer unjustified."", ""C3"": ""The solution is incomplete. Both parts of the problem are not fully addressed, and the conclusion (such as assuming a\u00b3+b\u00b3 minimal value is 1 when a=b=1) is unsupported by valid reasoning.""}",3393
Math_ShortAns_212,0.95,3,"{""C1"": 1, ""C2"": 1, ""C3"": 1}","{""C1"": ""The answer\u2019s final conclusions are incorrect. In part (I), the student mistakenly concludes that f(x) is bounded below by 1 rather than proving it is at least 2. In part (II), the derivation of the inequality is flawed, leading to an incorrect range for a."", ""C2"": ""The logical reasoning is unsound. The student does not correctly analyze the minimal values of the absolute value expressions and misapplies inequality manipulations, resulting in contradictory and unjustified steps."", ""C3"": ""Although both parts of the problem are attempted, the solution is incomplete and does not correctly address the requirements. The final answers do not align with the proper analysis needed to show f(x) \u2265 2 or to determine the correct range for a.""}",3233
Math_ShortAns_213,0.9,6,"{""C1"": 3, ""C2"": 2, ""C3"": 1}","{""C1"": ""The answer shows significant correctness issues. In part (I) the student incorrectly deduces that the minimum of f(x) is the smaller of a + 1/a and 0, though in fact neither candidate yields 0, so the intended proof is not properly executed. In part (II) the derivation leads to conflicting results since the final answer does not match the inequality obtained."", ""C2"": ""The logical reasoning is weak. While the student attempts to inspect critical points and use the absolute value inequality a + 1/a >= 2, the case analysis is incomplete and inconsistently applied, especially when splitting the cases for f(3) < 5."", ""C3"": ""The solution is incomplete. The student\u2019s answer does not fully justify the claim in part (I) and the case work in part (II) is not thoroughly explored or reconciled with the final stated result.""}",5600
Math_ShortAns_216,0.9,9,"{""C1"": 4, ""C2"": 3, ""C3"": 2}","{""C1"": ""The answer eventually obtains the correct inequality for part (I) (ab+bc+ca \u2264 1/3), but the derivation is confusing and merely repeats established expansion. For part (II), no valid proof is provided."", ""C2"": ""The logical reasoning is unsound, with the student repeatedly invoking the Cauchy\u2013Schwarz inequality without a clear link to proving the second inequality. The method is muddled and repetitive."", ""C3"": ""The answer is incomplete. While part (I) is derived (albeit haphazardly), part (II) is not properly addressed or concluded.""}",6381
Math_ShortAns_217,0.95,5,"{""C1"": 5, ""C2"": 0, ""C3"": 0}","{""C1"": ""The student correctly proved part I using the standard inequality a\u00b7b + b\u00b7c + c\u00b7a \u2264 (a+b+c)\u00b2/3 and verified the equality case, which is acceptable. However, in part II the application of AM-GM is misused. The student computes the geometric mean correctly as (abc)^(1/3) but then mistakenly argues that since abc < 1 the overall sum must be less than 1. In fact, when a = b = c = 1/3 the left-hand side equals exactly 1. Thus the derivation for part II is mathematically incorrect."", ""C2"": ""The logical reasoning breaks down in the second part. The student incorrectly deduces that the inequality must be reversed by focusing on the smallness of abc rather than considering the equality case and the proper lower bound provided by AM-GM. This flawed reasoning significantly undermines the argument for part II."", ""C3"": ""The answer is incomplete. While part I is handled adequately, part II is not only erroneous but also lacks a correct method to establish the true inequality. A complete answer should have recognized that equality holds when a = b = c and carefully justified the bound.""}",3853
