script_id,scores,model_score,comments,confidence,tokens_used
Math_ShortAns_2,"{'C1_transform_function': 1, 'C2_simplify_function': 0, 'C3_apply_maximum_formula': 1, 'C4_find_correct_maximum': 1, 'C5_final_answer_verification': 1}",4,"{'C1_transform_function': 'The student correctly applied the angle addition formulas to expand sin(x+2φ) and -2 sinφ cos(x+φ), even though a sign error occurs later.', 'C2_simplify_function': 'While the student reached a linear combination form, they combined the cosine terms incorrectly (sign error), leading to an incorrect simplified form.', 'C3_apply_maximum_formula': 'The student attempted to apply the maximum formula for A sin x + B cos x, writing the correct magnitude expression though they did not follow through cleanly.', 'C4_find_correct_maximum': 'Despite earlier errors, the student ultimately concluded that the maximum value is 1, which is the correct final result.', 'C5_final_answer_verification': 'The final answer was stated as 1, matching the correct maximum value based on the intended simplification.'}",,5460
Math_ShortAns_3,"{'C1_transform_function': 1, 'C2_simplify_function': 1, 'C3_apply_maximum_formula': 1, 'C4_find_correct_maximum': 1, 'C5_final_answer_verification': 1}",5,"{'C1_transform_function': 'Correctly applied the sine addition formula to expand sin(x+2φ).', 'C2_simplify_function': 'Partially simplified the function to a form involving sin(x+φ) and cos(x+φ), which can be further reduced to sin x.', 'C3_apply_maximum_formula': 'Used the fact that the maximum value of sin x is 1.', 'C4_find_correct_maximum': 'Identified the maximum of the simplified function as 1.', 'C5_final_answer_verification': 'Final answer was correctly stated as 1.'}",1.0,1661
Math_ShortAns_6,"{'C1_find_common_ratio': 1, 'C2_express_terms_geometrically': 1, 'C3_calculate_S5': 0, 'C4_solve_for_S5': 0, 'C5_final_answer': 0}",2,"{'C1_find_common_ratio': 'The student correctly set up the equation and solved for r = 3.', 'C2_express_terms_geometrically': 'The terms a1 to a6 were correctly expressed in terms of r.', 'C3_calculate_S5': 'The student attempted to sum the terms but made an error in the arithmetic, losing the contribution of the last term.', 'C4_solve_for_S5': 'The final computation of S5 is incorrect due to the summing error.', 'C5_final_answer': 'The final answer given (40) is incorrect.'}",1.0,2300
Math_ShortAns_7,"{'C1_find_common_ratio': 0, 'C2_express_terms_geometrically': 0, 'C3_calculate_S5': 0, 'C4_solve_for_S5': 0, 'C5_final_answer': 0}",0,"{'C1_find_common_ratio': 'No work was provided to determine the common ratio.', 'C2_express_terms_geometrically': 'The student did not show how terms were expressed in terms of q.', 'C3_calculate_S5': 'No demonstration of using the sum formula for a geometric series.', 'C4_solve_for_S5': 'The final computation of S5 is missing and the result is incorrect.', 'C5_final_answer': 'The final answer is incorrect; it should be 121/3 instead of 121/9.'}",,1475
Math_ShortAns_10,"{'C1_equation_manipulation': 1, 'C2_geometric_interpretation': 0, 'C3_perpendicular_deduction': 0, 'C4_final_angle_calculation': 0}",1,"{'C1_equation_manipulation': 'The student correctly rewrote the equation as 2AO = AB + AC.', 'C2_geometric_interpretation': 'The explanation regarding the geometric interpretation is vague and does not correctly identify the roles of the diameter or the rectangle.', 'C3_perpendicular_deduction': 'There is no clear deduction stating that AB is perpendicular to AC.', 'C4_final_angle_calculation': 'The final angle was incorrectly identified as 30° instead of the required 90°.'}",,1735
Math_ShortAns_11,"{'C1_equation_manipulation': 0, 'C2_geometric_interpretation': 0, 'C3_perpendicular_deduction': 0, 'C4_final_angle_calculation': 0}",0,"{'C1_equation_manipulation': 'No rewriting or manipulation of the given equation was provided.', 'C2_geometric_interpretation': 'The answer lacks any geometric interpretation or explanation of the relationship between the vectors.', 'C3_perpendicular_deduction': 'There is no deduction or statement regarding perpendicularity of the vectors.', 'C4_final_angle_calculation': 'The final computed angle is incorrect and no reasoning was given.'}",1.0,1183
Math_ShortAns_14,"{'C1_identify_circle_params': 1, 'C2_use_tangent_condition': 1, 'C3_use_additional_point': 1, 'C4_solve_system_of_equations': 0, 'C5_find_final_equation': 0}",3,"{'C1_identify_circle_params': 'The student introduced the center as (x0, y0) and correctly set up the equation using point B.', 'C2_use_tangent_condition': 'The distance from the center to the line was correctly computed using the formula.', 'C3_use_additional_point': 'The student attempted to use point A (choosing y0=1) to get an equation, even though the choice was arbitrary.', 'C4_solve_system_of_equations': 'The student made several trial substitutions instead of properly solving the system, failing to obtain a consistent solution.', 'C5_find_final_equation': 'The final derived circle equation is inconsistent and incorrect according to the expected answer.'}",,2688
Math_ShortAns_15,"{'C1_identify_circle_params': 1, 'C2_use_tangent_condition': 1, 'C3_use_additional_point': 1, 'C4_solve_system_of_equations': 1, 'C5_find_final_equation': 1}",5,"{'C1_identify_circle_params': ""Correctly defined the circle's parameters with center (h, k) and used B(2,1) in the equation."", 'C2_use_tangent_condition': 'Correctly applied the tangent condition using the distance from the center to the line.', 'C3_use_additional_point': 'Properly used the additional point A(4,1) to set up an equation.', 'C4_solve_system_of_equations': 'Solved the system accurately to determine h=3 and k=0.', 'C5_find_final_equation': 'Correctly substituted the values to get the final circle equation.'}",1.0,1710
Math_ShortAns_18,"{'C1_identify_relationship': 1, 'C2_compute_individual_terms': 1, 'C3_identify_sum_patterns': 0, 'C4_calculate_partial_sums': 0, 'C5_final_answer_and_check': 0}",2,"{'C1_identify_relationship': 'The student correctly stated the recursion formula.', 'C2_compute_individual_terms': 'The student computed several initial terms accurately using an example with a1 = 0.', 'C3_identify_sum_patterns': 'No clear identification or application of the sum pattern for paired terms was provided.', 'C4_calculate_partial_sums': 'The student did not properly compute the partial sums or derive an arithmetic sequence formula.', 'C5_final_answer_and_check': 'The final answer is incorrect (180 instead of 1830) with no correct follow-through.'}",,2280
Math_ShortAns_19,"{'C1_identify_relationship': 0, 'C2_compute_individual_terms': 0, 'C3_identify_sum_patterns': 0, 'C4_calculate_partial_sums': 0, 'C5_final_answer_and_check': 1}",1,"{'C1_identify_relationship': 'No work shown regarding the recursive relationship identification.', 'C2_compute_individual_terms': 'No computation of the initial terms is provided.', 'C3_identify_sum_patterns': 'No identification of the sum pattern for pairs of terms is evident.', 'C4_calculate_partial_sums': 'No partial sums were calculated to build the final result.', 'C5_final_answer_and_check': 'The final answer is correct.'}",,1421
Math_ShortAns_22,"{'Q17_C1_derivation_difference': 0, 'Q17_C2_initial_term': 0, 'Q17_C3_general_term': 0, 'Q17_C4_interm_fn_bn': 0, 'Q17_C5_summation': 0}",0,"{'Q17_C1_derivation_difference': 'Did not correctly use the difference method; the student only rearranged the original equation without obtaining the critical relation aₙ₊₁ - aₙ = 2.', 'Q17_C2_initial_term': 'Failed to setup and solve for a₁ correctly; no valid computation leading to a₁ = 3 was provided.', 'Q17_C3_general_term': 'No valid derivation of the general term was achieved; the guesses attempted did not satisfy the given relation.', 'Q17_C4_interm_fn_bn': 'Incorrectly assumed bₙ as 1/((n+1)(n+2)) rather than deriving it as a function of the correct aₙ; the telescoping setup is flawed.', 'Q17_C5_summation': 'The telescoping series was not correctly summed; the final reported summation is inconsistent and erroneous.'}",0.95,2864
Math_ShortAns_23,"{'Q17_C1_derivation_difference': 3, 'Q17_C2_initial_term': 2, 'Q17_C3_general_term': 2, 'Q17_C4_interm_fn_bn': 2, 'Q17_C5_summation': 3}",12,"{'Q17_C1_derivation_difference': 'The student correctly set up the two equations, subtracted them, and deduced a_{n+1} - a_{n} = 2 using the difference method.', 'Q17_C2_initial_term': 'The initial term equation was properly set up and solved, discarding the negative solution to obtain a_1 = 3.', 'Q17_C3_general_term': 'The student clearly recognized the arithmetic progression with a_1 = 3 and common difference 2, and correctly derived a_n = 2n + 1.', 'Q17_C4_interm_fn_bn': 'The student correctly expressed b_n in terms of a_n and a_{n+1} and rewrote it in a telescoping form.', 'Q17_C5_summation': 'The telescoping series was correctly set up and simplified to yield the final sum expression.'}",1.0,3017
Math_ShortAns_26,"{'C1_understand_cosine_relationship': 1, 'C2_correct_calculation_of_C': 1, 'C3_apply_cosine_theorem_for_perimeter': 0, 'C4_area_relation_for_side_length': 0, 'C5_calculate_final_perimeter': 1}",3,"{'C1_understand_cosine_relationship': 'The student attempted to reference cosine relationships and the cosine rule but made an incorrect simplification, earning a single point for attempting.', 'C2_correct_calculation_of_C': 'Although the student ended with C = 60° (which is correct), the reasoning was vague and not rigorously derived, so partial credit is granted.', 'C3_apply_cosine_theorem_for_perimeter': 'No proper application of the cosine theorem to derive the perimeter relationship was performed.', 'C4_area_relation_for_side_length': 'The use of the area formula was attempted with arbitrary assumed values that did not lead to the correct derivation of a+b, so no points awarded.', 'C5_calculate_final_perimeter': 'Despite the flawed derivation, the final answer was stated as 5+√7. However, the logical derivation was missing, thus only minimal credit is given.'}",,2524
Math_ShortAns_27,"{'C1_understand_cosine_relationship': 1, 'C2_correct_calculation_of_C': 0, 'C3_apply_cosine_theorem_for_perimeter': 0, 'C4_area_relation_for_side_length': 1, 'C5_calculate_final_perimeter': 0}",2,"{'C1_understand_cosine_relationship': 'The student attempts to involve the cosine rule but makes an unjustified substitution (setting x=1) without proper derivation, earning only a partial point.', 'C2_correct_calculation_of_C': 'The correct procedure yields cos C = 1/2 and C = π/3, but the student incorrectly concludes C = 90°.', 'C3_apply_cosine_theorem_for_perimeter': 'The student does not properly apply the cosine theorem to derive the necessary relation for the perimeter.', 'C4_area_relation_for_side_length': 'The area formula is used to relate ab correctly (ab = 3√3), but the subsequent use of this relation is not executed properly.', 'C5_calculate_final_perimeter': 'The final perimeter is calculated based on an assumed incorrect value of C and arbitrary side choices, leading to an incorrect final answer.'}",1.0,2085
Math_ShortAns_28,"{'C1_understand_cosine_relationship': 2, 'C2_correct_calculation_of_C': 2, 'C3_apply_cosine_theorem_for_perimeter': 2, 'C4_area_relation_for_side_length': 3, 'C5_calculate_final_perimeter': 3}",12,"{'C1_understand_cosine_relationship': 'Correctly applied the sine theorem to simplify the given relation and deduced cos C.', 'C2_correct_calculation_of_C': 'Identified cos C = 1/2 and hence C = π/3 accurately.', 'C3_apply_cosine_theorem_for_perimeter': 'Properly set up and simplified the cosine theorem relation for side lengths.', 'C4_area_relation_for_side_length': 'Correctly used the area formula to obtain ab = 6 and deduced a+b = 5.', 'C5_calculate_final_perimeter': 'Final perimeter computed correctly as 5 + √7.'}",1.0,2297
Math_ShortAns_31,"{'C1_prove_I': 0, 'C2_assume_arithmetic_seq_II': 0, 'C3_simplify_lambda_conditions': 0, 'C4_find_specific_lambda': 0, 'C5_conclude_arithmetic_existence': 0}",0,"{'C1_prove_I': 'The answer restates the given relation and computes a few terms but fails to use algebraic manipulation to conclude aₙ₊₂ - aₙ = λ.', 'C2_assume_arithmetic_seq_II': 'The answer mentions the arithmetic sequence form but does not derive that the common difference is λ/2.', 'C3_simplify_lambda_conditions': 'No attempt is made to simplify conditions or derive the necessary conditions for the arithmetic sequence.', 'C4_find_specific_lambda': 'The answer does not attempt to solve for a specific value of λ; the required λ = 4 is not derived.', 'C5_conclude_arithmetic_existence': 'The conclusion is vague and incorrectly suggests an indeterminate result, failing to confirm the existence of λ making the sequence arithmetic.'}",1.0,2505
Math_ShortAns_32,"{'C1_prove_I': 0, 'C2_assume_arithmetic_seq_II': 0, 'C3_simplify_lambda_conditions': 0, 'C4_find_specific_lambda': 0, 'C5_conclude_arithmetic_existence': 0}",0,"{'C1_prove_I': 'The student does not provide a valid derivation of a_{n+2} - a_n = λ and merely shows calculations with no clear algebraic manipulation using the given relation.', 'C2_assume_arithmetic_seq_II': 'The student assumes an arithmetic sequence but does not derive or express the common difference properly, missing the expected derivation of d = λ/2.', 'C3_simplify_lambda_conditions': 'No simplification or derivation using the given conditions is provided to restrict λ.', 'C4_find_specific_lambda': 'The student fails to set up or solve the equation for λ and does not obtain the required λ = 4.', 'C5_conclude_arithmetic_existence': 'The student incorrectly concludes that the sequence cannot be arithmetic, without verifying or showing that λ = 4 produces an arithmetic sequence.'}",1.0,2030
Math_ShortAns_33,"{'C1_prove_I': 1, 'C2_assume_arithmetic_seq_II': 2, 'C3_simplify_lambda_conditions': 2, 'C4_find_specific_lambda': 2, 'C5_conclude_arithmetic_existence': 3}",10,"{'C1_prove_I': 'The student correctly stated the relations but made an error in the algebraic manipulation by deriving a_{n+2} - a_{n+1} = λ instead of a_{n+2} - a_n = λ, so only partial credit is given.', 'C2_assume_arithmetic_seq_II': 'The student correctly assumed an arithmetic sequence and derived the relation d = λ/2.', 'C3_simplify_lambda_conditions': 'The student simplified and applied the condition leading to the requirement 2 - λ/2 = 0 accurately.', 'C4_find_specific_lambda': 'The student solved the condition correctly to find λ = 4.', 'C5_conclude_arithmetic_existence': 'The final conclusion is well-stated, with the sequence verified as S_n = n^2 and a_n = 2n - 1 when λ = 4.'}",0.95,2966
Math_ShortAns_36,"{'C1_identify_probabilities': 1, 'C2_calculate_PX2': 0, 'C3_structure_PX4': 0, 'C4_calculate_PX4': 0, 'C5_final_answer': 0}",1,"{'C1_identify_probabilities': ""The student correctly identified 甲's serving probability as 0.5 but failed to note that when 乙 serves the probability for 甲 scoring should be 0.4."", 'C2_calculate_PX2': 'The student incorrectly computed P(X=2) using 0.5 for both serves, instead of using 0.5 and 0.4 for the respective servers.', 'C3_structure_PX4': 'The structure for the X=4 case is not correctly set up; the correct sequence (e.g., 甲-乙-甲-甲) was not identified.', 'C4_calculate_PX4': 'The probability calculations for the X=4 scenario are incorrect and do not match the required evaluation of correct sequences.', 'C5_final_answer': 'Both final probability answers are incorrect; the correct answers should be P(X=2)=0.5 and P(X=4 且甲获胜)=0.1.'}",0.95,2627
Math_ShortAns_37,"{'C1_identify_probabilities': 0, 'C2_calculate_PX2': 0, 'C3_structure_PX4': 0, 'C4_calculate_PX4': 0, 'C5_final_answer': 0}",0,"{'C1_identify_probabilities': 'The answer misidentifies the probabilities; it correctly states 0.5 for when 甲 serves but erroneously uses 0.6 (instead of 0.4) for when 乙 serves.', 'C2_calculate_PX2': 'The calculation for P(X=2) is incorrect. The student only considered one scenario and mixed up the serving probabilities, leading to an incorrect result.', 'C3_structure_PX4': 'The answer does not clearly structure the sequence for the X=4 scenario. It incorrectly describes the required sequence for 甲’s win.', 'C4_calculate_PX4': 'The computation for P(X=4 and 甲 wins) is incorrect, with incorrect handling of the probabilities and an unjustified division by 2.', 'C5_final_answer': 'The final answers provided (0.2 and 0.03) are incorrect when compared to the expected results of 0.5 and 0.1.'}",,2607
Math_ShortAns_38,"{'C1_identify_probabilities': 1, 'C2_calculate_PX2': 2, 'C3_structure_PX4': 0, 'C4_calculate_PX4': 2, 'C5_final_answer': 1}",6,"{'C1_identify_probabilities': 'Correctly identified the serving probabilities (0.5 for 甲 serving and 0.4 for 甲 when 乙 serves).', 'C2_calculate_PX2': 'Correctly identified and calculated both scenarios for a two-ball win (0.5*0.4 and 0.5*0.6), summing to 0.5.', 'C3_structure_PX4': 'Did not clearly establish the proper scoring sequence for X=4; instead, the answer repeats an identical structure for both subevents without properly distinguishing them.', 'C4_calculate_PX4': 'Despite the structural issues, the student computed the probabilities of the two cases correctly and summed them to obtain 0.1.', 'C5_final_answer': 'Final answers for both parts match the correct values.'}",1.0,4903
Math_ShortAns_41,"{'C1_apply_sine_rule': 0, 'C2_solve_for_B': 0, 'C3_triangle_conditions': 0, 'C4_area_function_C': 0, 'C5_area_range_C': 0}",0,"{'C1_apply_sine_rule': 'The student incorrectly derived A+C = B and misapplied the sine function, failing to correctly use the sine rule.', 'C2_solve_for_B': 'The student incorrectly solved for B, concluding 90° without proper justification.', 'C3_triangle_conditions': 'No proper application or discussion of the acute triangle condition (A, B, C < 90°) was given.', 'C4_area_function_C': 'The function for area in terms of C was not derived at all.', 'C5_area_range_C': 'The student’s range for S was not computed as required; the discussion on maximum area was inconsistent.'}",0.95,1592
Math_ShortAns_42,"{'C1_apply_sine_rule': 0, 'C2_solve_for_B': 1, 'C3_triangle_conditions': 1, 'C4_area_function_C': 0, 'C5_area_range_C': 1}",3,"{'C1_apply_sine_rule': 'The answer mentions using the sine rule for simplification, but does not explicitly derive sin((A+C)/2) = sin(B).', 'C2_solve_for_B': 'Angle B is correctly solved as π/3.', 'C3_triangle_conditions': 'The answer states the triangle is acute, but offers no further explanation; minimal credit is provided.', 'C4_area_function_C': 'No explicit function S(C) was established in the answer.', 'C5_area_range_C': 'The final range of the area is correctly given as (√3/8, √3/2).'}",0.9,2090
Math_ShortAns_45,"{'C1_calculate_S2': 2, 'C2_arithmetic_difference_d': 0, 'C3_general_term_Sn': 0, 'C4_general_term_an': 0, 'C5_conclusion_arithmetic': 0}",2,"{'C1_calculate_S2': 'Correctly stated a2 = 3a1 and computed S2 = 4a1.', 'C2_arithmetic_difference_d': 'No identification of the common difference d = √a1 or proper difference equation; instead, an incorrect relation was stated.', 'C3_general_term_Sn': 'Did not derive the general term S_n = a1 * n^2; the derivation was not properly attempted.', 'C4_general_term_an': 'No correct expression for a_n as differences of S_n was provided; the working was incomplete and incorrect.', 'C5_conclusion_arithmetic': 'The conclusion contradicts the desired result; rather than proving {a_n} is arithmetic, it wrongly concludes it is not.'}",,2020
Math_ShortAns_46,"{'C1_calculate_S2': 0, 'C2_arithmetic_difference_d': 1, 'C3_general_term_Sn': 1, 'C4_general_term_an': 2, 'C5_conclusion_arithmetic': 2}",6,"{'C1_calculate_S2': 'The answer never explicitly states a2 = 3a1 or computes S₂ = 4a₁.', 'C2_arithmetic_difference_d': 'The student sets up the difference d but does not determine d = √a₁; only the difference equation is stated.', 'C3_general_term_Sn': 'The solution eventually uses Sₙ = a₁n² in deriving aₙ but the derivation from the common difference is flawed.', 'C4_general_term_an': 'The general term aₙ = 2a₁n - a₁ is correctly derived from Sₙ - Sₙ₋₁.', 'C5_conclusion_arithmetic': 'The conclusion that {aₙ} is arithmetic is correctly drawn from the established formula.'}",,3731
Math_ShortAns_49,"{'P1_transform_equations': 1, 'P2_difference_equation': 0, 'P3_prove_arithmetic_sequence': 0, 'P4_geometric_condition_and_solve': 1, 'P5_minimum_sum_calculation': 0}",2,"{'P1_transform_equations': 'The student attempted to transform the given equation but made an error by omitting the multiplication factor with a_n.', 'P2_difference_equation': 'No correct derivation of the difference equation for consecutive terms was provided.', 'P3_prove_arithmetic_sequence': 'The student stated that the sequence is arithmetic but did not derive the common difference nor justify the result.', 'P4_geometric_condition_and_solve': 'There was an attempt to set up the geometric condition correctly; however, solving for a₁ and the sequence formula was not completed.', 'P5_minimum_sum_calculation': 'The student merely stated a formula for Sₙ and guessed the minimum value without proper quadratic minimization or logical reasoning.'}",,2408
Math_ShortAns_50,"{'P1_transform_equations': 2, 'P2_difference_equation': 2, 'P3_prove_arithmetic_sequence': 2, 'P4_geometric_condition_and_solve': 3, 'P5_minimum_sum_calculation': 2}",11,"{'P1_transform_equations': 'Correctly transformed the equation from the given conditions, matching the required manipulation.', 'P2_difference_equation': 'Successfully derived the difference a_n - a_(n-1) = 1.', 'P3_prove_arithmetic_sequence': 'Concluded that the sequence is arithmetic with a common difference of 1.', 'P4_geometric_condition_and_solve': 'Properly set up the geometric sequence condition, solved for a1 and deduced a_n.', 'P5_minimum_sum_calculation': 'Accurately computed S_n as a quadratic and found its minimum value.'}",,1852
Math_ShortAns_53,"{'C1_define_sequences': 1, 'C2_solve_recursive_c': 0, 'C3_solve_recursive_d': 0, 'C4_compute_general_terms': 0, 'C5_conclusion': 0}",1,"{'C1_define_sequences': 'Correctly defined c_n = a_n + b_n and d_n = a_n - b_n.', 'C2_solve_recursive_c': 'Incorrect derivation; expected cₙ₊₁ = (1/2)cₙ indicating a geometric sequence, but the answer gives cₙ₊₁ = cₙ + 1.', 'C3_solve_recursive_d': 'Incorrect recursion relation; the expected result is dₙ₊₁ = dₙ + 2, but the answer gives dₙ₊₁ = dₙ + 4.', 'C4_compute_general_terms': 'The general term formulas are not correctly derived and do not match the expected expressions in terms of cₙ and dₙ.', 'C5_conclusion': 'The final conclusion is incorrect; the answer misidentifies the nature of the sequences and provides inconsistent formulas.'}",0.95,2199
Math_ShortAns_54,"{'C1_define_sequences': 1, 'C2_solve_recursive_c': 2, 'C3_solve_recursive_d': 2, 'C4_compute_general_terms': 0, 'C5_conclusion': 1}",6,"{'C1_define_sequences': 'The student correctly defined c_n and d_n.', 'C2_solve_recursive_c': 'Correctly derived c_(n+1) = c_n/2 and recognized the geometric sequence.', 'C3_solve_recursive_d': 'Correctly derived d_(n+1) = d_n + 2 and identified it as an arithmetic sequence.', 'C4_compute_general_terms': 'The student computed initial terms but the final closed-form expressions for a_n and b_n (n^2+1 and n-2) do not match; the answer is incorrect.', 'C5_conclusion': 'The conclusion reiterates the nature of c_n and d_n but the final formulas are unverified and incorrect.'}",,2558
Math_ShortAns_55,"{'C1_define_sequences': 1, 'C2_solve_recursive_c': 2, 'C3_solve_recursive_d': 2, 'C4_compute_general_terms': 3, 'C5_conclusion': 2}",10,"{'C1_define_sequences': 'The answer implicitly defines the sequences a_n+b_n and a_n-b_n, satisfying the criterion.', 'C2_solve_recursive_c': 'Correctly obtained the recursion a_{n+1}+b_{n+1} = 1/2 (a_n+b_n) and identified it as a geometric sequence with initial term 1.', 'C3_solve_recursive_d': 'Correctly derived a_{n+1}-b_{n+1} = a_n-b_n+2 and noted the arithmetic nature with first term 1 and common difference 2.', 'C4_compute_general_terms': 'Expressed a_n and b_n in terms of (a_n+b_n) and (a_n-b_n) and derived formulas equivalent to the expected ones, despite some typesetting issues.', 'C5_conclusion': 'The answer concludes by summarizing the nature of the sequences and final general term formulas.'}",,2722
Math_ShortAns_58,"{'C1_calculate_r_numerator': 0, 'C2_calculate_r_denominator': 0, 'C3_evaluate_r': 1, 'C4_identify_outliers': 1, 'C5_calculate_adjusted_mean_and_stddev': 0}",2,"{'C1_calculate_r_numerator': 'The student incorrectly computed the numerator (-5 vs -2.78 expected), so no points are awarded.', 'C2_calculate_r_denominator': 'The denominator was mishandled by using an incorrect value, hence no points.', 'C3_evaluate_r': 'The student’s quotient is incorrect and only marginally meets the criteria with an incorrect r value, though they reached the correct conclusion; hence 1 point.', 'C4_identify_outliers': 'The acceptable range is roughly estimated but the student fails to identify the actual outlier (9.22) and inspection need, awarding only 1 point for an attempt at range computation.', 'C5_calculate_adjusted_mean_and_stddev': 'No adjusted calculations were correctly executed as no outliers were removed and mean and standard deviation values are inaccurate.'}",,3337
Math_ShortAns_59,"{'C1_calculate_r_numerator': 0, 'C2_calculate_r_denominator': 0, 'C3_evaluate_r': 1, 'C4_identify_outliers': 0, 'C5_calculate_adjusted_mean_and_stddev': 0}",1,"{'C1_calculate_r_numerator': 'Used an incorrect overall mean and computed the product sum as approximately -1.0 rather than the required -2.78, so no points awarded.', 'C2_calculate_r_denominator': 'Incorrect values were used for the standard deviation sum and the sequence deviations, leading to an incorrect denominator.', 'C3_evaluate_r': 'Though the computed quotient (-0.019) is far off, the student did conclude correctly based on |r| < 0.25. Awarding 1 point for the correct conclusion.', 'C4_identify_outliers': 'The acceptable range is miscalculated (should be based on s ≈ 0.212, not 0.3) and hence the outlier (9.22) was not identified correctly.', 'C5_calculate_adjusted_mean_and_stddev': 'The adjusted mean and standard deviation are arbitrarily guessed rather than calculated properly, so no points awarded.'}",1.0,3812
Math_ShortAns_60,"{'C1_calculate_r_numerator': 1, 'C2_calculate_r_denominator': 1, 'C3_evaluate_r': 3, 'C4_identify_outliers': 3, 'C5_calculate_adjusted_mean_and_stddev': 2}",10,"{'C1_calculate_r_numerator': 'The final r value is correct (-0.18), but no intermediate calculation of the numerator (-2.78) is shown. Partial credit awarded.', 'C2_calculate_r_denominator': 'The student obtained the correct final result, but the detailed computation of the denominator is omitted. Partial credit given.', 'C3_evaluate_r': 'Correctly computed r and made the proper conclusion based on |r| < 0.25.', 'C4_identify_outliers': 'Correctly calculated the acceptable range and identified the outlier (the 13th part, 9.22).', 'C5_calculate_adjusted_mean_and_stddev': 'Correctly computed the adjusted mean as 10.02 and standard deviation as 0.09.'}",,3079
Math_ShortAns_63,"{'C1_identify_line_equation': 1, 'C2_find_intersection': 0, 'C3_origin_on_circle_proof': 0, 'C4_circle_equation_with_point': 0, 'C5_final_equations': 0}",1,"{'C1_identify_line_equation': 'The student correctly uses the form y = k(x-2), but the subsequent manipulation to determine k is flawed.', 'C2_find_intersection': 'The computation of the intersections is incorrectly executed and the identified points A and B do not satisfy the equations.', 'C3_origin_on_circle_proof': 'There is an attempt to prove O is on the circle, but the derivation is based on incorrect intersection points and faulty radius calculation.', 'C4_circle_equation_with_point': ""The student does not properly incorporate point P into determining circle M's equation and miscalculates the radius."", 'C5_final_equations': 'Both the final line and circle equations are incorrect; the line is found by an unjustified elimination and the circle does not pass through P as required.'}",0.9,2710
Math_ShortAns_64,"{'C1_identify_line_equation': 2, 'C2_find_intersection': 2, 'C3_origin_on_circle_proof': 0, 'C4_circle_equation_with_point': 0, 'C5_final_equations': 0}",4,"{'C1_identify_line_equation': 'The student correctly used the vertical line x = 2 as a valid line through (2,0).', 'C2_find_intersection': 'Substituting x=2 in the parabola yields y^2 = 4 and the solutions (2,2) and (2,-2) were correctly identified.', 'C3_origin_on_circle_proof': 'The proof is incorrect as the dot product was miscalculated and the perpendicularity condition was misapplied; the correct computation would have implied O is on the circle.', 'C4_circle_equation_with_point': ""The answer incorrectly assumes the circle's center as (3,1) without proper derivation from points A and B or using point P correctly."", 'C5_final_equations': 'No final equations for either the line or the circle were properly derived or stated.'}",0.9,2992
Math_ShortAns_67,"{'C1_find_circle_properties': 1, 'C2_establish_midpoint': 0, 'C3_determine_line_condition': 0, 'C4_calculate_distance': 0, 'C5_find_area_triangle': 0}",1,"{'C1_find_circle_properties': ""The student correctly converted the circle's equation to completed square form and identified the center (0,4) and radius 4."", 'C2_establish_midpoint': 'The midpoint M derivation is attempted but never correctly completed; the final answer is incorrect and shows confusion.', 'C3_determine_line_condition': ""The condition |OP| = |OM| and derivation of the line's equation is not properly addressed."", 'C4_calculate_distance': 'No correct computation of distances or application of chord length relations is evident.', 'C5_find_area_triangle': 'The area of triangle POM is calculated using arbitrary and incorrect values.'}",1.0,2519
Math_ShortAns_68,"{'C1_find_circle_properties': 1, 'C2_establish_midpoint': 3, 'C3_determine_line_condition': 3, 'C4_calculate_distance': 2, 'C5_find_area_triangle': 3}",12,"{'C1_find_circle_properties': 'Correctly found the center (0,4) and the radius 4.', 'C2_establish_midpoint': 'Accurately set up the vectors and derived the midpoint locus equation (x-1)^2+(y-3)^2=2.', 'C3_determine_line_condition': 'Properly recognized the perpendicular bisector condition, computed slope and obtained the line equation x+3y-8=0.', 'C4_calculate_distance': 'Correct computation of distances from O and N to the line, and application of the chord length formula.', 'C5_find_area_triangle': 'Correctly computed |PM| and substituted into the area formula yielding 16/5.'}",1.0,3018
Math_ShortAns_71,"{'C1_ellipse_equation': 0, 'C2_line_through_P': 0, 'C3_intersection_points': 0, 'C4_T_and_H_coordinates': 0, 'C5_prove_HN_fixed': 0}",0,"{'C1_ellipse_equation': 'The student misapplied the method to determine b² and ended with an incorrect ellipse equation.', 'C2_line_through_P': 'The line through P is formulated with the wrong y-intercept sign.', 'C3_intersection_points': 'The substitution and solving process is incorrect, including an arbitrary choice of k, leading to invalid intersection points.', 'C4_T_and_H_coordinates': 'The computation for T and H is erroneous and misinterprets the geometry.', 'C5_prove_HN_fixed': 'There is no valid proof that line HN passes through a fixed point.'}",,1845
Math_ShortAns_72,"{'C1_ellipse_equation': 2, 'C2_line_through_P': 1, 'C3_intersection_points': 2, 'C4_T_and_H_coordinates': 0, 'C5_prove_HN_fixed': 1}",6,"{'C1_ellipse_equation': 'Correctly identified the ellipse parameters and equation: x²/3 + y²/4 = 1.', 'C2_line_through_P': 'The answer uses the specific line x=1, which passes through P(1,-2), so full credit is given despite not using the general form y = k(x-1)-2.', 'C3_intersection_points': 'The intersections M and N are correctly computed by substituting x=1 into the ellipse equation.', 'C4_T_and_H_coordinates': 'No work was shown for finding points T and H; this part is completely missing.', 'C5_prove_HN_fixed': 'The answer states the equation of line HN and notes it always passes through (0,-2), but no detailed proof is provided.'}",,3220
Math_ShortAns_75,"{'C1_symmetry_and_point_check': 1, 'C2_substitution_and_equations': 1, 'C3_deduce_conic_equation': 0, 'C4_intersection_condition': 0, 'C5_final_proof': 0}",2,"{'C1_symmetry_and_point_check': 'Student attempted to check the given points but made errors in processing the substitutions, partially identifying which points could lie on the ellipse.', 'C2_substitution_and_equations': 'Substitutions were performed for the points, but the derivation led to an incorrect conclusion and no proper solution of the system.', 'C3_deduce_conic_equation': 'The final ellipse equation was arbitrarily chosen (a = 5 and b = 3) without logical deduction from the substitutions.', 'C4_intersection_condition': 'The intersection condition was set up superficially (line defined as y = kx+1) but lacked a proper analysis integrating the slope condition.', 'C5_final_proof': 'The conclusion about the fixed point is unsubstantiated and the proof is incomplete and vague.'}",0.9,2687
Math_ShortAns_76,"{'C1_symmetry_and_point_check': 1, 'C2_substitution_and_equations': 2, 'C3_deduce_conic_equation': 1, 'C4_intersection_condition': 1, 'C5_final_proof': 0}",5,"{'C1_symmetry_and_point_check': 'The student substitutes points but fails to reject the fourth point, as the problem states exactly three should lie on the ellipse.', 'C2_substitution_and_equations': 'Correct substitutions and solving of equations were performed to obtain a² and b².', 'C3_deduce_conic_equation': 'The final ellipse equation is correctly deduced from the found values.', 'C4_intersection_condition': 'The line equation is formulated correctly, but the integration of the given slope condition is superficial.', 'C5_final_proof': 'The proof lacks a detailed logical connection and does not convincingly establish the fixed-point property.'}",,2936
Math_ShortAns_77,"{'C1_symmetry_and_point_check': 2, 'C2_substitution_and_equations': 2, 'C3_deduce_conic_equation': 1, 'C4_intersection_condition': 1, 'C5_final_proof': 1}",7,"{'C1_symmetry_and_point_check': 'Correctly identified the three points on the ellipse using symmetry, though details on rejecting the fourth point were implicit.', 'C2_substitution_and_equations': 'Accurately substituted the points and solved for a² and b².', 'C3_deduce_conic_equation': 'Deduced the correct ellipse equation.', 'C4_intersection_condition': 'Outlined the approach with the line equation and intersection, but without detailed integration of the slope condition.', 'C5_final_proof': 'Final verification is mentioned by substituting x=2, but the proof of the fixed point property is not rigorously argued.'}",,2366
Math_ShortAns_80,"{'C1_set_a_zero': 1, 'C2_analyze_f_prime': 0, 'C3_conclude_sign_of_f': 0, 'C4_analyze_second_case': 0, 'C5_consolidate_results': 0}",1,"{'C1_set_a_zero': 'The student correctly set a=0 and simplified the function, but the interpretive analysis is partially correct since the sign conclusion for x>0 is wrong.', 'C2_analyze_f_prime': 'The derivative is computed incorrectly and no proper interval analysis is provided.', 'C3_conclude_sign_of_f': 'The student incorrectly concludes the sign of f(x) for x>0, contradicting the expected behavior.', 'C4_analyze_second_case': 'There is an attempt to use the derivative to analyze the maximum, but no proper second derivative analysis or conditions on a were provided.', 'C5_consolidate_results': 'The final value for a is not determined; the student incorrectly suggests that any value of a works.'}",0.95,2700
Math_ShortAns_81,"{'C1_set_a_zero': 2, 'C2_analyze_f_prime': 1, 'C3_conclude_sign_of_f': 2, 'C4_analyze_second_case': 1, 'C5_consolidate_results': 1}",7,"{'C1_set_a_zero': 'Correctly set a = 0 and simplified the function.', 'C2_analyze_f_prime': 'Mentioned the derivative and its monotonicity without showing the explicit derivative expression.', 'C3_conclude_sign_of_f': 'Properly concluded the sign of f(x) over the given intervals using f(0)=0.', 'C4_analyze_second_case': 'Identified the auxiliary function and its derivative but provided no detailed computation.', 'C5_consolidate_results': 'Final answer a = -1/6 is stated, but verification via second derivative and complete argument is lacking.'}",0.95,2344
Math_ShortAns_84,"{'C1_derivative_calculation': 2, 'C2_sign_analysis': 1, 'C3_monotonicity_deduction': 0, 'C4_max_value_calculation': 0, 'C5_proof': 0}",3,"{'C1_derivative_calculation': ""The derivative is computed correctly as f'(x)=1/x+2ax+(2a+1), which is equivalent to the factored form in the rubric."", 'C2_sign_analysis': 'The answer attempts a sign discussion near x=0 but does not cover all cases (a = 0, a > 0, a < 0) properly.', 'C3_monotonicity_deduction': 'No clear deduction of the monotonicity intervals is provided; reasoning is incomplete.', 'C4_max_value_calculation': 'The answer incorrectly attempts to evaluate f(x) at x=1 and does not determine the true maximum value.', 'C5_proof': 'There is no valid proof provided for the inequality when a < 0.'}",0.95,2702
Math_ShortAns_85,"{'C1_derivative_calculation': 2, 'C2_sign_analysis': 1, 'C3_monotonicity_deduction': 1, 'C4_max_value_calculation': 0, 'C5_proof': 0}",4,"{'C1_derivative_calculation': 'The derivative was correctly computed and is equivalent to the expected answer, even though it was not factored.', 'C2_sign_analysis': 'The student attempted a sign analysis but erroneously assumed D < 0 always holds, leading to an incomplete and incorrect analysis of the cases.', 'C3_monotonicity_deduction': 'The conclusion that the function is increasing was stated, but the justification is flawed due to the sign analysis error.', 'C4_max_value_calculation': 'The student incorrectly attempted to evaluate the maximum value by testing x = 1, missing the proper approach to find the critical point and evaluate the maximum as required.', 'C5_proof': 'No valid proof was provided for the inequality f(x) ≤ -3/(4a) - 2 when a < 0; the argument was inconclusive and incorrect.'}",0.95,2468
Math_ShortAns_86,"{'C1_derivative_calculation': 2, 'C2_sign_analysis': 2, 'C3_monotonicity_deduction': 2, 'C4_max_value_calculation': 3, 'C5_proof': 3}",12,"{'C1_derivative_calculation': ""Correct derivative obtained as f'(x)=((2ax+1)(x+1))/x for x>0."", 'C2_sign_analysis': 'Accurate analysis for a=0, a>0, and a<0 with proper reasoning.', 'C3_monotonicity_deduction': 'Correctly deduced monotonicity intervals based on the sign analysis.', 'C4_max_value_calculation': 'Correctly identified the critical point and computed the maximum value with appropriate transformations.', 'C5_proof': 'The proof using substitution, differentiation of g(t), and analysis is valid despite some typographical issues.'}",,3292
Math_ShortAns_89,"{'C1_calculate_derivative': 1, 'C2_determine_m_value': 2, 'C3_analyze_monotonicity': 0, 'C4_prove_fx_positivity_part1': 0, 'C5_prove_fx_positivity_part2': 0}",3,"{'C1_calculate_derivative': 'The derivative is calculated correctly as e^x - 1/(x+m).', 'C2_determine_m_value': ""Correctly set f'(0)=0 and solved for m=1."", 'C3_analyze_monotonicity': 'The analysis of monotonicity is insufficient and contradictory; no clear interval breakdown was provided.', 'C4_prove_fx_positivity_part1': 'The setup for proving f(x)>0 when m≤2 is not addressed as required.', 'C5_prove_fx_positivity_part2': 'No proper argument using the derivative’s zero or minimum value was provided to prove f(x)>0.'}",,2274
Math_ShortAns_90,"{'C1_calculate_derivative': 1, 'C2_determine_m_value': 2, 'C3_analyze_monotonicity': 0, 'C4_prove_fx_positivity_part1': 1, 'C5_prove_fx_positivity_part2': 0}",4,"{'C1_calculate_derivative': 'The derivative was implicitly used and correctly applied at x=0.', 'C2_determine_m_value': ""f'(0)=0 was set up correctly and led to m=1."", 'C3_analyze_monotonicity': ""The answer mentions analyzing f'(x) but does not provide intervals or detailed explanation."", 'C4_prove_fx_positivity_part1': 'The answer indicates proving the case m=2 suffices, matching the hint for this part.', 'C5_prove_fx_positivity_part2': ""The detailed proof using the unique zero of f'(x) and evaluation of the minimum was not provided.""}",,2034
Math_ShortAns_93,"{'C1_function_at_0': 1, 'C2_monotonicity_proof': 0, 'C3_single_zero_condition_decomposed': 1, 'C4_correct_value_of_a': 0, 'C5_clarity_and_rigour': 0}",2,"{'C1_function_at_0': 'f(0) was correctly evaluated as 1.', 'C2_monotonicity_proof': 'The student failed to provide a correct monotonicity proof and made incorrect claims about the function being constant.', 'C3_single_zero_condition_decomposed': 'While the derivative was set up correctly, the analysis was flawed and insufficient; only minimal partial work was done.', 'C4_correct_value_of_a': 'The student concluded an incorrect value for a (suggesting a negative value) instead of the correct a = e^2/4.', 'C5_clarity_and_rigour': 'The solution lacked clarity and logical rigor, with contradictory statements and insufficient justification.'}",,2067
Math_ShortAns_94,"{'C1_function_at_0': 1, 'C2_monotonicity_proof': 1, 'C3_single_zero_condition_decomposed': 2, 'C4_correct_value_of_a': 0, 'C5_clarity_and_rigour': 1}",5,"{'C1_function_at_0': 'Correctly computed f(0)=1 for a=1.', 'C2_monotonicity_proof': ""Identified the derivative f'(x)=e^x-2x, and checked f'(0)>0, but did not fully analyze monotonicity for all x≥0."", 'C3_single_zero_condition_decomposed': 'Set up the derivative condition correctly and noted behavior as x→∞, but the analysis is incomplete, and important case divisions were missing.', 'C4_correct_value_of_a': 'The answer gives a=2, which is incorrect; the correct value is a=e^2/4.', 'C5_clarity_and_rigour': 'The reasoning is not rigorous and relies on sample points rather than a full justification.'}",,2602
Math_ShortAns_95,"{'C1_function_at_0': 1, 'C2_monotonicity_proof': 3, 'C3_single_zero_condition_decomposed': 2, 'C4_correct_value_of_a': 0, 'C5_clarity_and_rigour': 1}",7,"{'C1_function_at_0': 'Correctly evaluated f(0)=1.', 'C2_monotonicity_proof': 'Computed the derivative, identified the critical point, and showed the derivative is positive on [0, +∞].', 'C3_single_zero_condition_decomposed': 'The student discussed the cases and set up equations but did not fully analyze the uniqueness condition; partial steps were included.', 'C4_correct_value_of_a': 'No correct value of a (expected e²/4) was derived.', 'C5_clarity_and_rigour': 'The argument in part (1) is clear, but part (2) lacks rigor and does not conclude the answer.'}",0.95,2651
Math_ShortAns_98,"{'C1_calculate_derivative': 0, 'C2_analyze_function_behavior': 0, 'C3_set_up_series_product_inequality': 0, 'C4_relating_series_to_m': 2}",2,"{'C1_calculate_derivative': 'The answer does not include any derivative calculation or analysis.', 'C2_analyze_function_behavior': 'The function behavior was not correctly analyzed; the conclusion a=0 is incorrect.', 'C3_set_up_series_product_inequality': 'The product was reformulated but the proper logarithmic inequality setup is missing.', 'C4_relating_series_to_m': 'The final conclusion m = 3 is reached, which is correct.'}",0.9,2562
Math_ShortAns_99,"{'C1_calculate_derivative': 0, 'C2_analyze_function_behavior': 0, 'C3_set_up_series_product_inequality': 0, 'C4_relating_series_to_m': 0}",0,"{'C1_calculate_derivative': 'The student did not calculate the derivative or analyze cases for a; they only plugged in specific values.', 'C2_analyze_function_behavior': 'The analysis is flawed; instead of identifying a=1 based on the minimum, they incorrectly concluded a=2.', 'C3_set_up_series_product_inequality': 'The student did not correctly set up the inequality using logarithmic bounds as required.', 'C4_relating_series_to_m': 'The conclusion that m=8 is incorrect; the correct integer should be 3.'}",0.95,1954
Math_ShortAns_100,"{'C1_calculate_derivative': 2, 'C2_analyze_function_behavior': 2, 'C3_set_up_series_product_inequality': 2, 'C4_relating_series_to_m': 1}",7,"{'C1_calculate_derivative': 'The derivative is computed correctly and cases for a ≤ 0 and a > 0 are identified.', 'C2_analyze_function_behavior': 'Minimum point analysis is used accurately to conclude that a must equal 1, though the explanation is brief.', 'C3_set_up_series_product_inequality': 'The student correctly sets up the inequality using ln(1+1/2^k) < 1/2^k and deduces an upper bound of e.', 'C4_relating_series_to_m': 'The answer hints at the product lying in (2, e) and implies m = 3, but fails to explicitly state the conclusion.'}",,2173
Math_ShortAns_103,"{'C1_find_derivative': 0, 'C2_monotone_analysis': 0, 'C3_identify_extremum': 0, 'C4_root_existence': 0, 'C5_root_relationship': 0}",0,"{'C1_find_derivative': 'The derivative is computed incorrectly; the product rule was not correctly applied.', 'C2_monotone_analysis': ""No analysis using g'(x) was provided and the monotonic behavior was deduced incorrectly."", 'C3_identify_extremum': 'The answer incorrectly claims there are no extrema, contrary to the requirement of a unique extremum.', 'C4_root_existence': 'There is no proper argument for the existence of two roots; evaluating points does not establish the claimed intervals.', 'C5_root_relationship': 'The answer fails to show that any potential roots are reciprocals.'}",1,2248
Math_ShortAns_104,"{'C1_find_derivative': 0, 'C2_monotone_analysis': 0, 'C3_identify_extremum': 0, 'C4_root_existence': 0, 'C5_root_relationship': 0}",0,"{'C1_find_derivative': 'The student misapplies the product rule and computes an incorrect derivative (−1/x instead of ln x − 1/x).', 'C2_monotone_analysis': ""The derivative was not analyzed correctly; no proper computation of g'(x) nor correct monotonicity conclusion is provided."", 'C3_identify_extremum': 'The answer fails to correctly identify or justify the unique extremum point of f(x).', 'C4_root_existence': 'The existence of two roots is not properly demonstrated; only an inconclusive sign change is mentioned.', 'C5_root_relationship': 'No argument is provided to establish that the two roots are reciprocals of each other.'}",,2152
Math_ShortAns_105,"{'C1_find_derivative': 1, 'C2_monotone_analysis': 1, 'C3_identify_extremum': 1, 'C4_root_existence': 2, 'C5_root_relationship': 2}",7,"{'C1_find_derivative': ""The student mentions differentiating f(x) but does not show the product rule or simplify to f'(x)=ln x - 1/x."", 'C2_monotone_analysis': ""They refer to analyzing the monotonicity of the derivative without detailing g'(x) or the argument why it is monotonic."", 'C3_identify_extremum': 'The unique point x0 is identified, though no detailed discussion of the behavior around x0 is provided.', 'C4_root_existence': 'The existence of roots in the two intervals is stated correctly, meeting the requirement.', 'C5_root_relationship': 'The answer correctly states that the two roots are reciprocals, noting the assignments x = a and 1/a.'}",0.9,2725
Math_ShortAns_108,"{'C1_domain_and_derivative': 0, 'C2_monotonicity_and_value_at_x1': 1, 'C3_a_value_range': 0, 'C4_transform_and_condition': 0, 'C5_derivation_of_inequality': 0}",1,"{'C1_domain_and_derivative': 'The answer does not determine the domain (which should be (0,+∞)) or compute the derivative.', 'C2_monotonicity_and_value_at_x1': 'Only the value at x=1 is computed correctly; no valid monotonicity analysis is provided.', 'C3_a_value_range': 'The student incorrectly derives the range of a, reversing the inequality and concluding [0, +∞) which is wrong.', 'C4_transform_and_condition': 'The necessary transformation of the condition for the zero points is not done correctly.', 'C5_derivation_of_inequality': 'There is no valid derivation for the inequality regarding the product of the zero points.'}",,2123
Math_ShortAns_109,"{'C1_domain_and_derivative': 2, 'C2_monotonicity_and_value_at_x1': 2, 'C3_a_value_range': 2, 'C4_transform_and_condition': 1, 'C5_derivation_of_inequality': 0}",7,"{'C1_domain_and_derivative': 'The student correctly identified the domain (0, +∞) and computed the derivative in an equivalent correct form.', 'C2_monotonicity_and_value_at_x1': 'The monotonicity analysis on both intervals and the evaluation f(1) = e + 1 - a are correct.', 'C3_a_value_range': 'The condition f(x) ≥ f(1) and the conclusion a ≤ e + 1 are correctly derived.', 'C4_transform_and_condition': 'The transformation linking the zero points to the condition x1*x2 < 1 is attempted, but the explanation is unclear and lacks rigor.', 'C5_derivation_of_inequality': 'The derivation of the inequality for the zero point product is incomplete and confusing, with several unclear steps.'}",0.8,3304
Math_ShortAns_112,"{'P1_identify_directrix': 0, 'P2_calculate_p': 0, 'P3_equation_parabola': 0, 'P4_slope_relations': 0, 'P5_maximize_angle_difference': 0, 'P6_equation_AB': 0}",0,"{'P1_identify_directrix': 'The student did not identify the correct directrix or use the fact that MD is vertical.', 'P2_calculate_p': 'No correct computation of p was presented; the student set up incorrect cases without solving for p.', 'P3_equation_parabola': 'The final parabola equation is incorrect; the expected substitution (p = 2 leading to y² = 4x) was not done.', 'P4_slope_relations': 'The student did not establish the required slope relationships between MN and AB.', 'P5_maximize_angle_difference': 'There is no correct application of trigonometric or calculus methods to maximize the angle difference.', 'P6_equation_AB': 'The derived equation for line AB is incorrect and not derived from any proper reasoning.'}",,2040
Math_ShortAns_113,"{'P1_identify_directrix': 0, 'P2_calculate_p': 0, 'P3_equation_parabola': 0, 'P4_slope_relations': 0, 'P5_maximize_angle_difference': 0, 'P6_equation_AB': 0}",0,"{'P1_identify_directrix': 'Did not identify the directrix x = -p/2 and incorrectly located the focus, conflating F with D.', 'P2_calculate_p': 'The solution incorrectly uses |x1 - p| = 3 and does not relate this distance properly to the focus, failing to solve for p.', 'P3_equation_parabola': 'The correct substitution (p = 2) was never obtained, and the parabola equation was not properly derived.', 'P4_slope_relations': 'No correct relationship between the slopes of MN and AB is established; the answer merely notes a vertical line.', 'P5_maximize_angle_difference': 'No valid trigonometric or calculus reasoning is applied to maximize the angle difference a - β.', 'P6_equation_AB': 'The final line equation is erroneously given as y = 0, which does not match the expected form.'}",,2391
Math_ShortAns_114,"{'P1_identify_directrix': 1, 'P2_calculate_p': 2, 'P3_equation_parabola': 1, 'P4_slope_relations': 0, 'P5_maximize_angle_difference': 0, 'P6_equation_AB': 2}",6,"{'P1_identify_directrix': 'The answer correctly notes that M has x-coordinate p when MD is vertical, but does not mention or identify the directrix x = -p/2.', 'P2_calculate_p': 'The student set up the equation |MF| = p + p/2 = 3 and solved it to obtain p = 2 correctly.', 'P3_equation_parabola': 'Substituted p = 2 into the parabola equation to get y² = 4x correctly.', 'P4_slope_relations': 'The answer vaguely mentions slopes of MN and AB but does not actually derive the required relationship (e.g., k_MN = 2·k_AB).', 'P5_maximize_angle_difference': 'There is an assertion about using the tangent formula and inequalities but no detailed calculation or identification of the maximizing condition is provided.', 'P6_equation_AB': 'The final equation x = √2 y + 4 is stated and matches the expected answer, though no detailed derivation is shown.'}",,2925
Math_ShortAns_117,"{'CR1_function_derivative': 1, 'CR2_base_function': 0, 'CR3_monotonic_intervals': 1, 'CR4_inequality_manipulation': 0, 'CR5_maximization_criteria': 0}",2,"{'CR1_function_derivative': ""The student correctly differentiated f(x) but did not solve for f'(1) and f(0)."", 'CR2_base_function': 'The student left the answer in terms of k and c rather than solving for these constants to obtain the complete expression.', 'CR3_monotonic_intervals': 'The monotonicity analysis was oversimplified and did not establish the correct intervals; only partial reasoning was provided.', 'CR4_inequality_manipulation': 'The transformation of the inequality was not properly handled, and critical details were missed.', 'CR5_maximization_criteria': 'No valid derivation was given for maximizing (a+1)b and the final required conditions were not stated.'}",,2097
Math_ShortAns_118,"{'CR1_function_derivative': 0, 'CR2_base_function': 0, 'CR3_monotonic_intervals': 0, 'CR4_inequality_manipulation': 1, 'CR5_maximization_criteria': 0}",1,"{'CR1_function_derivative': 'The answer only mentions that differentiation is done but provides no explicit derivative or evaluation details.', 'CR2_base_function': 'No explicit function expression for f(x) is provided, just a reference to obtaining it.', 'CR3_monotonic_intervals': 'The answer states that monotonic intervals are determined, but gives no details or actual intervals.', 'CR4_inequality_manipulation': 'The inequality is transformed correctly to h(x) = e^x - (a+1)x - b ≥ 0, but no further analysis is provided.', 'CR5_maximization_criteria': 'There is only a vague reference to studying the maximum of (a+1)b without any derivation or condition analysis.'}",0.9,1996
Math_ShortAns_121,"{'C1_calculate_derivative_fx': 1, 'C2_analyze_monotonicity': 0, 'C3_express_gx_and_find_g0': 2, 'C4_analyze_gx_monotonicity': 0, 'C5_estimate_ln_2': 0}",3,"{'C1_calculate_derivative_fx': ""Correctly computed f'(x) as e^x + e^(-x) - 2."", 'C2_analyze_monotonicity': ""Incorrect analysis; f'(x) is nonnegative (non-decreasing) but student claimed it is always >0 and concluded f(x) is decreasing, which is wrong."", 'C3_express_gx_and_find_g0': 'Correctly expressed g(x) and correctly computed g(0)=0.', 'C4_analyze_gx_monotonicity': ""No proper analysis of g(x)'s monotonicity or derivation of conditions on b; answer incorrectly concluded b maximum is 0."", 'C5_estimate_ln_2': 'Incorrect estimation; ln2 is approximately 0.693 but student estimated around 2.'}",,2088
Math_ShortAns_122,"{'C1_calculate_derivative_fx': 1, 'C2_analyze_monotonicity': 2, 'C3_express_gx_and_find_g0': 2, 'C4_analyze_gx_monotonicity': 3, 'C5_estimate_ln_2': 2}",10,"{'C1_calculate_derivative_fx': ""Correctly computed the derivative f'(x)=e^x+e^(-x)-2."", 'C2_analyze_monotonicity': ""Used the inequality e^x+e^(-x)>=2 to conclude f'(x)>=0, and correctly noted f(x) is increasing on R."", 'C3_express_gx_and_find_g0': 'Expressed g(x) correctly and computed g(0)=0.', 'C4_analyze_gx_monotonicity': ""Derived g'(x) correctly and analyzed conditions on b to conclude the maximum value b=2."", 'C5_estimate_ln_2': 'Used the provided bounds for √2 to deduce an approximation for ln2 as 0.693.'}",0.95,2931
Math_ShortAns_125,"{'C1_derivative_calculation': 2, 'C2_monotonicity_analysis': 0, 'C3_periodicity_max_min': 0, 'C4_inequality_proof_part_a': 0, 'C5_inequality_proof_part_b': 0}",2,"{'C1_derivative_calculation': 'The derivative was computed correctly using the product rule, though the student did not further analyze it.', 'C2_monotonicity_analysis': 'The analysis is vague and incomplete; no proper interval determination or critical point analysis was provided.', 'C3_periodicity_max_min': 'The answer only vaguely mentions periodicity and incorrectly identifies the maximum value.', 'C4_inequality_proof_part_a': 'The transformation using trigonometric identities is attempted but leads to an incorrect argument for the inequality.', 'C5_inequality_proof_part_b': 'No rigorous argument or proper bounding technique was provided for the product inequality.'}",1.0,2451
Math_ShortAns_126,"{'C1_derivative_calculation': 2, 'C2_monotonicity_analysis': 0, 'C3_periodicity_max_min': 0, 'C4_inequality_proof_part_a': 0, 'C5_inequality_proof_part_b': 0}",2,"{'C1_derivative_calculation': 'Correct derivative computation was provided.', 'C2_monotonicity_analysis': 'Incorrect monotonicity analysis; oversimplified reasoning without properly checking derivative sign.', 'C3_periodicity_max_min': 'No discussion of periodicity or identification of max/min for f(x).', 'C4_inequality_proof_part_a': 'Does not prove the required sharper bound; only shows a trivial bound (≤ 1).', 'C5_inequality_proof_part_b': 'Incorrect approach by bounding each term by 1; does not demonstrate the intended inequality.'}",1.0,2445
Math_ShortAns_127,"{'C1_derivative_calculation': 1, 'C2_monotonicity_analysis': 1, 'C3_periodicity_max_min': 1, 'C4_inequality_proof_part_a': 0, 'C5_inequality_proof_part_b': 0}",3,"{'C1_derivative_calculation': ""The answer mentions differentiating and finding f'(x) but does not show any computations, awarding partial credit."", 'C2_monotonicity_analysis': 'Monotonicity is referenced through critical points, but no detailed interval analysis is provided.', 'C3_periodicity_max_min': 'The periodic property is identified and mentions max/min determination, but specifics are lacking.', 'C4_inequality_proof_part_a': 'The inequality is stated to be proved based on previous results without a proper setup or detailed argument.', 'C5_inequality_proof_part_b': 'The product inequality transformation is attempted with unclear and erroneous steps, resulting in no valid proof.'}",,2213
Math_ShortAns_130,"{'C1_convert_polar_to_cartesian': 0, 'C2_find_cartesian_equation_of_curve_C1': 0, 'C3_compare_geometric_properties': 0, 'C4_final_conclusion': 0}",0,"{'C1_convert_polar_to_cartesian': 'The student attempted to use the polar-to-Cartesian relationships but ended up with incorrect algebra and a confused final form.', 'C2_find_cartesian_equation_of_curve_C1': 'The parametric equation of curve C1 was not properly derived from the given conditions; the relation for point M and subsequent steps are incomplete and incorrect.', 'C3_compare_geometric_properties': 'No proper identification of the circle centers and radii was made, so no meaningful comparison of their geometric properties was conducted.', 'C4_final_conclusion': 'The final conclusion is incorrect; the student mistakenly states that the curves have common points instead of recognizing that they are disjoint.'}",,2776
Math_ShortAns_131,"{'C1_convert_polar_to_cartesian': 2, 'C2_find_cartesian_equation_of_curve_C1': 1, 'C3_compare_geometric_properties': 1, 'C4_final_conclusion': 1}",5,"{'C1_convert_polar_to_cartesian': 'The conversion from polar to Cartesian is correct and the final form (x - √2)² + y² = 2 is obtained as required.', 'C2_find_cartesian_equation_of_curve_C1': ""The answer correctly expresses M's coordinates but doesn’t fully derive the explicit parametric equations for P, so only partial credit is awarded."", 'C3_compare_geometric_properties': 'The solution vaguely mentions comparing centers and radii but does not specify the values; however, it ultimately notes that the curves do not intersect.', 'C4_final_conclusion': 'The final conclusion that C and C1 have no common points is correctly stated.'}",,2993
Math_ShortAns_134,"{'C1_transform_C1': 1, 'C2_transform_C2': 0, 'C3_find_intersection_P': 0, 'C4_cartesian_to_polar': 0, 'C5_verify_correctness': 0}",1,"{'C1_transform_C1': 'The student correctly stated the parametric equations but erroneously transformed to x+y=5 instead of x+y=4.', 'C2_transform_C2': 'The student did not correctly derive the Cartesian form for C2; the elimination process is not properly executed and does not yield x^2-y^2=4.', 'C3_find_intersection_P': 'The intersection point is computed incorrectly (should be (5/2, 3/2)) and the method is flawed.', 'C4_cartesian_to_polar': 'The student’s derivation of the polar equation is not based on the correct circle (center on the x-axis passing through the origin and the correct intersection point) and is incorrect.', 'C5_verify_correctness': 'There is a lack of logical consistency and verification in the calculations; numerous errors are present.'}",0.9,2325
Math_ShortAns_135,"{'C1_transform_C1': 2, 'C2_transform_C2': 2, 'C3_find_intersection_P': 0, 'C4_cartesian_to_polar': 2, 'C5_verify_correctness': 0}",6,"{'C1_transform_C1': 'Correctly transformed C1 to x+y=4.', 'C2_transform_C2': 'Correctly transformed C2 to x^2 - y^2 = 4.', 'C3_find_intersection_P': 'Did not explicitly solve for or state the intersection point P.', 'C4_cartesian_to_polar': 'Final polar equation is correctly given as ρ = (17/5) cos θ.', 'C5_verify_correctness': 'No additional verification or logical explanation is provided.'}",,2370
Math_ShortAns_138,"{'C1_convert_C1': 0, 'C2_convert_C2': 1, 'C3_find_intersection': 0, 'C4_cartesian_to_polar': 0, 'C5_final_answer_presentation': 0}",1,"{'C1_convert_C1': 'Student attempted to simplify but ended with an incorrect Cartesian equation (x+y=8 instead of x+y=4).', 'C2_convert_C2': 'Student made a reasonable attempt at eliminating t, but the final derivation is incorrect (gave x²-y²=2 rather than 4).', 'C3_find_intersection': ""Student's process to find the intersection point is flawed; substitution and solving steps are incorrect."", 'C4_cartesian_to_polar': 'No correct conversion from Cartesian to polar form was provided.', 'C5_final_answer_presentation': 'The final answer is stated with little justification and is incorrect.'}",,2076
Math_ShortAns_139,"{'C1_convert_C1': 2, 'C2_convert_C2': 2, 'C3_find_intersection': 2, 'C4_cartesian_to_polar': 2, 'C5_final_answer_presentation': 2}",10,"{'C1_convert_C1': ""Correctly converted C1's parametric form to Cartesian form (x + y = 4)."", 'C2_convert_C2': 'Correctly derived the Cartesian equation for C2 (x² - y² = 4).', 'C3_find_intersection': 'Although the intersection point is not explicitly shown, the correct equations were used implicitly to obtain P and lead to the correct final result.', 'C4_cartesian_to_polar': 'The conversion from Cartesian circle equation to polar form is correct, leading to ρ = (17/5) cosθ.', 'C5_final_answer_presentation': 'The final answer is clearly presented and matches the requirements.'}",1.0,2376
Math_ShortAns_142,"{'C1_apply_AM-GM_to_abc': 0, 'C2_manipulate_to_abc_le_1_over_9': 0, 'C3_apply_AM_GM_to_fractions': 0, 'C4_sum_fractions': 0, 'C5_correct_method_and_final_answer': 0}",0,"{'C1_apply_AM-GM_to_abc': 'The student did not apply the AM-GM inequality as required; they merely considered the case a=b=c without using AM-GM.', 'C2_manipulate_to_abc_le_1_over_9': 'The approach incorrectly sets a=b=c leading to abc=1/27 and then notes 1/27 <= 1/9, which does not prove the necessary bound.', 'C3_apply_AM_GM_to_fractions': 'No application of the AM-GM inequality to the individual fraction terms was provided.', 'C4_sum_fractions': 'The summing step is flawed; instead of reaching (a^(3/2)+b^(3/2)+c^(3/2))/(2√(abc)), the student uses an inappropriate sum leading to a different bound.', 'C5_correct_method_and_final_answer': 'The overall methodology is incorrect; both the final conclusions in part (1) and (2) do not match the required results.'}",1,2424
Math_ShortAns_143,"{'C1_apply_AM-GM_to_abc': 0, 'C2_manipulate_to_abc_le_1_over_9': 0, 'C3_apply_AM_GM_to_fractions': 0, 'C4_sum_fractions': 0, 'C5_correct_method_and_final_answer': 0}",0,"{'C1_apply_AM-GM_to_abc': 'The student did not correctly apply the AM-GM inequality to relate a^(3/2)+b^(3/2)+c^(3/2) to (abc)^(1/2); they only used a substitution a = b = c.', 'C2_manipulate_to_abc_le_1_over_9': 'They failed to deduce abc ≤ 1/9 properly, instead arriving at an irrelevant value and confusion.', 'C3_apply_AM_GM_to_fractions': 'No correct use of AM-GM on the fraction terms was presented; the inequality derivation was absent and misapplied.', 'C4_sum_fractions': 'The summing of the fractions using inequalities was not carried out correctly; the student incorrectly concluded a lower bound instead of the required upper bound.', 'C5_correct_method_and_final_answer': 'The overall method is incorrect, leading to wrong final conclusions in both parts of the problem.'}",1,2466
Math_ShortAns_144,"{'C1_apply_AM-GM_to_abc': 0, 'C2_manipulate_to_abc_le_1_over_9': 0, 'C3_apply_AM_GM_to_fractions': 0, 'C4_sum_fractions': 0, 'C5_correct_method_and_final_answer': 0}",0,"{'C1_apply_AM-GM_to_abc': 'The student does not correctly apply the AM-GM inequality; merely setting variables equal is not sufficient.', 'C2_manipulate_to_abc_le_1_over_9': 'The deduction is flawed: the student incorrectly concludes abc >= 1/9 rather than proving the required inequality.', 'C3_apply_AM_GM_to_fractions': 'There is no correct application of the AM-GM inequality to the fraction terms.', 'C4_sum_fractions': 'The attempt to sum the fractions is incorrect, and the student does not properly derive the inequality given in the problem.', 'C5_correct_method_and_final_answer': 'Overall, the methodology is incorrect and the final conclusions are entirely reversed or wrong.'}",,2174
Math_ShortAns_145,"{'C1_apply_AM-GM_to_abc': 1, 'C2_manipulate_to_abc_le_1_over_9': 1, 'C3_apply_AM_GM_to_fractions': 1, 'C4_sum_fractions': 1, 'C5_correct_method_and_final_answer': 1}",5,"{'C1_apply_AM-GM_to_abc': 'The student correctly applied the AM-GM inequality to relate the sum and (abc)^(1/2).', 'C2_manipulate_to_abc_le_1_over_9': 'The student correctly deduced that abc ≤ 1/9 from the previous inequality.', 'C3_apply_AM_GM_to_fractions': 'The student correctly applied AM-GM to each fraction term and transformed them into the required form.', 'C4_sum_fractions': 'The inequalities were correctly summed, leading to the desired bound on the sum of fractions.', 'C5_correct_method_and_final_answer': 'The overall method is correct and the final results for both parts are accurately obtained.'}",,2581
Math_ShortAns_148,"{'C1_understand_given_equation': 1, 'C2_apply_cauchy_inequality': 0, 'C3_substitute_and_prove_part1': 0, 'C4_derive_inequality_condition': 0, 'C5_apply_weighted_inequality': 0, 'C6_verify_equality_condition_part2': 0}",1,"{'C1_understand_given_equation': 'The student correctly restated the given equation, but did not manipulate it properly in later steps.', 'C2_apply_cauchy_inequality': 'The application of the Cauchy-Schwarz inequality is incorrect since the multiplier vector was chosen wrongly.', 'C3_substitute_and_prove_part1': 'No attempt was made to find or discuss the equality condition (a = b = 2c = 1).', 'C4_derive_inequality_condition': 'The derivation for the case b = 2c is mismanaged and does not lead to the necessary inequality.', 'C5_apply_weighted_inequality': 'There was no proper use of the weighted AM-GM or similar inequality to bound 1/a + 1/c.', 'C6_verify_equality_condition_part2': 'The student failed to determine or verify any equality condition for part (2).'}",0.95,3388
Math_ShortAns_149,"{'C1_understand_given_equation': 0, 'C2_apply_cauchy_inequality': 0, 'C3_substitute_and_prove_part1': 0, 'C4_derive_inequality_condition': 0, 'C5_apply_weighted_inequality': 0, 'C6_verify_equality_condition_part2': 0}",0,"{'C1_understand_given_equation': 'The student mentions the equation but uses it incorrectly in subsequent steps.', 'C2_apply_cauchy_inequality': 'Incorrect application of Cauchy-Schwarz: the student used wrong coefficients, leading to the bound 6 instead of 3.', 'C3_substitute_and_prove_part1': 'The answer omits the necessary substitution and discussion of the equality condition a = b = 2c = 1.', 'C4_derive_inequality_condition': 'The derivation for b = 2c is incomplete and fails to correctly derive 0 < a + 4c ≤ 3.', 'C5_apply_weighted_inequality': 'No correct application of the weighted AM-GM inequality; the student presents an unsubstantiated expression.', 'C6_verify_equality_condition_part2': 'There is no verification of the equality condition for part (2).'}",,2584
Math_ShortAns_150,"{'C1_understand_given_equation': 1, 'C2_apply_cauchy_inequality': 1, 'C3_substitute_and_prove_part1': 1, 'C4_derive_inequality_condition': 1, 'C5_apply_weighted_inequality': 1, 'C6_verify_equality_condition_part2': 1}",6,"{'C1_understand_given_equation': 'Correctly used the equation a^2+b^2+4c^2=3 in the further steps.', 'C2_apply_cauchy_inequality': 'Proper application of Cauchy-Schwarz inequality to show a+b+2c<=3.', 'C3_substitute_and_prove_part1': 'Accurately identified the equality condition a=b=2c=1.', 'C4_derive_inequality_condition': 'Correctly substituted b=2c and derived a+4c<=3.', 'C5_apply_weighted_inequality': ""Appropriate use of the weighted AM-GM (or Titu's lemma) to derive 1/a+1/c>=3."", 'C6_verify_equality_condition_part2': 'Properly determined the equality condition for the second inequality, a=1, c=1/2.'}",1.0,2054
Math_ShortAns_153,"{'C1_apply_Cauchy': 0, 'C2_equality_condition': 0, 'C3_setup_second_part': 2, 'C4_apply_AM_GM': 0, 'C5_conclude_second_part': 0}",2,"{'C1_apply_Cauchy': 'No application of Cauchy-Schwarz inequality was attempted in the argument.', 'C2_equality_condition': 'The student did not identify or discuss the correct equality condition a = b = 1.', 'C3_setup_second_part': 'The transformation of a³+b³ into s(s²-3p) was correct and properly set up.', 'C4_apply_AM_GM': 'There was no correct application of the AM-GM inequality to derive the upper bound for a+b.', 'C5_conclude_second_part': 'The conclusion reached was incorrect; the proof did not show a+b ≤ 2 and did not verify the equality condition.'}",,2197
Math_ShortAns_154,"{'C1_apply_Cauchy': 0, 'C2_equality_condition': 1, 'C3_setup_second_part': 0, 'C4_apply_AM_GM': 0, 'C5_conclude_second_part': 0}",1,"{'C1_apply_Cauchy': 'The Cauchy-Schwarz inequality was not applied at all.', 'C2_equality_condition': 'The answer did mention a = 1 and b = 1, identifying an equality case.', 'C3_setup_second_part': 'The transformation of a³ + b³ to relate a+b and ab was attempted but not correctly executed.', 'C4_apply_AM_GM': 'No application of the AM-GM inequality was provided to bound a+b.', 'C5_conclude_second_part': 'The conclusion for a+b was incorrect and not properly justified.'}",,2040
Math_ShortAns_155,"{'C1_apply_Cauchy': 2, 'C2_equality_condition': 1, 'C3_setup_second_part': 2, 'C4_apply_AM_GM': 2, 'C5_conclude_second_part': 1}",8,"{'C1_apply_Cauchy': 'Correct use of Cauchy-Schwarz to derive the inequality (a+b)(a^5+b^5) ≥ (a^3+b^3)^2.', 'C2_equality_condition': 'Identified the equality case a=b=1 correctly.', 'C3_setup_second_part': 'Successfully transformed a^3+b^3=2 into an expression involving a+b and ab.', 'C4_apply_AM_GM': 'Correct application of the AM-GM inequality to bound ab and thus conclude a+b ≤ 2.', 'C5_conclude_second_part': 'Proper conclusion and verification that equality holds when a=b=1.'}",,1900
Math_ShortAns_158,"{'C1_apply_Cauchy_for_part1': 0, 'C2_transformation_for_part2': 2, 'C3_use_AM_GM_inequality': 0, 'C4_concluding_part2_proof': 0}",2,"{'C1_apply_Cauchy_for_part1': 'The student did not apply the Cauchy-Schwarz inequality at all and only checked the equality case a=b=1; no general proof was provided.', 'C2_transformation_for_part2': 'The transformation into s and p and obtaining s(s^2-3p)=2 is correctly done.', 'C3_use_AM_GM_inequality': 'The student failed to apply the AM-GM inequality to exploit the constraint on ab.', 'C4_concluding_part2_proof': ""The conclusion for part (2) was unsupported and the student's argument was not logically derived from prior steps.""}",1.0,1892
Math_ShortAns_159,"{'C1_apply_Cauchy_for_part1': 2, 'C2_transformation_for_part2': 2, 'C3_use_AM_GM_inequality': 1, 'C4_concluding_part2_proof': 1}",6,"{'C1_apply_Cauchy_for_part1': 'The student set up the Cauchy-Schwarz inequality appropriately and identified that equality occurs when a = b = 1.', 'C2_transformation_for_part2': 'The transformation from a^3+b^3 to (a+b)^3 - 3ab(a+b) = 2 was correctly carried out.', 'C3_use_AM_GM_inequality': 'The AM-GM inequality was correctly applied to derive the bound for ab.', 'C4_concluding_part2_proof': 'The logical deduction leading to a+b ≤ 2 was successfully concluded.'}",0.95,2173
Math_ShortAns_162,"{'C1_function_definition': 0, 'C2_case_analysis': 1, 'C3_inequality_solving': 0, 'C4_combining_solutions': 0, 'C5_parameter_analysis': 0}",1,"{'C1_function_definition': 'The function f(x) is defined correctly for a=1, but the piecewise definition for g(x) is incorrect in two of the three cases.', 'C2_case_analysis': 'The student did split the domain into three intervals, earning partial credit, but did not correctly analyze critical points and behavior.', 'C3_inequality_solving': 'The algebraic manipulations and resulting inequalities are incorrect in all cases, leading to wrong interval solutions.', 'C4_combining_solutions': 'The combination of intervals is based on the incorrect individual solutions and thus is not accurately combined.', 'C5_parameter_analysis': 'The parameter analysis is flawed because it uses incorrect evaluations of g(x) and f(x) at the endpoints, resulting in an incorrect range for a.'}",0.9,3330
Math_ShortAns_163,"{'C1_function_definition': 1, 'C2_case_analysis': 1, 'C3_inequality_solving': 0, 'C4_combining_solutions': 0, 'C5_parameter_analysis': 2}",4,"{'C1_function_definition': 'The student correctly stated f(x) and provided the piecewise definitions for g(x) based on x intervals, so full marks here.', 'C2_case_analysis': 'The student did split the domain into the necessary cases but the analysis lacks rigor and proper justification, so partial credit is given.', 'C3_inequality_solving': 'The inequality solving in each interval is not handled correctly and the intervals obtained are incorrect; no points awarded.', 'C4_combining_solutions': 'The final combination of cases to provide the overall solution is flawed, so no credit is given here.', 'C5_parameter_analysis': ""The transformation of the condition over [-1,1] and derivation of a's range is done correctly, obtaining the correct answer.""}",,2622
Math_ShortAns_166,"{'C1_cartesian_equation_C1': 0, 'C2_convert_to_polar': 0, 'C3_cartesian_equation_C2': 0, 'C4_find_intersection_coordinates': 0, 'C5_convert_intersections_to_polar': 0}",0,"{'C1_cartesian_equation_C1': 'The student did not successfully eliminate the parameter t to derive the correct Cartesian equation (x-4)² + (y-5)² = 25.', 'C2_convert_to_polar': 'Rather than substituting x = r cosθ and y = r sinθ into the Cartesian equation, the student incorrectly manipulated the equations and derived an incorrect polar form.', 'C3_cartesian_equation_C2': 'The conversion of the polar equation ρ = 2 sinθ into Cartesian form was not attempted or derived correctly.', 'C4_find_intersection_coordinates': 'The solution for the intersections was flawed; the student incorrectly substituted the equations and did not solve for the correct intersection points.', 'C5_convert_intersections_to_polar': 'Since the intersection points were not correctly found in Cartesian form, the conversion to polar coordinates was not correctly executed.'}",,2066
Math_ShortAns_167,"{'C1_cartesian_equation_C1': 2, 'C2_convert_to_polar': 2, 'C3_cartesian_equation_C2': 1, 'C4_find_intersection_coordinates': 2, 'C5_convert_intersections_to_polar': 2}",9,"{'C1_cartesian_equation_C1': 'Parameter elimination was correctly performed to obtain (x-4)² + (y-5)² = 25.', 'C2_convert_to_polar': 'The conversion by substituting x = ρ cosθ and y = ρ sinθ is correctly carried out leading to ρ² - 8ρcosθ - 10ρsinθ + 16 = 0.', 'C3_cartesian_equation_C2': 'The polar equation ρ = 2 sinθ is correctly transformed to the Cartesian form x² + y² - 2y = 0.', 'C4_find_intersection_coordinates': 'The intersection points (1, 1) and (0, 2) were determined correctly by solving the system of equations.', 'C5_convert_intersections_to_polar': 'The conversion of Cartesian coordinates to polar coordinates, yielding (√2, π/4) and (2, π/2), is correct.'}",,1967
Math_ShortAns_170,"{'P1_derive_inequality_expression': 0, 'P2_prove_inequality': 0, 'P3_setup_max_value_condition': 0, 'P4_solve_max_value_inequality': 0, 'P5_final_conclusion': 0}",0,"{'P1_derive_inequality_expression': 'The answer does not demonstrate the required expansion of (a+b+c)^2 nor does it clearly derive the proper expression. It only substitutes c = -a - b.', 'P2_prove_inequality': 'Instead of a general proof, only a specific numerical example was provided, which is insufficient.', 'P3_setup_max_value_condition': 'The setup for max{a,b,c} is not correctly approached; the answer only considers max{a, b} without justifying sign conditions.', 'P4_solve_max_value_inequality': 'There is no proper derivation or manipulation showing a^3 >= 4; the argument is incomplete and not rigorous.', 'P5_final_conclusion': 'The final conclusion is stated without adequate supporting logical deductions required by the criterion.'}",,2505
Math_ShortAns_171,"{'P1_derive_inequality_expression': 1, 'P2_prove_inequality': 1, 'P3_setup_max_value_condition': 1, 'P4_solve_max_value_inequality': 1, 'P5_final_conclusion': 1}",5,"{'P1_derive_inequality_expression': 'Correctly expanded (a+b+c)^2 and derived a^2+b^2+c^2+2ab+2ac+2bc=0.', 'P2_prove_inequality': 'Properly manipulated the expression to get ab+bc+ca = -1/2(a^2+b^2+c^2) and concluded it is less than 0.', 'P3_setup_max_value_condition': 'Appropriately assumed max{a,b,c}=a and identified the sign conditions a>0, b<0, c<0.', 'P4_solve_max_value_inequality': 'Accurately derived a^3 in terms of b and c and showed that a^3 ≥ 4, thus a ≥ ∛4.', 'P5_final_conclusion': 'Concluded correctly that max{a,b,c} ≥ ∛4 based on the deductions.'}",,3265
Math_ShortAns_174,"{'A1_use_constraint': 1, 'A2_apply_cauchy_inequality': 0, 'A3_achieve_equality_condition': 0, 'B1_set_up_inequality': 1, 'B2_prove_a_boundaries': 0}",2,"{'A1_use_constraint': 'Correctly substituted z = 1 - x - y using the given constraint.', 'A2_apply_cauchy_inequality': 'Did not apply the Cauchy-Schwarz inequality and ended up using a wrong method to find the minimum value.', 'A3_achieve_equality_condition': 'Did not identify or discuss the equality condition for the minimum, missing the correct values required.', 'B1_set_up_inequality': 'Substituted z correctly to set up the inequality, but did not further analyze or simplify appropriately.', 'B2_prove_a_boundaries': 'The explanation for the bounds on a is incorrect; the argument neither applies Cauchy-Schwarz correctly nor proves the necessary conditions.'}",0.95,2474
Math_ShortAns_175,"{'A1_use_constraint': 0, 'A2_apply_cauchy_inequality': 1, 'A3_achieve_equality_condition': 0, 'B1_set_up_inequality': 0, 'B2_prove_a_boundaries': 0}",1,"{'A1_use_constraint': 'The student mentions the constraint but never explicitly expresses one variable in terms of the others.', 'A2_apply_cauchy_inequality': 'They set up Cauchy-Schwarz inequality, but miscalculated the minimum value (getting 16/3 instead of 4/3).', 'A3_achieve_equality_condition': 'No clear identification of the equality condition (expected values for x, y, z) was provided.', 'B1_set_up_inequality': 'The setup for part (2) is repeated without proper substitution or clear interpretation.', 'B2_prove_a_boundaries': 'The proof for the boundaries for a is missing; the conclusion is merely stated without justification.'}",,2799
Math_ShortAns_178,"{'C1_expand_expression': 1, 'C2_apply_cauchy_inequality': 0, 'C3_conclude_part_1': 0, 'C4_setup_part_2_inequality': 0, 'C5_prove_a_bounds': 0}",1,"{'C1_expand_expression': 'The student correctly expanded all squared terms and combined them, earning full credit for this criterion.', 'C2_apply_cauchy_inequality': 'The student did not apply the Cauchy-Schwarz inequality at all; they did not set up the inequality or analyze using the technique.', 'C3_conclude_part_1': 'The conclusion of the minimum value as 0 is incorrect; the correct minimum should have been justified as 4/3 using Cauchy-Schwarz.', 'C4_setup_part_2_inequality': 'The expansion in part (2) is done, but the student fails to properly set up or analyze the inequality using Cauchy-Schwarz, earning no points.', 'C5_prove_a_bounds': 'Although they mention the desired bounds, the student does not provide a logical deduction or correct proof mechanism for a ≤ -3 or a ≥ -1.'}",,2323
Math_ShortAns_179,"{'C1_expand_expression': 0, 'C2_apply_cauchy_inequality': 1, 'C3_conclude_part_1': 0, 'C4_setup_part_2_inequality': 1, 'C5_prove_a_bounds': 0}",2,"{'C1_expand_expression': 'No individual expansion of (x-1)², (y+1)², (z+1)² was shown.', 'C2_apply_cauchy_inequality': 'Cauchy-Schwarz was applied, but a mistake in summing the linear terms (using +3 instead of +1) led to an arithmetic error.', 'C3_conclude_part_1': 'The minimum value was incorrectly concluded as 16/3 instead of 4/3.', 'C4_setup_part_2_inequality': 'The setup using Cauchy-Schwarz is attempted; however, the subsequent algebraic manipulation is flawed.', 'C5_prove_a_bounds': ""The logical deduction for the bounds on 'a' is not properly justified and contains errors in reasoning.""}",0.9,4002
Math_ShortAns_182,"{'C1_setup_function': 1, 'C2_solve_inequality_part1': 0, 'C3_interpret_solutions_part1': 0, 'C4_write_inequality_for_a': 0, 'C5_find_range_for_a': 0}",1,"{'C1_setup_function': 'The student correctly substituted a = 1 and set up the piecewise definition, identifying the critical points.', 'C2_solve_inequality_part1': 'The student correctly set up the piecewise functions but incorrectly solved the inequalities in the x < -1 and x ≥ 2 intervals.', 'C3_interpret_solutions_part1': 'The student incorrectly combined the intervals, resulting in an incorrect overall solution.', 'C4_write_inequality_for_a': 'The inequality for part (2) was derived incorrectly; the sign was reversed when converting the inequality.', 'C5_find_range_for_a': 'No correct work was shown to derive the range for a; the student gave an unclear answer.'}",,2845
Math_ShortAns_183,"{'C1_setup_function': 1, 'C2_solve_inequality_part1': 2, 'C3_interpret_solutions_part1': 1, 'C4_write_inequality_for_a': 1, 'C5_find_range_for_a': 2}",7,"{'C1_setup_function': 'Correctly substituted a = 1 and expressed the piecewise function with correct critical points (-1 and 2).', 'C2_solve_inequality_part1': 'Properly solved the inequality on each segment and correctly obtained the intervals for x.', 'C3_interpret_solutions_part1': 'Combined the obtained segments to give the correct overall interval [-2, 3].', 'C4_write_inequality_for_a': 'Correctly set up the inequality f(x) ≤ 1 as |x+a| + |x-2| ≥ 4.', 'C5_find_range_for_a': 'Solved the inequality |a+2| ≥ 4 correctly by breaking it into cases and obtaining a ≤ -6 or a ≥ 2.'}",,2208
Math_ShortAns_186,"{'C1_substitute_a_1': 2, 'C2_case_analysis_x_ranges': 4, 'C3_solve_inequalities': 1, 'C4_combine_solution_sets': 1, 'C5_analyze_a_conditions': 1}",9,"{'C1_substitute_a_1': 'Correctly substituted a = 1 into the function.', 'C2_case_analysis_x_ranges': 'Divided the domain into three cases and performed simplifications, though some steps are informal, the case splitting and algebra are acceptable.', 'C3_solve_inequalities': 'Attempted to solve the inequalities for each case but the reasoning is flawed and incomplete, awarding only a minimal point for the attempt.', 'C4_combine_solution_sets': 'Combined the case solutions to give (-∞, 2), but this combined answer is incorrect; however, an attempt was made.', 'C5_analyze_a_conditions': ""Set up the inequality for part (2) but the analysis on the parameter 'a' is incorrect, leading to an unjustified final conclusion.""}",0.9,3448
Math_ShortAns_187,"{'C1_substitute_a_1': 2, 'C2_case_analysis_x_ranges': 4, 'C3_solve_inequalities': 3, 'C4_combine_solution_sets': 2, 'C5_analyze_a_conditions': 3}",14,"{'C1_substitute_a_1': 'Correctly substituted a = 1 into the function.', 'C2_case_analysis_x_ranges': 'Correctly divided the x-domain into x < 1, 1 ≤ x < 2, and x ≥ 2, and simplified the expressions for each case.', 'C3_solve_inequalities': 'Solved the inequalities in all three cases appropriately, with the correct identification of the solution sets.', 'C4_combine_solution_sets': 'Properly combined the results to conclude the overall solution set as (-∞, 1).', 'C5_analyze_a_conditions': 'Analyzed the conditions for a by considering x in (-∞, 1) and correctly deduced that a must be at least 1, leading to the final answer [1, +∞).'}",1.0,3340
Math_ShortAns_190,"{'C5_reformulate_inequality_1': 1, 'C5_apply_inequality_1': 0, 'C5_reformulate_inequality_2': 1, 'C5_apply_inequality_2': 0, 'C5_address_equality_conditions': 1}",3,"{'C5_reformulate_inequality_1': 'Correctly reformulated the inequality using abc=1 to obtain 1/a = bc, etc.', 'C5_apply_inequality_1': 'Incorrect use of AM-GM; failed to establish the necessary comparison between a²+b²+c² and the sum bc+ac+ab.', 'C5_reformulate_inequality_2': 'Properly expanded the cubic expressions for (a+b)³, (b+c)³, and (c+a)³.', 'C5_apply_inequality_2': 'Did not apply a suitable inequality or AM-GM to rigorously prove the lower bound of 24.', 'C5_address_equality_conditions': 'Identified the equality condition (a = b = c = 1) for part (2).'}",0.9,2526
Math_ShortAns_191,"{'C5_reformulate_inequality_1': 0, 'C5_apply_inequality_1': 0, 'C5_reformulate_inequality_2': 1, 'C5_apply_inequality_2': 0, 'C5_address_equality_conditions': 0}",1,"{'C5_reformulate_inequality_1': 'The answer redefines variables but does not recognize or use the key identity 1/a+1/b+1/c = bc+ac+ab.', 'C5_apply_inequality_1': 'The student only applied AM-GM to each side separately to obtain lower bounds; this does not properly compare the two sides, so no proper inequality application is made.', 'C5_reformulate_inequality_2': 'The student does expand the cubic expressions, which shows an attempt to reformulate the inequality.', 'C5_apply_inequality_2': 'No valid inequality reasoning or application (such as using the fact that (a+b)(b+c)(c+a) and AM-GM) is provided to reach the bound of 24.', 'C5_address_equality_conditions': 'The answer does not mention any conditions for equality.'}",0.9,2502
Math_ShortAns_192,"{'C5_reformulate_inequality_1': 0, 'C5_apply_inequality_1': 0, 'C5_reformulate_inequality_2': 1, 'C5_apply_inequality_2': 0, 'C5_address_equality_conditions': 0}",1,"{'C5_reformulate_inequality_1': 'The answer fails to recognize the reformulation (1/a+1/b+1/c = ab+ac+bc) given abc=1.', 'C5_apply_inequality_1': 'The student incorrectly applies inequalities and misinterprets the relationships; no valid symmetric inequality is used.', 'C5_reformulate_inequality_2': 'The student correctly expands the cubic expressions for (a+b)^3, etc.', 'C5_apply_inequality_2': 'The student makes an incorrect argument by considering values approaching 0 without using proper inequality methods like AM-GM.', 'C5_address_equality_conditions': 'There is no mention of the equality condition (a=b=c with abc=1).'}",0.95,2192
Math_ShortAns_193,"{'C5_reformulate_inequality_1': 1, 'C5_apply_inequality_1': 2, 'C5_reformulate_inequality_2': 1, 'C5_apply_inequality_2': 2, 'C5_address_equality_conditions': 0}",6,"{'C5_reformulate_inequality_1': 'The student correctly reformulated the inequality using abc=1.', 'C5_apply_inequality_1': 'The student applied the necessary symmetric inequality albeit in a vague manner, but the key step is present.', 'C5_reformulate_inequality_2': 'The student begins by reformulating part (2) and indicates the cubic expansions through inequality, meeting the criterion.', 'C5_apply_inequality_2': 'The use of the inequality (a+b)^3+(b+c)^3+(c+a)^3 ≥ 3(a+b)(b+c)(c+a) and subsequent AM-GM reasoning is correct.', 'C5_address_equality_conditions': 'No explicit mention of the equality case (a=b=c), so this part is missing.'}",,1990
Math_ShortAns_196,"{'P1_establish_condition': 2, 'P2_use_squared_expressions': 0, 'P3_conclude_part_1': 0, 'P4_sufficient_condition': 0, 'P5_necessary_condition': 0}",2,"{'P1_establish_condition': 'The student stated the given conditions a+b = c+d and ab > cd.', 'P2_use_squared_expressions': 'The student did not use squared expressions of sums to derive the inequalities.', 'P3_conclude_part_1': 'The conclusion regarding √a+√b > √c+√d was not correctly derived; the reasoning is flawed.', 'P4_sufficient_condition': 'No valid argument was presented showing that √a+√b > √c+√d implies |a-b| < |c-d|.', 'P5_necessary_condition': 'There is no correct derivation showing that |a-b| < |c-d| implies √a+√b > √c+√d.'}",,2074
Math_ShortAns_197,"{'P1_establish_condition': 2, 'P2_use_squared_expressions': 2, 'P3_conclude_part_1': 2, 'P4_sufficient_condition': 2, 'P5_necessary_condition': 0}",8,"{'P1_establish_condition': 'The answer explicitly states a+b=c+d and ab>cd, meeting the condition.', 'P2_use_squared_expressions': 'The answer correctly expresses the squared sums and uses them to compare inequalities.', 'P3_conclude_part_1': 'The conclusion that √a+√b > √c+√d is clearly stated based on the derived inequality.', 'P4_sufficient_condition': 'The argument using squared expressions to derive (a-b)^2 < (c-d)^2 is correctly used to show the sufficient condition.', 'P5_necessary_condition': 'The answer only shows one direction (√a+√b > √c+√d implies |a-b|<|c-d|) and does not prove the necessary part (the reverse implication).'}",0.95,2094
Math_ShortAns_200,"{'C1_substitute_a_2': 1, 'C2_solve_absolute_inequality': 1, 'C3_solution_set_part1': 0, 'C4_formulate_fx_plus_gx': 1, 'C5_solve_parameter_a': 0, 'C6_solution_set_part2': 0}",3,"{'C1_substitute_a_2': 'Correct substitution of a = 2 into f(x) as |2x - 2| + 2.', 'C2_solve_absolute_inequality': 'Subtraction step is correct, but the case split was handled improperly, leading to an incorrect interval.', 'C3_solution_set_part1': 'The final solution set for f(x) ≤ 6 is given as [-1, 4] instead of the correct [-1, 3].', 'C4_formulate_fx_plus_gx': 'The expression for f(x) + g(x) was correctly set up.', 'C5_solve_parameter_a': 'The analysis for the parameter a worked through cases incorrectly and yielded a wrong result.', 'C6_solution_set_part2': 'The final range for a is incorrectly concluded as (-∞, 1) rather than the correct [2, +∞).'}",1.0,2878
Math_ShortAns_201,"{'C1_substitute_a_2': 1, 'C2_solve_absolute_inequality': 2, 'C3_solution_set_part1': 1, 'C4_formulate_fx_plus_gx': 1, 'C5_solve_parameter_a': 2, 'C6_solution_set_part2': 1}",8,"{'C1_substitute_a_2': 'Correct substitution: the student replaced a with 2 and obtained f(x) = |2x - 2| + 2.', 'C2_solve_absolute_inequality': 'The absolute value inequality |2x - 2| ≤ 4 was solved properly, leading to x in [-1, 3].', 'C3_solution_set_part1': 'The solution set for f(x) ≤ 6 is correctly given as [-1, 3].', 'C4_formulate_fx_plus_gx': 'The student correctly expressed f(x) + g(x) as |2x - 1| + |2x - a| + a ≥ 3.', 'C5_solve_parameter_a': 'The answer considers the cases a ≥ 3 and a < 3 and deduces the conditions appropriately.', 'C6_solution_set_part2': 'The final range for a is correctly determined as [2, +∞).'}",0.95,2433
Math_ShortAns_204,"{'C1_initial_transformation': 1, 'C2_inequality_application': 0, 'C3_correct_minimum_value': 0, 'C4_existence_proof': 0, 'C5_final_conclusion': 0}",1,"{'C1_initial_transformation': 'The student correctly transformed the equation into (a+b)/(ab)=√(ab) and rearranged as a+b=ab√(ab).', 'C2_inequality_application': 'The student did not apply any inequality to derive conditions for a³+b³; instead, they made an unsupported assumption (ab=1).', 'C3_correct_minimum_value': 'The derived minimum value of -1 is incorrect; the proper minimum should be 4√2, so no credit is awarded.', 'C4_existence_proof': 'The student arbitrarily assumed b=2a and solved 2a+3b=6 without justifying its consistency with the initial condition.', 'C5_final_conclusion': 'The final conclusion for both parts is incorrect; the correct minimal value and non-existence result were not established.'}",,1985
Math_ShortAns_205,"{'C1_initial_transformation': 0, 'C2_inequality_application': 0, 'C3_correct_minimum_value': 0, 'C4_existence_proof': 0, 'C5_final_conclusion': 0}",0,"{'C1_initial_transformation': 'The student did not correctly transform or manipulate the given equation (1/a + 1/b = √(ab)). They misapplied the AM-GM inequality, leading to an incorrect form.', 'C2_inequality_application': 'The use of AM-GM is flawed and does not yield the intended conclusion about ab or the minimum of a³+b³; the inequalities are applied in a misdirected way.', 'C3_correct_minimum_value': 'The answer does not provide the correct minimum value for a³+b³. Instead of showing a minimum value exists under appropriate conditions, they claim the minimum does not exist.', 'C4_existence_proof': ""The method for assessing the existence of a, b such that 2a+3b=6 is incorrect. The student misapplies the AM-GM inequality without a proper link to the original problem's conditions."", 'C5_final_conclusion': 'The overall conclusion is not supported by the correct analysis. The student incorrectly concludes non-existence for both parts, failing to correctly answer the problem.'}",,2688
Math_ShortAns_208,"{'C1_find_ab_inequality': 0, 'C2_calculate_min_a3_b3': 0, 'C3_validate_2a_3b_inequality': 0, 'C4_agents_of_equality_case': 0, 'C5_final_conclusion': 0}",0,"{'C1_find_ab_inequality': 'The answer does not derive or note the inequality ab ≥ 2 from the given condition.', 'C2_calculate_min_a3_b3': 'The student incorrectly assumed a = b = 1, leading to a min value of 2 instead of deriving the correct result of 4√2.', 'C3_validate_2a_3b_inequality': 'The student failed to demonstrate why 2a + 3b cannot equal 6; instead, they erroneously claim that a solution exists.', 'C4_agents_of_equality_case': 'The answer does not identify the equality case (which should be a = b = √2) for the included inequalities.', 'C5_final_conclusion': 'Both parts of the final conclusion are incorrect; the minimum value and existence of a solution are wrongly determined.'}",1,2029
Math_ShortAns_209,"{'C1_find_ab_inequality': 1, 'C2_calculate_min_a3_b3': 0, 'C3_validate_2a_3b_inequality': 0, 'C4_agents_of_equality_case': 0, 'C5_final_conclusion': 0}",1,"{'C1_find_ab_inequality': 'The student attempted to use the AM-GM inequality, but they incorrectly deduced that ab ≥ 4 instead of the correct ab ≥ 2.', 'C2_calculate_min_a3_b3': 'The student repeatedly applied the AM-GM inequality to a³+b³ without a proper substitution of ab or final numerical evaluation (4√2).', 'C3_validate_2a_3b_inequality': 'No work or reasoning regarding the equation 2a+3b=6 was provided.', 'C4_agents_of_equality_case': 'The answer does not indicate when equality holds for the used inequalities.', 'C5_final_conclusion': 'There is no clear final conclusion for both parts of the problem.'}",1.0,4857
Math_ShortAns_212,"{'C1_analyze_f_x': 1, 'C2_prove_f_x_ge_2': 0, 'C3_scenario_analysis_a_gt_3': 0, 'C4_scenario_analysis_a_le_3': 0, 'C5_combine_solutions': 1}",2,"{'C1_analyze_f_x': 'Some analysis of the absolute value components is present but the reasoning is flawed and incomplete.', 'C2_prove_f_x_ge_2': 'No valid proof that f(x) ≥ 2 was provided; the reasoning incorrectly concludes f(x) ≥ 1.', 'C3_scenario_analysis_a_gt_3': 'The case for a > 3 was not properly analyzed; the setup is missing and incorrect assumptions are made.', 'C4_scenario_analysis_a_le_3': 'The scenario for 0 < a ≤ 3 is not correctly handled; the necessary inequalities were not clearly established.', 'C5_combine_solutions': 'An attempt was made to combine cases, but the final range is incorrect and disregards the domain constraint a > 0.'}",,2180
Math_ShortAns_213,"{'C1_analyze_f_x': 1, 'C2_prove_f_x_ge_2': 1, 'C3_scenario_analysis_a_gt_3': 0, 'C4_scenario_analysis_a_le_3': 0, 'C5_combine_solutions': 0}",2,"{'C1_analyze_f_x': 'The answer asserts a lower bound using |a + 1/a| without a clear analysis of the absolute value breakdown; partial recognition of absolute value properties is evident.', 'C2_prove_f_x_ge_2': 'The proof uses AM-GM on a+1/a to claim the lower bound, but the step claiming f(x) ≥ |a + 1/a| is unjustified and lacks proper use of triangle inequality.', 'C3_scenario_analysis_a_gt_3': 'No separate analysis for a > 3 is provided; the answer simply states a final range without scenario breakdown.', 'C4_scenario_analysis_a_le_3': 'No discussion or formulation of the inequality for 0 < a ≤ 3 is given.', 'C5_combine_solutions': 'There is no logical combination of separate scenarios; the answer just offers a single interval without proper justification.'}",0.9,2264
Math_ShortAns_216,"{'C1_setup_sigma': 1, 'C2_applying_basic_inequality_I': 2, 'C3_conclusion_part_I': 1, 'C4_applying_basic_inequality_II': 0, 'C5_conclusion_part_II': 0}",4,"{'C1_setup_sigma': 'The student correctly used the constraint a+b+c=1 and applied it in the inequality via (a+b+c)^2=1.', 'C2_applying_basic_inequality_I': 'The student applied AM-GM to derive ab+bc+ca ≤ (a+b+c)^2/3, which is acceptable though not exactly using a^2+b^2+c^2 ≥ ab+bc+ca; full credit is awarded.', 'C3_conclusion_part_I': 'The student correctly concluded and justified that ab+bc+ca ≤ 1/3.', 'C4_applying_basic_inequality_II': 'The use of AM-GM in Part II is flawed. The student misapplied the inequality and the subsequent argument is incorrect.', 'C5_conclusion_part_II': 'The conclusion for Part II is wrong; the student incorrectly deduced that the sum is less than 1.'}",,2378
Math_ShortAns_217,"{'C1_setup_sigma': 1, 'C2_applying_basic_inequality_I': 1, 'C3_conclusion_part_I': 1, 'C4_applying_basic_inequality_II': 0, 'C5_conclusion_part_II': 0}",3,"{'C1_setup_sigma': 'Correctly used the constraint a+b+c=1 and expanded (a+b+c)^2=1.', 'C2_applying_basic_inequality_I': 'Attempts to apply Cauchy-Schwarz but the substitution and explanation are unclear and incomplete.', 'C3_conclusion_part_I': 'Concludes ab+bc+ca ≤ 1/3 as required, despite the shaky argument.', 'C4_applying_basic_inequality_II': ""No valid application of an inequality for part II; the answer repeats part I's argument."", 'C5_conclusion_part_II': 'Does not address or conclude the inequality a²/b + b²/c + c²/a ≥ 1.'}",,3473
