script_id,scores,model_score,comments,confidence,tokens_used
Math_ShortAns_2,"{'C1_simplification': 1, 'C2_identification': 0, 'C3_maximum_value': 1}",2,"{'C1_simplification': 'The student attempted to use addition formulas and expanded the function, but did not clearly simplify it into a single sine function as expected.', 'C2_identification': 'The student did not clearly identify that the expression simplifies to sin x or an equivalent form, missing a crucial step in reasoning.', 'C3_maximum_value': 'Although the final answer is correct, the reasoning to determine the maximum value is vague and lacks a clear connection to the simplified function.'}",0.9,2580
Math_ShortAns_3,"{'C1_simplification': 1, 'C2_identification': 0, 'C3_maximum_value': 0}",1,"{'C1_simplification': 'The student tried to apply the sine and cosine addition formulas and combine like terms but did not correctly simplify to sin x.', 'C2_identification': 'The student did not clearly identify that the simplified expression is equivalent to sin x.', 'C3_maximum_value': 'The maximum value was incorrectly derived (claiming possibly 2), failing to use the correct properties of the sine function.'}",0.95,2220
Math_ShortAns_6,"{'C1_sequence_setup': 1, 'C2_deriving_common_ratio': 2, 'C3_sum_calculation': 0}",3,"{'C1_sequence_setup': 'The sequence is correctly set up with a1 = 1/3 and the general term expressions.', 'C2_deriving_common_ratio': 'The substitution and solving for r is done correctly, yielding r = 3.', 'C3_sum_calculation': 'The sum S5 is computed incorrectly; the correct sum should be 121/3 but the student obtained 40.'}",1.0,2223
Math_ShortAns_7,"{'C1_sequence_setup': 1, 'C2_deriving_common_ratio': 1, 'C3_sum_calculation': 0}",2,"{'C1_sequence_setup': 'The sequence terms were correctly expressed with a1 = 1/3, a4 = (1/3)·r^3, and a6 = (1/3)·r^5.', 'C2_deriving_common_ratio': 'The substitution into the condition a4² = a6 was correctly done to obtain the equation, but instead of solving for r, the student erroneously assumed r = 2.', 'C3_sum_calculation': 'The sum S₅ was computed based on the incorrect common ratio, yielding S₅ = 31/3 rather than the correct 121/3.'}",0.95,2690
Math_ShortAns_10,"{'C1_rewrite_equation': 0, 'C2_geometric_interpretation': 0, 'C3_inference_right_angle': 0, 'C4_final_answer': 0}",0,"{'C1_rewrite_equation': 'No rewriting of the equation was shown.', 'C2_geometric_interpretation': 'No geometric interpretation or reasoning was provided regarding the sum of the vectors.', 'C3_inference_right_angle': 'The student did not infer or demonstrate that AB is perpendicular to AC.', 'C4_final_answer': 'The final answer is incorrect; it should be 90° instead of 45°.'}",1.0,1426
Math_ShortAns_11,"{'C1_rewrite_equation': 1, 'C2_geometric_interpretation': 0, 'C3_inference_right_angle': 0, 'C4_final_answer': 0}",1,"{'C1_rewrite_equation': 'The student correctly rewrote the equation as 2·AO = AB + AC.', 'C2_geometric_interpretation': 'The student did not explain the geometric implication that the vector sum aligns with a diameter of the circle.', 'C3_inference_right_angle': 'The student failed to deduce that the configuration implies AB is perpendicular to AC.', 'C4_final_answer': 'The final answer provided is 60° instead of the correct 90°.'}",1,2131
Math_ShortAns_14,"{'C1_set_up_equations': 1, 'C2_apply_tangency_condition': 0, 'C3_solve_for_center': 0, 'C4_compute_radius_and_final_equation': 0}",1,"{'C1_set_up_equations': ""The student correctly set up the circle's equation and substituted the points A and B."", 'C2_apply_tangency_condition': 'Instead of using the perpendicular condition to derive (b-1)/(a-2) = -1, they used the distance formula, which deviates from the required approach.', 'C3_solve_for_center': 'The student incorrectly assumed x0 = 4 and did not correctly solve for the center; the method and elimination process were wrong.', 'C4_compute_radius_and_final_equation': 'The final computed equations are inconsistent and do not match the correct answer.'}",,2739
Math_ShortAns_15,"{'C1_set_up_equations': 1, 'C2_apply_tangency_condition': 0, 'C3_solve_for_center': 2, 'C4_compute_radius_and_final_equation': 1}",4,"{'C1_set_up_equations': 'The student correctly set up the circle equation and substituted points A and B to get the appropriate equations.', 'C2_apply_tangency_condition': 'The student did not derive the perpendicularity relation (b-1)/(a-2) = -1 as required, instead using the distance formula to the tangent line.', 'C3_solve_for_center': 'The student correctly solved the system to obtain the center (3, 0).', 'C4_compute_radius_and_final_equation': 'The radius was computed correctly, and the final equation is accurate.'}",1.0,2852
Math_ShortAns_18,"{'C1_recognition': 0, 'C2_grouping': 0, 'C3_sum_odd_pairs': 0, 'C4_sum_even_pairs': 0, 'C5_final_computation': 0}",0,"{'C1_recognition': 'The student misinterprets the recurrence relation, using the wrong sign for the first case.', 'C2_grouping': 'The required grouping into odd-indexed and even-indexed terms was not identified.', 'C3_sum_odd_pairs': 'Did not compute or recognize a constant sum for odd-indexed pairs.', 'C4_sum_even_pairs': 'Failed to identify the arithmetic series structure for even-indexed pairs.', 'C5_final_computation': 'The final aggregation is incorrect and the answer 240 is far from the correct 1830.'}",,2450
Math_ShortAns_19,"{'C1_recognition': 0, 'C2_grouping': 0, 'C3_sum_odd_pairs': 0, 'C4_sum_even_pairs': 0, 'C5_final_computation': 0}",0,"{'C1_recognition': 'The student misinterprets the recurrence relation by using a2 + a1 instead of a2 - a1, failing to properly distinguish the alternating cases.', 'C2_grouping': 'The solution does not group the sequence into odd-indexed and even-indexed terms as required.', 'C3_sum_odd_pairs': 'There is no attempt to identify or sum the pairs of odd-indexed terms correctly.', 'C4_sum_even_pairs': 'The even-indexed terms were not recognized as forming an arithmetic progression, resulting in no correct sum computation.', 'C5_final_computation': 'The final answer of 180 is incorrect and stems from the earlier errors, with no valid computation process provided.'}",1,2374
Math_ShortAns_22,"{'C1_subtract_equations': 2, 'C2_initial_value': 2, 'C3_general_term': 2, 'C4_b_n_expression': 3, 'C5_partial_sum': 3}",12,"{'C1_subtract_equations': 'The student correctly subtracted the equations and deduced that aₙ₊₁ - aₙ = 2.', 'C2_initial_value': 'The student substituted n = 1, solved the quadratic, and correctly chose a₁ = 3 since aₙ > 0.', 'C3_general_term': 'The student recognized the arithmetic progression and derived the general term as aₙ = 2n + 1.', 'C4_b_n_expression': 'The student correctly substituted aₙ into bₙ, set up the partial fraction decomposition, and arrived at the form bₙ = ½(1/(2n+1) - 1/(2n+3)).', 'C5_partial_sum': 'The student identified the telescoping structure and correctly summed the series, simplifying to Tₙ = n/(3(2n+3)).'}",1.0,2997
Math_ShortAns_23,"{'C1_subtract_equations': 0, 'C2_initial_value': 0, 'C3_general_term': 0, 'C4_b_n_expression': 0, 'C5_partial_sum': 0}",0,"{'C1_subtract_equations': 'The student did not perform the subtraction of equations to derive the relation aₙ₊₁ - aₙ = 2.', 'C2_initial_value': 'There was no attempt to substitute n=1 and solve for a₁ from the given equation.', 'C3_general_term': 'No valid derivation of the general term was provided; the student’s guesses are incorrect.', 'C4_b_n_expression': 'The substitution into bₙ and the partial fraction decomposition were not correctly executed.', 'C5_partial_sum': 'The telescoping sum for bₙ was not correctly identified or summed, leading to an incorrect final result.'}",1.0,3430
Math_ShortAns_26,"{'C1_determine_angle_C': 4, 'C2_cosine_law_relation': 3, 'C3_area_relation_and_side_sum': 2, 'C4_final_perimeter_calculation': 3}",12,"{'C1_determine_angle_C': 'The student clearly used the sine law and justified dividing by sin C, obtaining cos C = 1/2 and C = π/3.', 'C2_cosine_law_relation': 'The student correctly applied the cosine law to set up the relation and rearranged it to (a+b)^2 - 3ab = 7.', 'C3_area_relation_and_side_sum': 'The area relation correctly yielded ab = 6 and was properly substituted to derive a+b = 5.', 'C4_final_perimeter_calculation': 'The final perimeter was correctly computed as 5 + √7 by combining a+b with c.'}",1.0,2861
Math_ShortAns_27,"{'C1_determine_angle_C': 0, 'C2_cosine_law_relation': 0, 'C3_area_relation_and_side_sum': 0, 'C4_final_perimeter_calculation': 0}",0,"{'C1_determine_angle_C': 'Student incorrectly assumed a substitution (x=1) and deduced C = 90° rather than properly manipulating the given identity; the key derivation of cos C = 1/2 was not shown.', 'C2_cosine_law_relation': 'The cosine law was mentioned but not effectively applied to set up the proper relation; no correct equation relating a, b, and c was obtained.', 'C3_area_relation_and_side_sum': 'The area formula was used, but using the wrong angle (90°) leads to an incorrect value for ab and the necessary derivation for a + b was not performed.', 'C4_final_perimeter_calculation': 'Based on erroneous previous results, the perimeter was arbitrarily computed by choosing specific values for a and b without justification, yielding an incorrect perimeter.'}",,2560
Math_ShortAns_28,"{'C1_determine_angle_C': 0, 'C2_cosine_law_relation': 0, 'C3_area_relation_and_side_sum': 0, 'C4_final_perimeter_calculation': 1}",1,"{'C1_determine_angle_C': 'The student incorrectly assumed cos C = 0 and concluded C = 90° instead of correctly deriving cos C = 1/2 and C = π/3.', 'C2_cosine_law_relation': 'The application of the cosine law is incorrect; the student misstates the formula and does not properly set up the required relation.', 'C3_area_relation_and_side_sum': 'The student merely assumed a+b = 5 without using the area formula or proper derivation, so no valid work is shown.', 'C4_final_perimeter_calculation': 'Although the final perimeter of 5+√7 is correct, the computation is based on an unjustified assumption, so only partial credit is given.'}",,3223
Math_ShortAns_31,"{'P1_part_I_subtraction': 0, 'P2_part_I_conclusion': 0, 'P3_part_II_assumption': 1, 'P4_part_II_coefficient_comparison': 0, 'P5_part_II_final_conclusion': 0}",1,"{'P1_part_I_subtraction': 'The student did not set up the subtraction between the two given relations, and instead computed specific cases without reaching the required general form.', 'P2_part_I_conclusion': 'The student failed to use the nonzero property of aₙ₊₁ to conclude aₙ₊₂ - aₙ = λ.', 'P3_part_II_assumption': 'The student briefly assumed the arithmetic form and mentioned aₙ = a₁ + (n-1)d, but did not fully derive λ = 2d.', 'P4_part_II_coefficient_comparison': 'There is no substitution into Sₙ or coefficient comparison to derive the necessary condition on λ.', 'P5_part_II_final_conclusion': 'The student did not solve the necessary condition to conclude λ = 4, instead giving an inconclusive statement.'}",,3343
Math_ShortAns_32,"{'P1_part_I_subtraction': 0, 'P2_part_I_conclusion': 0, 'P3_part_II_assumption': 2, 'P4_part_II_coefficient_comparison': 0, 'P5_part_II_final_conclusion': 0}",2,"{'P1_part_I_subtraction': 'The student did not subtract the given relations to obtain the required intermediate equality.', 'P2_part_I_conclusion': 'The conclusion aₙ₊₂ - aₙ = λ was never deduced; the student stated that the derivation is too complicated.', 'P3_part_II_assumption': 'The student correctly assumed the arithmetic form and derived that aₙ₊₂ - aₙ = 2d, but failed to equate 2d with λ as required.', 'P4_part_II_coefficient_comparison': 'No substitution into the sum Sₙ to derive a quadratic was attempted, so no coefficient comparison was made.', 'P5_part_II_final_conclusion': 'The final answer is incorrect; the student wrongly concluded that no λ exists, instead of finding λ = 4 and aₙ = 2n - 1.'}",,3755
Math_ShortAns_33,"{'P1_part_I_subtraction': 0, 'P2_part_I_conclusion': 0, 'P3_part_II_assumption': 1, 'P4_part_II_coefficient_comparison': 0, 'P5_part_II_final_conclusion': 0}",1,"{'P1_part_I_subtraction': 'The answer does not set up or subtract the given relations; instead, it starts computing example terms without following the required subtraction process.', 'P2_part_I_conclusion': 'There is no demonstration that aₙ₊₁ ≠ 0 or that the subtraction leads to aₙ₊₂ - aₙ = λ.', 'P3_part_II_assumption': 'The student mentions the arithmetic progression form but fails to derive aₙ₊₂ - aₙ = 2d or equate it to λ; minimal credit awarded.', 'P4_part_II_coefficient_comparison': 'No substitution into Sₙ or coefficient comparison was performed to obtain a quadratic relation.', 'P5_part_II_final_conclusion': 'The final conclusion is incorrect, as the required λ value (λ = 4) was not derived and the answer falsely claims that no such λ exists.'}",,3062
Math_ShortAns_36,"{'C1_identify_PX2_events': 0, 'C2_compute_PX2': 0, 'C3_identify_PX4_events': 0, 'C4_compute_PX4': 0, 'C5_final_presentation': 0}",0,"{'C1_identify_PX2_events': 'The student fails to identify the two mutually exclusive events (甲连赢两球 and 乙连赢两球) required for P(X=2).', 'C2_compute_PX2': 'Incorrectly computes P(X=2) as 0.25 by misapplying the probabilities, rather than summing 0.5×0.4 and 0.5×0.6 to obtain 0.5.', 'C3_identify_PX4_events': 'The student did not properly identify the event sequence for X=4 with the necessary ordering (split in first two balls and then two points by 甲).', 'C4_compute_PX4': 'The probability calculations for the X=4 scenario are incorrect and do not follow from the correct breakdown of events.', 'C5_final_presentation': 'Final answers are inconsistent with the correct method and results; neither part is correctly justified or computed.'}",0.95,2720
Math_ShortAns_37,"{'C1_identify_PX2_events': 0, 'C2_compute_PX2': 0, 'C3_identify_PX4_events': 0, 'C4_compute_PX4': 0, 'C5_final_presentation': 0}",0,"{'C1_identify_PX2_events': 'The student failed to correctly identify the two mutually exclusive events; they only considered one scenario.', 'C2_compute_PX2': 'The product was computed wrongly (0.5×0.5=0.25) instead of using the correct probabilities (0.5×0.4 and 0.5×0.6).', 'C3_identify_PX4_events': 'The student incorrectly described the events for X=4; the necessary split and correct orderings were not properly identified.', 'C4_compute_PX4': 'The probability computations for the sequences are incorrect and do not match the detailed, correct steps.', 'C5_final_presentation': 'Final answers are incorrect and the explanation is inconsistent with the correct solution steps.'}",,2516
Math_ShortAns_38,"{'C1_identify_PX2_events': 0, 'C2_compute_PX2': 0, 'C3_identify_PX4_events': 0, 'C4_compute_PX4': 0, 'C5_final_presentation': 0}",0,"{'C1_identify_PX2_events': 'The student does not clearly identify the two mutually exclusive events; the answer only vaguely mentions one scenario and gives a confusing second case.', 'C2_compute_PX2': 'The computation is incorrect, as the student only multiplies 0.5 and 0.6, neglecting the other valid event, leading to an incorrect probability of 0.3.', 'C3_identify_PX4_events': 'The student incorrectly identifies the sequences for X=4 and 甲获胜, listing orders that do not align with the required initial split followed by two consecutive wins for 甲.', 'C4_compute_PX4': 'The probability calculations for the sequences are wrong. The student computes two sequences probabilistically that do not correspond to the correct ones and sums them to get 0.12 instead of the correct 0.1.', 'C5_final_presentation': 'The final answers and explanations lack clarity and do not match the detailed logical progression required as per the rubric.'}",1.0,3648
Math_ShortAns_41,"{'P1_simplify_trig_equation': 0, 'P2_solve_for_B': 1, 'P3_express_area_in_terms_of_C': 0, 'P4_determine_area_range': 0}",1,"{'P1_simplify_trig_equation': 'The student incorrectly used the sine identity, replacing sin((180°-B)/2) with sin(B/2) instead of the correct cos(B/2). The necessary cancellation and proper derivation were absent.', 'P2_solve_for_B': 'Although the final numerical answer B = 60° is correct, the reasoning is flawed and relies on the earlier mistake.', 'P3_express_area_in_terms_of_C': 'The student did not derive or express the area in terms of angle C explicitly using the sine law as required.', 'P4_determine_area_range': 'The area range is incorrectly assumed and does not reflect the proper analysis based on the restrictions of an acute triangle.'}",0.95,3496
Math_ShortAns_42,"{'P1_simplify_trig_equation': 0, 'P2_solve_for_B': 0, 'P3_express_area_in_terms_of_C': 0, 'P4_determine_area_range': 0}",0,"{'P1_simplify_trig_equation': 'The student incorrectly manipulates the angle sum and erroneously cancels sin terms; they claim A+C=B without justification and misuse sine functions.', 'P2_solve_for_B': 'Incorrectly concludes B=90° instead of deducing B=π/3 by applying the correct sine equation and triangle angle sum.', 'P3_express_area_in_terms_of_C': 'Fails to express the area in terms of angle C using the sine law and appropriate substitutions; only quotes the area formula without further derivation.', 'P4_determine_area_range': 'Wrong approach to determining the domain and range of the area; the reasoning and endpoints are incorrect.'}",,3124
Math_ShortAns_45,"{'R1_common_difference': 3, 'R2_general_term_sqrtSn': 0, 'R3_sum_formula': 0, 'R4_formula_for_an': 0, 'R5_final_conclusion': 0}",3,"{'R1_common_difference': 'The student correctly expressed d as √S₂ - √S₁, substituted a₂ = 3a₁, and derived d = √a₁.', 'R2_general_term_sqrtSn': 'The student did not provide the general term for {√Sₙ}; the derivation is incomplete.', 'R3_sum_formula': 'No complete derivation for Sₙ = a₁n² by squaring was given.', 'R4_formula_for_an': 'The student failed to deduce the formula for aₙ using Sₙ - Sₙ₋₁.', 'R5_final_conclusion': 'The conclusion is incorrect; instead of proving {aₙ} is arithmetic, the student claims it is not, without proper justification.'}",,3031
Math_ShortAns_46,"{'R1_common_difference': 1, 'R2_general_term_sqrtSn': 0, 'R3_sum_formula': 0, 'R4_formula_for_an': 0, 'R5_final_conclusion': 0}",1,"{'R1_common_difference': 'The student correctly computed S1 and S2 and noted the expressions under the square root, but failed to clearly derive and state that the common difference is √a₁, and then contradictorily claimed a discrepancy in differences.', 'R2_general_term_sqrtSn': 'The student did not correctly express the general term for √Sₙ or simplify it to n√a₁.', 'R3_sum_formula': 'There is no correct derivation of Sₙ from squaring the general term; instead a flawed expression was introduced.', 'R4_formula_for_an': 'The student did not derive the general term aₙ using the difference Sₙ − Sₙ₋₁ and incorrectly assumed a specific value for a₃.', 'R5_final_conclusion': 'The conclusion is opposite to what was required; the student incorrectly argued that the sequence is not arithmetic instead of proving it is arithmetic.'}",,3399
Math_ShortAns_49,"{'R1_prove_arithmetic': 4, 'R2_geometric_condition': 3, 'R3_derive_Sn_formula': 3, 'R4_find_minimum_Sn': 2}",12,"{'R1_prove_arithmetic': 'The student correctly rewrote the equation, expressed Sₙ, subtracted the (n-1) case, and derived aₙ - aₙ₋₁ = 1, fully meeting the rubric.', 'R2_geometric_condition': 'The answer correctly expresses a₄, a₇, a₉ in terms of a₁, sets up the geometric progression condition, and solves for a₁ with adequate detail.', 'R3_derive_Sn_formula': 'The student clearly derived the formula for aₙ and substituted into the sum formula Sₙ with clear transformation, matching the rubric.', 'R4_find_minimum_Sn': 'The minimum value of Sₙ was correctly determined as -78, with the appropriate analysis regarding the vertex of the quadratic.'}",,2988
Math_ShortAns_50,"{'R1_prove_arithmetic': 1, 'R2_geometric_condition': 0, 'R3_derive_Sn_formula': 0, 'R4_find_minimum_Sn': 0}",1,"{'R1_prove_arithmetic': 'The student attempted to rework the given equation and introduce the arithmetic sequence formula, but the algebraic manipulation was incorrect and they did not properly derive aₙ - aₙ₋₁ = 1.', 'R2_geometric_condition': 'The student set up the GP condition by writing (a₁+6d)² = (a₁+3d)(a₁+8d) but then incorrectly concluded that the equality holds generally, without solving for a₁ or addressing the necessary relation between a₁ and d.', 'R3_derive_Sn_formula': 'While the formula for Sₙ was correctly stated in general form, the student failed to substitute the correct values (a₁ and d) obtained from the geometric condition, leaving the derivation incomplete.', 'R4_find_minimum_Sn': 'The student erroneously assumed d = 0 to minimize Sₙ and claimed the minimum value is 0, which is inconsistent with the correct derivation and the nature of the quadratic expression for Sₙ.'}",1.0,3718
Math_ShortAns_53,"{'C1_define_auxiliary_sequences': 1, 'C2_prove_geometric': 3, 'C3_prove_arithmetic': 2, 'C4_find_general_terms': 0}",6,"{'C1_define_auxiliary_sequences': 'The auxiliary sequences cₙ and dₙ are defined, but the student did not clearly state the initial conditions.', 'C2_prove_geometric': 'The recurrence for cₙ is correctly derived, showing that aₙ+bₙ forms a geometric sequence with ratio 1/2.', 'C3_prove_arithmetic': 'The recurrence for dₙ is correctly derived, showing that aₙ−bₙ forms an arithmetic sequence with common difference 2.', 'C4_find_general_terms': 'The student attempts to find the general terms by computing initial values, but the final expressions aₙ = n² + 1 and bₙ = n − 2 are incorrect and do not satisfy the initial conditions or recurrence.'}",,3915
Math_ShortAns_54,"{'C1_define_auxiliary_sequences': 1, 'C2_prove_geometric': 0, 'C3_prove_arithmetic': 0, 'C4_find_general_terms': 0}",1,"{'C1_define_auxiliary_sequences': 'The student correctly defined the auxiliary sequences cₙ and dₙ but did not specify the initial conditions.', 'C2_prove_geometric': 'The derivation for the sum sequence is incorrect, yielding an extra constant term and failing to show it is geometric.', 'C3_prove_arithmetic': 'The subtraction leads to dₙ₊₁ = dₙ instead of the correct arithmetic progression; the student mistakenly derived it as a constant sequence.', 'C4_find_general_terms': ""The attempt to guess linear forms and the final answer are incorrect and inconsistent with the problem's requirements.""}",0.95,3318
Math_ShortAns_55,"{'C1_define_auxiliary_sequences': 1, 'C2_prove_geometric': 0, 'C3_prove_arithmetic': 2, 'C4_find_general_terms': 0}",3,"{'C1_define_auxiliary_sequences': 'The student defined cₙ and dₙ but did not specify the initial conditions correctly.', 'C2_prove_geometric': 'The student attempted to add the recurrences but made an algebraic error, resulting in an incorrect recurrence for cₙ.', 'C3_prove_arithmetic': 'The student correctly derived the recurrence for dₙ as dₙ₊₁ = dₙ + 2.', 'C4_find_general_terms': 'The general formulas derived for aₙ and bₙ (aₙ = 2n − 1, bₙ = n − 4) are incorrect and not properly deduced from the sequences.'}",0.9,3945
Math_ShortAns_58,"{'Q1_correlation': 1, 'Q2_outlier_detection': 0, 'Q3_recalculation': 1}",2,"{'Q1_correlation': 'The student only correctly noted the sample mean for x (9.97) but incorrectly estimated the mean for i, set up an incorrect formula, computed an absurd r value (~13.33) and drew the wrong conclusion.', 'Q2_outlier_detection': 'The acceptable range was computed incorrectly (should be (9.334, 10.606)), no proper identification of the outlier (13th part with 9.22), and the conclusion that no inspection is needed is false.', 'Q3_recalculation': 'The student correctly arrived at the new mean (10.02) after removing the outlier but the new standard deviation is incorrect (0.15 instead of 0.09) and no proper variance computation was shown.'}",0.95,4354
Math_ShortAns_59,"{'Q1_correlation': 2, 'Q2_outlier_detection': 4, 'Q3_recalculation': 4}",10,"{'Q1_correlation': 'The answer provides the correct final value for r (≈ -0.18) and the correct conclusion, but it does not mention the sample means or show the formula setup explicitly, so only partial credit is given.', 'Q2_outlier_detection': 'The answer correctly calculates the acceptable range, identifies the 13th part as an outlier, and concludes that production inspection is required, meeting all criteria.', 'Q3_recalculation': 'The answer correctly recomputes the new mean (≈ 10.02) and standard deviation (≈ 0.09) after excluding the outlier, with appropriate formula expressions and precision.'}",,3563
Math_ShortAns_60,"{'Q1_correlation': 1, 'Q2_outlier_detection': 1, 'Q3_recalculation': 0}",2,"{'Q1_correlation': 'The answer mentions the correct x̄ but gives an incorrect mean for i (8 instead of 8.5) and uses a flawed setup for computing r, though the final trend conclusion is stated.', 'Q2_outlier_detection': 'The acceptable range is roughly computed, but the student incorrectly identifies all parts as within the range, missing the outlier (13th part) and the inspection requirement.', 'Q3_recalculation': 'The student does not remove the outlier when recalculating, and the computed mean and standard deviation are given without proper steps or correctness; no correct recalculation is provided.'}",,4447
Math_ShortAns_63,"{'Q20_Part1': 2, 'Q20_Part2': 0}",2,"{'Q20_Part1': 'The student correctly substituted the vertical line x = 2 into the parabola and obtained the intersection points (2,2) and (2,-2), but then miscalculated the dot product (2,2)·(2,-2) as -4 (it should be 0) and drew the wrong conclusion that O is not on the circle.', 'Q20_Part2': 'The answer does not set up the extra condition (e.g., using AP·BP = 0) to solve for the line parameter, nor does it derive the center, radius, or the correct equations for the line and circle. It simply assumes values without proper justification.'}",0.95,5012
Math_ShortAns_64,"{'Q20_Part1': 1, 'Q20_Part2': 0}",1,"{'Q20_Part1': ""The student correctly set up the substitution of the line into the parabola, earning 1 mark. However, the subsequent use of Vieta's formulas and the dot product argument was missing or incorrect. The claimed intersection points and computed circle properties are inconsistent, leading to an incomplete and flawed proof."", 'Q20_Part2': ""The answer for part (2) is not correctly set up. The student incorrectly assumed fixed intersection points, computed an incorrect circle center and radius from those, and derived an erroneous line equation. None of the required steps—setting up the extra condition, solving for the parameter k, and properly deriving the circle's equation—were correctly performed.""}",,4827
Math_ShortAns_67,"{'C1_circle_properties': 2, 'C2_locus_derivation': 0, 'C3_line_equation': 0, 'C4_triangle_area': 0}",2,"{'C1_circle_properties': 'The circle equation was correctly rewritten and the center and radius were properly identified.', 'C2_locus_derivation': 'The derivation for the locus of M is incorrect. The student did not set up the proper vector perpendicularity condition or arrive at the correct final equation.', 'C3_line_equation': 'The steps for finding the line equation under the condition |OP| = |OM| are missing and the final line equation is incorrect.', 'C4_triangle_area': 'The area calculation is inconsistent and does not follow the required steps, resulting in an incorrect answer.'}",0.95,3553
Math_ShortAns_68,"{'C1_circle_properties': 2, 'C2_locus_derivation': 1, 'C3_line_equation': 0, 'C4_triangle_area': 0}",3,"{'C1_circle_properties': ""Correct rewriting of the circle's equation and identification of the center and radius."", 'C2_locus_derivation': 'Provided a parametric representation for M but failed to eliminate the parameter to obtain the locus equation in closed form.', 'C3_line_equation': 'Did not correctly derive the equation for the moving line under the condition |OP|=|OM|; the required reasoning and steps are missing.', 'C4_triangle_area': 'The triangle area is computed using an incorrect coordinate for M, resulting in an incorrect area.'}",,3436
Math_ShortAns_71,"{'E1_derive_ellipse_equation': 2, 'L1_setup_line_and_intersections': 1, 'V1_compute_T_and_H': 1, 'P1_prove_fixed_point': 0}",4,"{'E1_derive_ellipse_equation': 'The final ellipse equation is correct, but no step-by-step substitution process is provided.', 'L1_setup_line_and_intersections': 'The vertical case is correctly handled, but the non-vertical case is completely omitted.', 'V1_compute_T_and_H': 'Only the final equation of HN is given without detailed computation for T and H using the vector relation.', 'P1_prove_fixed_point': 'The answer states that HN passes through (0, -2) without any algebraic or geometric proof.'}",,3321
Math_ShortAns_72,"{'E1_derive_ellipse_equation': 4, 'L1_setup_line_and_intersections': 1, 'V1_compute_T_and_H': 0, 'P1_prove_fixed_point': 0}",5,"{'E1_derive_ellipse_equation': 'Correct substitution of A and B with clear computation of b^2 and a^2 leading to the right ellipse equation.', 'L1_setup_line_and_intersections': 'The student sets up a line through P but does not adequately handle both cases or properly solve for the intersection points.', 'V1_compute_T_and_H': 'The computation for T and H is not correctly worked out, and the vector relation is not properly applied.', 'P1_prove_fixed_point': 'The fixed point is incorrectly identified (claimed as (0, 0) instead of (0, -2)) and no rigorous proof is provided.'}",0.9,3705
Math_ShortAns_75,"{'C1_identify_points': 0, 'C2_compute_parameters': 0, 'C3_final_ellipse_equation': 0, 'C4_setup_line_conditions': 0, 'C5_prove_fixed_point': 0, 'C6_final_verification': 0}",0,"{'C1_identify_points': 'The answer incorrectly computed b^2 for P2 and did not correctly identify the three valid points on the ellipse.', 'C2_compute_parameters': 'Substitutions were incorrectly handled and the derived parameters were not solved correctly.', 'C3_final_ellipse_equation': 'The final equation given (x^2/5 + y^2/3 = 1) does not follow from the correct parameter values.', 'C4_setup_line_conditions': 'The line was incorrectly set as y = kx + 1, despite the condition that I must not pass through P2.', 'C5_prove_fixed_point': 'No valid derivation of the relation (t = -2k - 1) or demonstration that the fixed point is (2, -1) was provided.', 'C6_final_verification': 'The verification of the fixed point is vague and does not logically prove that every line I passes through (2, -1).'}",,3864
Math_ShortAns_76,"{'C1_identify_points': 0, 'C2_compute_parameters': 2, 'C3_final_ellipse_equation': 2, 'C4_setup_line_conditions': 0, 'C5_prove_fixed_point': 0, 'C6_final_verification': 0}",4,"{'C1_identify_points': 'The student incorrectly assumed that all four points lie on the ellipse instead of identifying the correct three.', 'C2_compute_parameters': 'Correct substitutions from P2 and P3 were made to determine b² = 1 and a² = 4.', 'C3_final_ellipse_equation': 'The final equation is correctly written as x²/4 + y² = 1.', 'C4_setup_line_conditions': ""The line I is set up incorrectly by forcing it through P2, contrary to the problem's condition."", 'C5_prove_fixed_point': 'There is no derivation showing the relation between t and k or arriving at the fixed point (2, -1).', 'C6_final_verification': 'The answer lacks a clear and complete verification that the line I passes through the fixed point.'}",1.0,4715
Math_ShortAns_77,"{'C1_identify_points': 2, 'C2_compute_parameters': 2, 'C3_final_ellipse_equation': 2, 'C4_setup_line_conditions': 2, 'C5_prove_fixed_point': 1, 'C6_final_verification': 1}",10,"{'C1_identify_points': 'The student correctly identifies that P2, P3, and P4 lie on the ellipse based on symmetry.', 'C2_compute_parameters': 'Substitutes the appropriate points and correctly finds a² = 4 and b² = 1.', 'C3_final_ellipse_equation': 'Writes the correct ellipse equation x²/4 + y² = 1.', 'C4_setup_line_conditions': 'Sets up the line in both cases (vertical and non-vertical) and states the substitution into the ellipse, meeting the requirement.', 'C5_prove_fixed_point': 'Mentions solving for k and t using the slope sum condition but does not clearly derive t = -2k - 1.', 'C6_final_verification': 'States that substituting x = 2 verifies the fixed point (2, -1) but lacks detailed verification.'}",,3953
Math_ShortAns_80,"{'Q21_Part1_Substitution': 1, 'Q21_Part1_Monotonicity_Analysis': 1, 'Q21_Part2_Derivation_for_Extremum': 0, 'Q21_Part2_Final_Answer_and_Justification': 0}",2,"{'Q21_Part1_Substitution': 'Correct substitution of a = 0 into f(x) is done, but the domain x > -1 is not explicitly stated.', 'Q21_Part1_Monotonicity_Analysis': 'The student reaches the correct conclusion on sign but uses flawed reasoning, particularly misidentifying the sign of 2x when x is negative.', 'Q21_Part2_Derivation_for_Extremum': ""The derivative setup is incorrect and the necessary condition (via h''(0)=0) to derive a = -1/6 is not addressed."", 'Q21_Part2_Final_Answer_and_Justification': 'The final answer given (a = 1) is incorrect and the justification is inadequate.'}",1.0,4986
Math_ShortAns_81,"{'Q21_Part1_Substitution': 1, 'Q21_Part1_Monotonicity_Analysis': 1, 'Q21_Part2_Derivation_for_Extremum': 0, 'Q21_Part2_Final_Answer_and_Justification': 0}",2,"{'Q21_Part1_Substitution': 'The student correctly substituted a=0 to obtain f(x) = (2+x) ln(1+x) - 2x, but does not clearly state the domain x > -1.', 'Q21_Part1_Monotonicity_Analysis': 'The analysis is superficial; while the student attempts to use sign arguments, they incorrectly conclude f(x) < 0 for x > 0 instead of f(x) > 0.', 'Q21_Part2_Derivation_for_Extremum': ""No proper derivation was provided. The student miscomputes f'(x) and fails to set up the correct condition (e.g., h''(0)=0) to find a = -1/6."", 'Q21_Part2_Final_Answer_and_Justification': 'The final answer is incorrect (claiming that a can be arbitrary) and lacks a proper justification to ensure x=0 is a maximum.'}",,4284
Math_ShortAns_84,"{'C1_derivative_and_monotonicity': 1, 'C2_maximum_value_determination': 0, 'C3_inequality_proof': 0}",1,"{'C1_derivative_and_monotonicity': 'The derivative was computed incorrectly (a mistake in differentiating a*x^2) and no proper case analysis was provided.', 'C2_maximum_value_determination': 'The student did not identify the correct critical point (x = -1/(2a)) and incorrectly computed f(1) instead; no valid maximum value evaluation was made.', 'C3_inequality_proof': 'The inequality proof is absent and the transformation/substitution required is not attempted.'}",1.0,3501
Math_ShortAns_85,"{'C1_derivative_and_monotonicity': 5, 'C2_maximum_value_determination': 4, 'C3_inequality_proof': 3}",12,"{'C1_derivative_and_monotonicity': 'The student correctly computed the derivative and thoroughly discussed all cases (a=0, a>0, and a<0), accurately identifying intervals of monotonicity.', 'C2_maximum_value_determination': 'The student correctly identified x = -1/(2a) as the critical point for a < 0 and correctly evaluated f(x) at this point.', 'C3_inequality_proof': 'The transformation using t = -1/a and the derivative analysis of g(t) are correctly applied to prove the inequality.'}",,3816
Math_ShortAns_86,"{'C1_derivative_and_monotonicity': 2, 'C2_maximum_value_determination': 0, 'C3_inequality_proof': 0}",2,"{'C1_derivative_and_monotonicity': 'The derivative was computed correctly, but the subsequent monotonicity analysis is flawed. The answer incorrectly assumes D < 0 and ignores the different cases for a, leading to an incorrect overall conclusion.', 'C2_maximum_value_determination': 'The student did not correctly identify the critical point (x = -1/(2a)) for a < 0 nor evaluate f(x) at this point; instead, an irrelevant calculation at x = 1 was provided.', 'C3_inequality_proof': 'There is no valid transformation or derivative analysis to prove the given inequality. The argument provided is incomplete and incorrect.'}",1.0,3861
Math_ShortAns_89,"{'C1_compute_derivative_and_find_m': 3, 'C2_identify_domain_and_monotonicity': 2, 'C3_prove_f_greater_than_zero_for_m_le_2': 0, 'C4_overall_reasoning_and_conclusion': 1}",6,"{'C1_compute_derivative_and_find_m': ""The student correctly computed the derivative and solved f'(0)=0 to obtain m=1."", 'C2_identify_domain_and_monotonicity': ""The domain was stated correctly but the analysis of the sign of f'(x) and detailed monotonicity is incomplete."", 'C3_prove_f_greater_than_zero_for_m_le_2': 'The proof for f(x)>0 when m<=2 is only outlined, with no detailed analysis provided.', 'C4_overall_reasoning_and_conclusion': 'The answer includes the structure of the argument but lacks a final, clear conclusion, especially for part (II).'}",0.95,3194
Math_ShortAns_90,"{'C1_compute_derivative_and_find_m': 3, 'C2_identify_domain_and_monotonicity': 1, 'C3_prove_f_greater_than_zero_for_m_le_2': 0, 'C4_overall_reasoning_and_conclusion': 0}",4,"{'C1_compute_derivative_and_find_m': ""The derivative was correctly computed and f'(0)=0 was used to get m=1."", 'C2_identify_domain_and_monotonicity': 'The domain was not identified and the monotonicity analysis is confused and incorrect.', 'C3_prove_f_greater_than_zero_for_m_le_2': 'The proof for f(x) > 0 is incorrect; key steps and proper analysis for m=2 were missing.', 'C4_overall_reasoning_and_conclusion': 'The overall reasoning is disjointed and the conclusions do not follow the correct logical steps.'}",,3413
Math_ShortAns_93,"{'C1_f0_value': 1, 'C2_monotonicity_proof': 1, 'C3_unique_zero_condition': 0, 'C4_final_value_a': 0}",2,"{'C1_f0_value': 'Correct computation of f(0) as 1.', 'C2_monotonicity_proof': ""The derivative is computed, but the monotonicity argument is not fully justified; only a sample evaluation is provided rather than a complete proof that f'(x) > 0 for all x ≥ 0."", 'C3_unique_zero_condition': ""The student incorrectly analyzes the derivative's zero and does not properly establish the condition for f(x) to have exactly one zero in (0, +∞)."", 'C4_final_value_a': 'The final answer for a is incorrectly given as 2 without proper justification; the analysis does not lead to the correct value a = e²/4.'}",,3930
Math_ShortAns_94,"{'C1_f0_value': 1, 'C2_monotonicity_proof': 0, 'C3_unique_zero_condition': 0, 'C4_final_value_a': 0}",1,"{'C1_f0_value': 'Correctly computed f(0)=1.', 'C2_monotonicity_proof': 'Did not use derivative analysis or provide a rigorous argument to demonstrate monotonicity; relying on sample points is insufficient.', 'C3_unique_zero_condition': 'Failed to set up the necessary condition via derivative or transforming to a function like e^x/x^2; the reasoning is flawed and incomplete.', 'C4_final_value_a': 'The final answer for a is not derived correctly; suggesting a = 3 or 4 is incorrect and lacks proper justification.'}",,3762
Math_ShortAns_95,"{'C1_f0_value': 1, 'C2_monotonicity_proof': 1, 'C3_unique_zero_condition': 0, 'C4_final_value_a': 0}",2,"{'C1_f0_value': 'Correctly computed f(0) = 1.', 'C2_monotonicity_proof': ""Derived the derivative f'(x) correctly but did not fully justify monotonicity for all x ≥ 0; only showed behavior at x=0."", 'C3_unique_zero_condition': ""Incorrect approach: it incorrectly focuses on f'(x) having a tangent point rather than using the minimum of e^x/x²."", 'C4_final_value_a': 'Final answer a = 1/2 is incorrect; correct value should be e²/4.'}",,3776
Math_ShortAns_98,"{'P1_derivative_analysis': 1, 'P2_a_conclusion': 1, 'P3_product_inequality': 0, 'P4_m_conclusion': 0}",2,"{'P1_derivative_analysis': 'The student did not perform the required derivative analysis; they only evaluated the function at x=1 and considered limits, which is far from a proper derivative and monotonicity discussion.', 'P2_a_conclusion': 'While the student concludes a = 1, the justification is inadequate and does not address the necessity and uniqueness of a = 1 as required.', 'P3_product_inequality': 'The student re-expressed the product incorrectly and misapplied the estimation, leading to a wrong approximation rather than using the provided inequality and geometric series sum.', 'P4_m_conclusion': 'The final conclusion that m = 2 is incorrect; the student fails to justify why m cannot be 2 and misses the necessary reasoning based on the actual bounds.'}",0.95,3685
Math_ShortAns_99,"{'P1_derivative_analysis': 0, 'P2_a_conclusion': 0, 'P3_product_inequality': 0, 'P4_m_conclusion': 0}",0,"{'P1_derivative_analysis': 'The student did not differentiate or analyze the monotonicity of f(x); the errors in reasoning and reliance on undefined values show no valid derivative analysis.', 'P2_a_conclusion': 'The conclusion a = -1 contradicts the necessary condition a = 1; the justification is flawed and does not address the uniqueness requirement.', 'P3_product_inequality': 'The student misapplied the inequality by incorrectly analyzing the behavior of the product, erroneously concluding that the product tends to 0.', 'P4_m_conclusion': 'Based on the incorrect product analysis, the student incorrectly deduced m = 1 without proper justification or exclusion of m = 2.'}",1,3220
Math_ShortAns_100,"{'P1_derivative_analysis': 4, 'P2_a_conclusion': 2, 'P3_product_inequality': 4, 'P4_m_conclusion': 1}",11,"{'P1_derivative_analysis': 'The derivative is computed correctly and the monotonicity in both cases is clearly discussed, including identification of the critical point.', 'P2_a_conclusion': 'A clear and logically sound explanation is provided that a must be 1.', 'P3_product_inequality': 'The inequality ln(1+1/2^k) < 1/2^k is applied appropriately and the series is summed correctly to bound the product, though the explanation is brief.', 'P4_m_conclusion': 'While the reasoning indicates the product is in (2, e) for n ≥ 3, the final step of explicitly concluding m = 3 is only implicit, leading to partial credit.'}",,3374
Math_ShortAns_103,"{'Q21_C1_derivative': 0, 'Q21_C2_monotonicity_extremum': 0, 'Q21_C3_root_existence': 0, 'Q21_C4_reciprocal_relation': 0}",0,"{'Q21_C1_derivative': 'The derivative is computed incorrectly. The student omitted the correct product rule application and did not mention the domain.', 'Q21_C2_monotonicity_extremum': 'The analysis based on the incorrect derivative leads to an incorrect conclusion about monotonicity and the existence of a unique extremum.', 'Q21_C3_root_existence': 'The student’s function evaluations are flawed and do not properly demonstrate that f(x)=0 has exactly two real roots.', 'Q21_C4_reciprocal_relation': 'The reciprocal relationship between the roots is not addressed at all.'}",1.0,3032
Math_ShortAns_104,"{'Q21_C1_derivative': 2, 'Q21_C2_monotonicity_extremum': 2, 'Q21_C3_root_existence': 1, 'Q21_C4_reciprocal_relation': 2}",7,"{'Q21_C1_derivative': 'The student mentions the derivative and domain but does not show detailed computation or explicit expression.', 'Q21_C2_monotonicity_extremum': 'The answer indicates the use of monotonicity to assert uniqueness of the critical point, albeit without detailed justification.', 'Q21_C3_root_existence': 'The existence of roots is asserted by referencing part (1) but without concrete test point evaluations or sign analysis.', 'Q21_C4_reciprocal_relation': 'The reciprocal nature of the roots is stated without detailed algebraic derivation.'}",,3124
Math_ShortAns_105,"{'Q21_C1_derivative': 2, 'Q21_C2_monotonicity_extremum': 3, 'Q21_C3_root_existence': 1, 'Q21_C4_reciprocal_relation': 0}",6,"{'Q21_C1_derivative': 'The derivative is correctly computed using the product and chain rules; however, the student did not explicitly state the domain (x > 0).', 'Q21_C2_monotonicity_extremum': 'The student correctly shows that g(x) is strictly increasing by differentiating and concludes the uniqueness of the critical point.', 'Q21_C3_root_existence': 'While the student tests some values showing sign changes, the evaluation is flawed (f(1) is computed incorrectly) and does not adequately demonstrate the existence of exactly two roots.', 'Q21_C4_reciprocal_relation': 'The reciprocal relationship is asserted without any algebraic justification or detailed reasoning.'}",0.95,3803
Math_ShortAns_108,"{'Q1_domain_monotonicity': 1, 'Q1_conclusion_a_range': 0, 'Q2_proof_setup': 0, 'Q2_proof_inequality': 0}",1,"{'Q1_domain_monotonicity': 'The student correctly computed f(1) as e+1-a but did not properly analyze the domain or monotonicity (missing derivative work).', 'Q1_conclusion_a_range': ""The conclusion on a's range is incorrect; it should be a ≤ e+1, not a ≥ e+1 or [0, +∞)."", 'Q2_proof_setup': 'The setup is flawed as the student incorrectly assumes both zeros lie in [1,2] rather than on either side of 1.', 'Q2_proof_inequality': 'The inequality proof is not approached rigorously; the student’s argument is off-track and concludes the opposite result.'}",,3937
Math_ShortAns_109,"{'Q1_domain_monotonicity': 3, 'Q1_conclusion_a_range': 2, 'Q2_proof_setup': 2, 'Q2_proof_inequality': 1}",8,"{'Q1_domain_monotonicity': 'Correctly identifies the domain, computes the derivative, and explains the monotonicity on both intervals with f(1)=e+1-a.', 'Q1_conclusion_a_range': 'Clearly concludes that a must satisfy a ≤ e+1 and provides the correct answer range.', 'Q2_proof_setup': 'Properly sets up the proof by noting the two zeros lie on opposite sides of 1 and framing the inequality to prove.', 'Q2_proof_inequality': 'The attempted proof is incomplete and ends abruptly, with insufficient rigor in transforming and proving the inequality.'}",0.9,4500
Math_ShortAns_112,"{'C1_identify_parabola_properties': 2, 'C2_determine_parameter_p_and_parabola_equation': 2, 'C3_setup_and_slope_relations_for_part2': 2, 'C4_apply_tangent_difference_and_determine_AB_equation': 2}",8,"{'C1_identify_parabola_properties': 'Correctly identified the focus as (p/2,0) and deduced that M has x-coordinate p.', 'C2_determine_parameter_p_and_parabola_equation': 'Accurately set up the relation p + p/2 = 3, solved for p, and provided the correct parabola equation.', 'C3_setup_and_slope_relations_for_part2': ""Points are expressed in terms of y-coordinates and the line MN is stated, but the derivation using Vieta's formulas and the relationship between slopes is only mentioned and not detailed."", 'C4_apply_tangent_difference_and_determine_AB_equation': 'The final answer for line AB is given correctly; however, the application of the tangent difference formula and subsequent steps are only vaguely referenced.'}",0.9,3609
Math_ShortAns_113,"{'C1_identify_parabola_properties': 1, 'C2_determine_parameter_p_and_parabola_equation': 0, 'C3_setup_and_slope_relations_for_part2': 0, 'C4_apply_tangent_difference_and_determine_AB_equation': 0}",1,"{'C1_identify_parabola_properties': 'The student correctly identified the focus at x = p/2, but did not mention the directrix and the implication that M has x-coordinate p clearly.', 'C2_determine_parameter_p_and_parabola_equation': 'The student set up a relation using |x1 - p/2| = 3 but did not use the vertical condition to set x1 = p, nor did they solve for p or deduce the equation y² = 4x.', 'C3_setup_and_slope_relations_for_part2': ""The answer did not correctly set up the coordinates for points M, N, A, B or derive the necessary slope relations using Vieta's formulas."", 'C4_apply_tangent_difference_and_determine_AB_equation': 'There is no correct application of the tangent subtraction formula nor derivation to determine k_AB or the final equation of line AB.'}",,3836
Math_ShortAns_114,"{'C1_identify_parabola_properties': 0, 'C2_determine_parameter_p_and_parabola_equation': 0, 'C3_setup_and_slope_relations_for_part2': 0, 'C4_apply_tangent_difference_and_determine_AB_equation': 0}",0,"{'C1_identify_parabola_properties': ""Incorrect identification: the student stated the focus as (p, 0) instead of (p/2, 0) and made no correct comment about the directrix or that MD being vertical forces M's x-coordinate to equal p."", 'C2_determine_parameter_p_and_parabola_equation': 'The student did not set up the relation |MF| = p + p/2 = 3 or solve for p=2, and instead confused the properties by considering |x1 - p| = 3 with incorrect cases.', 'C3_setup_and_slope_relations_for_part2': 'No proper setup of the coordinates for points M, N, A, and B nor derivation using Vieta’s formulas and slope relations was provided.', 'C4_apply_tangent_difference_and_determine_AB_equation': 'The student’s work on part (2) does not correctly apply the tangent difference formula or derive the proper conditions, and the final answer y = 0 does not match the expected line AB.'}",,3589
Math_ShortAns_117,"{'C1_f_expression': 2, 'C2_monotonicity': 0, 'C3_inequality_setup': 0, 'C4_optimization': 0}",2,"{'C1_f_expression': ""The student correctly differentiated f(x), but did not carry out the required substitutions (x = 1 and x = 0) to determine f(0) and f'(1) and thus did not obtain the explicit form of f(x)."", 'C2_monotonicity': ""The analysis of f(x)'s monotonicity is incomplete; the student only claimed monotonicity for x ≥ 0 without proper justification or identifying decreasing intervals."", 'C3_inequality_setup': 'The required rewriting of the inequality into a function h(x) and analysis of its minimum was not performed correctly.', 'C4_optimization': 'The optimization process is missing; the student incorrectly concludes that (a+1)b maximum is -1 instead of deriving the correct maximum value e/2.'}",,3845
Math_ShortAns_118,"{'C1_f_expression': 1, 'C2_monotonicity': 1, 'C3_inequality_setup': 1, 'C4_optimization': 0}",3,"{'C1_f_expression': 'The answer only describes the steps (differentiation and substitution) without showing the actual computation or the final expression f(x)= e^x - x + (1/2)x².', 'C2_monotonicity': 'It mentions differentiating and using f′(x) to analyze monotonicity but does not state the specific derivative form or the resulting intervals.', 'C3_inequality_setup': 'The inequality is rewritten correctly as h(x)= e^x - (a+1)x - b, but no further detail is provided on finding the minimum or establishing the required condition.', 'C4_optimization': 'There is no detailed work or final result given for optimizing (a+1)b.'}",0.9,3727
Math_ShortAns_121,"{'C1_monotonicity': 2, 'C2_b_maximum': 0, 'C3_ln2_estimate': 0}",2,"{'C1_monotonicity': 'The derivative was computed correctly, but the conclusion is reversed: f(x) is increasing, not decreasing.', 'C2_b_maximum': 'The expansion at x = 0 is noted, but the analysis is completely flawed; the student erroneously concludes bMax is 0.', 'C3_ln2_estimate': 'The use of the √2 bounds is misapplied, resulting in a grossly incorrect estimation for ln 2.'}",,3649
Math_ShortAns_122,"{'C1_monotonicity': 1, 'C2_b_maximum': 2, 'C3_ln2_estimate': 3}",6,"{'C1_monotonicity': 'The derivative was computed incorrectly (the sign for the e^(–x) term was wrong) and the analysis was unclear. Only minimal attempt was made.', 'C2_b_maximum': 'The answer correctly conjectures b=2 but the reasoning is not rigorous and includes an irrelevant check at b=1.', 'C3_ln2_estimate': 'The estimate for ln2 is numerically correct (≈0.693), but the explanation is vague and lacks proper justification using the given bounds.'}",,3825
Math_ShortAns_125,"{'C1_monotonicity_analysis': 1, 'C2_maximum_bound': 0, 'C3_product_inequality': 0}",1,"{'C1_monotonicity_analysis': 'The student computed a derivative using the product rule, earning 1 point, but did not simplify properly, find the critical points, or correctly analyze the sign; the conclusion that f(x) is monotone decreasing on (0, π) is incorrect.', 'C2_maximum_bound': 'The student attempted to bound |f(x)| but misapplied the evaluation at x=π/4 and incorrectly concluded that the stated inequality is false, failing to establish the required maximum bound.', 'C3_product_inequality': 'The argument is overly simplistic: merely noting sin²(2^k x) ≤ 1 does not incorporate the necessary transformation or the bound from part (2), and thus does not prove the desired product inequality.'}",,4320
Math_ShortAns_126,"{'C1_monotonicity_analysis': 1, 'C2_maximum_bound': 1, 'C3_product_inequality': 0}",2,"{'C1_monotonicity_analysis': 'The student attempted to compute the derivative but made errors (missing the factor 2) and did not identify correct critical points or intervals; only a minimal attempt was made.', 'C2_maximum_bound': 'The student rewrote f(x) but incorrectly identified the maximum (using x=pi/6 instead of pi/3) and omitted periodicity verification; the conclusion is not fully justified.', 'C3_product_inequality': 'The attempt merely used the trivial bound sin^2(2^k x) ≤ 1, which does not match the required transformation and reasoning, thus failing to prove the intended inequality.'}",,3731
Math_ShortAns_127,"{'C1_monotonicity_analysis': 1, 'C2_maximum_bound': 0, 'C3_product_inequality': 0}",1,"{'C1_monotonicity_analysis': ""The student computed a derivative expression but did not solve for the critical points or correctly analyze the sign of f'(x); only minimal work was done."", 'C2_maximum_bound': 'The answer ignored periodicity and critical value computation and incorrectly bounded |f(x)| by 1 instead of 3√3/8.', 'C3_product_inequality': 'The transformation and incorporation of the previous result were not performed; the student trivially used sin²≤1 without addressing the proper inequality.'}",0.95,3976
Math_ShortAns_130,"{'C1_rectangular_conversion': 2, 'C2_vector_setup_and_M_coord': 1, 'C3_parametric_equations': 0, 'C4_intersection_analysis': 0}",3,"{'C1_rectangular_conversion': 'The student correctly derived x²+y²=2√2x but did not complete the square to express the circle in standard form, so partial credit.', 'C2_vector_setup_and_M_coord': 'The student mentioned the polar coordinate for M but did not convert it properly to obtain the expected rectangular coordinate expression.', 'C3_parametric_equations': 'The student attempted a relation using a specific case rather than deriving the general parametric equations, so no credit.', 'C4_intersection_analysis': 'The student did not perform the required analysis and incorrectly guessed that C and C1 have intersection points.'}",,3704
Math_ShortAns_131,"{'C1_rectangular_conversion': 0, 'C2_vector_setup_and_M_coord': 0, 'C3_parametric_equations': 0, 'C4_intersection_analysis': 0}",0,"{'C1_rectangular_conversion': 'The conversion is incorrect. The student obtains conflicting and incorrect formulas and fails to correctly complete the square.', 'C2_vector_setup_and_M_coord': 'The vector relation is set up incorrectly and the coordinates for M are not derived properly from the given circle.', 'C3_parametric_equations': 'The student did not derive the correct parametric equations for P and left the answer in terms of an undefined M.', 'C4_intersection_analysis': 'The analysis of the relative positions is erroneous; the student incorrectly concludes that C and C₁ intersect.'}",,3117
Math_ShortAns_134,"{'C1_convert_C1': 0, 'C2_convert_C2': 0, 'C3_find_intersection': 0, 'C4_find_circle_rect_eq': 0, 'C5_convert_to_polar': 0}",0,"{'C1_convert_C1': 'Incorrect conversion for C1: the student derived y = 4 - x but then rewrote it as x = y - 4, which is not equivalent to the correct x + y = 4.', 'C2_convert_C2': 'Incorrect elimination of the parameter t. The student’s manipulation leading to y = sqrt(x^2 + 4) is wrong; the expected result is x² - y² = 4.', 'C3_find_intersection': 'Based on the incorrect Cartesian equations, the computed intersection point P is wrong.', 'C4_find_circle_rect_eq': ""There is no correct derivation of the circle's rectangular equation; the necessary geometric conditions were not used."", 'C5_convert_to_polar': 'The polar equation is incorrectly given as r = 2 cos(θ + 90°) instead of the correct ρ = (17/5) cos θ.'}",0.95,3274
Math_ShortAns_135,"{'C1_convert_C1': 2, 'C2_convert_C2': 2, 'C3_find_intersection': 1, 'C4_find_circle_rect_eq': 1, 'C5_convert_to_polar': 2}",8,"{'C1_convert_C1': 'The student correctly identified the Cartesian equation for C1 as x+y=4.', 'C2_convert_C2': 'The student correctly derived the Cartesian equation for C2 as x^2-y^2=4.', 'C3_find_intersection': ""The student's explanation mentions finding the intersection point but does not provide the numerical result (P=(5/2, 3/2))."", 'C4_find_circle_rect_eq': ""The student briefly alluded to finding the circle's center from P but did not show the computation leading to the rectangular form."", 'C5_convert_to_polar': 'The final polar equation is correctly given as ρ=(17/5)cosθ.'}",0.95,3098
Math_ShortAns_138,"{'Q22_C1_convert_C1': 2, 'Q22_C2_convert_C2': 0, 'Q22_C3_find_intersection': 0, 'Q22_C4_circle_equation': 0, 'Q22_C5_polar_conversion': 0}",2,"{'Q22_C1_convert_C1': 'The conversion for C1 is correct using the identity cos²θ + sin²θ = 1 to derive x+y=4.', 'Q22_C2_convert_C2': 'The attempt to convert C2 is incomplete and does not lead to the required Cartesian equation x²-y²=4.', 'Q22_C3_find_intersection': 'No proper calculation or substitution was performed to obtain the intersection point P.', 'Q22_C4_circle_equation': ""The derivation of the circle's Cartesian equation is not carried out correctly, with an improper setup."", 'Q22_C5_polar_conversion': 'The conversion from Cartesian to polar form is missing and the final answer is not developed.'}",0.9,3511
Math_ShortAns_139,"{'Q22_C1_convert_C1': 2, 'Q22_C2_convert_C2': 2, 'Q22_C3_find_intersection': 0, 'Q22_C4_circle_equation': 0, 'Q22_C5_polar_conversion': 0}",4,"{'Q22_C1_convert_C1': 'Correctly used the trigonometric identity to derive x + y = 4.', 'Q22_C2_convert_C2': 'Proper elimination of the parameter t to obtain x^2 - y^2 = 4.', 'Q22_C3_find_intersection': 'Incorrectly solved for the intersection; the correct intersection point was not obtained.', 'Q22_C4_circle_equation': 'The circle equation was not derived properly; the student used the wrong intersection points and did not solve for the center based on given conditions.', 'Q22_C5_polar_conversion': ""The final polar equation is not correctly derived from the circle's Cartesian equation.""}",1.0,3593
Math_ShortAns_142,"{'P1_AMGM_Setup': 0, 'P2_Algebraic_Manipulation': 0, 'P3_Denominator_Inequalities': 0, 'P4_Finality_Part2': 0}",0,"{'P1_AMGM_Setup': 'The student does not set up or justify the application of the AM-GM inequality and incorrectly assumes a = b = c without proper explanation.', 'P2_Algebraic_Manipulation': 'The algebraic steps are incorrect; the computation for a when a = b = c is flawed and leads to the wrong calculation of abc.', 'P3_Denominator_Inequalities': 'The necessary denominator inequalities (like b+c ≥ 2√(bc)) are not applied; the student instead makes an unsupported manipulation.', 'P4_Finality_Part2': 'The final derivation is incorrect, with the student deriving the reverse inequality compared to the intended result.'}",1.0,2773
Math_ShortAns_143,"{'P1_AMGM_Setup': 0, 'P2_Algebraic_Manipulation': 0, 'P3_Denominator_Inequalities': 0, 'P4_Finality_Part2': 0}",0,"{'P1_AMGM_Setup': 'The student incorrectly sets up the AM-GM inequality and reverses the inequality direction, arriving at a wrong conclusion.', 'P2_Algebraic_Manipulation': 'There is no proper algebraic manipulation shown to derive the correct bound from AM-GM.', 'P3_Denominator_Inequalities': 'The student does not correctly apply or justify the standard lower bound for b+c, a+c, and a+b, instead using a confusing and incorrect approach.', 'P4_Finality_Part2': 'The final inequality is not correctly derived; the student provides irrelevant manipulations and arrives at an incorrect final result.'}",,2582
Math_ShortAns_144,"{'P1_AMGM_Setup': 2, 'P2_Algebraic_Manipulation': 3, 'P3_Denominator_Inequalities': 2, 'P4_Finality_Part2': 3}",10,"{'P1_AMGM_Setup': 'The student correctly set up the AM-GM inequality for a^(3/2), b^(3/2), and c^(3/2) with adequate justification.', 'P2_Algebraic_Manipulation': 'The student properly manipulated the inequality to deduce (abc)^(1/2) ≤ 1/3 and then deduced abc ≤ 1/9 with clear steps.', 'P3_Denominator_Inequalities': 'The student applied the denominator bounds correctly (b+c ≥ 2√(bc) etc.) for all terms.', 'P4_Finality_Part2': 'The student successfully combined the results to arrive at the final inequality and correctly indicated the equality condition.'}",0.95,2872
Math_ShortAns_145,"{'P1_AMGM_Setup': 1, 'P2_Algebraic_Manipulation': 0, 'P3_Denominator_Inequalities': 0, 'P4_Finality_Part2': 0}",1,"{'P1_AMGM_Setup': 'The student correctly stated the AM–GM inequality for the terms but misapplied the exponents, earning partial credit.', 'P2_Algebraic_Manipulation': 'The algebraic steps are incorrect; the student incorrectly cubed both sides and obtained 1/27 instead of 1/9.', 'P3_Denominator_Inequalities': 'No proper use of denominator inequalities was shown; the substitution is unjustified.', 'P4_Finality_Part2': 'The combination of terms and final derivation is incorrect and does not lead to the target inequality.'}",,3077
Math_ShortAns_148,"{'P1_Cauchy_application': 3, 'P2_Substitution_and_derivation': 2, 'P3_Weighted_inequality_application': 0}",5,"{'P1_Cauchy_application': ""The student correctly applies the form of Cauchy inequality to show a+b+2c ≤ 3, although they refer to it as '三角不等式' and omit a discussion of the equality condition."", 'P2_Substitution_and_derivation': 'The substitution b = 2c is correctly performed leading to a² + 8c² = 3. The relation is derived properly though details are minimal.', 'P3_Weighted_inequality_application': 'The student fails to properly apply a weighted inequality (or Titu’s lemma) to establish 1/a + 1/c ≥ 3, instead arriving at an incorrect conclusion.'}",0.95,3293
Math_ShortAns_149,"{'P1_Cauchy_application': 3, 'P2_Substitution_and_derivation': 1, 'P3_Weighted_inequality_application': 0}",4,"{'P1_Cauchy_application': 'The student correctly rewrote 4c² as (2c)² and set up an inequality using the RMS-AM approach, which is algebraically valid. However, the answer lacks a discussion of the equality condition, which is required.', 'P2_Substitution_and_derivation': 'The answer correctly substitutes b = 2c and simplifies the given equation to a² + 8c² = 3, but it fails to derive the important relation between a and c (namely, a + 4c ≤ 3) needed for the next step.', 'P3_Weighted_inequality_application': ""The student does not apply the correct weighted inequality (or Titu's lemma) to transform 1/a + 1/c into an expression involving a + 4c and ultimately concludes incorrectly that the second inequality does not hold.""}",0.9,3457
Math_ShortAns_150,"{'P1_Cauchy_application': 0, 'P2_Substitution_and_derivation': 1, 'P3_Weighted_inequality_application': 0}",1,"{'P1_Cauchy_application': 'The student misapplied Cauchy-Schwarz by using the wrong weights resulting in a bound of √18 instead of 3, so no points were awarded.', 'P2_Substitution_and_derivation': 'The substitution b = 2c was conducted correctly leading to a² + 8c² = 3, but the student did not further derive the necessary bound on a + 4c.', 'P3_Weighted_inequality_application': ""The student failed to apply a weighted inequality or Titu's lemma to derive 1/a + 1/c ≥ 3 under the given conditions.""}",0.95,3194
Math_ShortAns_153,"{'C1_strategy_setup': 0, 'C2_part1_cauchy_application': 0, 'C3_part1_conclusion': 0, 'C4_part2_algebraic_transformation': 0, 'C5_part2_amgm_application': 0}",0,"{'C1_strategy_setup': 'The answer does not clearly state an overall strategy for both parts or mention the required inequalities.', 'C2_part1_cauchy_application': 'The student did not apply the Cauchy inequality to derive (a+b)(a^5+b^5) ≥ (a^3+b^3)^2.', 'C3_part1_conclusion': 'The substitution a^3+b^3=2 and resulting deduction to obtain 4 was not properly executed, and equality condition is not addressed.', 'C4_part2_algebraic_transformation': 'Although the student mentioned the identity for a³+b³, they did not transform it to isolate ab or relate (a+b) to ab.', 'C5_part2_amgm_application': 'There is no proper application of the AM–GM inequality; in fact, the inequality is misinterpreted with an incorrect conclusion (a+b ≥ 2 instead of a+b ≤ 2).'}",,3157
Math_ShortAns_154,"{'C1_strategy_setup': 1, 'C2_part1_cauchy_application': 0, 'C3_part1_conclusion': 0, 'C4_part2_algebraic_transformation': 1, 'C5_part2_amgm_application': 0}",2,"{'C1_strategy_setup': 'The overall strategy is hinted at with algebraic manipulations, but lacks a clear mention of using Cauchy for part (1) and AM–GM for part (2).', 'C2_part1_cauchy_application': 'No application of the Cauchy inequality is present for part (1).', 'C3_part1_conclusion': 'The substitution of a^3+b^3 = 2 is not clearly used to derive the bound (a+b)(a^5+b^5) ≥ 4 or discuss the equality condition.', 'C4_part2_algebraic_transformation': 'An attempt at transforming a^3+b^3 into terms of s = a+b and ab appears, but the steps are incomplete.', 'C5_part2_amgm_application': 'The answer fails to apply the AM–GM inequality to bound ab and conclude that a+b ≤ 2.'}",0.9,3667
Math_ShortAns_155,"{'C1_strategy_setup': 1, 'C2_part1_cauchy_application': 0, 'C3_part1_conclusion': 0, 'C4_part2_algebraic_transformation': 1, 'C5_part2_amgm_application': 0}",2,"{'C1_strategy_setup': 'The student identifies the plan to use algebraic manipulation with s = a+b and p = ab but does not clearly state the intended use of Cauchy or AM–GM for the respective parts.', 'C2_part1_cauchy_application': 'No application of Cauchy’s inequality is present; the student instead attempts a formula derivation for a^5+b^5, which is not aligned with the rubric.', 'C3_part1_conclusion': 'The student does not complete a proper derivation to show (a+b)(a^5+b^5) ≥ 4 nor specify the equality case.', 'C4_part2_algebraic_transformation': 'The transformation a^3+b^3 = s(s^2-3p) is noted, and a relation s^3 = 2+3ps is obtained; however, the details are sparse.', 'C5_part2_amgm_application': 'No explicit application of the AM–GM inequality is provided to bound ab or to derive a+b ≤ 2.'}",0.9,3514
Math_ShortAns_158,"{'P1_apply_cauchy': 0, 'P2_transform_identity': 2, 'P3_apply_mean_inequality': 0, 'P4_overall_clarity_and_rigor': 0}",2,"{'P1_apply_cauchy': 'The student did not use the Cauchy inequality to establish the key inequality for part (1).', 'P2_transform_identity': 'The transformation using the identity a³+b³ = (a+b)(a²-ab+b²) was stated and s and p defined, but the solution lacks depth and full clarity.', 'P3_apply_mean_inequality': 'The arithmetic mean inequality was not properly applied to deduce a+b ≤ 2; the step is not rigorously justified.', 'P4_overall_clarity_and_rigor': 'The overall presentation is neither clear nor rigorously justified, with incomplete arguments especially for part (1).'}",,3002
Math_ShortAns_159,"{'P1_apply_cauchy': 0, 'P2_transform_identity': 1, 'P3_apply_mean_inequality': 0, 'P4_overall_clarity_and_rigor': 0}",1,"{'P1_apply_cauchy': 'The student did not apply or mention the Cauchy inequality; they simply substituted a=b=1 without establishing the inequality.', 'P2_transform_identity': 'The student correctly factored a³+b³ and set up s(s²-3p)=2, but did not sufficiently expand or clarify the subsequent steps.', 'P3_apply_mean_inequality': 'No proper use or application of the arithmetic mean inequality was provided to deduce a+b ≤ 2.', 'P4_overall_clarity_and_rigor': 'The solution lacks a clear, rigorous argument and omits necessary justification and equality conditions.'}",,2916
Math_ShortAns_162,"{'CR1_define_functions_and_piecewise': 2, 'CR2_solve_inequality_part1': 0, 'CR3_determine_range_for_a_part2': 0, 'CR4_final_answer_and_justification': 0}",2,"{'CR1_define_functions_and_piecewise': 'The student correctly defined f(x) as -x²+x+4 and properly provided the piecewise definition for g(x).', 'CR2_solve_inequality_part1': 'The case-by-case solution of the inequality is incorrect, with flawed derivations and incorrect intersection points for each region.', 'CR3_determine_range_for_a_part2': 'The parameter range was derived incorrectly; the student concluded a is any real number instead of [-1, 1].', 'CR4_final_answer_and_justification': 'The final answers for both parts are incorrect, and the justification provided does not align with the correct reasoning.'}",1.0,3708
Math_ShortAns_163,"{'CR1_define_functions_and_piecewise': 2, 'CR2_solve_inequality_part1': 3, 'CR3_determine_range_for_a_part2': 3, 'CR4_final_answer_and_justification': 2}",10,"{'CR1_define_functions_and_piecewise': 'The student correctly defined f(x) and presented the piecewise definition of g(x) for the three intervals.', 'CR2_solve_inequality_part1': 'The case analysis is complete and the solution set is correctly derived, even though there is a minor notational inconsistency with the endpoint in the (1, +∞) interval.', 'CR3_determine_range_for_a_part2': 'The endpoint conditions were properly set up and solved, yielding the correct range for a.', 'CR4_final_answer_and_justification': 'The final answers for both parts were clearly stated with sufficient justification.'}",0.95,4069
Math_ShortAns_166,"{'Q23_C1_cartesian': 1, 'Q23_C2_polarC1': 0, 'Q23_C3_systemsetup': 0, 'Q23_C4_final_intersections': 0}",1,"{'Q23_C1_cartesian': 'The student acknowledges that C1 is a circle with center (4, 5) and radius 5, but does not correctly eliminate the parameter and provide the proper Cartesian equation.', 'Q23_C2_polarC1': 'The substitution into polar coordinates is not performed correctly; the student incorrectly writes the polar equation as ρ = 4 + 5 cosθ instead of obtaining ρ² - 8ρ cosθ - 10ρ sinθ + 16 = 0.', 'Q23_C3_systemsetup': 'The conversion of C2 and the proper setup of the system of equations are mishandled, leading to an incorrect equation (4+5cosθ = 2 sinθ) that does not correspond to the intended system.', 'Q23_C4_final_intersections': 'The student’s solution for the intersection points is incorrect, providing a single spurious solution rather than the two correct intersection points converted into polar coordinates.'}",0.95,3479
Math_ShortAns_167,"{'Q23_C1_cartesian': 3, 'Q23_C2_polarC1': 2, 'Q23_C3_systemsetup': 3, 'Q23_C4_final_intersections': 2}",10,"{'Q23_C1_cartesian': 'Correctly eliminated the parameter and provided the circle equation in standard form.', 'Q23_C2_polarC1': 'Proper substitution into polar coordinates yielding the correct polar equation.', 'Q23_C3_systemsetup': 'Successfully converted C2 to Cartesian, set up the system, and solved for the intersections.', 'Q23_C4_final_intersections': 'Correctly converted the Cartesian intersection points into their polar forms with appropriate angle measures.'}",,2755
Math_ShortAns_170,"{'C1_use_identity': 3, 'C2_conclusion_part1': 2, 'C3_setup_part2': 3, 'C4_derivation_part2': 2}",10,"{'C1_use_identity': 'The student correctly applied the identity (a+b+c)² = a²+b²+c²+2(ab+bc+ca) and rearranged it to express ab+bc+ca as -½(a²+b²+c²).', 'C2_conclusion_part1': 'They explicitly used the fact that a²+b²+c² > 0 to conclude that -½(a²+b²+c²) < 0, which is fully correct.', 'C3_setup_part2': 'The student correctly assumed max{a,b,c}=a and deduced the sign conditions (a>0, b<0, c<0) based on a+b+c=0 and abc=1.', 'C4_derivation_part2': 'They demonstrated the necessary manipulation to show a³ ≥ 4 by expressing a³ in terms of b and c and applying the appropriate inequality.'}",1.0,4080
Math_ShortAns_171,"{'C1_use_identity': 0, 'C2_conclusion_part1': 0, 'C3_setup_part2': 0, 'C4_derivation_part2': 0}",0,"{'C1_use_identity': 'The student did not use or mention the identity (a+b+c)² = a²+b²+c²+2(ab+bc+ca). Instead, they substituted c = -a-b and computed an expression, which does not align with the rubric requirement.', 'C2_conclusion_part1': 'The answer relies on a single numerical example rather than a general argument that a²+b²+c² > 0, so the conclusion that ab+bc+ca < 0 is not rigorously justified.', 'C3_setup_part2': 'The student fails to properly assume max{a,b,c} = a and does not deduce the sign conditions (a > 0 and b, c < 0) required by the rubric.', 'C4_derivation_part2': 'The derivation for part (2) is incorrect and incomplete; the manipulation does not lead to a³ ≥ 4 and the conclusion is unfounded.'}",,3731
Math_ShortAns_174,"{'C1_part1_cauchy': 0, 'C2_part1_equality': 0, 'C3_part2_cauchy': 0, 'C4_part2_conclusion': 1}",1,"{'C1_part1_cauchy': 'The answer did not use Cauchy’s inequality to obtain the lower bound; the student expanded and attempted calculus but arrived at an incorrect minimum value.', 'C2_part1_equality': 'The equality condition was not correctly identified; setting x=y=z=1/3 is not the condition derived by Cauchy’s inequality.', 'C3_part2_cauchy': 'There is no application of Cauchy’s inequality for part (2); the student did not derive the inequality (a+2)² ≥ 1.', 'C4_part2_conclusion': 'The final claim that a ≤ -3 or a ≥ -1 is stated, but without proper justification. Partial credit awarded for the correct final answer statement.'}",,3630
Math_ShortAns_175,"{'C1_part1_cauchy': 0, 'C2_part1_equality': 0, 'C3_part2_cauchy': 0, 'C4_part2_conclusion': 0}",0,"{'C1_part1_cauchy': 'The answer did not apply Cauchy’s inequality at all; it only substituted and expanded the expressions without achieving the intended inequality setup.', 'C2_part1_equality': 'There is no discussion or identification of the equality condition; the solver did not solve for x, y, and z to justify the minimum.', 'C3_part2_cauchy': ""The student did not set up or apply Cauchy's inequality for part (2); the expansion provided does not lead to the needed inequality in terms of a."", 'C4_part2_conclusion': 'The conclusion is incorrect and illogical. The final condition is stated as a ≥ -3 or a ≤ -1, which essentially covers all real numbers, failing to deduce the proper parameter restrictions.'}",0.95,4035
Math_ShortAns_178,"{'C1_part1_cauchy_application': 0, 'C2_part1_equality_condition': 0, 'C3_part2_inequality_application': 0, 'C4_part2_parameter_deduction': 0}",0,"{'C1_part1_cauchy_application': 'The student did not use Cauchy inequality as required and instead expanded the squares without correctly setting up the inequality; also, the condition was misapplied as x+y+z=2 instead of 1.', 'C2_part1_equality_condition': 'No proper discussion of the equality condition or verification was provided.', 'C3_part2_inequality_application': 'Failed to apply Cauchy inequality; the expansion does not lead to the intended inequality (a+2)^2 >= 1.', 'C4_part2_parameter_deduction': 'The parameter deduction is incorrect and inconsistent, leading to a wrong or unclear conclusion about the range of a.'}",,3721
Math_ShortAns_179,"{'C1_part1_cauchy_application': 0, 'C2_part1_equality_condition': 0, 'C3_part2_inequality_application': 0, 'C4_part2_parameter_deduction': 1}",1,"{'C1_part1_cauchy_application': 'The student did not apply the Cauchy inequality; instead, they expanded and wrongly simplified the expression, leading to an incorrect minimal value.', 'C2_part1_equality_condition': 'No proper identification or verification of the equality condition was provided; the student simply substituted arbitrary values.', 'C3_part2_inequality_application': 'The student attempted expansion but did not use the Cauchy inequality to derive the necessary relation; the logical steps are missing.', 'C4_part2_parameter_deduction': 'Though the final answer for a is stated correctly, the deduction is unclear and unsupported by proper reasoning, earning minimal credit.'}",0.9,3694
Math_ShortAns_182,"{'C1_piecewise_representation': 3, 'C2_solve_inequality_part1': 3, 'C3_final_answer_part1': 1, 'C4_transform_inequality_part2': 1, 'C5_solve_parameter_range': 2}",10,"{'C1_piecewise_representation': 'The student correctly identified the critical points and derived the correct piecewise expressions.', 'C2_solve_inequality_part1': 'The inequality was solved correctly in every interval with proper combination of results.', 'C3_final_answer_part1': 'The final answer of [-2, 3] is clearly stated and justified.', 'C4_transform_inequality_part2': 'The transformation from f(x) ≤ 1 to |x+a| + |x-2| ≥ 4 is correctly done.', 'C5_solve_parameter_range': 'The student correctly applied the triangle inequality and solved |a+2| ≥ 4 to obtain the correct parameter range.'}",,2750
Math_ShortAns_183,"{'C1_piecewise_representation': 3, 'C2_solve_inequality_part1': 3, 'C3_final_answer_part1': 1, 'C4_transform_inequality_part2': 1, 'C5_solve_parameter_range': 0}",8,"{'C1_piecewise_representation': 'Correctly identified the critical points and derived the correct piecewise expressions.', 'C2_solve_inequality_part1': 'The inequality was solved correctly on all intervals and the union was properly combined.', 'C3_final_answer_part1': 'Final answer for part (1) is clearly stated as [-2, 3].', 'C4_transform_inequality_part2': 'The transformation from f(x) ≤ 1 to |x+1| + |x-2| ≥ 4 is correctly executed.', 'C5_solve_parameter_range': 'The parameter analysis is incorrect. Instead of applying the triangle inequality to deduce |a+2| ≥ 4, the student incorrectly analyzed the x-cases and ended with a wrong parameter range.'}",1.0,3677
Math_ShortAns_186,"{'Q1a_substitution': 2, 'Q1a_case_analysis': 1, 'Q1a_final': 0, 'Q2_analysis': 0, 'Q2_final': 0}",3,"{'Q1a_substitution': 'Correct substitution of a = 1 to obtain f(x) = |x-1|·x + |x-2|(x-1).', 'Q1a_case_analysis': 'Attempted case analysis with appropriate intervals, but significant errors in simplification in at least two cases.', 'Q1a_final': 'Incorrect final answer; the correct solution set for part (1) is (-∞, 1) but the student obtained (1, 2).', 'Q2_analysis': 'The analysis of f(x) < 0 over (-∞, 1) and treatment of the parameter a is incorrect and lacks proper handling of absolute values.', 'Q2_final': 'Incorrect range for a; the correct answer is [1, +∞) but the student concluded (-∞, 3).'}",,3725
Math_ShortAns_187,"{'Q1a_substitution': 2, 'Q1a_case_analysis': 3, 'Q1a_final': 1, 'Q2_analysis': 2, 'Q2_final': 2}",10,"{'Q1a_substitution': 'The student correctly substituted a=1 and rewrote the function.', 'Q1a_case_analysis': 'The student accurately divided the domain into three cases and simplified the expressions correctly.', 'Q1a_final': 'The final solution set for part (1) is correctly derived.', 'Q2_analysis': 'The analysis for the inequality with parameter a is properly executed, with the inequality correctly set up and analyzed.', 'Q2_final': 'The parameter range is correctly concluded as [1, +∞).'}",1.0,2777
Math_ShortAns_190,"{'CR1_substitution': 2, 'CR2_proving_part1': 2, 'CR3_part2_setup': 3, 'CR4_part2_AMGM': 2, 'CR5_final_conclusion': 1}",10,"{'CR1_substitution': 'Correctly used abc=1 to transform 1/a+1/b+1/c into the product terms.', 'CR2_proving_part1': 'Properly showed a²+b²+c² ≥ ab+ac+bc via the basic inequality.', 'CR3_part2_setup': 'Correctly set up and used the inequality (a+b)³+(b+c)³+(c+a)³ ≥ 3(a+b)(b+c)(c+a).', 'CR4_part2_AMGM': 'Applied the AM-GM inequality and combined with abc=1 to reach the required bound.', 'CR5_final_conclusion': 'Clearly presented the final conclusions with appropriate equality conditions.'}",,2716
Math_ShortAns_191,"{'CR1_substitution': 2, 'CR2_proving_part1': 0, 'CR3_part2_setup': 0, 'CR4_part2_AMGM': 0, 'CR5_final_conclusion': 0}",2,"{'CR1_substitution': 'The student correctly used abc=1 to substitute 1/a = bc, etc.', 'CR2_proving_part1': 'The student did not properly prove that a^2+b^2+c^2 ≥ ab+ac+bc; they only showed both sides are at least 3.', 'CR3_part2_setup': 'The student failed to set up the inequality using (a+b)^3+(b+c)^3+(c+a)^3 ≥ 3(a+b)(b+c)(c+a).', 'CR4_part2_AMGM': 'No correct application of AM-GM was used to arrive at (a+b)(b+c)(c+a) ≥ 8 and hence 24; the steps are incorrect.', 'CR5_final_conclusion': 'The final conclusion is incorrect and contradicts the intended result of the problem.'}",,3328
Math_ShortAns_192,"{'CR1_substitution': 2, 'CR2_proving_part1': 0, 'CR3_part2_setup': 0, 'CR4_part2_AMGM': 0, 'CR5_final_conclusion': 0}",2,"{'CR1_substitution': 'Correctly used abc=1 to substitute 1/a, 1/b, 1/c with bc, ca, ab.', 'CR2_proving_part1': 'Failed to prove a²+b²+c² ≥ ab+ac+bc; the AM-GM application is incorrect and does not lead to the required inequality.', 'CR3_part2_setup': 'Did not set up the key inequality (a+b)³+(b+c)³+(c+a)³ ≥ 3(a+b)(b+c)(c+a) as required.', 'CR4_part2_AMGM': 'No proper application of AM-GM was provided to derive the lower bound for (a+b)(b+c)(c+a).', 'CR5_final_conclusion': 'Concludes the inequalities hold without a clear or correct demonstration, especially for Part (1).'}",0.95,3474
Math_ShortAns_193,"{'CR1_substitution': 0, 'CR2_proving_part1': 0, 'CR3_part2_setup': 0, 'CR4_part2_AMGM': 0, 'CR5_final_conclusion': 0}",0,"{'CR1_substitution': 'The student did not correctly use abc = 1 to transform 1/a + 1/b + 1/c into ab + ac + bc; instead, they only redefined variables without the proper substitution.', 'CR2_proving_part1': 'The student did not prove a²+b²+c² ≥ ab+ac+bc. Their argument is unclear and does not follow the required inequality proof.', 'CR3_part2_setup': 'The required setup relating the cube sums to 3(a+b)(b+c)(c+a) is missing; the student simply expanded the cubes without establishing the initial inequality.', 'CR4_part2_AMGM': 'The student failed to apply AM-GM or any related inequality to reach the conclusion for part (2).', 'CR5_final_conclusion': 'The student incorrectly concluded that both inequalities do not hold, contradicting the correct results and required equality conditions.'}",,3154
Math_ShortAns_196,"{'C1_conditions': 2, 'C2_part1_squaring': 0, 'C3_part2_forward': 0, 'C4_part2_reverse': 0, 'C5_final_conclusion': 0}",2,"{'C1_conditions': 'Student correctly states that a+b=c+d and that a, b, c, d are all positive.', 'C2_part1_squaring': 'The student fails to perform the necessary squaring derivation and misuse the AM inequality, leading to an incorrect inequality direction.', 'C3_part2_forward': 'The student does not provide a clear, logical deduction from √a+√b > √c+√d to |a-b| < |c-d|.', 'C4_part2_reverse': 'The reverse direction is not addressed with appropriate transformations or derivations.', 'C5_final_conclusion': 'The final conclusion incorrectly reverses the inequality and does not establish the equivalence as required.'}",,2908
Math_ShortAns_197,"{'C1_conditions': 1, 'C2_part1_squaring': 3, 'C3_part2_forward': 0, 'C4_part2_reverse': 0, 'C5_final_conclusion': 0}",4,"{'C1_conditions': 'The answer states a+b=c+d but does not explicitly mention that a, b, c, d are positive, so it gets partial credit.', 'C2_part1_squaring': 'The student correctly derives the squared expressions and uses a+b=c+d to subtract the terms, adequately showing the step-by-step process for part (1).', 'C3_part2_forward': 'The forward direction in part (2) is handled incorrectly; the student mistakenly infers a+b > c+d instead of properly linking sqrt sums to |a-b| < |c-d|.', 'C4_part2_reverse': 'The reverse direction is flawed: the explanation incorrectly deduces ab < cd rather than the needed ab > cd, and omits necessary transformation steps.', 'C5_final_conclusion': 'The final conclusion is stated but lacks a logically structured and detailed summary that follows correctly from the previous steps.'}",,3303
Math_ShortAns_200,"{'C1_substitute_and_simplify_part1': 1, 'C2_solve_inequality_part1': 2, 'C3_final_answer_part1': 1, 'C4_setup_inequality_part2': 2, 'C5_analyze_parameter_part2': 4}",10,"{'C1_substitute_and_simplify_part1': 'Correctly substituted a = 2 and simplified to f(x) = |2x-2|+2.', 'C2_solve_inequality_part1': 'Properly solved the inequality |2x-2|+2 ≤ 6 and obtained x ∈ [-1, 3].', 'C3_final_answer_part1': 'Final answer for part (1) is clearly stated.', 'C4_setup_inequality_part2': 'Accurately set up the inequality for part (2) using f(x)+g(x)=|2x-1|+|2x-a|+a ≥ 3 and transformed it to the form with absolute values.', 'C5_analyze_parameter_part2': 'Provided correct case analysis leading to the derived condition a ∈ [2, +∞), matching the reference solution.'}",,2997
Math_ShortAns_201,"{'C1_substitute_and_simplify_part1': 1, 'C2_solve_inequality_part1': 2, 'C3_final_answer_part1': 1, 'C4_setup_inequality_part2': 2, 'C5_analyze_parameter_part2': 1}",7,"{'C1_substitute_and_simplify_part1': 'Correct substitution with a=2 and writing f(x) as |2x-2|+2.', 'C2_solve_inequality_part1': 'Correctly manipulated the inequality, subtracting 2 and solving for x to get [-1, 3].', 'C3_final_answer_part1': 'Final answer for part (1) is clearly stated as [-1, 3].', 'C4_setup_inequality_part2': 'The inequality f(x)+g(x)≥3 is set up correctly, although no deeper analysis is provided.', 'C5_analyze_parameter_part2': 'The case analysis is attempted but leads to an incorrect overall condition by including a ≤ -2, contrary to the correct answer a ∈ [2, +∞).'}",0.95,3878
Math_ShortAns_204,"{'R1_derive_ab_bound': 0, 'R2_minimum_a3b3': 0, 'R3_final_minimum_value': 0, 'R4_nonexistence_of_solution_II': 0}",0,"{'R1_derive_ab_bound': 'The student’s derivation is flawed and does not correctly obtain ab ≥ 2; the AM-GM application is misused.', 'R2_minimum_a3b3': 'The approach using AM-GM for a³+b³ is incorrect and leads to an illogical conclusion.', 'R3_final_minimum_value': 'The student incorrectly concludes that a³+b³ has no minimum value, missing the equality condition and correct value.', 'R4_nonexistence_of_solution_II': 'The inequality for 2a+3b is misapplied, leading to an erroneous conclusion about the nonexistence of a solution.'}",,3142
Math_ShortAns_205,"{'R1_derive_ab_bound': 0, 'R2_minimum_a3b3': 0, 'R3_final_minimum_value': 0, 'R4_nonexistence_of_solution_II': 0}",0,"{'R1_derive_ab_bound': 'The student did not correctly derive ab ≥ 2 and instead made an unjustified assumption (ab = 1).', 'R2_minimum_a3b3': 'The student’s use of the sum of cubes formula is based on an incorrect value for a+b and ab, leading to an incorrect bound.', 'R3_final_minimum_value': 'The final answer for a³+b³ is incorrect (-1 instead of 4√2) and no equality conditions are provided.', 'R4_nonexistence_of_solution_II': 'The student assumed b = 2a and found a solution, which contradicts the proper inequality approach that shows no solution exists.'}",,2301
Math_ShortAns_208,"{'Q1_ab_lower_bound': 0, 'Q2_min_a3b3': 0, 'Q3_linear_combination': 0}",0,"{'Q1_ab_lower_bound': 'The student did not correctly derive the condition ab ≥ 2 via AM-GM and merely multiplied both sides without applying the inequality.', 'Q2_min_a3b3': 'The student incorrectly assumed specific values (a=b=1) and computed a^3+b^3 = 2 without using the derived condition, leading to the wrong minimum value.', 'Q3_linear_combination': 'The student incorrectly analyzed part (II) by attempting substitution and concluding a solution exists, contrary to the correct argument that no such solution can exist.'}",,2627
Math_ShortAns_209,"{'Q1_ab_lower_bound': 0, 'Q2_min_a3b3': 0, 'Q3_linear_combination': 2}",2,"{'Q1_ab_lower_bound': 'The student attempted to multiply both sides by ab but then erroneously transformed the equation, failing to derive ab ≥ 2 with the proper equality case.', 'Q2_min_a3b3': 'The student incorrectly set a = b = 1 and claimed the minimum is 1, completely missing the correct use of the inequality that yields 4√2 when a = b = √2.', 'Q3_linear_combination': 'Though the substitution approach was flawed, the student concluded that no solution exists for 2a+3b=6, which is the correct final answer. Partial credit is given for the correct conclusion despite the poor justification.'}",,3063
Math_ShortAns_212,"{'I1_apply_triangle_inequality': 0, 'I2_use_AM_GM': 0, 'I3_conclude_part_I': 0, 'II1_substitute_and_setup': 0, 'II2_case_analysis': 0, 'II3_solve_resulting_inequalities': 0, 'II4_combine_solution_sets': 0}",0,"{'I1_apply_triangle_inequality': 'The solution does not use the triangle inequality at all.', 'I2_use_AM_GM': 'There is no use or explanation of the AM-GM inequality.', 'I3_conclude_part_I': 'The student concludes f(x) ≥ 1 rather than f(x) ≥ 2, which is incorrect.', 'II1_substitute_and_setup': 'While x = 3 is substituted correctly, the inequality setup is not clear and is misinterpreted.', 'II2_case_analysis': 'The case analysis is incomplete; only one case (a < 2) is considered, leaving out other necessary cases.', 'II3_solve_resulting_inequalities': 'The resulting inequality is solved incorrectly.', 'II4_combine_solution_sets': 'The final combination of solution sets is incorrect and does not match the required answer.'}",,3171
Math_ShortAns_213,"{'I1_apply_triangle_inequality': 0, 'I2_use_AM_GM': 1, 'I3_conclude_part_I': 1, 'II1_substitute_and_setup': 1, 'II2_case_analysis': 0, 'II3_solve_resulting_inequalities': 1, 'II4_combine_solution_sets': 0}",4,"{'I1_apply_triangle_inequality': 'The student did not clearly apply the triangle inequality; instead, they computed separate minima without stating the inequality.', 'I2_use_AM_GM': 'They stated a + 1/a ≥ 2, implicitly relying on known inequality, which is acceptable though not thoroughly explained.', 'I3_conclude_part_I': 'They conclude f(x) ≥ 2, but the reasoning is muddled due to the incorrect minimum formulation.', 'II1_substitute_and_setup': 'Correct substitution of x = 3 into f(x) is performed clearly.', 'II2_case_analysis': 'The student only considered the case where 3 - a ≥ 0 and missed distinguishing the case a > 3.', 'II3_solve_resulting_inequalities': 'The inequality for the considered case was solved correctly, but the analysis is incomplete.', 'II4_combine_solution_sets': 'The student did not combine the cases correctly, leading to an incorrect final range for a.'}",,4162
Math_ShortAns_216,"{'C1_partI_setup': 2, 'C2_partI_application': 1, 'C3_partII_amgm': 0, 'C4_partII_summation': 0}",3,"{'C1_partI_setup': 'The student correctly stated the expansion (a+b+c)² = a²+b²+c²+2(ab+bc+ca) = 1.', 'C2_partI_application': 'The student incorrectly applies the Cauchy-Schwarz inequality instead of demonstrating a²+b²+c² ≥ ab+bc+ca, and the chain of logic is unclear.', 'C3_partII_amgm': 'The solution does not use or mention the AM-GM inequality for part II, instead repeating the same mistaken approach.', 'C4_partII_summation': 'There is no proper summation or deduction provided to conclude the inequality in part II.'}",,4300
Math_ShortAns_217,"{'C1_partI_setup': 0, 'C2_partI_application': 0, 'C3_partII_amgm': 0, 'C4_partII_summation': 0}",0,"{'C1_partI_setup': 'The student did not expand (a+b+c)^2 to show a^2+b^2+c^2+2(ab+bc+ca)=1.', 'C2_partI_application': 'The student used a shortcut via AM-GM without applying the inequality a^2+b^2+c^2 >= ab+bc+ca and combining with the expansion.', 'C3_partII_amgm': 'The student misapplied AM-GM by taking a cube root approach rather than establishing a^2/b + b >= 2a, and did not correctly set up the inequality.', 'C4_partII_summation': 'There is no correct summation of inequalities leading to the conclusion; rather, the student mistakenly concludes the reverse inequality.'}",0.95,3060
