script_id,scores,model_score,comments,confidence,tokens_used
Math_ShortAns_2,"{'C1_simplification': 1, 'C2_identification': 0, 'C3_maximum_value': 1}",2,"{'C1_simplification': 'The student correctly applies the addition formulas and expands the terms, but stops at an expression in terms of A and B rather than fully simplifying to sin x.', 'C2_identification': 'The answer does not clearly identify that the simplified expression is sin x (or an equivalent form) required to deduce the maximum value directly.', 'C3_maximum_value': 'Although the final answer (1) is correct, the reasoning linking the simplified form to the maximum value is not rigorously established.'}",0.9,3521
Math_ShortAns_3,"{'C1_simplification': 1, 'C2_identification': 0, 'C3_maximum_value': 0}",1,"{'C1_simplification': 'The student correctly applied some trigonometric formulas and expanded terms, but failed to simplify the expression entirely to a simple sine function, resulting in imprecise steps.', 'C2_identification': 'The student did not recognize or clearly state that the simplified expression is equivalent to sin x, which is needed to properly analyze its maximum value.', 'C3_maximum_value': 'The computation of the maximum value was flawed; the student incorrectly calculated the coefficients, leading to an incorrect final answer.'}",0.9,2725
Math_ShortAns_6,"{'C1_sequence_setup': 1, 'C2_deriving_common_ratio': 2, 'C3_sum_calculation': 0}",3,"{'C1_sequence_setup': 'The student correctly expressed the terms of the sequence.', 'C2_deriving_common_ratio': 'The student correctly substituted in the expressions and solved for r = 3.', 'C3_sum_calculation': 'The student correctly listed the terms but made an arithmetic error when summing them, arriving at 40 instead of the correct 121/3.'}",0.95,4434
Math_ShortAns_7,"{'C1_sequence_setup': 1, 'C2_deriving_common_ratio': 1, 'C3_sum_calculation': 0}",2,"{'C1_sequence_setup': 'The student correctly set up the sequence terms using a1 = 1/3 and a_n = (1/3)*r^(n-1).', 'C2_deriving_common_ratio': 'The student correctly formed the equation (1/3 * r^3)^2 = (1/3 * r^5) but then incorrectly assumed r = 2 instead of solving to get r = 3.', 'C3_sum_calculation': 'The student used the wrong value for the common ratio, resulting in an incorrect sum S5.'}",0.95,3164
Math_ShortAns_10,"{'C1_rewrite_equation': 0, 'C2_geometric_interpretation': 0, 'C3_inference_right_angle': 0, 'C4_final_answer': 0}",0,"{'C1_rewrite_equation': 'The student did not rewrite the equation as required.', 'C2_geometric_interpretation': 'No geometric interpretation of the vector equation was provided.', 'C3_inference_right_angle': 'The student provided no inference regarding the perpendicularity of AB and AC.', 'C4_final_answer': 'The final answer is incorrect; the correct angle is 90° not 45°.'}",,1749
Math_ShortAns_11,"{'C1_rewrite_equation': 1, 'C2_geometric_interpretation': 0, 'C3_inference_right_angle': 0, 'C4_final_answer': 0}",1,"{'C1_rewrite_equation': 'The student correctly rewrote AO = 1/2(AB+AC) as 2AO = AB + AC.', 'C2_geometric_interpretation': 'The student did not correctly interpret that the sum vector aligns with the diameter; reasoning was vague and did not connect the property to the circle.', 'C3_inference_right_angle': 'The student did not infer the right angle between AB and AC; instead, they assumed an equilateral configuration.', 'C4_final_answer': 'The final answer is incorrectly given as 60° instead of the correct 90°.'}",0.9,2620
Math_ShortAns_14,"{'C1_set_up_equations': 1, 'C2_apply_tangency_condition': 0, 'C3_solve_for_center': 0, 'C4_compute_radius_and_final_equation': 0}",1,"{'C1_set_up_equations': 'Correctly set up the circle equation and substituted points A and B.', 'C2_apply_tangency_condition': 'Did not use the required perpendicularity condition (slope relation) and instead used the distance formula without deriving the relation.', 'C3_solve_for_center': 'Incorrectly assumed the center lies vertically above A, leading to an unjustified and incorrect determination of center.', 'C4_compute_radius_and_final_equation': 'Final radius and circle equation are inconsistent and do not match the correct result.'}",0.95,4369
Math_ShortAns_15,"{'C1_set_up_equations': 1, 'C2_apply_tangency_condition': 0, 'C3_solve_for_center': 1, 'C4_compute_radius_and_final_equation': 1}",3,"{'C1_set_up_equations': ""The student correctly stated the circle's equation and substituted points A and B to form the necessary equations."", 'C2_apply_tangency_condition': 'Instead of deriving the required perpendicular condition (i.e., (k-1)/(h-2) = -1), the student used the distance formula approach. Although valid mathematically, it does not match the rubric requirement.', 'C3_solve_for_center': 'The student correctly eliminated r² and obtained the center (h, k) = (3, 0), but did not explicitly use the perpendicular relation as expected.', 'C4_compute_radius_and_final_equation': 'The radius was correctly computed as √2 and the final circle equation was correctly stated.'}",,6626
Math_ShortAns_18,"{'C1_recognition': 0, 'C2_grouping': 0, 'C3_sum_odd_pairs': 0, 'C4_sum_even_pairs': 0, 'C5_final_computation': 0}",0,"{'C1_recognition': 'The student incorrectly rewrote the recurrence relation for n=1 (sign error) and did not clearly separate the alternating cases.', 'C2_grouping': 'The student did not correctly group the sequence terms into the specified two subsets.', 'C3_sum_odd_pairs': 'The student did not identify or compute the sum of the odd-indexed pairs.', 'C4_sum_even_pairs': 'There is no recognition or calculation of the arithmetic series formed by even-indexed terms.', 'C5_final_computation': 'The final answer is incorrect, based on an unjustified estimation rather than proper computation.'}",,2545
Math_ShortAns_19,"{'C1_recognition': 0, 'C2_grouping': 0, 'C3_sum_odd_pairs': 0, 'C4_sum_even_pairs': 0, 'C5_final_computation': 0}",0,"{'C1_recognition': 'The student misinterpreted the recurrence sign, giving a2 + a1 = 1 instead of a2 - a1 = 1.', 'C2_grouping': 'The student did not correctly group the terms into odd-index and even-index pairs.', 'C3_sum_odd_pairs': 'There is no correct identification or summation of odd-indexed term pairs.', 'C4_sum_even_pairs': 'The arithmetic progression in even-indexed terms was not identified or computed.', 'C5_final_computation': 'The final computed sum (180) is far from the correct answer, showing overall miscalculation.'}",0.95,2637
Math_ShortAns_22,"{'C1_subtract_equations': 2, 'C2_initial_value': 2, 'C3_general_term': 2, 'C4_b_n_expression': 3, 'C5_partial_sum': 3}",12,"{'C1_subtract_equations': 'The subtraction step was correctly set up and simplified to aₙ₊₁ - aₙ = 2.', 'C2_initial_value': 'The initial value was correctly found by solving a₁² + 2a₁ = 4a₁ + 3, and the positive solution was chosen.', 'C3_general_term': 'Recognized the arithmetic sequence and correctly formulated aₙ = 2n + 1.', 'C4_b_n_expression': 'Correctly substituted aₙ = 2n + 1 into bₙ and performed the partial fractions decomposition.', 'C5_partial_sum': 'The telescoping sum was properly identified and summed to yield the final simplified result.'}",,3618
Math_ShortAns_23,"{'C1_subtract_equations': 0, 'C2_initial_value': 0, 'C3_general_term': 0, 'C4_b_n_expression': 0, 'C5_partial_sum': 0}",0,"{'C1_subtract_equations': 'The student did not subtract the equations to derive a relation between consecutive terms.', 'C2_initial_value': 'No attempt was made to determine a1 from the given equation.', 'C3_general_term': 'The student made incorrect guesses for a_n without deriving the arithmetic progression with a_n = 2n+1.', 'C4_b_n_expression': 'Incorrect substitution for a_n leads to an incorrect expression for b_n; no proper partial fraction decomposition is done.', 'C5_partial_sum': 'The telescoping sum was not correctly identified or calculated; the final sum is nonsensical.'}",,4011
Math_ShortAns_26,"{'C1_determine_angle_C': 4, 'C2_cosine_law_relation': 3, 'C3_area_relation_and_side_sum': 2, 'C4_final_perimeter_calculation': 3}",12,"{'C1_determine_angle_C': 'Correct manipulation using sine theorem and proper justification leading to cos C = 1/2 and C = π/3.', 'C2_cosine_law_relation': 'Correct application of cosine law and correct rearrangement to (a+b)² - 3ab = 7.', 'C3_area_relation_and_side_sum': 'Correct use of the area formula with sin C = √3/2 to get ab = 6 and derivation of (a+b)² = 25.', 'C4_final_perimeter_calculation': 'Proper final step adding a+b = 5 and c = √7 to get perimeter = 5 + √7.'}",1.0,3123
Math_ShortAns_27,"{'C1_determine_angle_C': 0, 'C2_cosine_law_relation': 0, 'C3_area_relation_and_side_sum': 0, 'C4_final_perimeter_calculation': 0}",0,"{'C1_determine_angle_C': 'Incorrect manipulation and arbitrary assignment of x led to the wrong angle C (should be 60°).', 'C2_cosine_law_relation': 'Failed to apply the cosine law correctly and set up the required relation.', 'C3_area_relation_and_side_sum': 'Incorrect use of the area formula; did not derive the correct product ab or side sum.', 'C4_final_perimeter_calculation': 'Final perimeter computed using incorrect side values, not justified by previous steps.'}",0.95,3271
Math_ShortAns_28,"{'C1_determine_angle_C': 0, 'C2_cosine_law_relation': 0, 'C3_area_relation_and_side_sum': 0, 'C4_final_perimeter_calculation': 1}",1,"{'C1_determine_angle_C': 'The student misuses the cosine law and incorrectly assumes cos C = 0, yielding C = 90° instead of π/3.', 'C2_cosine_law_relation': 'The cosine law is misapplied with an incorrect formula and no proper derivation of the necessary relation.', 'C3_area_relation_and_side_sum': 'No derivation from the area formula is provided; the value a+b = 5 is assumed without justification.', 'C4_final_perimeter_calculation': 'Although the final perimeter is numerically correct (5 + √7), it is reached by an unjustified assumption rather than proper derivation.'}",,3016
Math_ShortAns_31,"{'P1_part_I_subtraction': 0, 'P2_part_I_conclusion': 0, 'P3_part_II_assumption': 0, 'P4_part_II_coefficient_comparison': 0, 'P5_part_II_final_conclusion': 0}",0,"{'P1_part_I_subtraction': 'The student did not set up or subtract the two given relations; instead, they computed specific cases without reaching the required subtraction step.', 'P2_part_I_conclusion': 'They did not conclude the proof by showing aₙ₊₂ - aₙ = λ and did not invoke aₙ₊₁ ≠ 0.', 'P3_part_II_assumption': 'The student mentioned the arithmetic form but did not clearly express aₙ = 1 + (n - 1)d or derive aₙ₊₂ - aₙ = 2d, failing to connect it with λ = 2d.', 'P4_part_II_coefficient_comparison': 'There was no substitution of the arithmetic form into Sₙ or any coefficient comparison to extract any necessary condition on λ.', 'P5_part_II_final_conclusion': 'The student did not solve the condition to yield a specific λ, and incorrectly concluded that the existence of λ could not be determined.'}",,3549
Math_ShortAns_32,"{'P1_part_I_subtraction': 0, 'P2_part_I_conclusion': 0, 'P3_part_II_assumption': 2, 'P4_part_II_coefficient_comparison': 0, 'P5_part_II_final_conclusion': 0}",2,"{'P1_part_I_subtraction': 'The answer did not set up the subtraction of the given relations, and nothing resembling the required process is shown.', 'P2_part_I_conclusion': 'No deduction is made to conclude aₙ₊₂ - aₙ = λ; instead, the student resorts to numerical cases without general reasoning.', 'P3_part_II_assumption': 'The student assumes an arithmetic form and computes aₙ₊₂ - aₙ = 2d, but incorrectly argues that 2d cannot be a constant λ. Partial credit awarded for setting up the assumption and computing the difference.', 'P4_part_II_coefficient_comparison': 'There is no substitution of the arithmetic form into Sₙ or coefficient comparison carried out.', 'P5_part_II_final_conclusion': 'The answer concludes that no such λ exists instead of solving the necessary condition to obtain λ = 4, and does not provide the final form of the sequence.'}",,4071
Math_ShortAns_33,"{'P1_part_I_subtraction': 0, 'P2_part_I_conclusion': 0, 'P3_part_II_assumption': 1, 'P4_part_II_coefficient_comparison': 0, 'P5_part_II_final_conclusion': 0}",1,"{'P1_part_I_subtraction': 'The student did not set up or subtract the required relations; they instead computed specific terms.', 'P2_part_I_conclusion': 'No proper use of the nonzero condition of aₙ₊₁ or deduction of aₙ₊₂ - aₙ = λ was presented.', 'P3_part_II_assumption': 'The student mentioned an arithmetic form but did not derive the relation λ = 2d clearly; minimal credit for initiating the assumption.', 'P4_part_II_coefficient_comparison': 'No substitution into Sₙ or coefficient comparison was performed to obtain the necessary conditions.', 'P5_part_II_final_conclusion': 'The final conclusion erroneously states that no λ exists, contrary to what is required to solve the condition.'}",0.9,3665
Math_ShortAns_36,"{'C1_identify_PX2_events': 0, 'C2_compute_PX2': 0, 'C3_identify_PX4_events': 0, 'C4_compute_PX4': 0, 'C5_final_presentation': 0}",0,"{'C1_identify_PX2_events': 'The answer only identifies one event (甲先得分 then 乙得分) and omits the alternative event needed.', 'C2_compute_PX2': 'The multiplication is incorrect (used 0.5×0.5) and did not sum over both events.', 'C3_identify_PX4_events': 'The answer does not correctly identify the two distinct orderings (initial split) required for X=4 with 甲 winning.', 'C4_compute_PX4': 'The probabilities computed for each sequence are based on incorrect values and sequences, leading to an incorrect final sum.', 'C5_final_presentation': 'The final answers and explanations are inconsistent and lack proper justification.'}",,3927
Math_ShortAns_37,"{'C1_identify_PX2_events': 0, 'C2_compute_PX2': 0, 'C3_identify_PX4_events': 0, 'C4_compute_PX4': 0, 'C5_final_presentation': 0}",0,"{'C1_identify_PX2_events': ""The answer fails to identify the two mutually exclusive events. It only considers one case (甲连得两分) instead of both events (both 甲 and 乙's consecutive wins)."", 'C2_compute_PX2': 'The computation is based on the flawed identification; using 0.5 × 0.5 yields 0.25 instead of the correct combined probability of 0.5.', 'C3_identify_PX4_events': 'The student did not correctly identify the event structure required for X = 4 and 甲获胜; the answer provides sequences that do not correspond to the necessary condition of a split in the first two balls followed by two wins for 甲.', 'C4_compute_PX4': 'The probability computations are based on incorrect event sequences, leading to an erroneous sum (0.09) rather than the correct calculation.', 'C5_final_presentation': 'The final answers for both parts are inconsistent with the required detailed reasoning and do not match the correct results.'}",,3641
Math_ShortAns_38,"{'C1_identify_PX2_events': 1, 'C2_compute_PX2': 0, 'C3_identify_PX4_events': 0, 'C4_compute_PX4': 0, 'C5_final_presentation': 1}",2,"{'C1_identify_PX2_events': 'The student mentioned two cases but did not clearly or correctly outline both mutually exclusive events; partial credit awarded.', 'C2_compute_PX2': 'The computation only considered one product (0.5×0.6) yielding 0.3 rather than summing both cases to get 0.5.', 'C3_identify_PX4_events': 'The sequences identified for X=4 are incorrect; they do not capture the correct requirement of having a split in the first two balls and two consecutive wins by 甲.', 'C4_compute_PX4': 'The detailed probability multiplications are based on the incorrect events, resulting in an incorrect numerical answer.', 'C5_final_presentation': 'Final answers are clearly stated with computations, but the logic and numbers are inconsistent with the correct method.'}",,4161
Math_ShortAns_41,"{'P1_simplify_trig_equation': 1, 'P2_solve_for_B': 1, 'P3_express_area_in_terms_of_C': 0, 'P4_determine_area_range': 0}",2,"{'P1_simplify_trig_equation': 'The student attempted to simplify the equation but misapplied the sine identity (confusing sin((180°-B)/2) with sin(B/2)), so only minimal progress was made.', 'P2_solve_for_B': 'The student eventually stated B = 60° without rigorous justification and neglecting the alternative case; partial credit for obtaining the correct result.', 'P3_express_area_in_terms_of_C': 'No proper expression of the area in terms of angle C was provided, with an unsupported area range assumption.', 'P4_determine_area_range': 'The student failed to correctly determine the domain and resulting range for the area under the acute triangle assumption.'}",,3291
Math_ShortAns_42,"{'P1_simplify_trig_equation': 0, 'P2_solve_for_B': 0, 'P3_express_area_in_terms_of_C': 0, 'P4_determine_area_range': 0}",0,"{'P1_simplify_trig_equation': 'The student misapplied the angle sum and incorrectly assumed A+C equals B, and wrongly claimed sin(B/2)=sin B.', 'P2_solve_for_B': 'The error in part (1) led to an incorrect result for B, yielding 90° instead of the correct π/3.', 'P3_express_area_in_terms_of_C': 'The student did not properly express the area in terms of angle C and failed to use the sine law substitution.', 'P4_determine_area_range': 'The area range is not correctly derived; the reasoning about maximum area is inconsistent and unsubstantiated.'}",,2797
Math_ShortAns_45,"{'R1_common_difference': 3, 'R2_general_term_sqrtSn': 0, 'R3_sum_formula': 0, 'R4_formula_for_an': 0, 'R5_final_conclusion': 0}",3,"{'R1_common_difference': 'Correctly computed S2 = 4a₁ and derived d = √S2 – √S1 = √a₁.', 'R2_general_term_sqrtSn': 'Did not derive the general term for {√Sₙ} as required.', 'R3_sum_formula': 'Did not square the expression for √Sₙ to derive Sₙ.', 'R4_formula_for_an': 'No derivation of aₙ using the difference Sₙ − Sₙ₋₁ was provided.', 'R5_final_conclusion': 'Incorrect final conclusion; the proof should show {aₙ} is arithmetic, not the opposite.'}",1.0,3670
Math_ShortAns_46,"{'R1_common_difference': 2, 'R2_general_term_sqrtSn': 0, 'R3_sum_formula': 0, 'R4_formula_for_an': 0, 'R5_final_conclusion': 0}",2,"{'R1_common_difference': 'The student computed S1 and S2 and their square roots correctly and found the difference equals √a₁, but the derivation is not fully clear and complete.', 'R2_general_term_sqrtSn': 'The student did not derive or state the general term for {√Sₙ} as required.', 'R3_sum_formula': 'No attempt was made to derive Sₙ by squaring the general term of {√Sₙ}.', 'R4_formula_for_an': 'The solution does not show a proper derivation of aₙ from Sₙ - Sₙ₋₁.', 'R5_final_conclusion': 'The student incorrectly concludes that {aₙ} is not an arithmetic sequence, contrary to the requirement to prove it is arithmetic.'}",,4217
Math_ShortAns_49,"{'R1_prove_arithmetic': 4, 'R2_geometric_condition': 3, 'R3_derive_Sn_formula': 3, 'R4_find_minimum_Sn': 2}",12,"{'R1_prove_arithmetic': 'The student correctly rewrites the equation and subtracts the (n-1) case to derive aₙ - aₙ₋₁ = 1, establishing the arithmetic nature with d=1.', 'R2_geometric_condition': 'The expressions for a₄, a₇, and a₉ are correctly written in terms of a₁, and the geometric progression condition is properly set up and solved to get a₁ = -12.', 'R3_derive_Sn_formula': 'The sum formula Sₙ is derived accurately using the arithmetic sequence formula, with correct substitution of a₁ and d, leading to the quadratic form.', 'R4_find_minimum_Sn': 'The quadratic is correctly completed to vertex form, and the minimum Sₙ value is correctly identified as -78 when n = 12 or 13.'}",1.0,4212
Math_ShortAns_50,"{'R1_prove_arithmetic': 1, 'R2_geometric_condition': 0, 'R3_derive_Sn_formula': 1, 'R4_find_minimum_Sn': 0}",2,"{'R1_prove_arithmetic': 'The student attempts to rewrite the equation and assumes an arithmetic form but makes algebraic errors and does not clearly derive the constant difference.', 'R2_geometric_condition': 'The student sets up the relation incorrectly and does not solve for a₁; the expansion and conclusion are flawed.', 'R3_derive_Sn_formula': 'The student states the correct formula for Sₙ but does not substitute the determined values or fully derive the quadratic expression.', 'R4_find_minimum_Sn': 'The student incorrectly assumes taking d = 0 minimizes Sₙ and concludes the minimum value is 0, which is inconsistent with the correct analysis.'}",,4311
Math_ShortAns_53,"{'C1_define_auxiliary_sequences': 1, 'C2_prove_geometric': 3, 'C3_prove_arithmetic': 2, 'C4_find_general_terms': 0}",6,"{'C1_define_auxiliary_sequences': 'The auxiliary sequences cₙ and dₙ are defined, but the initial values were not explicitly stated.', 'C2_prove_geometric': 'The student correctly derived the recurrence cₙ₊₁ = cₙ/2, correctly identifying the geometric progression.', 'C3_prove_arithmetic': 'The derivation for dₙ₊₁ = dₙ + 2 is correct, showing dₙ is arithmetic.', 'C4_find_general_terms': 'The final general terms proposed (aₙ = n^2 + 1 and bₙ = n - 2) are incorrect and do not match the recurrence or initial conditions.'}",,4387
Math_ShortAns_54,"{'C1_define_auxiliary_sequences': 1, 'C2_prove_geometric': 0, 'C3_prove_arithmetic': 0, 'C4_find_general_terms': 0}",1,"{'C1_define_auxiliary_sequences': 'The student correctly defined cₙ and dₙ but did not specify the initial conditions.', 'C2_prove_geometric': 'The addition of the recurrence equations was done incorrectly, and the student did not correctly show that the sum sequence is geometric.', 'C3_prove_arithmetic': 'The subtraction for the difference sequence was mishandled, yielding dₙ = aₙ - bₙ instead of the correct arithmetic relation.', 'C4_find_general_terms': 'The attempt to derive general formulas was not based on the correct forms of cₙ and dₙ, resulting in an incorrect answer.'}",0.9,4193
Math_ShortAns_55,"{'C1_define_auxiliary_sequences': 1, 'C2_prove_geometric': 0, 'C3_prove_arithmetic': 2, 'C4_find_general_terms': 0}",3,"{'C1_define_auxiliary_sequences': 'The student defined the auxiliary sequences but did not provide the initial conditions explicitly, so partial credit is given.', 'C2_prove_geometric': 'The derivation for the sum sequence is incorrect. The student mistakenly added a constant, leading to an erroneous conclusion that {aₙ+bₙ} is not geometric.', 'C3_prove_arithmetic': 'The derivation for the difference sequence was correct, showing that dₙ is arithmetic with a common difference of 2.', 'C4_find_general_terms': 'The transition to finding the general term is flawed. The assumed linear forms and the final formulas for aₙ and bₙ are inconsistent with the established properties.'}",,4744
Math_ShortAns_58,"{'Q1_correlation': 0, 'Q2_outlier_detection': 0, 'Q3_recalculation': 1}",1,"{'Q1_correlation': 'The student correctly states x̄ but misidentifies the mean of i and completely miscalculates the correlation (r ≈ 13.33 instead of ≈ -0.18) and draws the wrong conclusion about a trend.', 'Q2_outlier_detection': 'The acceptable range is computed inaccurately (using 3s ≈ 0.75 instead of correct value) and the student fails to identify correctly that an outlier exists (misidentifies 9.22) and incorrectly concludes that no inspection is needed.', 'Q3_recalculation': 'The post-outlier removal mean is correctly given as 10.02, but no proper computation for variance is shown and the standard deviation is incorrectly reported (0.15 rather than about 0.09).'}",0.9,5863
Math_ShortAns_59,"{'Q1_correlation': 3, 'Q2_outlier_detection': 4, 'Q3_recalculation': 4}",11,"{'Q1_correlation': 'The student computed r correctly as approximately -0.18 and drew the correct conclusion; however, they did not explicitly state the means (especially for i), so 1 point is deducted.', 'Q2_outlier_detection': 'The student correctly computed the acceptable range, identified the 13th part as the outlier, and concluded that inspection is necessary.', 'Q3_recalculation': 'The student correctly recalculated the mean and variance (and standard deviation) after removing the outlier with proper rounding.'}",,4398
Math_ShortAns_60,"{'Q1_correlation': 1, 'Q2_outlier_detection': 1, 'Q3_recalculation': 0}",2,"{'Q1_correlation': 'The student correctly states x̄ but incorrectly uses ī (8 instead of 8.5), and the formula setup and final r value are not correctly computed, though they attempted a conclusion.', 'Q2_outlier_detection': 'The acceptable range was roughly computed, but the student failed to correctly identify the outlier (part 13) and drew an incorrect overall conclusion.', 'Q3_recalculation': 'No recalculation was done after outlier removal; the student simply computed overall statistics, so this part is completely missing.'}",,4589
Math_ShortAns_63,"{'Q20_Part1': 2, 'Q20_Part2': 0}",2,"{'Q20_Part1': 'The student correctly substituted x=2 into the parabola and obtained the intersection points, awarding 2 marks for correct substitution and point finding. However, they incorrectly computed the dot product (an arithmetic mistake) and reached the wrong conclusion, losing the remaining marks.', 'Q20_Part2': 'No appropriate setup or solution was provided for the condition that the circle passes through P(4, -2), nor was there a derivation of the line and circle equations. As a result, no marks were awarded.'}",,3903
Math_ShortAns_64,"{'Q20_Part1': 1, 'Q20_Part2': 1}",2,"{'Q20_Part1': 'The student correctly substituted the line into the parabola but made errors in expansion and assumed fixed intersection points (A = (1, √2), B = (1, -√2)) without proper justification using Vieta’s formulas or computing the dot product. The conclusion that O lies on M is stated incorrectly.', 'Q20_Part2': 'The student obtained a circle equation by assuming the center (1,0) from part (1) and using the point P to compute the radius, but did not properly set up the extra condition or solve for the line’s parameter. The final line equation is not derived clearly and is inconsistent with prior assumptions.'}",,3949
Math_ShortAns_67,"{'C1_circle_properties': 2, 'C2_locus_derivation': 1, 'C3_line_equation': 0, 'C4_triangle_area': 0}",3,"{'C1_circle_properties': 'Correctly rewrote the circle in center-radius form and identified its center and radius.', 'C2_locus_derivation': 'Attempted to set up the line and find midpoint coordinates, but the derivation was not clearly based on the perpendicularity condition and the final locus equation is incorrect.', 'C3_line_equation': 'No valid deduction for the line equation under |OP| = |OM|; the answer merely guesses an equation without proper justification.', 'C4_triangle_area': 'The triangle area computation is based on incorrect midpoint coordinates and lacks clear, correct distance calculations and formula application.'}",,3470
Math_ShortAns_68,"{'C1_circle_properties': 2, 'C2_locus_derivation': 1, 'C3_line_equation': 0, 'C4_triangle_area': 0}",3,"{'C1_circle_properties': ""Correct rewriting of the circle's equation with the correct center and radius."", 'C2_locus_derivation': 'Set up parametric expressions for M was attempted, but failed to eliminate the parameter k to obtain the final locus equation.', 'C3_line_equation': 'No proper derivation of the line equation under the condition |OP| = |OM|; the solution incorrectly assumed M=(4,2) without proper justification.', 'C4_triangle_area': 'Area computation is incorrect; the method and substitution were unjustified, resulting in the wrong numerical answer.'}",,3300
Math_ShortAns_71,"{'E1_derive_ellipse_equation': 2, 'L1_setup_line_and_intersections': 1, 'V1_compute_T_and_H': 0, 'P1_prove_fixed_point': 0}",3,"{'E1_derive_ellipse_equation': 'The final ellipse equation is correct, but no substitution steps were provided.', 'L1_setup_line_and_intersections': 'The student only handled the vertical line case, which is valid but incomplete.', 'V1_compute_T_and_H': 'No work is shown for computing T and H using the horizontal line and vector relation.', 'P1_prove_fixed_point': 'The answer just states the fixed point with no detailed proof or justification.'}",,3523
Math_ShortAns_72,"{'E1_derive_ellipse_equation': 4, 'L1_setup_line_and_intersections': 1, 'V1_compute_T_and_H': 0, 'P1_prove_fixed_point': 1}",6,"{'E1_derive_ellipse_equation': 'The ellipse equation was derived correctly by substituting point A to find b^2 and then point B to determine a^2, yielding x²/3 + y²/4 = 1.', 'L1_setup_line_and_intersections': 'The student set up the line through P and indicated substitution into the ellipse, but did not complete the intersection analysis.', 'V1_compute_T_and_H': 'There is no clear computation for the intersection point T or application of the vector relation MT = TH to determine H.', 'P1_prove_fixed_point': 'The fixed point is asserted as (0, 0) but the student did not provide a detailed step-by-step justification.'}",0.9,3873
Math_ShortAns_75,"{'C1_identify_points': 0, 'C2_compute_parameters': 0, 'C3_final_ellipse_equation': 0, 'C4_setup_line_conditions': 0, 'C5_prove_fixed_point': 0, 'C6_final_verification': 0}",0,"{'C1_identify_points': 'The answer does not correctly identify the three points on the ellipse; it miscomputes the substitution for P2.', 'C2_compute_parameters': 'The parameters a and b are not correctly computed; the arbitrary choice of a=5 and b=3 is unjustified.', 'C3_final_ellipse_equation': 'The final ellipse equation is incorrect and does not follow from proper calculations.', 'C4_setup_line_conditions': 'The setup for the line is flawed. The chosen form y = kx + 1 incorrectly passes through P2, violating the problem condition.', 'C5_prove_fixed_point': 'There is no proper derivation from the slope condition to a relation that identifies a fixed point.', 'C6_final_verification': 'The final verification of the fixed point is absent; the explanation remains vague and incomplete.'}",,3869
Math_ShortAns_76,"{'C1_identify_points': 0, 'C2_compute_parameters': 2, 'C3_final_ellipse_equation': 2, 'C4_setup_line_conditions': 0, 'C5_prove_fixed_point': 0, 'C6_final_verification': 0}",4,"{'C1_identify_points': 'The answer fails to correctly identify that only three points should be used; it incorrectly treats all four points as lying on the ellipse.', 'C2_compute_parameters': 'The solution correctly substitutes P2 and P3 to obtain b² = 1 and a² = 4.', 'C3_final_ellipse_equation': 'The final ellipse equation x²/4 + y² = 1 is correctly derived, although based on the misuse of points.', 'C4_setup_line_conditions': 'The line is set up as passing through P2, which violates the condition that I does not pass through P2.', 'C5_prove_fixed_point': 'The answer merely states the slope sum condition without deriving the relation needed to prove the fixed point.', 'C6_final_verification': 'There is no clear verification or demonstration that the fixed point is (2, -1); the discussion is superficial.'}",0.95,4121
Math_ShortAns_77,"{'C1_identify_points': 2, 'C2_compute_parameters': 2, 'C3_final_ellipse_equation': 2, 'C4_setup_line_conditions': 2, 'C5_prove_fixed_point': 1, 'C6_final_verification': 1}",10,"{'C1_identify_points': 'Correctly identified that P2, P3, and P4 lie on the ellipse.', 'C2_compute_parameters': 'Proper substitution was used to find a² = 4 and b² = 1.', 'C3_final_ellipse_equation': 'Final equation is written correctly in standard form.', 'C4_setup_line_conditions': 'Correctly set up the variable line equation, considering both cases.', 'C5_prove_fixed_point': 'Mentions using the slope-sum condition but does not explicitly derive the relationship.', 'C6_final_verification': 'Sketches the verification via substitution; lacks detailed proof of the fixed point.'}",0.95,3051
Math_ShortAns_80,"{'Q21_Part1_Substitution': 2, 'Q21_Part1_Monotonicity_Analysis': 1, 'Q21_Part2_Derivation_for_Extremum': 0, 'Q21_Part2_Final_Answer_and_Justification': 0}",3,"{'Q21_Part1_Substitution': 'Correct substitution and identification of the relevant interval (-1 < x < 0 and x > 0) even though the domain is not explicitly stated as x > -1.', 'Q21_Part1_Monotonicity_Analysis': 'Heuristic reasoning on the sign of ln(1+x) is provided, but the derivative analysis is missing and the argument contains inaccuracies.', 'Q21_Part2_Derivation_for_Extremum': ""The student incorrectly uses f'(0)=0 without proper derivative or second derivative analysis, failing to derive the condition for a."", 'Q21_Part2_Final_Answer_and_Justification': 'The final answer is arbitrarily chosen (a=1) without proper justification and does not match the correct result (a=-1/6).'}",,3633
Math_ShortAns_81,"{'Q21_Part1_Substitution': 2, 'Q21_Part1_Monotonicity_Analysis': 1, 'Q21_Part2_Derivation_for_Extremum': 0, 'Q21_Part2_Final_Answer_and_Justification': 0}",3,"{'Q21_Part1_Substitution': 'Correct substitution with a = 0 and domain implicitly used in interval analysis.', 'Q21_Part1_Monotonicity_Analysis': 'Basic sign analysis provided; however, the reasoning for x > 0 is flawed as it leads to the wrong sign of f(x).', 'Q21_Part2_Derivation_for_Extremum': 'The derivative setup was initiated but no proper derivation for a was presented.', 'Q21_Part2_Final_Answer_and_Justification': 'Final answer is incorrect; the student concludes that a can be any value without justification.'}",,3300
Math_ShortAns_84,"{'C1_derivative_and_monotonicity': 0, 'C2_maximum_value_determination': 0, 'C3_inequality_proof': 0}",0,"{'C1_derivative_and_monotonicity': 'The derivative is computed incorrectly and the monotonicity analysis is not properly executed across the required cases.', 'C2_maximum_value_determination': 'The student fails to identify the critical point x = -1/(2a) and incorrectly evaluates f(x) at x = 1 instead of the maximum point.', 'C3_inequality_proof': 'The inequality transformation and the reasoning leading to the proof are absent or incorrect.'}",,3117
Math_ShortAns_85,"{'C1_derivative_and_monotonicity': 5, 'C2_maximum_value_determination': 4, 'C3_inequality_proof': 3}",12,"{'C1_derivative_and_monotonicity': 'Correctly computed the derivative and provided complete case discussion for a = 0, a > 0, and a < 0.', 'C2_maximum_value_determination': 'Identified the critical point x = -1/(2a) and correctly evaluated f(x) at that point.', 'C3_inequality_proof': 'Successfully transformed the inequality via substitution and used derivative analysis to prove the inequality.'}",1.0,3561
Math_ShortAns_86,"{'C1_derivative_and_monotonicity': 2, 'C2_maximum_value_determination': 0, 'C3_inequality_proof': 0}",2,"{'C1_derivative_and_monotonicity': 'The derivative was computed correctly, but the monotonicity analysis is flawed; the student wrongly assumes D < 0 always and concludes f(x) is increasing without proper case analysis.', 'C2_maximum_value_determination': 'The student did not identify the correct critical point or properly evaluate the maximum value for a < 0; evaluating f(1) is not relevant.', 'C3_inequality_proof': 'There is no proper transformation or derivative analysis of the function g(t) to justify the inequality; the argument is incomplete and unconvincing.'}",,3536
Math_ShortAns_89,"{'C1_compute_derivative_and_find_m': 3, 'C2_identify_domain_and_monotonicity': 1, 'C3_prove_f_greater_than_zero_for_m_le_2': 1, 'C4_overall_reasoning_and_conclusion': 1}",6,"{'C1_compute_derivative_and_find_m': ""The derivative was computed correctly and the condition f'(0)=0 was used properly to solve for m, yielding m=1."", 'C2_identify_domain_and_monotonicity': ""The domain was identified correctly as (-1, +∞), but the analysis of the derivative's sign for monotonicity was not completed."", 'C3_prove_f_greater_than_zero_for_m_le_2': 'The answer mentions reducing the proof to the case m=2 but does not provide the detailed analysis needed to prove f(x)>0.', 'C4_overall_reasoning_and_conclusion': 'The final conclusions for part (I) and (II) are not fully stated, leading to an overall incomplete explanation.'}",,3554
Math_ShortAns_90,"{'C1_compute_derivative_and_find_m': 3, 'C2_identify_domain_and_monotonicity': 1, 'C3_prove_f_greater_than_zero_for_m_le_2': 1, 'C4_overall_reasoning_and_conclusion': 1}",6,"{'C1_compute_derivative_and_find_m': 'Correct derivation and computation; m=1 is correctly obtained.', 'C2_identify_domain_and_monotonicity': 'Domain is not identified and monotonicity analysis is unclear and incorrect.', 'C3_prove_f_greater_than_zero_for_m_le_2': 'Proof for f(x) > 0 is not properly reduced or justified; reasoning is flawed.', 'C4_overall_reasoning_and_conclusion': 'Final conclusions and overall reasoning are confusing and insufficiently supported.'}",,3553
Math_ShortAns_93,"{'C1_f0_value': 1, 'C2_monotonicity_proof': 1, 'C3_unique_zero_condition': 1, 'C4_final_value_a': 1}",4,"{'C1_f0_value': 'Correctly computed f(0)=1.', 'C2_monotonicity_proof': 'Computed derivative and checked at x=0, but did not rigorously argue monotonicity over all x≥0.', 'C3_unique_zero_condition': 'Attempted to use the derivative zero condition but did not relate it properly to the unique zero condition; explanation is incomplete.', 'C4_final_value_a': 'Incorrect final value for a (stated a=2) with insufficient justification; did not rigorously obtain a = e²/4.'}",,3766
Math_ShortAns_94,"{'C1_f0_value': 1, 'C2_monotonicity_proof': 0, 'C3_unique_zero_condition': 0, 'C4_final_value_a': 0}",1,"{'C1_f0_value': 'Correctly computed f(0) = 1.', 'C2_monotonicity_proof': 'Only used numerical examples instead of a derivative-based monotonicity proof; does not meet the requirement.', 'C3_unique_zero_condition': 'Failed to set up the necessary condition; the derivative analysis is misapplied and lacks a proper connection to the uniqueness of the zero.', 'C4_final_value_a': 'No correct deduction or justification of the unique value of a; only vague and incorrect guesses were offered.'}",0.95,3758
Math_ShortAns_95,"{'C1_f0_value': 1, 'C2_monotonicity_proof': 1, 'C3_unique_zero_condition': 1, 'C4_final_value_a': 0}",3,"{'C1_f0_value': 'Correctly computed f(0) = 1.', 'C2_monotonicity_proof': 'The derivative was correctly computed, but the monotonicity argument relies on a vague statement that e^x grows faster than x^2, without a rigorous sign analysis beyond x=0.', 'C3_unique_zero_condition': ""The student attempted to set up the condition by equating f'(x)=0, but the connection to the uniqueness of the zero was not rigorously justified."", 'C4_final_value_a': 'The final value a = 1/2 is incorrect; the correct value should be a = e^2/4 based on the proper analysis.'}",0.9,4186
Math_ShortAns_98,"{'P1_derivative_analysis': 0, 'P2_a_conclusion': 1, 'P3_product_inequality': 0, 'P4_m_conclusion': 0}",1,"{'P1_derivative_analysis': 'No derivative computation or monotonicity analysis was performed; only boundary evaluations were used.', 'P2_a_conclusion': 'The student states a=1 but justification is very insufficient.', 'P3_product_inequality': 'The student did not use the logarithmic inequality and mis-estimated the product, leading to an incorrect approach.', 'P4_m_conclusion': 'The conclusion m=2 is incorrect; reasoning based on estimated bounds is flawed.'}",0.95,4286
Math_ShortAns_99,"{'P1_derivative_analysis': 0, 'P2_a_conclusion': 0, 'P3_product_inequality': 0, 'P4_m_conclusion': 0}",0,"{'P1_derivative_analysis': 'The student did not compute the derivative or analyze monotonicity; they merely substituted values.', 'P2_a_conclusion': 'The student incorrectly concluded a = -1 instead of the unique correct value a = 1 with proper justification.', 'P3_product_inequality': 'The student misapplied the inequality and incorrectly argued that the product tends to 0.', 'P4_m_conclusion': 'The conclusion m = 1 is incorrect and lacks the necessary justification based on the derived bounds.'}",1.0,3274
Math_ShortAns_100,"{'P1_derivative_analysis': 4, 'P2_a_conclusion': 2, 'P3_product_inequality': 4, 'P4_m_conclusion': 0}",10,"{'P1_derivative_analysis': 'Correct derivative computation and complete analysis of both cases with clear identification of the minimum at x = a.', 'P2_a_conclusion': 'Clearly concludes a = 1 with appropriate justification using f(1)=0 and minimal value analysis.', 'P3_product_inequality': 'Applies the logarithmic inequality correctly and uses the idea of summing the geometric progression to bound the product, though details could be expanded.', 'P4_m_conclusion': 'Does not explicitly state the final minimal integer m; conclusion is left vague without identifying m = 3.'}",0.95,4083
Math_ShortAns_103,"{'Q21_C1_derivative': 1, 'Q21_C2_monotonicity_extremum': 0, 'Q21_C3_root_existence': 1, 'Q21_C4_reciprocal_relation': 0}",2,"{'Q21_C1_derivative': 'The student attempted differentiation but omitted the ln x term, leading to an incorrect derivative. Partial credit was given for the attempt.', 'Q21_C2_monotonicity_extremum': 'The analysis of f′(x) is incorrect (using the wrong derivative and concluding wrong monotonicity), so no credit was awarded.', 'Q21_C3_root_existence': 'The student evaluated f(x) at various points and noted sign changes, but the reasoning was incomplete and did not conclusively establish the existence of exactly two roots.', 'Q21_C4_reciprocal_relation': 'There was no discussion or proof of the reciprocal relationship between the two roots.'}",1.0,3768
Math_ShortAns_104,"{'Q21_C1_derivative': 1, 'Q21_C2_monotonicity_extremum': 2, 'Q21_C3_root_existence': 2, 'Q21_C4_reciprocal_relation': 2}",7,"{'Q21_C1_derivative': ""The answer mentions determining the domain and that f'(x) is computed but does not show any derivation steps; minimal credit is given."", 'Q21_C2_monotonicity_extremum': ""The student asserts that monotonicity of f'(x) leads to a unique critical point, but does not provide detailed rationale. Partial credit awarded."", 'Q21_C3_root_existence': 'The existence and uniqueness of the roots in the two intervals is mentioned without concrete evaluation or sign analysis. Partial credit is appropriate.', 'Q21_C4_reciprocal_relation': 'The answer states that if x = a is a root then 1/a is the other unique root, but lacks a full algebraic justification. Partial credit awarded.'}",0.9,3506
Math_ShortAns_105,"{'Q21_C1_derivative': 2, 'Q21_C2_monotonicity_extremum': 3, 'Q21_C3_root_existence': 1, 'Q21_C4_reciprocal_relation': 0}",6,"{'Q21_C1_derivative': 'Correct derivative using product and chain rules with proper simplification, though no mention of the domain x > 0.', 'Q21_C2_monotonicity_extremum': 'Successfully differentiated g(x) and showed it is strictly increasing, thus establishing the unique extremum.', 'Q21_C3_root_existence': 'An attempt was made by evaluating f(x) at test points; however, errors in evaluating f(1) and unclear sign changes lead to insufficient evidence for two roots.', 'Q21_C4_reciprocal_relation': 'The reciprocal relationship was stated without any supporting algebraic justification.'}",0.95,4570
Math_ShortAns_108,"{'Q1_domain_monotonicity': 1, 'Q1_conclusion_a_range': 0, 'Q2_proof_setup': 0, 'Q2_proof_inequality': 0}",1,"{'Q1_domain_monotonicity': ""The student correctly computed f(1) = e+1-a but did not analyze the domain or use the derivative to establish the function's monotonicity."", 'Q1_conclusion_a_range': 'The conclusion is incorrect; instead of a ≤ e+1, the student erroneously concluded a ≥ e+1 and ultimately gave [0, +∞).', 'Q2_proof_setup': 'The student did not correctly establish that the two zeros occur on different sides of x = 1, incorrectly assuming both are in [1,2].', 'Q2_proof_inequality': 'The proof attempt is incorrect; it incorrectly shows x1*x2 > 1 rather than proving x1*x2 < 1 and lacks valid transformation or argumentation.'}",0.95,3899
Math_ShortAns_109,"{'Q1_domain_monotonicity': 3, 'Q1_conclusion_a_range': 2, 'Q2_proof_setup': 1, 'Q2_proof_inequality': 1}",7,"{'Q1_domain_monotonicity': 'The student correctly identifies the domain, computes the derivative, and explains the monotonicity on (0,1) and (1,+∞), reaching f(1)=e+1-a.', 'Q1_conclusion_a_range': 'The conclusion that a must satisfy a ≤ e+1 (thus a in (-∞, e+1]) is clearly stated.', 'Q2_proof_setup': 'The student correctly notes that the two zeros lie on either side of x=1, but the setup explanation is minimal.', 'Q2_proof_inequality': 'The attempt to prove the inequality is present but incomplete and lacks rigorous detailed steps.'}",0.95,4832
Math_ShortAns_112,"{'C1_identify_parabola_properties': 2, 'C2_determine_parameter_p_and_parabola_equation': 2, 'C3_setup_and_slope_relations_for_part2': 3, 'C4_apply_tangent_difference_and_determine_AB_equation': 4}",11,"{'C1_identify_parabola_properties': 'Correctly identified the focus as (p/2, 0) and noted that M has x-coordinate p due to MD being vertical.', 'C2_determine_parameter_p_and_parabola_equation': 'Set up the relation p + p/2 = 3, solved for p = 2, and correctly wrote the parabola equation y^2 = 4x.', 'C3_setup_and_slope_relations_for_part2': ""Coordinates of points and line MN are correctly represented and mention of Vieta's formulas is made, but the explicit derivation of the relation between slopes (k_MN = 2 k_AB) is not clearly detailed."", 'C4_apply_tangent_difference_and_determine_AB_equation': 'Sufficient use of the tangent difference formula and inequality reasoning is indicated, with the correct determination of k_AB = √2/2 and final AB equation x = √2 y + 4.'}",0.9,3541
Math_ShortAns_113,"{'C1_identify_parabola_properties': 1, 'C2_determine_parameter_p_and_parabola_equation': 0, 'C3_setup_and_slope_relations_for_part2': 0, 'C4_apply_tangent_difference_and_determine_AB_equation': 0}",1,"{'C1_identify_parabola_properties': 'The answer correctly states the focus is at (p/2, 0) and D is (p, 0), but fails to conclude that a vertical MD implies M has x-coordinate p.', 'C2_determine_parameter_p_and_parabola_equation': 'The student incorrectly computes |MF| as |p - p/2| and does not set up the proper relation or solve for p and the parabola equation.', 'C3_setup_and_slope_relations_for_part2': ""The setup of coordinates and slope relations is incomplete and lacks proper use of Vieta's formulas and correct derivation of line MN."", 'C4_apply_tangent_difference_and_determine_AB_equation': 'The application of the tangent difference formula and the derivation of the condition for maximum angle difference is missing the detailed steps needed to determine the equation of line AB.'}",0.9,3933
Math_ShortAns_114,"{'C1_identify_parabola_properties': 0, 'C2_determine_parameter_p_and_parabola_equation': 0, 'C3_setup_and_slope_relations_for_part2': 0, 'C4_apply_tangent_difference_and_determine_AB_equation': 0}",0,"{'C1_identify_parabola_properties': ""The student incorrectly identified the focus as (p,0) instead of (p/2,0) and did not correctly infer that M's x-coordinate equals p."", 'C2_determine_parameter_p_and_parabola_equation': 'The derivation of p from |MF|=3 was not done correctly; the student did not set up the proper relation or obtain a specific value for p.', 'C3_setup_and_slope_relations_for_part2': 'The student did not properly express the coordinates of M, N, A, B nor set up the line MN using Vieta’s formulas or the slope relations.', 'C4_apply_tangent_difference_and_determine_AB_equation': 'The student’s work on applying the tangent difference formula is incorrect, and the final answer for AB is unsupported and erroneous.'}",1.0,3266
Math_ShortAns_117,"{'C1_f_expression': 2, 'C2_monotonicity': 0, 'C3_inequality_setup': 0, 'C4_optimization': 0}",2,"{'C1_f_expression': 'The student correctly differentiated f(x) but did not substitute x = 1 and x = 0 to determine the constants, leaving the final analytic expression incomplete.', 'C2_monotonicity': 'The student only stated that the function is increasing for x ≥ 0 without proper analysis using the correct derivative or showing the sign change.', 'C3_inequality_setup': 'The inequality was not transformed into the required form (defining h(x)) and the proper derivation of conditions for a and b was missing.', 'C4_optimization': 'The optimization step was not set up correctly and the claimed maximum value ((a+1)b = -1) is not supported by any derivation and is incorrect.'}",1.0,3562
Math_ShortAns_118,"{'C1_f_expression': 0, 'C2_monotonicity': 0, 'C3_inequality_setup': 1, 'C4_optimization': 0}",1,"{'C1_f_expression': 'The answer only describes the steps without actually performing the substitutions or obtaining the final expression for f(x).', 'C2_monotonicity': ""No explicit computation of f'(x) or clear identification of the intervals of increase/decrease is provided."", 'C3_inequality_setup': 'The student correctly writes the inequality in terms of h(x) but does not provide further details on derivative or the condition required for all x.', 'C4_optimization': 'The answer mentions studying (a+1) b but does not carry out the optimization or provide any final result.'}",0.9,3101
Math_ShortAns_121,"{'C1_monotonicity': 2, 'C2_b_maximum': 0, 'C3_ln2_estimate': 0}",2,"{'C1_monotonicity': 'The derivative was computed correctly, but the conclusion about monotonicity is flawed. The student mistakenly claimed the function is decreasing instead of increasing.', 'C2_b_maximum': 'The expansion of g(x) is correct; however, the reasoning regarding the maximum b is completely incorrect. The conclusion b = 0 is not supported.', 'C3_ln2_estimate': 'The use of the approximate range of √2 is misapplied, leading to an estimate of ln2 that is far off (expected approx 0.693), so this part is incorrect.'}",,3455
Math_ShortAns_122,"{'C1_monotonicity': 1, 'C2_b_maximum': 2, 'C3_ln2_estimate': 2}",5,"{'C1_monotonicity': 'The derivative was computed incorrectly (differentiation of e^(-x) should yield +e^(-x)); the student only noticed a sign error without proper justification.', 'C2_b_maximum': 'The setup for g(x) is correctly reproduced, but the analysis is incomplete and lacks rigorous reasoning to derive the maximum b. The guess of b = 2 is stated without sufficient justification.', 'C3_ln2_estimate': 'The student gives an approximate value near 0.693, but the estimation lacks detailed steps and clear justification using the bounds provided for √2.'}",0.9,3825
Math_ShortAns_125,"{'C1_monotonicity_analysis': 1, 'C2_maximum_bound': 0, 'C3_product_inequality': 0}",1,"{'C1_monotonicity_analysis': ""The derivative was computed correctly, but the solution failed to solve f'(x)=0 or analyze the sign rigorously. The conclusion that f(x) is decreasing on the entire interval is incorrect."", 'C2_maximum_bound': 'The answer did not address the periodicity or analyze the extremum correctly. It misidentifies the maximum by testing an unsuitable point (π/4) and concludes incorrectly.', 'C3_product_inequality': 'The solution uses a trivial bound (sin^2 ≤ 1) without proper transformation or step-by-step justification from part (2). The argument is flawed and does not establish the desired inequality.'}",0.9,4400
Math_ShortAns_126,"{'C1_monotonicity_analysis': 1, 'C2_maximum_bound': 1, 'C3_product_inequality': 0}",2,"{'C1_monotonicity_analysis': 'The derivative was computed correctly (earning 1 point), but the answer fails to solve for the critical points (π/3 and 2π/3) and incorrectly concludes that f(x) is increasing on (0, π).', 'C2_maximum_bound': ""While the student rewrote the function and obtained the bound 3√3/8, they did not verify the function's periodicity and incorrectly identified x = π/6 as the maximizer, so only minimal credit is given."", 'C3_product_inequality': 'The transformation of the product is not properly carried out and the argument is based solely on the boundedness of sine without using the result of part (2); hence no points are awarded.'}",,3589
Math_ShortAns_127,"{'C1_monotonicity_analysis': 1, 'C2_maximum_bound': 0, 'C3_product_inequality': 0}",1,"{'C1_monotonicity_analysis': 'The derivative was computed correctly, earning 1 point, but no critical points or proper sign analysis was provided; the monotonicity conclusion is incorrect.', 'C2_maximum_bound': 'The answer did not verify periodicity or compute the extreme values correctly; the bound was misestimated as 1.', 'C3_product_inequality': 'The provided argument replaces trigonometric factors with 1 without proper transformation or use of part (2) and does not justify the inequality.'}",0.9,3408
Math_ShortAns_130,"{'C1_rectangular_conversion': 2, 'C2_vector_setup_and_M_coord': 1, 'C3_parametric_equations': 0, 'C4_intersection_analysis': 0}",3,"{'C1_rectangular_conversion': ""The student correctly substituted variables to reach x²+y²=2√2 x but did not complete the square to express the circle's center and radius."", 'C2_vector_setup_and_M_coord': 'The student mentions the vector relation and gives a polar coordinate form for M, but does not correctly convert M to rectangular coordinates as expected.', 'C3_parametric_equations': 'The student’s derivation of the parametric equations is incomplete and relies on a specific case rather than a proper parametrization.', 'C4_intersection_analysis': 'No proper analysis of the intersection of C and C₁ is provided; the conclusion is uncertain without computing centers and radii.'}",1.0,4302
Math_ShortAns_131,"{'C1_rectangular_conversion': 1, 'C2_vector_setup_and_M_coord': 1, 'C3_parametric_equations': 0, 'C4_intersection_analysis': 0}",2,"{'C1_rectangular_conversion': ""The student attempted to convert the polar equation but made algebraic errors and did not complete the square process to identify the circle's center and radius correctly."", 'C2_vector_setup_and_M_coord': 'The student set up the vector relation and mentioned M on C, but did not express M in the correct parametric form as required.', 'C3_parametric_equations': 'The student did not provide a clear derivation of the parametric equations for point P.', 'C4_intersection_analysis': 'The student offered an unclear conclusion regarding the intersection of C and C1 without proper analysis of centers, radii, or distances.'}",,3069
Math_ShortAns_134,"{'C1_convert_C1': 0, 'C2_convert_C2': 0, 'C3_find_intersection': 0, 'C4_find_circle_rect_eq': 0, 'C5_convert_to_polar': 0}",0,"{'C1_convert_C1': 'The conversion for C1 is incorrect; instead of obtaining x+y=4, the student misderived it as x = y - 4.', 'C2_convert_C2': 'The elimination of parameter t for C2 is done incorrectly, resulting in an illegitimate equation y = sqrt(x^2 + 4) rather than x² - y² = 4.', 'C3_find_intersection': 'The intersection point is found from the wrong equations, leading to an incorrect point P(-2, 2).', 'C4_find_circle_rect_eq': 'No correct derivation of the rectangular equation of the circle is provided.', 'C5_convert_to_polar': 'The polar form r = 2 cos(θ + 90°) is incorrect and does not follow from a proper conversion process.'}",0.95,3759
Math_ShortAns_135,"{'C1_convert_C1': 2, 'C2_convert_C2': 2, 'C3_find_intersection': 1, 'C4_find_circle_rect_eq': 2, 'C5_convert_to_polar': 2}",9,"{'C1_convert_C1': 'The student correctly converted C1 to x + y = 4.', 'C2_convert_C2': 'The student correctly converted C2 to x² - y² = 4.', 'C3_find_intersection': 'The answer notes that the intersection is found but does not explicitly state P = (5/2, 3/2), so partial credit is given.', 'C4_find_circle_rect_eq': 'Although the explicit rectangular circle equation is omitted, the final polar equation implies the correct circle was found.', 'C5_convert_to_polar': 'The conversion to polar coordinates is correctly done, yielding ρ = (17/5) cos θ.'}",0.95,3917
Math_ShortAns_138,"{'Q22_C1_convert_C1': 2, 'Q22_C2_convert_C2': 0, 'Q22_C3_find_intersection': 0, 'Q22_C4_circle_equation': 0, 'Q22_C5_polar_conversion': 0}",2,"{'Q22_C1_convert_C1': 'Correct elimination of parameter for C1 yielding x+y=4.', 'Q22_C2_convert_C2': 'The elimination for C2 is not correctly completed; the common approach (squaring and subtracting) is not attempted.', 'Q22_C3_find_intersection': 'No valid computation of the intersection point P is provided.', 'Q22_C4_circle_equation': ""The circle's equation derivation is incomplete and does not follow from a proper setup."", 'Q22_C5_polar_conversion': 'The conversion to polar coordinates is not properly executed, with an undefined final answer.'}",,3082
Math_ShortAns_139,"{'Q22_C1_convert_C1': 2, 'Q22_C2_convert_C2': 2, 'Q22_C3_find_intersection': 0, 'Q22_C4_circle_equation': 0, 'Q22_C5_polar_conversion': 0}",4,"{'Q22_C1_convert_C1': 'Correct use of the trigonometric identity to derive x + y = 4.', 'Q22_C2_convert_C2': 'Correct elimination of the parameter for C2, yielding x^2 - y^2 = 4.', 'Q22_C3_find_intersection': 'The intersection points are derived incorrectly due to an erroneous substitution resulting in an incorrect system solution.', 'Q22_C4_circle_equation': 'The formulation of the circle equation is not properly set up; the center and distance conditions are not correctly applied.', 'Q22_C5_polar_conversion': 'The conversion from Cartesian to polar form is incorrect; the final answer does not reflect the proper manipulation from the derived circle equation.'}",0.95,3587
Math_ShortAns_142,"{'P1_AMGM_Setup': 0, 'P2_Algebraic_Manipulation': 0, 'P3_Denominator_Inequalities': 0, 'P4_Finality_Part2': 0}",0,"{'P1_AMGM_Setup': 'The solution did not use or justify the AM-GM inequality; it simply set a=b=c without proper justification.', 'P2_Algebraic_Manipulation': 'The algebraic manipulation is incorrect. The student computed a=1/3 incorrectly and deduced abc=1/27, then contradicted by claiming abc >= 1/9.', 'P3_Denominator_Inequalities': 'The denominator inequalities were not properly applied. The summing step is oversimplified and wrong.', 'P4_Finality_Part2': 'The final inequality is not derived correctly and the student ends with a reversed inequality sign with no proper substitution or explanation.'}",,2834
Math_ShortAns_143,"{'P1_AMGM_Setup': 0, 'P2_Algebraic_Manipulation': 0, 'P3_Denominator_Inequalities': 0, 'P4_Finality_Part2': 0}",0,"{'P1_AMGM_Setup': 'The student attempted to use AM–GM but reversed the inequality direction and misapplied the exponent, providing no proper justification.', 'P2_Algebraic_Manipulation': 'The algebraic manipulation is incorrect. The student makes unsupported transitions, incorrectly concluding relationships that do not lead to the desired result.', 'P3_Denominator_Inequalities': 'For part (2), the student’s manipulation of the denominators is not standard or justified and does not apply the proper known inequalities.', 'P4_Finality_Part2': 'The final combination for part (2) is flawed, leading to a conclusion that contradicts the given inequality. No correct synthesis is provided.'}",0.95,3443
Math_ShortAns_144,"{'P1_AMGM_Setup': 2, 'P2_Algebraic_Manipulation': 3, 'P3_Denominator_Inequalities': 2, 'P4_Finality_Part2': 3}",10,"{'P1_AMGM_Setup': 'The student correctly applies the AM–GM inequality to a^(3/2), b^(3/2), and c^(3/2) with adequate justification.', 'P2_Algebraic_Manipulation': 'The algebraic steps leading from (abc)^(1/2) ≤ 1/3 to abc ≤ 1/9 are correctly executed and clearly explained.', 'P3_Denominator_Inequalities': 'The student correctly applies the inequality b+c ≥ 2√(bc) (and similarly for the other terms) to each denominator.', 'P4_Finality_Part2': 'The student properly substitutes and sums the bounds to obtain the final inequality 1/(2√(abc)), including the condition for equality.'}",1.0,3593
Math_ShortAns_145,"{'P1_AMGM_Setup': 1, 'P2_Algebraic_Manipulation': 0, 'P3_Denominator_Inequalities': 0, 'P4_Finality_Part2': 0}",1,"{'P1_AMGM_Setup': 'The student correctly stated the AM–GM inequality, but did not provide additional justification for the setup.', 'P2_Algebraic_Manipulation': 'The student misapplied the exponent manipulation; cubing both sides was incorrect, leading to a wrong bound.', 'P3_Denominator_Inequalities': 'There is no proper application of denominator inequalities such as b+c ≥ 2√(bc) for part (2).', 'P4_Finality_Part2': 'The final combination of terms in part (2) is not correctly executed, and the derivation does not lead to the required inequality.'}",0.95,3616
Math_ShortAns_148,"{'P1_Cauchy_application': 3, 'P2_Substitution_and_derivation': 1, 'P3_Weighted_inequality_application': 0}",4,"{'P1_Cauchy_application': 'The student correctly applies the Cauchy (or triangle) inequality to show a+b+2c ≤ 3, but the explanation lacks a clear rewriting of 4c² as (2c)² and does not discuss the equality condition.', 'P2_Substitution_and_derivation': 'The substitution b=2c is done correctly and a²+8c²=3 is obtained, but the derivation stops short of developing a useful bound for a+4c.', 'P3_Weighted_inequality_application': 'The student’s solution for part (2) does not properly apply the weighted inequality or Titu’s lemma; instead they erroneously conclude the desired inequality is false.'}",,3266
Math_ShortAns_149,"{'P1_Cauchy_application': 3, 'P2_Substitution_and_derivation': 1, 'P3_Weighted_inequality_application': 0}",4,"{'P1_Cauchy_application': 'Used RMS-AM (equivalent to Cauchy in this context) to derive a+b+2c ≤ 3, correctly rewriting (2c)² and substituting the value, but did not address equality conditions.', 'P2_Substitution_and_derivation': 'Correct substitution b=2c was made yielding a²+8c²=3, but the expected derivation toward a+4c was not completed.', 'P3_Weighted_inequality_application': 'The argument for proving 1/a + 1/c ≥ 3 is incorrect and lacks the proper weighted inequality step; the student ultimately concludes the opposite.'}",,3573
Math_ShortAns_150,"{'P1_Cauchy_application': 0, 'P2_Substitution_and_derivation': 1, 'P3_Weighted_inequality_application': 0}",1,"{'P1_Cauchy_application': 'The student attempted to use Cauchy-Schwarz but incorrectly chose the weights, resulting in an erroneous bound (4.24 instead of 3).', 'P2_Substitution_and_derivation': 'The student correctly substituted b = 2c and simplified the equation to a^2 + 8c^2 = 3, earning a partial point, though they did not deduce the necessary bound on a+4c.', 'P3_Weighted_inequality_application': 'No correct application of Titu’s lemma or weighted inequality was performed to show 1/a + 1/c ≥ 3.'}",0.95,3873
Math_ShortAns_153,"{'C1_strategy_setup': 1, 'C2_part1_cauchy_application': 0, 'C3_part1_conclusion': 0, 'C4_part2_algebraic_transformation': 0, 'C5_part2_amgm_application': 0}",1,"{'C1_strategy_setup': 'The answer vaguely mentions factorization and testing a = 1, b = 1, but does not clearly state the overall strategy or specify the intended inequalities for each part.', 'C2_part1_cauchy_application': 'No proper application of the Cauchy inequality is shown; the steps do not derive (a+b)(a⁵+b⁵) ≥ (a³+b³)².', 'C3_part1_conclusion': 'The substitution a³+b³ = 2 is not rigorously used to conclude (a+b)(a⁵+b⁵) ≥ 4, and the work lacks clear justification.', 'C4_part2_algebraic_transformation': 'The required algebraic transformation to express ab in terms of (a+b) is missing or inadequately executed.', 'C5_part2_amgm_application': 'The AM–GM step is not properly applied and the conclusion for part (2) is inconsistent with the problem statement.'}",0.95,4262
Math_ShortAns_154,"{'C1_strategy_setup': 1, 'C2_part1_cauchy_application': 0, 'C3_part1_conclusion': 0, 'C4_part2_algebraic_transformation': 2, 'C5_part2_amgm_application': 0}",3,"{'C1_strategy_setup': 'The answer outlines some algebraic identities and introduces s = a+b, but it does not clearly state the intended use of the Cauchy inequality for part (1) and the AM–GM inequality for part (2).', 'C2_part1_cauchy_application': 'No application or mention of the Cauchy inequality is present to show (a+b)(a⁵+b⁵) ≥ (a³+b³)².', 'C3_part1_conclusion': 'The derivation does not use a³+b³ = 2 to explicitly deduce that (a+b)(a⁵+b⁵) ≥ 4, and the equality condition is not addressed.', 'C4_part2_algebraic_transformation': 'The student correctly transforms a³+b³ into s(s² - 3ab) and sets up the relationship between s and ab, meeting the criterion.', 'C5_part2_amgm_application': 'The answer does not apply the AM–GM inequality to bound ab and conclude that a+b ≤ 2, relying instead on a brief contradiction argument.'}",0.95,4157
Math_ShortAns_155,"{'C1_strategy_setup': 1, 'C2_part1_cauchy_application': 0, 'C3_part1_conclusion': 1, 'C4_part2_algebraic_transformation': 2, 'C5_part2_amgm_application': 0}",4,"{'C1_strategy_setup': 'The strategy is partially identified using substitutions but does not explicitly mention the use of Cauchy or AM–GM as required.', 'C2_part1_cauchy_application': 'No clear application of the Cauchy inequality was attempted for part (1).', 'C3_part1_conclusion': 'A conclusion is stated but the detailed substitution and reasoning to achieve the lower bound 4 is incomplete and lacks discussion of equality.', 'C4_part2_algebraic_transformation': 'The algebraic transformation from a³+b³ to an expression relating s³ and ab is correctly performed.', 'C5_part2_amgm_application': 'The AM–GM step is missing; the argument for a+b ≤ 2 is heuristic and does not properly invoke the inequality.'}",,3770
Math_ShortAns_158,"{'P1_apply_cauchy': 0, 'P2_transform_identity': 1, 'P3_apply_mean_inequality': 0, 'P4_overall_clarity_and_rigor': 0}",1,"{'P1_apply_cauchy': 'The answer does not use the Cauchy inequality as required, and instead only verifies the equality case by substituting a = b = 1.', 'P2_transform_identity': 'The student factors a³ + b³ and expresses it in terms of s and p, but the explanation is minimal and lacks detailed intermediate steps.', 'P3_apply_mean_inequality': 'There is no proper application of the arithmetic mean inequality; the argument relies on an unsubstantiated contradiction.', 'P4_overall_clarity_and_rigor': 'The overall presentation is unclear and incomplete, with critical steps omitted and insufficient justifications.'}",,3323
Math_ShortAns_159,"{'P1_apply_cauchy': 0, 'P2_transform_identity': 2, 'P3_apply_mean_inequality': 0, 'P4_overall_clarity_and_rigor': 0}",2,"{'P1_apply_cauchy': 'The answer does not apply the Cauchy inequality at all; it only verifies the case a = b = 1, which does not constitute a proof for all a, b.', 'P2_transform_identity': 'The student correctly factors a^3 + b^3 and introduces s and p, obtaining s(s^2 - 3p) = 2. However, the explanation lacks clear intermediate steps connecting the identity to the subsequent inequality.', 'P3_apply_mean_inequality': 'No proper application of the arithmetic mean inequality is provided. The answer merely speculates on the possibility of a+b > 2 without a rigorous inequality argument.', 'P4_overall_clarity_and_rigor': 'The overall presentation is unclear and does not follow a logically organized proof structure. It fails to detail necessary steps and equality conditions.'}",1.0,3554
Math_ShortAns_162,"{'CR1_define_functions_and_piecewise': 2, 'CR2_solve_inequality_part1': 0, 'CR3_determine_range_for_a_part2': 0, 'CR4_final_answer_and_justification': 0}",2,"{'CR1_define_functions_and_piecewise': 'Correctly defined f(x) and provided the proper piecewise setting for g(x).', 'CR2_solve_inequality_part1': 'The student’s case analysis and subsequent solving of the inequalities are incorrect; the critical endpoint (√17 - 1)/2 is not obtained and the union of intervals is completely miscomputed.', 'CR3_determine_range_for_a_part2': 'The student did not set up or solve the necessary conditions for a; instead, they incorrectly concluded that a can be any real number.', 'CR4_final_answer_and_justification': 'The final answers provided for both parts are not correct and lack proper justification based on the work shown.'}",,4869
Math_ShortAns_163,"{'CR1_define_functions_and_piecewise': 2, 'CR2_solve_inequality_part1': 3, 'CR3_determine_range_for_a_part2': 3, 'CR4_final_answer_and_justification': 2}",10,"{'CR1_define_functions_and_piecewise': 'The student correctly defined f(x) for a=1 and provided the correct piecewise expressions for g(x) over the three intervals.', 'CR2_solve_inequality_part1': 'The student separated the analysis into the three regions and obtained the final solution set [-1, (√17 - 1)/2] despite minimal algebraic detail.', 'CR3_determine_range_for_a_part2': 'The student correctly set up the inequalities on the endpoints and solved them to get a ∈ [-1, 1].', 'CR4_final_answer_and_justification': 'The final answers for both parts are clearly stated and justified, matching the expected results.'}",,5491
Math_ShortAns_166,"{'Q23_C1_cartesian': 1, 'Q23_C2_polarC1': 0, 'Q23_C3_systemsetup': 0, 'Q23_C4_final_intersections': 0}",1,"{'Q23_C1_cartesian': ""The student correctly identified the circle's center and radius, but did not eliminate the parameter and show the Cartesian equation explicitly."", 'Q23_C2_polarC1': 'The conversion to polar was incorrectly executed. The correct substitution was not performed and the resulting equation is wrong.', 'Q23_C3_systemsetup': 'The student mis-set up the system to find intersections; no proper conversion of C2 to Cartesian or correct system was presented.', 'Q23_C4_final_intersections': 'The final intersections were incorrectly derived; the answer provided one incorrect value rather than the correct two intersections in proper polar form.'}",0.95,3477
Math_ShortAns_167,"{'Q23_C1_cartesian': 3, 'Q23_C2_polarC1': 2, 'Q23_C3_systemsetup': 3, 'Q23_C4_final_intersections': 2}",10,"{'Q23_C1_cartesian': 'Correctly eliminated the parameter and wrote the Cartesian circle equation (x-4)^2+(y-5)^2=25.', 'Q23_C2_polarC1': 'Properly substituted the polar expressions to get the correct polar form: ρ² - 8ρ cosθ - 10ρ sinθ + 16 = 0.', 'Q23_C3_systemsetup': 'Converted C2 to Cartesian form correctly and set up and solved the system to obtain the intersection points (1,1) and (0,2).', 'Q23_C4_final_intersections': 'Accurately converted the Cartesian intersection points to polar coordinates as (√2, π/4) and (2, π/2) with proper conditions.'}",,3463
Math_ShortAns_170,"{'C1_use_identity': 3, 'C2_conclusion_part1': 2, 'C3_setup_part2': 3, 'C4_derivation_part2': 2}",10,"{'C1_use_identity': 'Correctly applied the identity and rearranged to obtain ab+bc+ca = -1/2(a²+b²+c²).', 'C2_conclusion_part1': 'Explicitly noted that a²+b²+c² > 0, hence the sum of products is negative.', 'C3_setup_part2': 'Properly assumed max{a, b, c} = a and accurately deduced the sign conditions a > 0, b, c < 0.', 'C4_derivation_part2': 'Correctly derived a³ ≥ 4 using the given transformations and concluded max{a, b, c} ≥ ∛4.'}",,3843
Math_ShortAns_171,"{'C1_use_identity': 1, 'C2_conclusion_part1': 0, 'C3_setup_part2': 0, 'C4_derivation_part2': 0}",1,"{'C1_use_identity': 'The student substitutes c = -a-b and finds ab+bc+ca = -a^2-b^2-ab, but does not clearly use the identity nor completes the reasoning to conclude negativity.', 'C2_conclusion_part1': 'No clear explanation is given to show that -a^2-b^2-ab is always negative, and the provided numerical example is invalid under the given conditions.', 'C3_setup_part2': 'The student does not properly assume max{a, b, c} = a or justify the sign conditions required for the maximum element.', 'C4_derivation_part2': 'The derivation is incomplete and incorrect; the student fails to derive a³ ≥ 4 and only infers a weak inequality (M ≥ 1) that does not meet the requirement.'}",0.95,3592
Math_ShortAns_174,"{'C1_part1_cauchy': 0, 'C2_part1_equality': 0, 'C3_part2_cauchy': 0, 'C4_part2_conclusion': 1}",1,"{'C1_part1_cauchy': 'The student did not set up or apply Cauchy’s inequality; instead, they substituted and expanded expressions, and obtained the wrong minimum value.', 'C2_part1_equality': 'The equality condition was not correctly identified or justified. The assumption x = y = z = 1/3 is not derived from the required condition (x-1 = y+1 = z+1).', 'C3_part2_cauchy': 'No attempt was made to apply Cauchy’s inequality in part (2); the student merely expanded the squared terms without deriving the necessary inequality related to a.', 'C4_part2_conclusion': 'Although the final answer (a ≤ -3 or a ≥ -1) is stated, the derivation is missing and lacks clear algebraic justification, earning only minimal partial credit.'}",1.0,4221
Math_ShortAns_175,"{'C1_part1_cauchy': 0, 'C2_part1_equality': 0, 'C3_part2_cauchy': 0, 'C4_part2_conclusion': 0}",0,"{'C1_part1_cauchy': 'The student did not use Cauchy’s inequality and instead attempted a substitution with expansion, leading to an incorrect candidate point and wrong minimum value.', 'C2_part1_equality': 'No clear identification or justification of the equality condition was provided; the equality condition required for the minimum was not established.', 'C3_part2_cauchy': 'The solution for part (2) did not correctly apply Cauchy’s inequality to derive a condition in terms of a; the expansion and substitution did not lead to the required inequality.', 'C4_part2_conclusion': 'The final conclusion about the range of a is incorrect and lacks proper algebraic reasoning as demanded by the rubric.'}",0.95,3815
Math_ShortAns_178,"{'C1_part1_cauchy_application': 0, 'C2_part1_equality_condition': 0, 'C3_part2_inequality_application': 0, 'C4_part2_parameter_deduction': 0}",0,"{'C1_part1_cauchy_application': 'The student did not apply the Cauchy inequality, instead expanding the expression and erroneously using x+y+z=2 rather than 1.', 'C2_part1_equality_condition': 'No correct identification or verification of the equality condition is provided; the minimal value is deduced incorrectly.', 'C3_part2_inequality_application': 'The student does not set up the inequality via Cauchy and only expands the squares without the necessary manipulation.', 'C4_part2_parameter_deduction': 'The parameter range is wrongly deduced and confused, failing to derive the correct criterion a ≤ -3 or a ≥ -1.'}",1,4189
Math_ShortAns_179,"{'C1_part1_cauchy_application': 0, 'C2_part1_equality_condition': 0, 'C3_part2_inequality_application': 0, 'C4_part2_parameter_deduction': 1}",1,"{'C1_part1_cauchy_application': 'The student expanded the expression but did not apply the Cauchy inequality at all, and their approach led to an incorrect bound.', 'C2_part1_equality_condition': 'The answer does not identify or verify the equality condition required for the minimum value.', 'C3_part2_inequality_application': 'The student fails to correctly set up the inequality using the Cauchy inequality; the derivation is unclear and not in line with the rubric.', 'C4_part2_parameter_deduction': 'Although the final conclusion on a is stated correctly, the logical justification is poor, earning only partial credit.'}",0.95,4349
Math_ShortAns_182,"{'C1_piecewise_representation': 3, 'C2_solve_inequality_part1': 3, 'C3_final_answer_part1': 1, 'C4_transform_inequality_part2': 1, 'C5_solve_parameter_range': 2}",10,"{'C1_piecewise_representation': 'The student correctly identified the critical points -1 and 2 and provided the correct piecewise expressions.', 'C2_solve_inequality_part1': 'Each interval was correctly handled: solving 2x+4≥0 for x≤-1, noting f(x)=2 for -1<x<2, and solving -2x+6≥0 for x≥2.', 'C3_final_answer_part1': 'The final solution set [-2, 3] is clearly stated.', 'C4_transform_inequality_part2': 'The inequality f(x)≤1 was successfully transformed to |x+a|+|x-2|≥4 with clear explanation.', 'C5_solve_parameter_range': 'The parameter condition was correctly deduced using the triangle inequality, yielding a≤-6 or a≥2.'}",1.0,3854
Math_ShortAns_183,"{'C1_piecewise_representation': 3, 'C2_solve_inequality_part1': 3, 'C3_final_answer_part1': 1, 'C4_transform_inequality_part2': 0, 'C5_solve_parameter_range': 0}",7,"{'C1_piecewise_representation': 'Correctly identified the critical points and derived the piecewise expressions for f(x) when a = 1.', 'C2_solve_inequality_part1': 'Solved the inequality on each piece correctly and combined the intervals to obtain the correct final set.', 'C3_final_answer_part1': 'The final solution for part (1) is clearly stated as [-2, 3].', 'C4_transform_inequality_part2': 'For part (2), the transformation was done using a = 1 instead of keeping the parameter a, so the required general transformation is missing.', 'C5_solve_parameter_range': 'The student incorrectly handled the parameter part; the use of x-based analysis and the final conclusion (a ≤ 0) do not match the expected derivation using the triangle inequality.'}",0.95,5771
Math_ShortAns_186,"{'Q1a_substitution': 2, 'Q1a_case_analysis': 1, 'Q1a_final': 0, 'Q2_analysis': 0, 'Q2_final': 0}",3,"{'Q1a_substitution': 'The student correctly substituted a=1 and rewrote the function.', 'Q1a_case_analysis': 'The student properly divided the domain into three cases but made errors in the algebraic simplification in each interval.', 'Q1a_final': 'The final solution for part (1) is incorrect; the correct solution set for f(x)<0 when a=1 should be (-∞, 1).', 'Q2_analysis': 'The analysis for part (2) is very unclear and does not properly set up the conditions to ensure f(x)<0 for x in (-∞,1).', 'Q2_final': 'The final answer for a is incorrect; the correct range should be [1, +∞).'}",0.95,5641
Math_ShortAns_187,"{'Q1a_substitution': 2, 'Q1a_case_analysis': 3, 'Q1a_final': 1, 'Q2_analysis': 2, 'Q2_final': 2}",10,"{'Q1a_substitution': 'The student correctly substituted a = 1 to obtain f(x) = |x-1|x + |x-2|(x-1).', 'Q1a_case_analysis': 'They divided the domain into x < 1, 1 ≤ x < 2, and x ≥ 2 and correctly analyzed each interval despite minor notation issues.', 'Q1a_final': 'The final solution for part (1) is correctly given as (-∞, 1).', 'Q2_analysis': 'The analysis for x in (-∞, 1) is appropriately divided by cases based on a, and the reasoning shows why a < 1 fails and a ≥ 1 works.', 'Q2_final': 'The conclusion that a must be in [1, +∞) is stated correctly.'}",0.95,4636
Math_ShortAns_190,"{'CR1_substitution': 2, 'CR2_proving_part1': 2, 'CR3_part2_setup': 3, 'CR4_part2_AMGM': 2, 'CR5_final_conclusion': 1}",10,"{'CR1_substitution': 'The substitution abc=1 is correctly used to transform 1/a+1/b+1/c into bc+ac+ab, even though the explicit equalities are not detailed.', 'CR2_proving_part1': 'The student correctly states the basic inequality leading to a²+b²+c² ≥ ab+bc+ac using doubling; clear enough for full credit.', 'CR3_part2_setup': 'The key relation (a+b)³+(b+c)³+(c+a)³ ≥ 3(a+b)(b+c)(c+a) is properly established.', 'CR4_part2_AMGM': 'The student applies the basic inequality (similar to AM-GM) to convert the expression into 24√((abc)²), which with abc=1 yields the desired bound, despite not showing all intermediate details.', 'CR5_final_conclusion': 'The final conclusions for both parts are clearly stated with the appropriate equality conditions implied.'}",,3801
Math_ShortAns_191,"{'CR1_substitution': 2, 'CR2_proving_part1': 0, 'CR3_part2_setup': 0, 'CR4_part2_AMGM': 0, 'CR5_final_conclusion': 0}",2,"{'CR1_substitution': 'Correctly used abc=1 to substitute and show 1/a = bc etc.', 'CR2_proving_part1': 'Did not prove the required inequality a²+b²+c² ≥ ab+ac+bc; argument only compared lower bounds.', 'CR3_part2_setup': 'Failed to set up the relation (a+b)³+(b+c)³+(c+a)³ ≥ 3(a+b)(b+c)(c+a) as required.', 'CR4_part2_AMGM': 'Did not correctly apply AM-GM to derive the bound (a+b)(b+c)(c+a) ≥ 8.', 'CR5_final_conclusion': 'Final conclusions were incorrect and did not match the target equalities; equality conditions were not addressed.'}",,3959
Math_ShortAns_192,"{'CR1_substitution': 2, 'CR2_proving_part1': 0, 'CR3_part2_setup': 0, 'CR4_part2_AMGM': 0, 'CR5_final_conclusion': 0}",2,"{'CR1_substitution': 'The student correctly uses the substitution from abc = 1 to show 1/a = bc, etc., earning full credit.', 'CR2_proving_part1': 'The proof for a²+b²+c² ≥ ab+ac+bc is not established; the student misapplies AM-GM and provides an unclear argument.', 'CR3_part2_setup': 'Failed to set up the relation (a+b)³+(b+c)³+(c+a)³ ≥ 3(a+b)(b+c)(c+a) as required.', 'CR4_part2_AMGM': 'No correct application of AM-GM is shown to derive the lower bound for (a+b)(b+c)(c+a); only a special case is considered.', 'CR5_final_conclusion': 'The final conclusion is weak, and the argument for both parts is incomplete and unclear.'}",0.95,4380
Math_ShortAns_193,"{'CR1_substitution': 0, 'CR2_proving_part1': 0, 'CR3_part2_setup': 0, 'CR4_part2_AMGM': 0, 'CR5_final_conclusion': 0}",0,"{'CR1_substitution': 'The student did not correctly use the condition abc = 1 to show 1/a = bc, etc. Instead, they just redefined variables without a proper substitution.', 'CR2_proving_part1': 'The answer fails to establish the needed inequality a² + b² + c² ≥ ab + ac + bc. The reasoning is unclear and the approach is incorrect.', 'CR3_part2_setup': 'The student does not set up the relation between (a+b)³+(b+c)³+(c+a)³ and 3(a+b)(b+c)(c+a) as required.', 'CR4_part2_AMGM': 'There is no proper application of the AM-GM inequality to bound (a+b)(b+c)(c+a) ≥ 8. The argument using limits is irrelevant given the conditions.', 'CR5_final_conclusion': 'The final conclusion contradicts the intended result, claiming that the inequalities do not hold, which is incorrect.'}",1.0,3952
Math_ShortAns_196,"{'C1_conditions': 2, 'C2_part1_squaring': 0, 'C3_part2_forward': 0, 'C4_part2_reverse': 0, 'C5_final_conclusion': 0}",2,"{'C1_conditions': 'The student correctly stated the conditions that a, b, c, d are positive and a+b=c+d.', 'C2_part1_squaring': 'No explicit squaring and step-by-step derivation was provided; instead, an incorrect use of the AM inequality was used.', 'C3_part2_forward': 'The forward direction derivation is not provided with clear steps or justification.', 'C4_part2_reverse': 'The reverse direction is not addressed or derived in the answer.', 'C5_final_conclusion': 'The final conclusion contradicts the required statement and is not logically derived from correct steps.'}",,3304
Math_ShortAns_197,"{'C1_conditions': 1, 'C2_part1_squaring': 3, 'C3_part2_forward': 0, 'C4_part2_reverse': 0, 'C5_final_conclusion': 0}",4,"{'C1_conditions': 'The answer mentions a+b=c+d and the condition ab > cd, but does not explicitly state that a, b, c, d are positive.', 'C2_part1_squaring': 'The squaring steps are correctly derived and the use of a+b=c+d is clear, yielding full points.', 'C3_part2_forward': 'The forward direction for part (2) is mishandled; the student incorrectly deduces a+b > c+d and does not provide a proper derivation showing |a-b|<|c-d|.', 'C4_part2_reverse': 'The reverse direction is not developed with clear, correct steps; the transition to ab < cd is flawed and incomplete.', 'C5_final_conclusion': 'The final conclusion is stated but lacks a detailed and logically structured summary of both directions.'}",,3319
Math_ShortAns_200,"{'C1_substitute_and_simplify_part1': 1, 'C2_solve_inequality_part1': 2, 'C3_final_answer_part1': 1, 'C4_setup_inequality_part2': 2, 'C5_analyze_parameter_part2': 2}",8,"{'C1_substitute_and_simplify_part1': 'Correctly substituted a = 2 and simplified to f(x) = |2x - 2| + 2.', 'C2_solve_inequality_part1': 'Correctly solved |2x - 2| + 2 ≤ 6 and obtained x ∈ [-1, 3].', 'C3_final_answer_part1': 'Final answer for part (1) is clearly stated as [-1, 3].', 'C4_setup_inequality_part2': 'Properly set up the inequality f(x) + g(x) as |2x - 1| + |2x - a| + a ≥ 3 and transformed it, though without detailed case analysis.', 'C5_analyze_parameter_part2': 'Arrived at the correct final answer a ∈ [2, +∞), but the analysis lacks detailed case breakdown and rigorous justification.'}",0.9,4140
Math_ShortAns_201,"{'C1_substitute_and_simplify_part1': 1, 'C2_solve_inequality_part1': 2, 'C3_final_answer_part1': 1, 'C4_setup_inequality_part2': 2, 'C5_analyze_parameter_part2': 2}",8,"{'C1_substitute_and_simplify_part1': 'Correctly substituted a = 2 and simplified to f(x)=|2x-2|+2.', 'C2_solve_inequality_part1': 'Properly solved |2x-2|+2<=6 to get x in [-1,3].', 'C3_final_answer_part1': 'Clearly stated final answer [-1, 3].', 'C4_setup_inequality_part2': 'Correctly set up f(x)+g(x)=|2x-a|+a+|2x-1|>=3 and identified the need for case analysis.', 'C5_analyze_parameter_part2': 'Case analysis was attempted, and while one case (yielding a>=2) was correctly deduced, the overall conclusion incorrectly included a<=-2, so partial credit is awarded.'}",,4363
Math_ShortAns_204,"{'R1_derive_ab_bound': 0, 'R2_minimum_a3b3': 0, 'R3_final_minimum_value': 0, 'R4_nonexistence_of_solution_II': 0}",0,"{'R1_derive_ab_bound': 'The student misapplied AM-GM and ended with a contradictory inequality instead of correctly deriving ab ≥ 2.', 'R2_minimum_a3b3': 'The application of AM-GM to find a lower bound for a³ + b³ is incorrect and leads to an erroneous conclusion.', 'R3_final_minimum_value': 'The student incorrectly claims that the minimum does not exist instead of giving the correct value 4√2 and the equality condition.', 'R4_nonexistence_of_solution_II': 'The inequality used for part (II) is misapplied, and the reasoning fails to properly justify the nonexistence of solutions.'}",0.9,4833
Math_ShortAns_205,"{'R1_derive_ab_bound': 0, 'R2_minimum_a3b3': 0, 'R3_final_minimum_value': 0, 'R4_nonexistence_of_solution_II': 0}",0,"{'R1_derive_ab_bound': 'The student incorrectly manipulated the condition and unjustifiably assumed ab = 1 instead of deriving ab ≥ 2 using AM-GM.', 'R2_minimum_a3b3': 'The application of the sum of cubes formula is flawed and leads to an incorrect negative value.', 'R3_final_minimum_value': 'The student states the minimum value as -1 without proper justification or connection to the inequality.', 'R4_nonexistence_of_solution_II': 'The student incorrectly assumed a solution exists by using an unfounded substitution, contradicting the necessary nonexistence derived by the inequality.'}",,2492
Math_ShortAns_208,"{'Q1_ab_lower_bound': 0, 'Q2_min_a3b3': 0, 'Q3_linear_combination': 0}",0,"{'Q1_ab_lower_bound': 'The student did not correctly derive the lower bound for ab. They simply multiplied by ab and assumed a=b=1 without proper justification.', 'Q2_min_a3b3': 'The student incorrectly computed the minimum of a³+b³ by substituting a=b=1, which does not satisfy the original condition, and did not use the proper inequality to obtain the correct value of 4√2.', 'Q3_linear_combination': 'The answer for part (II) is incorrect as the student’s process fails to prove the impossibility, incorrectly suggesting that a solution exists.'}",,4619
Math_ShortAns_209,"{'Q1_ab_lower_bound': 0, 'Q2_min_a3b3': 0, 'Q3_linear_combination': 2}",2,"{'Q1_ab_lower_bound': 'The student incorrectly manipulated the expression and did not derive the correct lower bound ab ≥ 2 or state the equality case.', 'Q2_min_a3b3': 'The attempt to compute a³ + b³ is flawed and leads to an incorrect minimal value (claimed as 1 instead of 4√2) without proper justification.', 'Q3_linear_combination': 'While the student concludes that no positive a, b exist satisfying 2a + 3b = 6, the reasoning is not properly justified using the bound ab ≥ 2.'}",,4579
Math_ShortAns_212,"{'I1_apply_triangle_inequality': 0, 'I2_use_AM_GM': 0, 'I3_conclude_part_I': 0, 'II1_substitute_and_setup': 1, 'II2_case_analysis': 0, 'II3_solve_resulting_inequalities': 0, 'II4_combine_solution_sets': 0}",1,"{'I1_apply_triangle_inequality': 'Student did not apply the triangle inequality in a clear, step-by-step manner.', 'I2_use_AM_GM': 'No proper explanation or use of the AM-GM inequality was provided.', 'I3_conclude_part_I': 'The conclusion is incorrect; the student wrongly deduced f(x) ≥ 1 instead of f(x) ≥ 2.', 'II1_substitute_and_setup': 'Correct substitution of x = 3 and setup of f(3) < 5, though minimal.', 'II2_case_analysis': 'The case analysis is insufficient; the student considered an incorrect threshold (a < 2) instead of comparing with 3.', 'II3_solve_resulting_inequalities': 'The resulting inequality was incorrectly manipulated and not properly solved.', 'II4_combine_solution_sets': 'The final combination of solution sets is incorrect and does not align with the expected result.'}",0.95,3957
Math_ShortAns_213,"{'I1_apply_triangle_inequality': 0, 'I2_use_AM_GM': 0, 'I3_conclude_part_I': 1, 'II1_substitute_and_setup': 1, 'II2_case_analysis': 0, 'II3_solve_resulting_inequalities': 1, 'II4_combine_solution_sets': 0}",3,"{'I1_apply_triangle_inequality': 'The student did not apply the triangle inequality as required, instead evaluating at specific points.', 'I2_use_AM_GM': 'They mention the inequality a + 1/a ≥ 2 but do not explicitly justify it using AM-GM.', 'I3_conclude_part_I': 'They correctly conclude f(x) ≥ 2, though the reasoning is not fully rigorous.', 'II1_substitute_and_setup': 'Correct substitution of x = 3 into f(x) was performed with the correct inequality setup.', 'II2_case_analysis': 'The student only considered the case where 3 + 1/a and 3 - a are nonnegative, missing the necessary case analysis for a > 3.', 'II3_solve_resulting_inequalities': 'The inequality from the one considered case was solved correctly, but only one case was handled.', 'II4_combine_solution_sets': 'They did not combine the results of different cases correctly, giving an incorrect final answer.'}",0.9,4489
Math_ShortAns_216,"{'C1_partI_setup': 2, 'C2_partI_application': 1, 'C3_partII_amgm': 0, 'C4_partII_summation': 0}",3,"{'C1_partI_setup': 'The student correctly stated the expansion of (a+b+c)^2 = a^2+b^2+c^2+2(ab+bc+ca)=1.', 'C2_partI_application': 'The student attempts to use Cauchy-Schwarz but does not clearly or correctly apply the inequality needed to deduce a²+b²+c² ≥ ab+bc+ca and thus obtain 3(ab+bc+ca) ≤ 1; partial and unclear reasoning was shown.', 'C3_partII_amgm': 'For Part (II), the student did not use AM-GM (or similar) and instead repeated a flawed application of Cauchy-Schwarz from Part (I).', 'C4_partII_summation': 'There is no correct summation of inequalities or derivation for the second inequality.'}",,5182
Math_ShortAns_217,"{'C1_partI_setup': 0, 'C2_partI_application': 2, 'C3_partII_amgm': 1, 'C4_partII_summation': 0}",3,"{'C1_partI_setup': 'The student did not show the required expansion (a+b+c)² = a²+b²+c²+2(ab+bc+ca) and instead used a known inequality directly.', 'C2_partI_application': 'They correctly concluded ab+bc+ca ≤ 1/3 using (a+b+c)²/3, but the intermediate logical steps expected by the rubric were not fully detailed.', 'C3_partII_amgm': 'AM-GM was applied, but the student miscomputed the product and used incorrect reasoning, leading to a wrong conclusion.', 'C4_partII_summation': 'The summation step in Part II is not correctly developed or explained.'}",0.95,4214
