script_id,scores,model_score,comments,confidence,tokens_used
Math_ShortAns_2,"{'Q14_transform': 1, 'Q14_reduce': 0, 'Q14_max_val': 1, 'Q14_final': 1}",3,"{'Q14_transform': 'The student correctly applied angle addition formulas but did not use the expected rewriting (in terms of sin(x+φ) and cos(x+φ)); thus only partial credit is given.', 'Q14_reduce': 'The answer does not clearly show the reduction to sin x by simplifying the coefficients, so no credit is awarded here.', 'Q14_max_val': 'The maximum value is correctly identified as 1, though the justification is not fully rigorous.', 'Q14_final': 'The final answer is stated as 1 with some justification, meriting full credit for this part.'}",0.9,5374
Math_ShortAns_3,"{'Q14_transform': 0, 'Q14_reduce': 0, 'Q14_max_val': 0, 'Q14_final': 0}",0,"{'Q14_transform': 'The student did not use the required rewriting of sin(x+2φ) as sin(x+φ)cosφ + cos(x+φ)sinφ, instead using sin(x+2φ)= sin x cos2φ + cos x sin2φ, which is not aligned with the intended method.', 'Q14_reduce': 'They failed to reduce the expression to sin x; the combination of terms does not lead to a correct simplification.', 'Q14_max_val': 'Their calculation of the maximum value by misapplying the coefficients is incorrect.', 'Q14_final': 'The final answer given is 2, which does not follow from the correct simplification and is unjustified.'}",,3378
Math_ShortAns_6,"{'R1_set_up_equation': 2, 'R2_solve_for_q': 1, 'R3_compute_S5': 0}",3,"{'R1_set_up_equation': 'The student correctly expressed a4 and a6 and set up the equation a4² = a6.', 'R2_solve_for_q': 'The equation was simplified correctly, yielding r = 3.', 'R3_compute_S5': 'The computation of S5 was incorrect; the student miscalculated the sum of the terms.'}",,3287
Math_ShortAns_7,"{'R1_set_up_equation': 2, 'R2_solve_for_q': 0, 'R3_compute_S5': 0}",2,"{'R1_set_up_equation': 'The student correctly expressed a4 and a6 and set up the equation (1/9)r^6 = (1/3)r^5.', 'R2_solve_for_q': 'The student failed to solve the equation properly; instead of obtaining r = 3 by dividing both sides by r^5, they arbitrarily assumed r = 2.', 'R3_compute_S5': 'Using the incorrect value for r, the sum S5 was computed as 31/3 rather than the correct sum 121/3.'}",1.0,3435
Math_ShortAns_10,"{'C1_transform_vector_equation': 0, 'C2_interpret_geometric_relation': 0, 'C3_deduce_rectangle_property': 0, 'C4_compute_included_angle': 0, 'C5_final_answer_presentation': 0}",0,"{'C1_transform_vector_equation': 'The student did not rewrite the vector equation.', 'C2_interpret_geometric_relation': 'The student did not interpret the geometric relation.', 'C3_deduce_rectangle_property': 'The student did not deduce the rectangle property.', 'C4_compute_included_angle': 'The student computed the angle incorrectly.', 'C5_final_answer_presentation': 'The final answer is incorrect; the correct answer should be 90°.'}",,2048
Math_ShortAns_11,"{'C1_transform_vector_equation': 1, 'C2_interpret_geometric_relation': 0, 'C3_deduce_rectangle_property': 0, 'C4_compute_included_angle': 0, 'C5_final_answer_presentation': 0}",1,"{'C1_transform_vector_equation': 'The student correctly rewrote the vector equation as 2AO = AB + AC.', 'C2_interpret_geometric_relation': ""The student did not interpret the geometric implication regarding the circle's diameter."", 'C3_deduce_rectangle_property': 'The student failed to deduce that the alignment implies a rectangle, hence missing the fact that AB ⟂ AC.', 'C4_compute_included_angle': 'The computed angle of 60° is incorrect; it should be derived as 90° from the rectangle property.', 'C5_final_answer_presentation': 'The final answer is clearly stated as 60°, but it is incorrect and lacks proper supporting reasoning.'}",1.0,3117
Math_ShortAns_14,"{'Q15_setup_equations': 1, 'Q15_tangent_condition': 1, 'Q15_solve_center': 0, 'Q15_find_radius': 0, 'Q15_final_equation': 0}",2,"{'Q15_setup_equations': 'The student correctly set up the circle equations using points A and B.', 'Q15_tangent_condition': 'The tangent condition is correctly applied through the distance formula.', 'Q15_solve_center': 'The student incorrectly assumed x₀ = 4 and did not correctly solve for the center.', 'Q15_find_radius': 'The radius is computed incorrectly due to a faulty substitution and assumption.', 'Q15_final_equation': 'The final equation is inconsistent and does not match the correct center and radius.'}",,3885
Math_ShortAns_15,"{'Q15_setup_equations': 1, 'Q15_tangent_condition': 1, 'Q15_solve_center': 1, 'Q15_find_radius': 1, 'Q15_final_equation': 1}",5,"{'Q15_setup_equations': 'Equations are correctly set up using the coordinates of points A and B.', 'Q15_tangent_condition': 'The tangent condition is correctly applied using the distance from the center to the line equals the radius.', 'Q15_solve_center': 'The system is solved correctly to obtain the center (3, 0).', 'Q15_find_radius': 'The radius is correctly computed as √2.', 'Q15_final_equation': 'The final circle equation (x-3)² + y² = 2 is correctly expressed in standard form.'}",,3239
Math_ShortAns_18,"{'C1_setup_recurrence': 1, 'C2_group_terms': 0, 'C3_compute_partial_sums': 0, 'C4_final_answer': 0}",1,"{'C1_setup_recurrence': 'The student correctly writes the recurrence relations for different n values, but does not clearly explain the parity cases further.', 'C2_group_terms': 'The answer does not explicitly group odd-indexed and even-indexed terms or explain the grouping logic.', 'C3_compute_partial_sums': 'No valid or clear computation of partial sums is provided; the sum is arbitrarily estimated.', 'C4_final_answer': 'The final answer is incorrect (240 instead of 1830) and lacks proper justification.'}",0.95,3183
Math_ShortAns_19,"{'C1_setup_recurrence': 0, 'C2_group_terms': 0, 'C3_compute_partial_sums': 0, 'C4_final_answer': 0}",0,"{'C1_setup_recurrence': 'The recurrence relations are incorrectly set up; the signs do not reflect the given (-1)^n factor and parity is not properly addressed.', 'C2_group_terms': 'No clear separation or grouping of odd-indexed and even-indexed terms was provided.', 'C3_compute_partial_sums': 'The computation of partial sums is not carried out correctly; the explanation is vague and the arithmetic is wrong.', 'C4_final_answer': 'The final answer is incorrect (180 instead of 1830) with no proper justification.'}",0.95,3331
Math_ShortAns_22,"{'P1_recurrence': 2, 'P2_initial_value_and_AP': 2, 'P3_general_term': 2, 'P4_expression_for_bn': 3, 'P5_sum_telescope': 3}",12,"{'P1_recurrence': 'Correctly set up the subtraction of the equations and derived aₙ₊₁ - aₙ = 2 despite minor formatting issues.', 'P2_initial_value_and_AP': 'Properly solved for a₁ and identified the arithmetic progression with common difference 2.', 'P3_general_term': 'Correct general term derived as aₙ = 2n + 1.', 'P4_expression_for_bn': 'Substituted aₙ = 2n + 1 correctly and obtained the telescoping form 1/2(1/(2n+1) - 1/(2n+3)).', 'P5_sum_telescope': 'Identified the telescoping pattern and computed the sum correctly, arriving at an equivalent form.'}",,4520
Math_ShortAns_23,"{'P1_recurrence': 0, 'P2_initial_value_and_AP': 0, 'P3_general_term': 0, 'P4_expression_for_bn': 1, 'P5_sum_telescope': 0}",1,"{'P1_recurrence': 'The student did not correctly set up and simplify the recurrence to obtain aₙ₊₁ - aₙ = 2.', 'P2_initial_value_and_AP': 'The initial value a₁ and its derivation were not addressed; the sequence was guessed incorrectly.', 'P3_general_term': 'No correct general term for the arithmetic progression was derived.', 'P4_expression_for_bn': 'A telescoping form was attempted, but the substitution and partial fractions were based on an incorrect guess; minimal partial work yields 1 point.', 'P5_sum_telescope': 'The telescoping series was not correctly evaluated and the final sum was incorrectly concluded.'}",,4278
Math_ShortAns_26,"{'I_simplification': 3, 'I_angle_C': 2, 'II_cosine_relation_and_sum': 2, 'II_area_and_perimeter': 5}",12,"{'I_simplification': 'The student correctly applied the sine law, used the sine addition formula, and simplified to get 2cosC sinC = sinC.', 'I_angle_C': 'The student properly canceled sin C and deduced cos C = 1/2, leading to C = π/3.', 'II_cosine_relation_and_sum': 'Correctly applied the cosine law with C = π/3 and transformed the equation to (a+b)^2 - 3ab = 7.', 'II_area_and_perimeter': 'Accurately used the area formula to compute ab = 6, solved (a+b)^2 = 25 to find a+b = 5, and summed with c = √7 to get the perimeter.'}",,2999
Math_ShortAns_27,"{'I_simplification': 0, 'I_angle_C': 0, 'II_cosine_relation_and_sum': 0, 'II_area_and_perimeter': 0}",0,"{'I_simplification': 'The answer fails to use the sine law and the proper trigonometric identities to simplify the given equation; instead, an arbitrary substitution (x=1) is made without justification.', 'I_angle_C': 'The student incorrectly deduces C by assuming an arbitrary value; the proper method would yield cos C = 1/2 leading to C = π/3, not 90°.', 'II_cosine_relation_and_sum': 'No valid use of the cosine law is demonstrated to relate the sides; the necessary derivation to obtain (a+b)² - 3ab = 7 is absent.', 'II_area_and_perimeter': 'The area is misapplied (using sin 90° instead of the correct angle) and the value for ab and subsequent steps are guessed arbitrarily without proper derivation.'}",,3073
Math_ShortAns_28,"{'I_simplification': 0, 'I_angle_C': 0, 'II_cosine_relation_and_sum': 0, 'II_area_and_perimeter': 1}",1,"{'I_simplification': 'Did not use sine law or the sine/cosine identities; instead, the student improperly invoked the cosine theorem and unjustifiably assumed cos C = 0.', 'I_angle_C': 'The student incorrectly deduced C = 90° rather than correctly canceling sin C to obtain cos C = 1/2 and C = π/3.', 'II_cosine_relation_and_sum': 'No proper application of the cosine law was demonstrated and the necessary algebraic manipulation is missing.', 'II_area_and_perimeter': 'The student arbitrarily assumed a+b = 5 without using the area formula or the derived relationship, though the final perimeter (5+√7) is numerically correct.'}",,3539
Math_ShortAns_31,"{'C1_proof_subtraction': 0, 'C2_conclusion_partI': 0, 'C3_assumption_arithmetic': 0, 'C4_derivation_condition': 0, 'C5_final_conclusion': 0}",0,"{'C1_proof_subtraction': 'The student did not properly set up and subtract the required equations; instead, they computed specific terms without isolating aₙ₊₂ - aₙ.', 'C2_conclusion_partI': 'The student failed to use the nonzero condition to conclude that aₙ₊₂ - aₙ = λ.', 'C3_assumption_arithmetic': 'They stated the definition of an arithmetic sequence but did not derive the relation aₙ₊₂ - aₙ = 2d or deduce d = λ/2.', 'C4_derivation_condition': 'There was no substitution of the arithmetic form into the given relation or derivation of the necessary algebraic condition.', 'C5_final_conclusion': 'The final conclusion incorrectly claims indeterminacy, missing the unique value λ = 4 for which the sequence becomes arithmetic.'}",0.95,4699
Math_ShortAns_32,"{'C1_proof_subtraction': 0, 'C2_conclusion_partI': 0, 'C3_assumption_arithmetic': 0, 'C4_derivation_condition': 0, 'C5_final_conclusion': 0}",0,"{'C1_proof_subtraction': 'The student did not set up or subtract the required equations to reach aₙ₊₁(aₙ₊₂ - aₙ) = λaₙ₊₁.', 'C2_conclusion_partI': 'The student failed to use the nonzero condition to conclude aₙ₊₂ - aₙ = λ.', 'C3_assumption_arithmetic': 'Although the student stated the form of an arithmetic sequence and computed aₙ₊₂ - aₙ = 2d, they incorrectly argued that 2d cannot equal a constant λ instead of equating and solving for d.', 'C4_derivation_condition': 'The student did not substitute the arithmetic form into the relation to derive the necessary condition for the sequence to be arithmetic.', 'C5_final_conclusion': 'The student incorrectly concluded that no λ can make the sequence arithmetic, without obtaining or solving any valid condition.'}",,4536
Math_ShortAns_33,"{'C1_proof_subtraction': 0, 'C2_conclusion_partI': 0, 'C3_assumption_arithmetic': 0, 'C4_derivation_condition': 0, 'C5_final_conclusion': 0}",0,"{'C1_proof_subtraction': 'The student did not set up the subtraction of the two given equations to isolate aₙ₊₂ - aₙ; instead, they computed specific values without addressing the general proof.', 'C2_conclusion_partI': 'The student failed to use the nonzero condition aₙ₊₁ ≠ 0 to deduce that aₙ₊₂ - aₙ = λ.', 'C3_assumption_arithmetic': 'The student did not correctly assume the arithmetic form nor deduced that aₙ₊₂ - aₙ = 2d, missing the key step of relating d to λ.', 'C4_derivation_condition': 'No proper substitution of the arithmetic sequence form was made into the given relation to derive the condition on λ.', 'C5_final_conclusion': 'The final conclusion is incorrect; the student claims that no specific λ can make the sequence arithmetic, contradicting the necessary derivation (which shows λ = 4).'}",1.0,3921
Math_ShortAns_36,"{'Q18_Part1_event_identification': 0, 'Q18_Part1_calculation': 0, 'Q18_Part2_event_structure': 0, 'Q18_Part2_calculation': 0}",0,"{'Q18_Part1_event_identification': 'The student only identified one event (甲 wins then 乙 wins) and did not mention the two mutually exclusive cases or properly explain the serving order.', 'Q18_Part1_calculation': 'They incorrectly computed P(X=2) using 0.5*0.5 (using an incorrect probability for the receiving ball) instead of considering both events and using the correct probabilities.', 'Q18_Part2_event_structure': 'The student did not clearly set up the required structure of the event. They mentioned a sequence of four balls but did not properly identify that the first two balls must result in one point each (in either order) with subsequent two wins by 甲.', 'Q18_Part2_calculation': 'They computed probabilities for two sequences with the wrong probabilities and summed them incorrectly (0.072+0.06), which does not match the correct calculation.'}",1.0,3933
Math_ShortAns_37,"{'Q18_Part1_event_identification': 0, 'Q18_Part1_calculation': 0, 'Q18_Part2_event_structure': 0, 'Q18_Part2_calculation': 0}",0,"{'Q18_Part1_event_identification': 'The answer fails to identify both mutually exclusive events; it only considers a single scenario focused on 甲 winning, ignoring the alternative where 乙 wins.', 'Q18_Part1_calculation': 'The student incorrectly multiplies 0.5 by 0.5 instead of using the correct serving probabilities (0.5×0.4 for 甲 and 0.5×0.6 for 乙), leading to an incorrect value.', 'Q18_Part2_event_structure': 'The event structure for X=4 with 甲 winning is misinterpreted. The required structure involves the first two balls resulting in one win each (in either order) followed by two consecutive wins by 甲, but the student’s sequences do not reflect this.', 'Q18_Part2_calculation': 'Based on the flawed event structure, the computations are incorrect and lead to an erroneous probability.'}",1.0,3777
Math_ShortAns_38,"{'Q18_Part1_event_identification': 1, 'Q18_Part1_calculation': 0, 'Q18_Part2_event_structure': 1, 'Q18_Part2_calculation': 0}",2,"{'Q18_Part1_event_identification': 'Only one event is partially identified. The answer fails to clearly lay out the two mutually exclusive cases and does not properly explain the serving roles for both events.', 'Q18_Part1_calculation': 'The calculation is based on a single scenario (0.5 × 0.6) yielding 0.3, which is incorrect as it omits the additional case required by the problem.', 'Q18_Part2_event_structure': 'The event structure for X=4 and 甲 winning is misidentified. The answer does not correctly recognize that the first two balls must yield one point each (in either order) before 甲 wins two consecutive balls.', 'Q18_Part2_calculation': 'The probability computation for X=4 is incorrectly set up. Both sequences are computed incorrectly, leading to an incorrect combined probability.'}",0.9,4136
Math_ShortAns_41,"{'Q18_P1_equation_manipulation': 0, 'Q18_P1_angle_deduction': 1, 'Q18_P2_area_formula_setup': 0, 'Q18_P2_domain_derivation': 0, 'Q18_P2_final_range': 0}",1,"{'Q18_P1_equation_manipulation': 'The student misapplied the sine identity by converting sin((180°-B)/2) incorrectly to sin(B/2); the manipulation does not rigorously lead to the intended relation.', 'Q18_P1_angle_deduction': 'The student concludes B = 60° without a correct and rigorous deduction using the triangle angle-sum property, earning only minimal credit.', 'Q18_P2_area_formula_setup': 'The area formula is set as S = (1/2)ab sin C without correctly incorporating c = 1, B = 60°, or the sine law to express a, leading to an improper dependence on C.', 'Q18_P2_domain_derivation': 'No proper derivation of the domain for angle C (or A) under the acute triangle condition is provided.', 'Q18_P2_final_range': 'The final answer for the area range is given as (0, 0.5) with no justifiable link to the earlier steps and does not match the expected result.'}",,3758
Math_ShortAns_42,"{'Q18_P1_equation_manipulation': 0, 'Q18_P1_angle_deduction': 0, 'Q18_P2_area_formula_setup': 0, 'Q18_P2_domain_derivation': 0, 'Q18_P2_final_range': 0}",0,"{'Q18_P1_equation_manipulation': 'Incorrect manipulation: the student erroneously replaced A+C=180°-B by A+C=B and misused sine properties.', 'Q18_P1_angle_deduction': 'Incorrect angle deduction: the student concludes B=90° instead of deducing B=60° via the triangle angle-sum property.', 'Q18_P2_area_formula_setup': 'The area formula was not properly set up; it failed to incorporate the conditions c=1 and the correct substitution using B=π/3.', 'Q18_P2_domain_derivation': 'The derivation of the domain for the angles (and hence for the area) from the acute triangle condition is missing.', 'Q18_P2_final_range': 'The final answer for the area range is incorrect and inconsistent with the proper derivation steps.'}",,3487
Math_ShortAns_45,"{'R1_find_common_difference': 3, 'R2_express_Sn_closed_form': 0, 'R3_derive_an_term': 0, 'R4_conclude_arithmetic_sequence': 0}",3,"{'R1_find_common_difference': 'Correctly computed S1 = a₁ and S2 = 4a₁, and found the common difference d = √a₁.', 'R2_express_Sn_closed_form': 'Did not derive the closed form expression for √Sₙ and Sₙ.', 'R3_derive_an_term': 'Failed to derive the general term aₙ by computing Sₙ - Sₙ₋₁.', 'R4_conclude_arithmetic_sequence': 'Incorrectly concluded that {aₙ} is not an arithmetic sequence instead of showing it is.'}",1.0,3561
Math_ShortAns_46,"{'R1_find_common_difference': 1, 'R2_express_Sn_closed_form': 0, 'R3_derive_an_term': 0, 'R4_conclude_arithmetic_sequence': 0}",1,"{'R1_find_common_difference': 'The student correctly computed S1 and S2 and their square roots, but then misapplied the AP property by claiming the differences are not equal. This shows a misunderstanding of the condition.', 'R2_express_Sn_closed_form': 'The student did not derive the closed form for √Sₙ = n√a₁ nor Sₙ = a₁n² as required.', 'R3_derive_an_term': 'The student made an incorrect assumption for a₃ instead of deriving the general term via aₙ = Sₙ - Sₙ₋₁.', 'R4_conclude_arithmetic_sequence': 'Instead of demonstrating that {aₙ} is arithmetic by showing a constant difference, the student concluded the opposite.'}",0.95,4127
Math_ShortAns_49,"{'C1_derive_recurrence': 4, 'C2_apply_geometric_condition': 3, 'C3_determine_general_formula': 2, 'C4_find_minimum_Sn': 3}",12,"{'C1_derive_recurrence': 'Correctly rewrote the equation, subtracted, and derived aₙ - aₙ₋₁ = 1, establishing an arithmetic sequence.', 'C2_apply_geometric_condition': 'Properly expressed a₄, a₇, a₉ in terms of a₁, applied the geometric progression condition, and correctly solved for a₁.', 'C3_determine_general_formula': 'Solved for a₁ and derived the formulas for aₙ and Sₙ correctly.', 'C4_find_minimum_Sn': 'Set up Sₙ as a quadratic function, completed the square accurately, and correctly identified the minimum value.'}",1.0,4068
Math_ShortAns_50,"{'C1_derive_recurrence': 0, 'C2_apply_geometric_condition': 1, 'C3_determine_general_formula': 0, 'C4_find_minimum_Sn': 0}",1,"{'C1_derive_recurrence': 'The student failed to correctly derive the recurrence relation; the manipulation was incorrect and did not establish a_n - a_(n-1) = 1.', 'C2_apply_geometric_condition': 'The expressions for a4, a7, and a9 are correctly stated, and the setup of the geometric condition is attempted, but the equation is not fully or correctly solved.', 'C3_determine_general_formula': 'The student merely restates the sum formula without properly solving for a₁ or deriving the correct general term.', 'C4_find_minimum_Sn': 'No valid approach is taken to minimize Sₙ; the claim that d = 0 minimizes Sₙ and yields a minimum of 0 is unjustified.'}",1.0,4045
Math_ShortAns_53,"{'C1_prove_geom_sum': 3, 'C2_prove_arith_diff': 3, 'C3_find_general_terms': 0}",6,"{'C1_prove_geom_sum': 'Defined c_n and correctly added the recurrences to obtain c_(n+1) = c_n/2.', 'C2_prove_arith_diff': 'Defined d_n and correctly subtracted the recurrences to derive d_(n+1) = d_n + 2.', 'C3_find_general_terms': 'The derivation of the general term was attempted by computing initial terms, but the final closed-form formulas (a_n = n^2 + 1 and b_n = n - 2) do not match the computed values or satisfy the recurrence.'}",1.0,4044
Math_ShortAns_54,"{'C1_prove_geom_sum': 1, 'C2_prove_arith_diff': 0, 'C3_find_general_terms': 0}",1,"{'C1_prove_geom_sum': 'The student defined cₙ = aₙ+bₙ and attempted to add the recurrences, but introduced an extra constant term and did not reach the correct geometric relation.', 'C2_prove_arith_diff': 'The subtraction for dₙ was attempted, but the student incorrectly obtained dₙ₊₁ = dₙ instead of dₙ₊₁ = dₙ + 2, misidentifying the sequence type.', 'C3_find_general_terms': 'The attempt to guess linear forms for aₙ and bₙ lacks proper derivation and justification, leading to an unjustified and incorrect answer.'}",0.9,3935
Math_ShortAns_55,"{'C1_prove_geom_sum': 0, 'C2_prove_arith_diff': 3, 'C3_find_general_terms': 0}",3,"{'C1_prove_geom_sum': 'Defined cₙ but made an algebraic error by retaining an extra constant, leading to an incorrect conclusion that {aₙ + bₙ} is not geometric.', 'C2_prove_arith_diff': 'The subtraction was executed correctly, showing dₙ₊₁ = dₙ + 2 and correctly identifying an arithmetic progression.', 'C3_find_general_terms': 'The approach was flawed by assuming a linear form for aₙ and bₙ, yielding incorrect general term formulas.'}",0.9,4901
Math_ShortAns_58,"{'C1_correlation_coefficient': 0, 'C2_outlier_detection': 1, 'C3_recomputed_statistics': 2}",3,"{'C1_correlation_coefficient': 'The answer shows a complete miscalculation of the correlation coefficient, using an incorrect mean for the index and arbitrary substitutions. The formula is not applied properly, leading to an absurd value.', 'C2_outlier_detection': 'Although the student attempted to compute the valid range (using x̄±3s) and identify outliers, the calculation of 3s is off and the inspection decision is erroneous. Only a minimal attempt was shown.', 'C3_recomputed_statistics': 'The outlier was correctly removed and the new mean (10.02) is correctly computed. However, the recalculated standard deviation is incorrect. Partial credit is given for the proper removal and mean computation.'}",0.9,5707
Math_ShortAns_59,"{'C1_correlation_coefficient': 4, 'C2_outlier_detection': 4, 'C3_recomputed_statistics': 4}",12,"{'C1_correlation_coefficient': 'The student correctly arrived at r ≈ -0.18 and properly interpreted |r| < 0.25. Although the formula was not explicitly restated, the use of given data is sufficient.', 'C2_outlier_detection': 'The valid range (9.334, 10.606) is accurately computed and the identification of part 13 as an outlier correctly triggers the need for inspection.', 'C3_recomputed_statistics': 'After removing the outlier, the new mean (≈ 10.02) and standard deviation (≈ 0.09) are correctly calculated with appropriate rounding.'}",1.0,4357
Math_ShortAns_60,"{'C1_correlation_coefficient': 1, 'C2_outlier_detection': 2, 'C3_recomputed_statistics': 0}",3,"{'C1_correlation_coefficient': 'The student attempted to calculate r and interpret its value, but used the wrong mean for i, an incorrect summed product, and obtained r ≈ -0.25 instead of -0.18. Only the qualitative interpretation (negative relationship) was somewhat recognized.', 'C2_outlier_detection': 'The student computed 3s (≈0.6) and derived a valid range close to correct values, but erroneously concluded that all parts are within the range, missing the outlier (9.22).', 'C3_recomputed_statistics': 'Since the student did not remove the outlier and simply recalculated the overall statistics, no credit is given for recomputing the mean and standard deviation after outlier removal.'}",0.9,4820
Math_ShortAns_63,"{'C1_part1_setup_substitution': 3, 'C2_part1_proof_origin_on_circle': 0, 'C3_part2_setup_circle_condition': 0, 'C4_part2_solution_circle_line_equation': 0}",3,"{'C1_part1_setup_substitution': 'The student correctly considered the vertical case and substituted x = 2 into y² = 2x to get the intersection points.', 'C2_part1_proof_origin_on_circle': 'The dot product was computed incorrectly (yielding -4 instead of 0), so the proof that O lies on the circle fails.', 'C3_part2_setup_circle_condition': 'The student does not set up the proper condition using point P on circle M; they simply state an unsubstantiated center (3,1) without deriving it from parameters.', 'C4_part2_solution_circle_line_equation': 'The student fails to solve for the parameter or derive the correct equations for the line and circle M.'}",1.0,4824
Math_ShortAns_64,"{'C1_part1_setup_substitution': 1, 'C2_part1_proof_origin_on_circle': 0, 'C3_part2_setup_circle_condition': 3, 'C4_part2_solution_circle_line_equation': 0}",4,"{'C1_part1_setup_substitution': 'The student set up the line as y=k(x-2) but made an algebraic error in the substitution (using k instead of k²) and did not address the vertical line case.', 'C2_part1_proof_origin_on_circle': 'The proof that O lies on the circle is not properly developed; the student incorrectly computes intersection points without using Vieta’s formulas or the dot product argument.', 'C3_part2_setup_circle_condition': 'The condition for P(4,-2) lying on the circle is correctly set up, leading to r² = 13, though it relies on a previously erroneous center.', 'C4_part2_solution_circle_line_equation': 'The student’s derivation of the line equation from the circle condition is flawed, with an unjustified final line equation that does not logically follow.'}",,4602
Math_ShortAns_67,"{'C1_circle_center_radius': 2, 'C2_dot_product_setup': 0, 'C3_M_trajectory_equation': 0, 'C4_geometric_perpendicularity_OP_OM': 0, 'C5_line_PM_equation': 0, 'C6_chord_length_and_distance': 0, 'C7_triangle_area_calculation': 0}",2,"{'C1_circle_center_radius': 'Correctly rewrote the circle equation and identified center and radius.', 'C2_dot_product_setup': 'Did not set up the necessary vector dot product relation.', 'C3_M_trajectory_equation': ""Gave incorrect and incomplete derivation for M's trajectory, with arbitrary results."", 'C4_geometric_perpendicularity_OP_OM': 'Did not provide the required reasoning linking |OP| = |OM| to perpendicularity.', 'C5_line_PM_equation': 'Failed to derive the correct line equation for PM.', 'C6_chord_length_and_distance': 'No correct calculation using chord-length or point-to-line distance formula was provided.', 'C7_triangle_area_calculation': 'Area computation was arbitrary and not justified by proper steps.'}",,4320
Math_ShortAns_68,"{'C1_circle_center_radius': 2, 'C2_dot_product_setup': 0, 'C3_M_trajectory_equation': 0, 'C4_geometric_perpendicularity_OP_OM': 0, 'C5_line_PM_equation': 0, 'C6_chord_length_and_distance': 0, 'C7_triangle_area_calculation': 0}",2,"{'C1_circle_center_radius': 'The circle was correctly rewritten into (x^2 + (y-4)^2 = 16) with center (0,4) and radius 4.', 'C2_dot_product_setup': 'The answer did not set up the vector relation or use the dot product condition as required.', 'C3_M_trajectory_equation': 'Only a parametric form for M was given without eliminating the parameter to get the explicit trajectory equation.', 'C4_geometric_perpendicularity_OP_OM': 'The answer did not justify the relationship or derive the perpendicularity from |OP| = |OM|.', 'C5_line_PM_equation': 'No proper derivation of the line PM using the slope relation was provided.', 'C6_chord_length_and_distance': 'There is no correct computation of the chord length or distance from O to PM.', 'C7_triangle_area_calculation': 'The triangle area is computed from an assumed point M(4,2), which is incorrect and inconsistent with the proper derivation.'}",,4467
Math_ShortAns_71,"{'E1_substitute_points': 1, 'E2_solve_final_equation': 2, 'E3_intersect_ellipse_line': 2, 'E4_construct_T_and_H': 0, 'E5_prove_fixed_point': 1}",6,"{'E1_substitute_points': 'The final equation is correct, but the work does not show the process of setting up and substituting the given points.', 'E2_solve_final_equation': 'The simplified final equation is correct and properly presented.', 'E3_intersect_ellipse_line': 'The student correctly works out the vertical line case through P and determines the intersection points with the ellipse.', 'E4_construct_T_and_H': 'No construction of point T or determination of H via the vector relation is provided.', 'E5_prove_fixed_point': 'Although the fixed point (0, -2) is identified for the vertical line case, there is no general proof for all lines through P.'}",0.9,4603
Math_ShortAns_72,"{'E1_substitute_points': 2, 'E2_solve_final_equation': 2, 'E3_intersect_ellipse_line': 1, 'E4_construct_T_and_H': 0, 'E5_prove_fixed_point': 0}",5,"{'E1_substitute_points': 'Correct substitution of points A and B into the general ellipse equation; full credit.', 'E2_solve_final_equation': 'Correctly solved for a² and b² and provided the simplified equation.', 'E3_intersect_ellipse_line': 'Line through P is set up, but intersections M and N are not explicitly determined; partial credit.', 'E4_construct_T_and_H': 'The construction of T and H is not properly executed using the given vector relation; answer is unclear.', 'E5_prove_fixed_point': 'The fixed point is incorrectly identified and the proof is missing; no credit.'}",,3847
Math_ShortAns_75,"{'C1_identify_points': 0, 'C2_ellipse_equation': 0, 'C3_line_setup_and_case_analysis': 1, 'C4_fixed_point_proof': 0}",1,"{'C1_identify_points': 'Incorrectly computed the coordinates; failed to correctly identify which three points lie on the ellipse, and did not use symmetry reasoning.', 'C2_ellipse_equation': 'Substitutions are miscalculated (e.g., incorrect conclusion b^2 = 0) and then arbitrary values (a=5, b=3) were chosen without proper solution.', 'C3_line_setup_and_case_analysis': 'Attempted to set up the line I with proper form but lacked case analysis and clear justification.', 'C4_fixed_point_proof': 'The proof is vague, lacking detailed algebraic derivation to show the fixed point; no concrete argument is made.'}",,3784
Math_ShortAns_76,"{'C1_identify_points': 0, 'C2_ellipse_equation': 2, 'C3_line_setup_and_case_analysis': 1, 'C4_fixed_point_proof': 0}",3,"{'C1_identify_points': 'Failed to correctly identify the three points on the ellipse; the solution treats all four points as lying on the ellipse without proper justification.', 'C2_ellipse_equation': 'Correctly substituted points P2 and P3 to obtain a² and b², though the process is mixed with an incorrect use of P1; partial credit awarded for correct algebra.', 'C3_line_setup_and_case_analysis': 'Defined a line through P2 but did not address potential undefined slope cases or perform a clear case analysis.', 'C4_fixed_point_proof': 'No valid derivation of the fixed point; the argument is incomplete and lacks the necessary algebraic justification.'}",,3948
Math_ShortAns_77,"{'C1_identify_points': 1, 'C2_ellipse_equation': 3, 'C3_line_setup_and_case_analysis': 3, 'C4_fixed_point_proof': 3}",10,"{'C1_identify_points': 'Correctly identifies P2, P3, and P4 using symmetry, though the exclusion of P1 is not explicitly justified in detail.', 'C2_ellipse_equation': 'Substitutes the points correctly and solves for a² and b², arriving at the correct ellipse equation.', 'C3_line_setup_and_case_analysis': 'Distinguishes between the undefined (vertical line) and defined slope cases and sets up the line equation adequately.', 'C4_fixed_point_proof': 'Outlines the approach of using the slope condition and substituting x = 2 to verify the fixed point, but lacks the detailed algebraic derivation required for full credit.'}",,3572
Math_ShortAns_80,"{'P1_rewrite_and_deriv': 1, 'P2_monotonicity_sign': 2, 'P3_extremum_condition': 1, 'P4_second_derivative_analysis': 0}",4,"{'P1_rewrite_and_deriv': 'The student correctly rewrote f(x) for a=0 but did not compute or clearly explain the derivative method.', 'P2_monotonicity_sign': 'The student uses sign reasoning for ln(1+x) and concludes the correct sign for f(x) on the given intervals but without detailed derivative analysis.', 'P3_extremum_condition': ""The student sets up f'(0)=0 and computes it correctly at x=0; however, the connection between a and the extremum is not properly established."", 'P4_second_derivative_analysis': 'No second derivative or further analysis is provided to determine a; the arbitrary choice of a=1 does not satisfy the requirement.'}",,3740
Math_ShortAns_81,"{'P1_rewrite_and_deriv': 1, 'P2_monotonicity_sign': 2, 'P3_extremum_condition': 1, 'P4_second_derivative_analysis': 0}",4,"{'P1_rewrite_and_deriv': 'The student correctly rewrites f(x) for a=0 but does not show any derivative computation.', 'P2_monotonicity_sign': 'While the student discusses the sign of ln(1+x) for -1<x<0 correctly, the analysis for x>0 is flawed and the monotonicity argument is incomplete.', 'P3_extremum_condition': ""The student computes f'(0)=0, acknowledging the need for a critical point, but does not derive a condition on a."", 'P4_second_derivative_analysis': 'No second derivative or related analysis is provided to determine the exact value of a.'}",,3949
Math_ShortAns_84,"{'C1_differentiation_and_monotonicity': 0, 'C2_identifying_critical_point': 0, 'C3_transforming_the_inequality': 0, 'C4_final_justification': 0}",0,"{'C1_differentiation_and_monotonicity': 'The derivative is computed incorrectly and the monotonicity analysis is not done correctly for any case.', 'C2_identifying_critical_point': ""The critical point was not identified; the student failed to set f'(x)=0 properly."", 'C3_transforming_the_inequality': 'The inequality transformation is incorrect: evaluating at x=1 and concluding f(1)=3a+1 does not align with the required substitution and analysis.', 'C4_final_justification': 'No proper analysis or justification using the auxiliary function was provided, leading to an incomplete proof of the inequality.'}",,3369
Math_ShortAns_85,"{'C1_differentiation_and_monotonicity': 4, 'C2_identifying_critical_point': 3, 'C3_transforming_the_inequality': 3, 'C4_final_justification': 2}",12,"{'C1_differentiation_and_monotonicity': 'The derivative was correctly computed and factored, and the monotonicity was discussed in all three cases.', 'C2_identifying_critical_point': 'The critical point x = -1/(2a) was correctly identified and the change in monotonicity was clearly explained.', 'C3_transforming_the_inequality': 'The student correctly evaluated the function at the critical point and transformed the inequality using the substitution t = -1/a.', 'C4_final_justification': 'The auxiliary function g(t) was defined, its derivative calculated, and the maximum at t = 2 used to conclude the inequality.'}",1.0,4654
Math_ShortAns_86,"{'C1_differentiation_and_monotonicity': 1, 'C2_identifying_critical_point': 0, 'C3_transforming_the_inequality': 0, 'C4_final_justification': 0}",1,"{'C1_differentiation_and_monotonicity': 'The derivative is computed correctly, but the student fails to factorize or analyze the sign in the three cases (a=0, a>0, a<0) as required.', 'C2_identifying_critical_point': 'No attempt to identify the critical point x = -1/(2a) for a < 0; hence, 0 marks.', 'C3_transforming_the_inequality': 'The transformation of the inequality is not properly executed. Evaluating f(1) and the resulting comparisons do not meet the rubric requirements.', 'C4_final_justification': 'The final justification via the auxiliary function and its analysis is completely missing.'}",0.95,3721
Math_ShortAns_89,"{'I1_compute_derivative': 1, 'I2_find_m_value': 2, 'I3_monotonicity': 0, 'II1_condition_m_leq_2': 0, 'II2_minimum_value': 0, 'II3_prove_f_positive': 0}",3,"{'I1_compute_derivative': 'The student implicitly uses the correct derivative form but provides little explanation.', 'I2_find_m_value': 'Correct substitution of x=0 and solving 1 - 1/m = 0 to get m = 1.', 'I3_monotonicity': ""No detailed analysis of f'(x)'s sign or the monotonic intervals was provided."", 'II1_condition_m_leq_2': 'The student merely states that proving the case m = 2 is needed without proper justification.', 'II2_minimum_value': 'There is no derivative analysis for m = 2 or discussion of a unique minimum point.', 'II3_prove_f_positive': 'The proof that the minimum value is positive is omitted.'}",0.95,3952
Math_ShortAns_90,"{'I1_compute_derivative': 2, 'I2_find_m_value': 2, 'I3_monotonicity': 0, 'II1_condition_m_leq_2': 0, 'II2_minimum_value': 0, 'II3_prove_f_positive': 0}",4,"{'I1_compute_derivative': 'Correct derivative was computed with the proper form.', 'I2_find_m_value': 'x = 0 substitution was correctly used to obtain m = 1.', 'I3_monotonicity': 'Monotonicity analysis is flawed and unjustified; proper intervals were not derived.', 'II1_condition_m_leq_2': 'The argument to reduce to m = 2 was not provided or justified.', 'II2_minimum_value': 'No proper derivative analysis for m = 2 or identification of the unique minimum point was made.', 'II3_prove_f_positive': 'The proof that the minimum value is positive was missing; the explanation is incorrect.'}",,3658
Math_ShortAns_93,"{'P1_proof_f_ge_1': 4, 'P2_unique_zero_a_value': 0}",4,"{'P1_proof_f_ge_1': 'The answer correctly substitutes a=1 and computes f(0)=1, but the derivative analysis is insufficient, relying on evaluations at a few points without full sign analysis, and the conclusion is only loosely justified.', 'P2_unique_zero_a_value': 'No correct method is used. The answer does not analyze the function G(x)=e^x/x² or use derivative analysis, and the claimed value a=2 is not justified.'}",0.9,3668
Math_ShortAns_94,"{'P1_proof_f_ge_1': 2, 'P2_unique_zero_a_value': 0}",2,"{'P1_proof_f_ge_1': 'The student correctly computed f(0)=1 (2 marks) but did not use derivative analysis to establish monotonicity; checking individual points is insufficient.', 'P2_unique_zero_a_value': 'The student’s reasoning is incorrect and does not apply the method required; the analysis using derivatives and the unique minimum of G(x) is entirely missing.'}",0.95,3190
Math_ShortAns_95,"{'P1_proof_f_ge_1': 4, 'P2_unique_zero_a_value': 0}",4,"{'P1_proof_f_ge_1': ""The student correctly substituted a = 1 and computed f(0) = 1, and correctly derived f'(x) = e^x - 2x. However, the derivative’s sign was not fully analyzed over [0, ∞), and the final conclusion relied on heuristic arguments rather than a rigorous monotonicity argument."", 'P2_unique_zero_a_value': ""The approach for determining the unique zero is flawed. The student incorrectly relates the uniqueness to f'(x) and arrives at the wrong value (a = 1/2) without utilizing the correct method involving the function G(x) = e^x/x² and its minimum.""}",0.95,4161
Math_ShortAns_98,"{'C1_f_analysis': 1, 'C2_a_value': 0, 'C3_ln_inequality': 0, 'C4_m_value': 0}",1,"{'C1_f_analysis': 'The student correctly evaluated f(1)=0 but did not compute the derivative or clearly discuss the case-splitting process.', 'C2_a_value': 'The conclusion a=1 is stated with insufficient justification; the necessary argument using the minimum at x=a is missing.', 'C3_ln_inequality': 'No use of the logarithmic inequality ln(1+1/2^k) < 1/2^k or the summation process is shown.', 'C4_m_value': 'The estimation is incorrect; the student approximated the product wrongly and concluded m=2 rather than establishing the needed bound with example.'}",1.0,4581
Math_ShortAns_99,"{'C1_f_analysis': 0, 'C2_a_value': 0, 'C3_ln_inequality': 0, 'C4_m_value': 0}",0,"{'C1_f_analysis': 'The student did not correctly differentiate f(x) or analyze its critical behavior; the discussion was confused and did not justify a=1.', 'C2_a_value': 'The conclusion a = -1 contradicts proper analysis; no logical demonstration was provided to deduce a=1.', 'C3_ln_inequality': 'The logarithmic inequality was not applied; the student ignored the proper summation and upper bound analysis.', 'C4_m_value': 'The reasoning for the product’s behavior is flawed, leading to an incorrect conclusion for m, with no valid example provided.'}",0.95,3803
Math_ShortAns_100,"{'C1_f_analysis': 3, 'C2_a_value': 3, 'C3_ln_inequality': 3, 'C4_m_value': 3}",12,"{'C1_f_analysis': ""The student correctly computed the derivative f'(x)=1-a/x, noted f(1)=0, and provided a clear case-splitting analysis."", 'C2_a_value': 'They accurately identified that the minimum occurs at x=a and used the comparison f(a)<f(1)=0 (when a≠1) to conclude a=1.', 'C3_ln_inequality': 'The student correctly applied the inequality ln(1+1/2^k) < 1/2^k and summed the series to bound the logarithm of the product.', 'C4_m_value': 'They used the bounds on the product, noted that for n≥3 the product exceeds 2 yet is below e, which logically implies that the smallest integer m satisfying the condition is 3.'}",1.0,4647
Math_ShortAns_103,"{'C1_compute_derivative': 0, 'C2_monotonicity_extremum': 0, 'C3_root_existence_and_count': 0, 'C4_reciprocal_relation': 0}",0,"{'C1_compute_derivative': 'The derivative is computed incorrectly. The domain x > 0 is not mentioned, and the derivative should be ln x - 1/x, not -1/x.', 'C2_monotonicity_extremum': 'The monotonicity analysis is flawed. With the wrong derivative, the claim about increasing/decreasing is incorrect and does not prove a unique extremum.', 'C3_root_existence_and_count': 'The evaluation of f(x) at selected points is partial and does not correctly establish that there are exactly two real roots.', 'C4_reciprocal_relation': 'No correct argument is provided to demonstrate that the two roots are reciprocals of each other.'}",1.0,3684
Math_ShortAns_104,"{'C1_compute_derivative': 1, 'C2_monotonicity_extremum': 2, 'C3_root_existence_and_count': 2, 'C4_reciprocal_relation': 1}",6,"{'C1_compute_derivative': 'The student correctly identifies the domain and mentions differentiation but does not provide an explicit derivative calculation or details.', 'C2_monotonicity_extremum': 'The answer asserts the uniqueness of the extremum via monotonicity but lacks detailed justification and explicit analysis.', 'C3_root_existence_and_count': 'The student correctly divides the intervals for the two roots and states their existence; however, no concrete function evaluations or sign analysis is provided.', 'C4_reciprocal_relation': 'The answer concludes by stating the reciprocal relation between the roots, but the algebraic justification is minimal.'}",0.9,3837
Math_ShortAns_105,"{'C1_compute_derivative': 2, 'C2_monotonicity_extremum': 3, 'C3_root_existence_and_count': 1, 'C4_reciprocal_relation': 1}",7,"{'C1_compute_derivative': ""The student correctly computes the derivative f'(x) = ln x - 1/x but does not explicitly state the domain x>0."", 'C2_monotonicity_extremum': 'The monotonicity argument via g(x)= ln x - 1/x and its derivative is properly used to deduce a unique extremum.', 'C3_root_existence_and_count': 'The sign analysis is incomplete and partially incorrect (e.g., f(1) is miscomputed and intervals are not clearly separated for two roots).', 'C4_reciprocal_relation': 'The reciprocal relationship is stated without detailed algebraic justification.'}",,4098
Math_ShortAns_108,"{'C1_evaluate_f1': 1, 'C2_deduce_parameter_condition': 0, 'C3_identify_zero_ordering': 0, 'C4_transform_inequality': 0, 'C5_prove_inequality_via_monotonicity': 0}",1,"{'C1_evaluate_f1': 'f(1) is computed correctly as e+1-a, but the inequality is reversed and no derivative argument is given to justify the minimum at x=1.', 'C2_deduce_parameter_condition': 'The student incorrectly deduced a ≥ e+1 instead of a ≤ e+1, completely reversing the required condition.', 'C3_identify_zero_ordering': 'The ordering of the zeros is not correctly identified; the assumption that both zeros lie in [1,2] is incorrect.', 'C4_transform_inequality': 'There is no valid transformation of x₁x₂ < 1; the provided argument using a midpoint example is irrelevant.', 'C5_prove_inequality_via_monotonicity': 'No rigorous monotonicity or derivative-based argument is provided to prove the inequality.'}",0.95,3599
Math_ShortAns_109,"{'C1_evaluate_f1': 2, 'C2_deduce_parameter_condition': 3, 'C3_identify_zero_ordering': 1, 'C4_transform_inequality': 1, 'C5_prove_inequality_via_monotonicity': 0}",7,"{'C1_evaluate_f1': 'Correct evaluation of f(1) and clear justification via monotonicity; full marks.', 'C2_deduce_parameter_condition': 'Accurately deduced that a ≤ e+1 using f(1); answer is complete.', 'C3_identify_zero_ordering': 'Properly identified the ordering of the zeros x1 < 1 < x2.', 'C4_transform_inequality': 'Attempt was made to transform x1x2 < 1 via comparing f(x1) and f(1/x2), but the transformation is not fully clear.', 'C5_prove_inequality_via_monotonicity': 'The proof is incomplete and the derivative/monotonicity argument is not rigorously established.'}",,3700
Math_ShortAns_112,"{'P1_focus_relation': 3, 'P1_parabola_equation': 1, 'P2_parameterization_and_relation': 2, 'P2_angle_maximization': 2, 'P2_final_line_equation': 1}",9,"{'P1_focus_relation': 'Correctly identified F as (p/2,0) and set up the relation p + p/2 = 3.', 'P1_parabola_equation': 'Solved for p = 2 and correctly substituted into the parabola equation.', 'P2_parameterization_and_relation': 'Introduced parameterization and mentioned applying Vieta’s formulas, but explanation is skeletal without detailed derivation.', 'P2_angle_maximization': 'Mentions using the tangent difference formula to maximize a - β, but lacks detailed steps; partially acceptable.', 'P2_final_line_equation': 'Gave the correct final equation x = √2y + 4, but without full algebraic justification.'}",0.9,4484
Math_ShortAns_113,"{'P1_focus_relation': 0, 'P1_parabola_equation': 0, 'P2_parameterization_and_relation': 0, 'P2_angle_maximization': 0, 'P2_final_line_equation': 0}",0,"{'P1_focus_relation': 'The answer incorrectly computes the distance from M to the focus by using only the x-coordinate difference instead of the full distance formula.', 'P1_parabola_equation': 'No correct computation for p or substitution into the equation is provided; the final equation remains unchanged.', 'P2_parameterization_and_relation': ""There is no proper parameterization of M, N, A, and B or use of Vieta's formulas; the relationships are not established."", 'P2_angle_maximization': 'The angle difference maximization is not derived using the tangent difference formula as required, and the reasoning is unclear.', 'P2_final_line_equation': 'The final line equation is not correctly derived and does not match the expected form x = √2 y + 4.'}",1.0,4584
Math_ShortAns_114,"{'P1_focus_relation': 0, 'P1_parabola_equation': 0, 'P2_parameterization_and_relation': 0, 'P2_angle_maximization': 0, 'P2_final_line_equation': 0}",0,"{'P1_focus_relation': 'The student incorrectly identifies the focus as (p, 0) instead of (p/2, 0) and misapplies the distance condition.', 'P1_parabola_equation': 'No valid computation for p was provided; the answer remains in a parameterized form with p > 3, not the required final equation.', 'P2_parameterization_and_relation': 'There is no proper parameterization of points M, N, A, B or use of Vieta’s formulas or slope relations.', 'P2_angle_maximization': 'The student does not apply the angle difference formula or provide any justified derivation of the maximal condition.', 'P2_final_line_equation': 'The final answer given (y = 0) is incorrect; proper substitution and derivation to obtain the correct line equation is missing.'}",1.0,4066
Math_ShortAns_117,"{'C1_derivative_setup': 1, 'C2_function_expression': 0, 'C3_monotonicity_analysis': 1, 'C4_inequality_optimization': 0}",2,"{'C1_derivative_setup': ""The derivative f'(x) was computed correctly, but the necessary substitution at x=1 and deduction of f(0)=1 were not performed."", 'C2_function_expression': 'The student left the answer in terms of arbitrary constants (k and c) without solving for them, so no final expression in the required form was obtained.', 'C3_monotonicity_analysis': 'Only the increasing nature for x > 0 was mentioned with an incomplete analysis; the complete intervals (increasing for x > 0 and decreasing for x < 0) were not derived.', 'C4_inequality_optimization': 'The transformation of the inequality and the analysis to find the maximum of (a+1)b were not properly executed; the result claimed (-1) is not justified.'}",,4369
Math_ShortAns_118,"{'C1_derivative_setup': 0, 'C2_function_expression': 0, 'C3_monotonicity_analysis': 0, 'C4_inequality_optimization': 0}",0,"{'C1_derivative_setup': 'The answer only states that one should differentiate and substitute x = 1, without any computation or explicit relation between f′(1) and f(0).', 'C2_function_expression': 'The student indicates they would obtain an expression for f(x) but does not provide any actual expression or process for finding the constants.', 'C3_monotonicity_analysis': 'The answer merely mentions analyzing the derivative for monotonicity without carrying out any actual analysis or stating intervals.', 'C4_inequality_optimization': 'The student only reformulates the inequality into h(x) but does not derive conditions or compute the maximum of (a+1)b.'}",,3463
Math_ShortAns_121,"{'C1_monotonicity': 2, 'C2_b_value': 1, 'C3_ln2_estimation': 0}",3,"{'C1_monotonicity': 'Correct derivative and inequality application, but misinterprets sign and concludes decreasing instead of increasing.', 'C2_b_value': 'Correct rewriting and evaluation at x=0, but the necessary condition for b is not derived and the final answer is wrong.', 'C3_ln2_estimation': 'Estimation is completely off; the provided bounds for √2 are not used properly to estimate ln2.'}",,3868
Math_ShortAns_122,"{'C1_monotonicity': 0, 'C2_b_value': 2, 'C3_ln2_estimation': 1}",3,"{'C1_monotonicity': 'The derivative was computed incorrectly (missing the plus sign on e^(–x)) and the analysis remains vague without a clear conclusion of monotonicity.', 'C2_b_value': 'The student correctly rewrote f(2x) and computed g(0), but the further analysis (derivative or inequality leading to b ≤ 2) is missing; merely an unsupported guess of b=2 was made.', 'C3_ln2_estimation': 'The estimation merely states ln2 ≈ 0.693 (or possibly 0.694) without proper justification using the given bounds and substitution, providing only a rough final value.'}",,4274
Math_ShortAns_125,"{'P1_derivative_calculation': 2, 'P2_monotonicity': 0, 'P3_periodicity_extrema': 0, 'P4_product_transformation': 0, 'P5_final_inequality': 0}",2,"{'P1_derivative_calculation': 'The derivative was computed correctly using the product rule, yielding 2 sin(x) cos(x) sin(2x) + 2 sin²(x) cos(2x).', 'P2_monotonicity': 'The analysis is flawed. The student incorrectly claims sin(x) can be negative and does not properly identify or analyze the sign of the derivative over (0, π).', 'P3_periodicity_extrema': 'The student does not address the periodicity or correctly determine the extrema. The choice of x = π/4 is incorrect and does not lead to the required bound.', 'P4_product_transformation': 'There is no valid algebraic or trigonometric transformation linking the product to the bound. The argument simply uses the trivial bound sin² ≤ 1 without proper justification.', 'P5_final_inequality': 'The final inequality is not properly derived; the reasoning is flawed by misinterpreting (3/4)^n and the product bound.'}",0.95,4827
Math_ShortAns_126,"{'P1_derivative_calculation': 1, 'P2_monotonicity': 0, 'P3_periodicity_extrema': 1, 'P4_product_transformation': 0, 'P5_final_inequality': 0}",2,"{'P1_derivative_calculation': 'The derivative is written in a correct form but lacks detailed step-by-step justification and proper use of identities.', 'P2_monotonicity': 'The analysis of monotonicity is flawed, particularly by incorrectly considering sin²x as negative and wrong overall conclusion.', 'P3_periodicity_extrema': 'While the expression |f(x)| is simplified correctly, the student incorrectly identifies the maximum point (π/6 instead of π/3) and ignores periodicity.', 'P4_product_transformation': 'The transformation of the product is trivialized by bounding each term by 1, with no clear link to the bound obtained in part (2).', 'P5_final_inequality': 'The final inequality is asserted without a rigorous derivation or clear justification using the previous parts.'}",,4981
Math_ShortAns_127,"{'P1_derivative_calculation': 1, 'P2_monotonicity': 0, 'P3_periodicity_extrema': 0, 'P4_product_transformation': 0, 'P5_final_inequality': 0}",1,"{'P1_derivative_calculation': 'The derivative expression is correct but lacks the detailed algebraic manipulation required.', 'P2_monotonicity': ""The reasoning is flawed; the student incorrectly deduced monotonicity by relying solely on sin x without proper sign analysis of f' (x)."", 'P3_periodicity_extrema': 'No analysis of periodicity or critical values was provided to justify the exact bound.', 'P4_product_transformation': 'The transformation is oversimplified by replacing each term with the trivial bound of 1, missing the necessary linkage to the specific bound.', 'P5_final_inequality': 'The final inequality is not justified; the approach of bounding each term by 1 does not lead to the desired result.'}",0.9,4021
Math_ShortAns_130,"{'Q22_rectangular_equation': 2, 'Q22_define_point_M': 0, 'Q22_parameterization_P': 0, 'Q22_intersection_analysis': 0}",2,"{'Q22_rectangular_equation': ""The conversion to rectangular form is partially correct; the student obtained x²+y²=2√2x but did not complete the square to identify the circle's center and radius."", 'Q22_define_point_M': 'The student only provided the polar form for M and did not convert it to rectangular coordinates as required.', 'Q22_parameterization_P': 'The vector relation is set up incorrectly; instead of parameterizing in terms of θ, an arbitrary specific case was used, leading to an incorrect parameterization.', 'Q22_intersection_analysis': 'The analysis of intersection is vague and incorrect; there is no proper computation of centers, radii, or their distance.'}",,3969
Math_ShortAns_131,"{'Q22_rectangular_equation': 1, 'Q22_define_point_M': 0, 'Q22_parameterization_P': 1, 'Q22_intersection_analysis': 0}",2,"{'Q22_rectangular_equation': 'The student attempted to convert but ended up with contradictory forms (x²+y²=8√2x and x²+y²=4x), which do not match the correct completed square form.', 'Q22_define_point_M': ""No proper conversion of M's coordinates from polar to rectangular was made; only a vague reference to (x_M, y_M) is given."", 'Q22_parameterization_P': ""The student set up the vector relation correctly but did not substitute M's proper parameterization to yield the complete parameterized equations."", 'Q22_intersection_analysis': ""The student simply asserts that the curves have common points without a correct computation or justification of the circles' centers and radii.""}",0.8,3986
Math_ShortAns_134,"{'C1_rectangular_C1': 0, 'C2_rectangular_C2': 0, 'C3_intersection_P': 0, 'C4_circle_equation': 0}",0,"{'C1_rectangular_C1': 'The student incorrectly deduced the rectangular equation for C1; instead of x+y=4, they ended with x=y-4.', 'C2_rectangular_C2': 'The elimination process for C2 is incorrect. The derivation leading to y = √(x²+4) is not valid.', 'C3_intersection_P': 'The intersection point P was computed incorrectly; the correct system and solution were not achieved.', 'C4_circle_equation': 'The polar equation for the circle is completely off; the method and final answer do not match the requirement.'}",,3387
Math_ShortAns_135,"{'C1_rectangular_C1': 2, 'C2_rectangular_C2': 2, 'C3_intersection_P': 3, 'C4_circle_equation': 3}",10,"{'C1_rectangular_C1': 'The conversion for C1 is correctly stated as x+y=4, matching the rubric requirements.', 'C2_rectangular_C2': 'The rectangular equation for C2 is correctly given as x²-y²=4, with the correct elimination of the parameter.', 'C3_intersection_P': ""While the student does not explicitly show the algebra to find P as (5/2, 3/2), the correct intersection is implicitly used to derive the circle's equation."", 'C4_circle_equation': 'The polar equation of the circle is correctly given as ρ = (17/5) cos θ, matching the answer key even though detailed steps are omitted.'}",,4043
Math_ShortAns_138,"{'C1_convert_C1': 2, 'C2_convert_C2': 0, 'C3_find_intersection': 0, 'C4_circle_rectangular': 0, 'C5_convert_polar': 0}",2,"{'C1_convert_C1': 'The conversion for C1 is correctly done with x+y=4.', 'C2_convert_C2': 'The student did not arrive at the Cartesian equation for C2 (x² - y² = 4) and left the derivation incomplete.', 'C3_find_intersection': 'No intersection point P was computed; the system was not solved.', 'C4_circle_rectangular': ""The process to find the circle's rectangular equation is missing and no correct center or equation is derived."", 'C5_convert_polar': 'The conversion to polar form is incomplete and no valid polar equation is provided.'}",1.0,3990
Math_ShortAns_139,"{'C1_convert_C1': 2, 'C2_convert_C2': 2, 'C3_find_intersection': 1, 'C4_circle_rectangular': 0, 'C5_convert_polar': 0}",5,"{'C1_convert_C1': 'Correct elimination using cos²θ+sin²θ=1 leading to x+y=4.', 'C2_convert_C2': 'Correctly squared and subtracted to obtain x²-y²=4.', 'C3_find_intersection': 'Attempted substitution but miscalculated the square leading to incorrect intersection point.', 'C4_circle_rectangular': ""No correct derivation of the circle's rectangular equation; method not followed."", 'C5_convert_polar': 'The polar conversion step is incorrect and does not yield the required form.'}",0.9,4260
Math_ShortAns_142,"{'Q23_1_AMGM': 0, 'Q23_1_Final': 0, 'Q23_2_Den_convex': 0, 'Q23_2_Compare': 0, 'Q23_2_Final': 0}",0,"{'Q23_1_AMGM': 'Student only considered the special case a=b=c and made incorrect computations instead of applying AM-GM properly.', 'Q23_1_Final': 'The manipulation is incorrect. The student concludes abc ≥ 1/9, which reverses the required inequality and involves miscalculation.', 'Q23_2_Den_convex': 'The student did not correctly apply the convex bound b+c ≥ 2√(bc) for denominators and used an unrelated sum.', 'Q23_2_Compare': 'The fraction rewriting is not performed; the student incorrectly transforms the terms and does not match the required form.', 'Q23_2_Final': 'The final result is stated incorrectly, with the inequalities reversed and missing explanation of equality conditions.'}",1.0,3408
Math_ShortAns_143,"{'Q23_1_AMGM': 0, 'Q23_1_Final': 0, 'Q23_2_Den_convex': 0, 'Q23_2_Compare': 0, 'Q23_2_Final': 0}",0,"{'Q23_1_AMGM': 'The student misapplied the AM-GM inequality and reversed the inequality sign, leading to an incorrect intermediate result.', 'Q23_1_Final': 'They concluded an incorrect bound (abc ≤ 1/3 instead of abc ≤ 1/9) and did not correctly square the inequality.', 'Q23_2_Den_convex': 'The student did not correctly use the convexity or the inequality b+c ≥ 2√(bc) for the denominators.', 'Q23_2_Compare': 'The student’s transformation of the fractions is incorrect; the manipulation of exponents and rewriting do not match the required form.', 'Q23_2_Final': 'The final result is wrongly stated as ≤ 1/3 instead of the required inequality and lacks proper explanation for the equality condition.'}",,3498
Math_ShortAns_144,"{'Q23_1_AMGM': 3, 'Q23_1_Final': 2, 'Q23_2_Den_convex': 2, 'Q23_2_Compare': 2, 'Q23_2_Final': 1}",10,"{'Q23_1_AMGM': 'The AM-GM inequality is properly applied to a^(3/2), b^(3/2), and c^(3/2) with clear reasoning.', 'Q23_1_Final': 'The student correctly squares the inequality to obtain abc ≤ 1/9 and states the equality condition appropriately.', 'Q23_2_Den_convex': 'The inequalities b+c ≥ 2√(bc), etc. are correctly stated and used to bound the denominators.', 'Q23_2_Compare': 'The fractions were properly transformed to the form involving a^(3/2) and the sum leads to the target inequality.', 'Q23_2_Final': 'The final inequality is clearly stated with the equality condition.'}",1.0,4010
Math_ShortAns_145,"{'Q23_1_AMGM': 2, 'Q23_1_Final': 0, 'Q23_2_Den_convex': 0, 'Q23_2_Compare': 0, 'Q23_2_Final': 0}",2,"{'Q23_1_AMGM': 'Applied AM-GM but misinterpreted the exponent manipulation leading to an incorrect intermediate result.', 'Q23_1_Final': 'Incorrect final manipulation: cubing instead of squaring resulted in the wrong bound (1/27 instead of 1/9).', 'Q23_2_Den_convex': 'Did not correctly invoke or use the convexity inequality (b+c ≥ 2√(bc)) for the denominators.', 'Q23_2_Compare': 'The transformation of the fractions is incorrect; exponent handling was flawed.', 'Q23_2_Final': 'The final inequality was not correctly derived and does not match the required form.'}",0.9,3981
Math_ShortAns_148,"{'P1_rewrite_and_identify': 1, 'P1_Cauchy_application': 2, 'P1_equality_condition': 0, 'P2_substitution': 1, 'P2_weighted_inequality': 0}",4,"{'P1_rewrite_and_identify': 'The answer does not clearly rewrite 4c² as (2c)² and lacks an explanation of its usefulness, so only partial marks.', 'P1_Cauchy_application': 'The student sets up an inequality analogous to Cauchy and correctly substitutes a²+b²+4c²=3, earning full marks.', 'P1_equality_condition': 'No equality condition is mentioned.', 'P2_substitution': 'The substitution b=2c is done, but the integration with part (1) to deduce a+4c≤3 is missing.', 'P2_weighted_inequality': 'The answer fails to correctly apply a weighted inequality and concludes the inequality is false instead of proving it.'}",,3959
Math_ShortAns_149,"{'P1_rewrite_and_identify': 1, 'P1_Cauchy_application': 2, 'P1_equality_condition': 0, 'P2_substitution': 1, 'P2_weighted_inequality': 0}",4,"{'P1_rewrite_and_identify': 'Rewritten (2c)^2 correctly, but did not explicitly discuss its utility for applying Cauchy.', 'P1_Cauchy_application': 'Used a valid inequality (RMS-AM) to derive the result correctly, though it did not use Cauchy explicitly as required.', 'P1_equality_condition': 'No equality condition was stated.', 'P2_substitution': 'Correct substitution b=2c was performed, yet the deduction of a + 4c ≤ 3 was not made.', 'P2_weighted_inequality': ""The weighted inequality approach was not executed; the explanation does not apply Titu's lemma or similar to obtain the lower bound.""}",0.95,4793
Math_ShortAns_150,"{'P1_rewrite_and_identify': 1, 'P1_Cauchy_application': 0, 'P1_equality_condition': 0, 'P2_substitution': 1, 'P2_weighted_inequality': 0}",2,"{'P1_rewrite_and_identify': 'The student rewrote 4c² as (2c)² but did not explain the significance for applying Cauchy–Schwarz clearly.', 'P1_Cauchy_application': 'The student set up an inequality using Cauchy–Schwarz but applied it incorrectly, leading to an incorrect numerical bound.', 'P1_equality_condition': 'No mention of the equality condition in the application of the Cauchy–Schwarz inequality was provided.', 'P2_substitution': 'The substitution b = 2c was done correctly and the equation simplified, but further implications were not fully explained.', 'P2_weighted_inequality': 'The student did not attempt to apply any weighted inequality to derive the final result.'}",0.95,4457
Math_ShortAns_153,"{'C1_apply_cauchy': 0, 'C2_utilize_given_condition': 0, 'C3_factorize_expression': 1, 'C4_apply_am_gm': 0, 'C5_final_conclusion': 0}",1,"{'C1_apply_cauchy': 'No correct use or complete application of the Cauchy inequality was provided; the student merely mentioned factorizations and a specific case.', 'C2_utilize_given_condition': 'The given condition was noted only through a trivial substitution a = b = 1, without a proper algebraic derivation from a³+b³=2.', 'C3_factorize_expression': 'The student recognized the factorization a³+b³ = (a+b)(a²-ab+b²) but did not develop the necessary relationships further.', 'C4_apply_am_gm': 'There is no correct application of AM-GM or an equivalent argument to bound ab and derive a+b ≤ 2.', 'C5_final_conclusion': 'The final conclusion is ambiguous and contradictory, lacking a clear presentation of results and equality conditions.'}",,4014
Math_ShortAns_154,"{'C1_apply_cauchy': 0, 'C2_utilize_given_condition': 1, 'C3_factorize_expression': 2, 'C4_apply_am_gm': 1, 'C5_final_conclusion': 1}",5,"{'C1_apply_cauchy': 'No use of the Cauchy inequality is evident; the student did not set up the required transformation for (a+b)(a⁵+b⁵).', 'C2_utilize_given_condition': 'The student mentioned a³+b³=2 and derived s(s²-3ab)=2, but did not clearly substitute to complete the step.', 'C3_factorize_expression': 'The student correctly factorized a³+b³ and reached s(s²-3ab)=2, satisfying the requirement with clear steps.', 'C4_apply_am_gm': 'The student vaguely referenced an inequality/contradiction argument for bounding a+b but did not properly apply AM-GM with detailed calculation.', 'C5_final_conclusion': 'A final answer is stated including the equality case a=b=1.'}",,3755
Math_ShortAns_155,"{'C1_apply_cauchy': 0, 'C2_utilize_given_condition': 1, 'C3_factorize_expression': 2, 'C4_apply_am_gm': 0, 'C5_final_conclusion': 0}",3,"{'C1_apply_cauchy': 'The answer does not mention or correctly apply the Cauchy inequality to derive the needed relation.', 'C2_utilize_given_condition': 'The given condition is mentioned and used in forming the equation, but the substitution process to conclude (a³+b³)² = 4 is not clearly completed.', 'C3_factorize_expression': 'The factorization of a³+b³ as (a+b)(a²-ab+b²) and the derivation of s(s²-3p)=2 are correctly performed.', 'C4_apply_am_gm': 'There is no clear application of the AM-GM inequality; only an assumption of contradiction is provided without detailed calculations.', 'C5_final_conclusion': 'The final answer is stated, but the conditions for equality are not explicitly identified.'}",,4465
Math_ShortAns_158,"{'CP1_cauchy_application': 0, 'CP2_factorization_transformation': 2, 'CP3_amgm_inequality': 0, 'CP4_overall_clarity_and_justification': 1}",3,"{'CP1_cauchy_application': 'The intended use of the Cauchy-Schwarz inequality is missing; the answer only checks a special case with a = b = 1.', 'CP2_factorization_transformation': 'The factorization of a³ + b³ into (a+b)(a²-ab+b²) and rewriting using s and p is correctly done.', 'CP3_amgm_inequality': 'No proper application of the AM-GM inequality or derivation leading to a+b ≤ 2 is provided.', 'CP4_overall_clarity_and_justification': 'The solution is unclear and incomplete, lacking rigorous justification across both parts.'}",1.0,3490
Math_ShortAns_159,"{'CP1_cauchy_application': 0, 'CP2_factorization_transformation': 2, 'CP3_amgm_inequality': 0, 'CP4_overall_clarity_and_justification': 0}",2,"{'CP1_cauchy_application': 'Did not apply Cauchy-Schwarz inequality and instead used a specific case (a=b=1), which is not a valid general proof.', 'CP2_factorization_transformation': 'The factorization of a³+b³ was performed correctly and the transformation to s and p is logically sound.', 'CP3_amgm_inequality': 'No proper application of the AM-GM inequality was done to deduce (a+b) ≤ 2; the argument by contradiction was unclear.', 'CP4_overall_clarity_and_justification': 'The overall reasoning is disorganized and the conclusions drawn are incorrect; key steps are missing.'}",,3535
Math_ShortAns_162,"{'C1_substitute_and_define_f': 2, 'C2_define_piecewise_g': 2, 'C3_solve_inequality_part1': 0, 'C4_solve_parameter_range_part2': 0, 'C5_overall_reasoning_and_justification': 0}",4,"{'C1_substitute_and_define_f': 'Successfully substituted a=1 and defined f(x) correctly as -x²+x+4.', 'C2_define_piecewise_g': 'The piecewise definition of g(x) is correctly stated for all intervals.', 'C3_solve_inequality_part1': 'The inequalities in each piece are solved incorrectly, with wrong roots and misapplied interval intersections.', 'C4_solve_parameter_range_part2': 'The parameter analysis is completely flawed; the logic to include [-1,1] is incorrect.', 'C5_overall_reasoning_and_justification': 'The overall reasoning is disorganized and fails to logically justify the solution.'}",,4305
Math_ShortAns_163,"{'C1_substitute_and_define_f': 2, 'C2_define_piecewise_g': 2, 'C3_solve_inequality_part1': 2, 'C4_solve_parameter_range_part2': 2, 'C5_overall_reasoning_and_justification': 1}",9,"{'C1_substitute_and_define_f': 'f(x) was correctly substituted and defined as -x² + x + 4 with mention of its quadratic nature.', 'C2_define_piecewise_g': 'The piecewise definition of g(x) is provided correctly for all intervals.', 'C3_solve_inequality_part1': 'The final answer for part (1) is correct, but the reasoning for each case is somewhat imprecise and the interval endpoints are handled inconsistently.', 'C4_solve_parameter_range_part2': 'The parameter range is derived correctly by checking the endpoints and setting f(x) ≥ 2 on [-1,1].', 'C5_overall_reasoning_and_justification': 'Overall reasoning is present and coherent, though the explanation could be clearer.'}",,5335
Math_ShortAns_166,"{'C1_param_elimination': 0, 'C2_cartesian_to_polar': 0, 'C3_intersection_setup': 0, 'C4_intersection_solution': 0}",0,"{'C1_param_elimination': ""The student did not eliminate the parameter correctly; they merely recognized the circle's center and radius without proper derivation."", 'C2_cartesian_to_polar': 'The substitution of x = r cosθ and y = r sinθ was not carried out properly, leading to an incorrect polar equation.', 'C3_intersection_setup': 'The system of equations was set up by equating the two polar forms directly, which is not a valid conversion per the rubric.', 'C4_intersection_solution': 'The solution for the intersection points is incorrect; the method leads to an extraneous unique angle and incorrect conclusion of infinitely many intersections.'}",0.9,5208
Math_ShortAns_167,"{'C1_param_elimination': 3, 'C2_cartesian_to_polar': 2, 'C3_intersection_setup': 3, 'C4_intersection_solution': 2}",10,"{'C1_param_elimination': 'Correct elimination of t to get (x-4)²+(y-5)²=25.', 'C2_cartesian_to_polar': 'Correct substitution into polar coordinates resulting in the correct equation.', 'C3_intersection_setup': 'Correctly converted C₂ to Cartesian (x²+y²-2y=0) and set up the intersection system.', 'C4_intersection_solution': 'Correctly solved the system and expressed the intersection points in polar coordinates.'}",,3597
Math_ShortAns_170,"{'C1_part1_expansion': 4, 'C2_part2_sign_deduction': 2, 'C3_part2_inequality_derivation': 3, 'C4_final_conclusion': 1}",10,"{'C1_part1_expansion': 'The student correctly expanded (a+b+c)² and deduced that ab+bc+ca = -½(a²+b²+c²), and justified a²+b²+c²>0.', 'C2_part2_sign_deduction': 'The student assumed max{a,b,c} = a and clearly stated that a > 0 and b, c < 0.', 'C3_part2_inequality_derivation': 'The derivation of a³ = (b+c)²/(bc) and application of the basic inequality are correctly executed, leading to a³ ≥ 4.', 'C4_final_conclusion': 'The final conclusion a ≥ ³√4 (and hence max{a,b,c} ≥ ³√4) is clearly stated with the equality condition.'}",0.95,4719
Math_ShortAns_171,"{'C1_part1_expansion': 2, 'C2_part2_sign_deduction': 0, 'C3_part2_inequality_derivation': 0, 'C4_final_conclusion': 0}",2,"{'C1_part1_expansion': 'The student correctly used c = -a-b and obtained an expression, but did not expand (a+b+c)^2 to obtain ab+bc+ca = -½(a²+b²+c²) or justify why a²+b²+c² > 0. The numeric example also does not establish the general result.', 'C2_part2_sign_deduction': 'No clear assumption was made that max{a, b, c} equals one variable, nor were the sign conditions (a > 0 and b, c < 0) derived. This part is incomplete.', 'C3_part2_inequality_derivation': 'The derivation stops after obtaining a²b+ab²=1 and does not lead to a³≥4; the necessary inequality arguments are missing.', 'C4_final_conclusion': 'The final conclusion was stated but lacks any detailed justification based on the required inequalities.'}",1.0,3558
Math_ShortAns_174,"{'P1_apply_cauchy': 0, 'P1_equality_condition': 0, 'P1_final_answer': 0, 'P2_apply_cauchy': 0, 'P2_deduct_parameter': 1, 'P2_alternative_method': 0}",1,"{'P1_apply_cauchy': 'The student did not apply the Cauchy inequality and instead tried a direct substitution approach that did not yield the intended bound of 4/3.', 'P1_equality_condition': 'No proper discussion of the equality condition for Cauchy was provided; the assumption of x=y=z=1/3 is incorrect for the required equality.', 'P1_final_answer': 'The final answer given (4) is incorrect; it should be 4/3.', 'P2_apply_cauchy': 'The student did not apply the Cauchy inequality to relate the expression to (a+2)^2, thus failing to establish the required inequality.', 'P2_deduct_parameter': 'Although the final parameter range is stated, the deduction is superficial with no clear logical justification from the inequality.', 'P2_alternative_method': 'No alternative method or valid proof by contradiction was provided.'}",,4265
Math_ShortAns_175,"{'P1_apply_cauchy': 0, 'P1_equality_condition': 0, 'P1_final_answer': 0, 'P2_apply_cauchy': 0, 'P2_deduct_parameter': 0, 'P2_alternative_method': 0}",0,"{'P1_apply_cauchy': 'The answer does not use the Cauchy inequality at all, instead substituting and testing arbitrary values.', 'P1_equality_condition': 'No equality condition is identified or discussed.', 'P1_final_answer': 'The final answer is given as 2, which is incorrect; the correct minimum is 4/3.', 'P2_apply_cauchy': 'There is no proper application of the Cauchy inequality to derive the necessary relation involving (a+2)².', 'P2_deduct_parameter': 'The deduction of the parameter range is not logically derived and is contradictory.', 'P2_alternative_method': 'No alternative method is provided or valid argument attempted.'}",1.0,4430
Math_ShortAns_178,"{'Q1_min_value_derivation': 0, 'Q2_parameter_inequality_setup': 0, 'Q3_parameter_range_conclusion': 0}",0,"{'Q1_min_value_derivation': 'The student made an error by using x+y+z=2 instead of 1 and derived an incorrect minimum value, and did not use the Cauchy inequality as required.', 'Q2_parameter_inequality_setup': 'The student only expanded the squares without applying the Cauchy inequality or properly setting up the inequality; there is no correct intermediary step.', 'Q3_parameter_range_conclusion': ""The student’s conclusion on 'a' is inconsistent and reversed relative to the correct derived condition, failing to logically deduce a ≤ -3 or a ≥ -1.""}",1.0,3587
Math_ShortAns_179,"{'Q1_min_value_derivation': 0, 'Q2_parameter_inequality_setup': 0, 'Q3_parameter_range_conclusion': 0}",0,"{'Q1_min_value_derivation': 'The student fails to use the Cauchy inequality and does not derive the correct minimum value; instead, they incorrectly assume a value from a specific point and conclude 0.', 'Q2_parameter_inequality_setup': 'The student does not properly set up the inequality using the Cauchy inequality; the expansion is not used to derive the needed inequality.', 'Q3_parameter_range_conclusion': 'The final conclusion is stated without a clear, logical derivation from the inequality, lacking the manipulation required to justify the parameter range.'}",1.0,4061
Math_ShortAns_182,"{'P1_piecewise_definition': 3, 'P2_solve_f_ge_0': 2, 'P3_transform_f_le_1': 3, 'P4_solve_parameter_range': 2}",10,"{'P1_piecewise_definition': 'The student correctly identified the splitting points at x = -1 and x = 2 and provided the correct piecewise expressions.', 'P2_solve_f_ge_0': 'The inequality was solved correctly in each interval and properly combined to get the solution set [-2, 3].', 'P3_transform_f_le_1': 'The student correctly transformed f(x) ≤ 1 into |x+a| + |x-2| ≥ 4, showing the essential steps.', 'P4_solve_parameter_range': 'The student correctly applied the geometric interpretation to deduce |a+2| ≥ 4 and solved it to obtain a ≤ -6 or a ≥ 2.'}",1.0,4110
Math_ShortAns_183,"{'P1_piecewise_definition': 3, 'P2_solve_f_ge_0': 2, 'P3_transform_f_le_1': 3, 'P4_solve_parameter_range': 0}",8,"{'P1_piecewise_definition': 'Correctly identified the splitting points and derived the piecewise expressions accurately.', 'P2_solve_f_ge_0': 'Solved each piece correctly and combined the intervals to get the correct solution set [-2, 3].', 'P3_transform_f_le_1': 'Successfully transformed the inequality to |x+1| + |x-2| ≥ 4 with clear steps.', 'P4_solve_parameter_range': 'Incorrect final answer for the parameter range. The derivation for a is flawed.'}",,3938
Math_ShortAns_186,"{'C1_substitution': 2, 'C2_case_analysis_part1': 0, 'C3_solution_set_part1': 0, 'C4_case_analysis_part2': 0, 'C5_final_answer': 0}",2,"{'C1_substitution': 'The student correctly substituted a = 1 and set up the function for case analysis.', 'C2_case_analysis_part1': 'The student attempted to split into cases but made arithmetic mistakes in the x < 1 and 1 ≤ x < 2 cases, leading to incorrect conclusions.', 'C3_solution_set_part1': 'The derived solution set (1,2) is incorrect; the conclusion does not follow from the flawed case analysis.', 'C4_case_analysis_part2': 'The analysis for part (2) is confused and does not properly consider the behavior of f(x) on (-∞, 1), yielding an incorrect range for a.', 'C5_final_answer': 'The final answers for both parts are incorrect and inconsistent with the proper analysis.'}",,5573
Math_ShortAns_187,"{'C1_substitution': 2, 'C2_case_analysis_part1': 3, 'C3_solution_set_part1': 2, 'C4_case_analysis_part2': 2, 'C5_final_answer': 1}",10,"{'C1_substitution': 'Substituted a = 1 correctly and rewrote f(x) as |x-1|x + |x-2|(x-1).', 'C2_case_analysis_part1': 'Case analysis for x < 1, 1 ≤ x < 2, and x ≥ 2 is correctly performed with appropriate simplifications.', 'C3_solution_set_part1': 'Correctly concluded the solution set for part (1) is (-∞, 1) based on the cases.', 'C4_case_analysis_part2': 'Analyzed both cases for a (a ≥ 1 and a < 1) appropriately and justified that only a ≥ 1 works.', 'C5_final_answer': 'Final answers for both parts are clearly stated.'}",1.0,4179
Math_ShortAns_190,"{'P1_transformation_part1': 2, 'P2_inequality_part1': 2, 'P3_conclusion_part1': 1, 'P4_inequality_part2_setup': 2, 'P5_inequality_part2_amgm': 1}",8,"{'P1_transformation_part1': 'The student correctly used abc=1 to transform the inequality into a^2+b^2+c^2 ≥ ab+bc+ac, indicating the intended substitution.', 'P2_inequality_part1': 'They applied the basic inequality to obtain 2(a^2+b^2+c^2) ≥ 2(ab+bc+ac) correctly.', 'P3_conclusion_part1': 'The conclusion of part (1) is explicitly stated, so full credit is given.', 'P4_inequality_part2_setup': 'The student set up the inequality by invoking (a+b)^3+(b+c)^3+(c+a)^3 ≥ 3(a+b)(b+c)(c+a) and mentioned equality conditions briefly, though not with detailed explanation.', 'P5_inequality_part2_amgm': 'The use of basic inequality to arrive at the expression 24√((abc)^2) is noted, but the AM-GM derivation is not fully detailed.'}",,3505
Math_ShortAns_191,"{'P1_transformation_part1': 2, 'P2_inequality_part1': 0, 'P3_conclusion_part1': 0, 'P4_inequality_part2_setup': 0, 'P5_inequality_part2_amgm': 0}",2,"{'P1_transformation_part1': 'Correct substitution using abc=1 was provided.', 'P2_inequality_part1': 'The student did not establish the necessary inequality a²+b²+c² ≥ ab+bc+ac.', 'P3_conclusion_part1': 'No proper logical conclusion was reached; the student erroneously claimed the inequality reverses.', 'P4_inequality_part2_setup': 'Failed to set up the proper inequality (a+b)³+(b+c)³+(c+a)³ ≥ 3(a+b)(b+c)(c+a) and did not discuss equality conditions.', 'P5_inequality_part2_amgm': 'The application of AM-GM was incorrect and did not lead to the bound 24.'}",0.9,4488
Math_ShortAns_192,"{'P1_transformation_part1': 2, 'P2_inequality_part1': 0, 'P3_conclusion_part1': 0, 'P4_inequality_part2_setup': 1, 'P5_inequality_part2_amgm': 0}",3,"{'P1_transformation_part1': 'The substitution using abc = 1 was correctly made.', 'P2_inequality_part1': 'The student attempted an AM-GM argument but misapplied it and did not establish a^2+b^2+c^2 ≥ ab+bc+ac.', 'P3_conclusion_part1': 'No valid logical conclusion was drawn combining the substitution and a proper inequality.', 'P4_inequality_part2_setup': 'The setup is weak; only an example (a=b=c=1) is provided, with no clear derivation using the hinted inequality.', 'P5_inequality_part2_amgm': 'The AM-GM step to obtain the bound of 24 was not demonstrated.'}",0.95,3851
Math_ShortAns_193,"{'P1_transformation_part1': 0, 'P2_inequality_part1': 0, 'P3_conclusion_part1': 0, 'P4_inequality_part2_setup': 0, 'P5_inequality_part2_amgm': 0}",0,"{'P1_transformation_part1': 'The student did not substitute 1/a, 1/b, 1/c with bc, ac, ab as required.', 'P2_inequality_part1': 'No correct derivation of a²+b²+c² ≥ ab+bc+ac was provided; the reasoning is off and unclear.', 'P3_conclusion_part1': 'The conclusion for part (1) is not reached; instead, the student claims the inequality fails.', 'P4_inequality_part2_setup': 'The student did not set up the required inequality (a+b)³+(b+c)³+(c+a)³ ≥ 3(a+b)(b+c)(c+a) nor discuss the equality condition.', 'P5_inequality_part2_amgm': 'No correct application of the AM-GM inequality was used to bound (a+b)(b+c)(c+a) and obtain the bound 24.'}",,3627
Math_ShortAns_196,"{'C1_square_expansion': 0, 'C2_use_sum_condition': 1, 'C3_proof_part1': 0, 'C4_proof_equivalence_part2': 0}",1,"{'C1_square_expansion': 'Did not expand (√a+√b)² and (√c+√d)²; the student relied on the mean inequality instead.', 'C2_use_sum_condition': 'Mentioned a+b=c+d but did not effectively use it to reduce the inequality.', 'C3_proof_part1': 'Incorrect approach using the mean inequality and wrong inequality direction; no proper algebraic deduction from ab > cd.', 'C4_proof_equivalence_part2': 'Arguments for the equivalence are vague and incorrect; failed to establish the needed logical and algebraic steps.'}",,3501
Math_ShortAns_197,"{'C1_square_expansion': 2, 'C2_use_sum_condition': 2, 'C3_proof_part1': 2, 'C4_proof_equivalence_part2': 0}",6,"{'C1_square_expansion': 'Both square expansions were written correctly.', 'C2_use_sum_condition': 'The sum condition a+b=c+d was explicitly used to simplify the expressions.', 'C3_proof_part1': 'The student correctly showed that ab>cd leads to √(ab)>√(cd) and used the squared expressions, but with little detail.', 'C4_proof_equivalence_part2': 'The equivalence for part (2) was not properly demonstrated; the reasoning was flawed and incomplete.'}",,3262
Math_ShortAns_200,"{'Q1_substitution': 2, 'Q1_solve': 2, 'Q2_setup': 3, 'Q2_solve': 2}",9,"{'Q1_substitution': 'Correctly substituted a = 2 and set up the inequality |2x-2| ≤ 4.', 'Q1_solve': 'Solved the inequality properly to obtain x ∈ [-1, 3].', 'Q2_setup': 'Expressed f(x)+g(x) in terms of absolute values and reduced it to the correct form, though briefly.', 'Q2_solve': 'Identified the case a ≥ 3 and attempted a case analysis for a < 3, arriving at the correct final answer [2, +∞) despite a lacking detailed justification.'}",0.9,5274
Math_ShortAns_201,"{'Q1_substitution': 2, 'Q1_solve': 2, 'Q2_setup': 1, 'Q2_solve': 0}",5,"{'Q1_substitution': 'Correctly substituted a = 2 and set up the inequality |2x - 2| + 2 ≤ 6.', 'Q1_solve': 'Accurately solved the inequality to obtain x ∈ [−1, 3].', 'Q2_setup': 'Expressed f(x) + g(x) correctly but did not reformulate the absolute values into the required form |x − 1/2| + |x − a/2| ≥ (3 − a)/2.', 'Q2_solve': 'Case analysis was attempted; however, the parameter restrictions were incorrectly combined (yielding a ≤ -2 or a ≥ 2 instead of the correct a ∈ [2, +∞)).'}",0.9,4527
Math_ShortAns_204,"{'C1_equation_transformation': 0, 'C2_cube_sum_minimum': 0, 'C3_linear_expression_analysis': 0, 'C4_final_conclusion_and_clarity': 0}",0,"{'C1_equation_transformation': 'The attempt to transform the original equation is incorrect. The student misapplied the AM–GM inequality and ended with a nonsensical inequality.', 'C2_cube_sum_minimum': 'The derivation for the minimum of a³+b³ is flawed. Although the student invoked AM–GM, the steps are incorrect and the conclusion is totally off.', 'C3_linear_expression_analysis': 'The analysis for the linear expression 2a+3b is misapplied. The use of AM–GM does not correctly lead to the conclusion; the inequality manipulation is erroneous.', 'C4_final_conclusion_and_clarity': 'The final answers are incorrect and unclear. The student incorrectly concludes that a³+b³ has no minimum and misstates the feasibility of 2a+3b = 6.'}",0.95,5082
Math_ShortAns_205,"{'C1_equation_transformation': 0, 'C2_cube_sum_minimum': 0, 'C3_linear_expression_analysis': 0, 'C4_final_conclusion_and_clarity': 0}",0,"{'C1_equation_transformation': 'The transformation started correctly but then incorrectly assumed ab = 1 without justification, failing to use AM–GM.', 'C2_cube_sum_minimum': 'Faulty algebraic manipulation leads to an incorrect minimum value of -1, with no valid derivation process.', 'C3_linear_expression_analysis': 'Incorrect substitution and reasoning were used; the answer wrongly claims existence of a solution without proper inequality analysis.', 'C4_final_conclusion_and_clarity': 'Final answers for both parts are unclear and do not reflect the correct logical conclusion.'}",,2826
Math_ShortAns_208,"{'C1_product_bound': 0, 'C2_min_value': 0, 'C3_nonexistence': 0, 'C4_final_presentation': 0}",0,"{'C1_product_bound': 'The student merely multiplied by ab without applying any inequality to deduce the lower bound, failing to show ab ≥ 2.', 'C2_min_value': 'The student guessed a = b = 1 and concluded a³+b³ = 2, which is incorrect and does not use the required inequality approach to obtain the minimum of 4√2.', 'C3_nonexistence': 'The student’s argument for the second part is incomplete and incorrectly concludes that there exists a solution, without providing the necessary inequality-based justification.', 'C4_final_presentation': 'The final answer is stated but is logically inconsistent and does not match the correct results for either part.'}",1.0,3522
Math_ShortAns_209,"{'C1_product_bound': 0, 'C2_min_value': 0, 'C3_nonexistence': 0, 'C4_final_presentation': 0}",0,"{'C1_product_bound': 'The student incorrectly manipulated the equation and did not obtain the proper lower bound ab ≥ 2.', 'C2_min_value': 'The derived minimum value is wrong; the student assumed a = b = 1 leading to a minimum of 1 instead of correctly using the bound to get 4√2.', 'C3_nonexistence': 'The argument for nonexistence is not rigorously justified and the substitution does not result in a valid inequality proof.', 'C4_final_presentation': 'The final answer is clearly stated but is completely incorrect and does not match the required reasoning.'}",1.0,3087
Math_ShortAns_212,"{'P1_prove_fx_ge2': 0, 'P2_case_split': 0, 'P3_handle_case_a_greater_3': 0, 'P4_handle_case_a_leq_3': 0, 'P5_final_integration': 0}",0,"{'P1_prove_fx_ge2': 'The answer does not use the triangle inequality correctly and incorrectly concludes f(x) ≥ 1 rather than 2.', 'P2_case_split': 'The student fails to correctly split the analysis into the two required cases (a > 3 and 0 < a ≤ 3); instead, an incorrect threshold (a < 2) is used.', 'P3_handle_case_a_greater_3': 'The case a > 3 is not properly addressed or solved.', 'P4_handle_case_a_leq_3': 'The algebraic manipulation in the case for a ≤ 3 is incorrect, leading to a wrong inequality.', 'P5_final_integration': 'The final integration of cases is not executed properly, resulting in an incorrect overall range for a.'}",1.0,4163
Math_ShortAns_213,"{'P1_prove_fx_ge2': 1, 'P2_case_split': 1, 'P3_handle_case_a_greater_3': 0, 'P4_handle_case_a_leq_3': 1, 'P5_final_integration': 0}",3,"{'P1_prove_fx_ge2': 'The proof did not use the triangle inequality as required and showed confusion by considering the minimum as min{a+1/a, 0}, though it concluded a+1/a >= 2.', 'P2_case_split': 'Only one case (when both expressions are nonnegative) is considered; the necessary split into cases a>3 and 0<a<=3 was not properly performed.', 'P3_handle_case_a_greater_3': 'No analysis was done for the case a > 3.', 'P4_handle_case_a_leq_3': 'The algebraic manipulation for 0<a<=3 is partially correct, but the solution does not properly restrict to a <= 3, leading to an incomplete result.', 'P5_final_integration': 'The final answer is given as (1, +∞), which does not correctly combine the results from the two cases.'}",0.9,5215
Math_ShortAns_216,"{'C1_rewrite_condition': 3, 'C2_proof_I': 1, 'C3_proof_II': 0}",4,"{'C1_rewrite_condition': 'The answer correctly states a+b+c=1 and expands it to obtain a²+b²+c²+2(ab+bc+ca)=1, meeting the condition albeit with minimal explanation of its significance.', 'C2_proof_I': 'The answer attempts to use Cauchy–Schwarz to reach 3(ab+bc+ca) ≤ 1 but the reasoning is incomplete and improperly justified.', 'C3_proof_II': 'The answer fails to address part (II) properly, merely repeating the proof from (I) without applying the correct inequalities for a²/b+b ≥ 2a.'}",0.9,5176
Math_ShortAns_217,"{'C1_rewrite_condition': 0, 'C2_proof_I': 1, 'C3_proof_II': 0}",1,"{'C1_rewrite_condition': 'The student did not expand (a+b+c)² or use this expansion to relate to ab+bc+ca.', 'C2_proof_I': 'While the student correctly states that ab+bc+ca ≤ (a+b+c)²/3, the reasoning is minimal and does not follow the detailed steps required by the rubric.', 'C3_proof_II': 'The approach using AM-GM was misapplied, and the student incorrectly deduced the wrong inequality, failing to follow the proper steps outlined in the rubric.'}",,3946
