script_id,confidence,model_score,scores,comments,tokens_used
Math_ShortAns_2,0.9,4,"{""C1"": 2, ""C2"": 1, ""C3"": 1}","{""C1"": ""The final answer is correct (the maximum value is 1), but the derivation contains a sign error and inconsistent manipulation which undermines the accuracy."", ""C2"": ""The logical reasoning is weak. The student misapplies the trigonometric formulas (especially in the second term) and expresses uncertainty about the values, leading to a confusing chain of reasoning."", ""C3"": ""The solution is incomplete. Although initial expansions are attempted, the student does not clearly complete the transformation to a simple form, which would have solidly justified the answer.""}",4480
Math_ShortAns_3,0.95,5,"{""C1"": 3, ""C2"": 2, ""C3"": 0}","{""C1"": ""The final answer is correct and the student correctly identifies that the maximum value is 1."", ""C2"": ""The reasoning uses appropriate trigonometric identities to simplify the expression, but the transformation details are only briefly mentioned. Overall, the work shows enough logical progression to justify the answer."", ""C3"": """"}",2450
Math_ShortAns_6,0.95,5,"{""C1"": 2, ""C2"": 2, ""C3"": 1}","{""C1"": ""The student correctly set up the sequence and solved for r, but made an arithmetic error in summing the series."", ""C2"": ""The logical reasoning in setting up the equation and determining the terms is sound."", ""C3"": ""The solution is incomplete due to the final summation mistake, leading to an incorrect answer.""}",3459
Math_ShortAns_7,,0,"{""C1"": 0, ""C2"": 0, ""C3"": 0}","{""C1"": """", ""C2"": """", ""C3"": """"}",1701
Math_ShortAns_10,0.9,1,"{""C1"": 0, ""C2"": 1, ""C3"": 0}","{""C1"": ""The final answer (30\u00b0) is incorrect; the correct answer, based on proper derivation, should be 90\u00b0."", ""C2"": ""The reasoning is inconsistent and contains contradictory statements. The argument that AO is a bisector leading to various angles (90\u00b0, 180\u00b0, then 30\u00b0) is unclear and not logically sound."", ""C3"": ""The solution is incomplete. Several key steps necessary to rigorously derive the angle are missing, and the explanation does not justify the final answer.""}",2143
Math_ShortAns_11,,0,"{""C1"": 0, ""C2"": 0, ""C3"": 0}","{""C1"": """", ""C2"": """", ""C3"": """"}",1240
Math_ShortAns_14,0.95,1,"{""C1"": 1, ""C2"": 0, ""C3"": 0}","{""C1"": ""The student\u2019s final answer, as well as several key substitutions, are incorrect. The use of the distance formula is noted, but the substitutions and assumptions lead to the wrong circle equation."", ""C2"": ""The reasoning is muddled. The student arbitrarily sets values for y0 and x0, and the calculations are inconsistent. Multiple contradictory equations indicate a lack of clear logical progression."", ""C3"": ""Many essential steps to derive the correct circle equation are either missing or misapplied. The final result does not follow from a complete, correct derivation.""}",2725
Math_ShortAns_15,1.0,5,"{""C1"": 5, ""C2"": 0, ""C3"": 0}","{""C1"": ""The final answer (x-3)^2 + y^2 = 2 is completely correct and matches the expected result."", ""C2"": ""The answer does not include any explanation or derivation steps; however, since only the final equation was required and it is correct, no marks were awarded for reasoning."", ""C3"": """"}",5170
Math_ShortAns_18,0.9,2,"{""C1"": 1, ""C2"": 1, ""C3"": 0}","{""C1"": ""The final numerical answer is incorrect. The expected sum is 1830, not 180."", ""C2"": ""While the student correctly set up the initial recurrence relations, the decision to assume a1 = 0 without justification and the resulting pattern recognition are flawed."", ""C3"": ""The solution is incomplete as it does not fully resolve the recurrence or correctly compute the overall sum of the 60 terms.""}",2619
Math_ShortAns_19,0.95,3,"{""C1"": 0, ""C2"": 0, ""C3"": 3}","{""C1"": """", ""C2"": """", ""C3"": """"}",2059
Math_ShortAns_22,0.95,4,"{""C1"": 1, ""C2"": 2, ""C3"": 1}","{""C1"": ""The answer does not arrive at a correct formula for a\u2099 nor b\u2099. The student\u2019s guesses (n, n+1, 2\u207f) fail to satisfy the given relation."", ""C2"": ""The reasoning is inconsistent. The student attempts several approaches but does not logically validate any of the assumed forms."", ""C3"": ""The answer is incomplete; a final, correct, and verified solution for both sequences is missing.""}",3312
Math_ShortAns_23,0.95,12,"{""C1"": 4, ""C2"": 4, ""C3"": 4}","{""C1"": ""The final results for both parts are correct. The formula a\u2099 = 2n + 1 satisfies the original relation and the telescoping form for b\u2099\u2019s sum is correctly identified."", ""C2"": ""The logical steps used\u2014subtracting successive formulas for a\u2099, deducing a\u2099\u208a\u2081 - a\u2099 = 2, and applying partial fractions\u2014are appropriate even though some details were omitted."", ""C3"": ""Both parts of the question are addressed fully. The answer provides the closed form for a\u2099 and a precise telescoping sum for the series of b\u2099, leading to the correct summation formula.""}",4999
Math_ShortAns_26,1.0,0,"{""C1"": 0, ""C2"": 0, ""C3"": 0}","{""C1"": ""The answer for angle C is based on a flawed and unjustified derivation. The student simply substitutes values and makes an arbitrary guess of 60\u00b0, without any correct reasoning or proper application of the given equation."", ""C2"": ""The approach to compute the perimeter is completely invalid. The student makes random assumptions for a and b, leading to an inconsistent area computation and an unsubstantiated result for the perimeter."", ""C3"": """"}",2548
Math_ShortAns_27,0.95,0,"{""C1"": 0, ""C2"": 0, ""C3"": 0}","{""C1"": ""For part (I), the student introduced x = a cosB + b cosA and just assumed x = 1 to simplify the equation which led to cos C = c/2 and then C = 90\u00b0. This is incorrect because in any triangle a cosB + b cosA always equals c, which would give 2 cos C \u00b7 c = c and hence cos C = 1/2 (so C = 60\u00b0). The derivation is incomplete and the assumption is arbitrary."", ""C2"": ""For part (II), the solution relies on the incorrect result from part (I) and then uses the area formula and arbitrary values for a and b (e.g. setting a = 3 and b = 1) to determine the perimeter. There is no proper justification or derivation from the given area and c = \u221a7. This reasoning is unsound and incomplete."", ""C3"": """"}",3433
Math_ShortAns_28,0.95,12,"{""C1"": 6, ""C2"": 6, ""C3"": 0}","{""C1"": ""For part (I), the student correctly manipulated the given equation, canceled sin C (given it is nonzero), and obtained cos C = 1/2, which leads to angle C = \u03c0/3. This is a valid and complete approach for part (I)."", ""C2"": ""For part (II), the student applied the cosine theorem with cos C = 1/2 to derive the equation 7 = a\u00b2 + b\u00b2 - ab, then correctly rewrote it as (a+b)\u00b2 - 3ab = 7. Using the area formula S = (1/2)ab sin C and the known area, they deduced ab = 6. Substituting into the earlier equation gave (a+b)\u00b2 = 25, so a+b = 5, and hence the perimeter as 5 + \u221a7. The reasoning and algebraic steps here are correct and complete."", ""C3"": """"}",4669
Math_ShortAns_31,0.9,2,"{""C1"": 1, ""C2"": 0, ""C3"": 1}","{""C1"": ""For part (I), the student began by computing initial terms but did not establish the relationship a_(n+2) - a_n = \u03bb. The attempt is incomplete and does not form a valid proof."", ""C2"": ""In part (II), the student neither derived the necessary condition for the sequence to be arithmetic nor correctly identified any \u03bb that would work. The analysis remains inconclusive."", ""C3"": ""Overall, the answer lacks a clear, logical derivation and is incomplete in its reasoning, leading to an unsatisfactory demonstration for both parts.""}",2965
Math_ShortAns_32,0.95,2,"{""C1"": 0, ""C2"": 1, ""C3"": 1}","{""C1"": ""The answer does not correctly prove that a(n+2) - a(n) equals lambda and does not derive the necessary conditions for an arithmetic sequence. The computations for a2 and a3 do not lead to the claimed result."", ""C2"": ""The logical reasoning is confused. The student\u2019s approach mixes up the given recurrence with attempts at an arithmetic sequence form, but it does not provide a coherent derivation."", ""C3"": ""The answer is incomplete. It stops short of a full demonstration for part I and incorrectly concludes for part II without pinpointing the correct parameter value.""}",3317
Math_ShortAns_33,0.9,8,"{""C1"": 4, ""C2"": 3, ""C3"": 1}","{""C1"": ""The answer for part (I) reaches the right final conclusion a\u208d\u2099\u208a\u2082\u208e \u2013 a\u2099 = \u03bb, but the subtraction step is incorrectly written (using a\u2099\u208a\u2081(a\u208d\u2099\u208a\u2082\u208e \u2013 a\u2099\u208a\u2081)) so the algebra is flawed. In part (II) the student correctly deduces that if the sequence is arithmetic then 2d = \u03bb, and uses the condition on a\u2081 to build an expression; however, the argument does not fully justify why \u03bb = 4 is the unique solution."", ""C2"": ""The reasoning for both parts is only partly clear. The proof of (I) contains an incorrect factorization despite the correct final answer, and the explanation for (II) is incomplete, omitting a detailed verification that the found value indeed yields an arithmetic sequence."", ""C3"": ""The answer is incomplete in that it does not fully develop all necessary conditions (especially in (II)) nor does it check the result with the given recurrence. Overall, while the correct result is reached for (II), the derivation details are insufficient.""}",6131
Math_ShortAns_36,0.95,1,"{""C1"": 1, ""C2"": 0, ""C3"": 0}","{""C1"": ""For part (1), the student only considered one scenario and used the wrong probability on the second ball. The serve order implies that the chance for A to win on the second ball should be 0.4, not 0.5, and both possible finishing scenarios (A winning both and B winning both) were omitted."", ""C2"": ""For part (2), the student\u2019s reasoning is confused and the sequences chosen do not correctly model the situation. The probabilities are computed inconsistently and the required serve order is not properly accounted for. As a result, the answer does not correctly represent the event \u2018X=4 and A wins\u2019."", ""C3"": """"}",3261
Math_ShortAns_37,0.9,3,"{""C1"": 1, ""C2"": 1, ""C3"": 1}","{""C1"": ""The numeric outcomes are incorrect. For example, the probability for X=2 should include both players\u2019 chances (0.5\u00d70.6 + 0.5\u00d70.6 = 0.6), yet the student gives 0.2, and part (2) is also far from a correct evaluation."", ""C2"": ""The reasoning is confused and inconsistent. The student mixes up conditions such as who wins and fails to properly consider the rules (alternate serving and winning by 2 points) in a clear step\u2010by\u2010step derivation."", ""C3"": ""The answer is incomplete. Key cases are omitted and the student\u2019s explanations do not derive the complete events required for the game to end, making the answer insufficient.""}",3158
Math_ShortAns_38,0.95,8,"{""C1"": 5, ""C2"": 3, ""C3"": 0}","{""C1"": ""The final numerical answers for both parts are correct. P(X=2) is correctly computed as 0.5 and the probability for X=4 with\u7532\u83b7\u80dc comes out to 0.1."", ""C2"": ""The explanation and logical steps are incomplete and somewhat unclear, especially for part (2) where the subevents are not clearly distinguished. More detailed justification would have been preferable."", ""C3"": """"}",7229
Math_ShortAns_41,0.95,2,"{""C1"": 1, ""C2"": 1, ""C3"": 0}","{""C1"": ""The answer contains a fundamental error by assuming sin(B/2) equals sin(B), which leads to an incorrect conclusion for B."", ""C2"": ""The logical reasoning is flawed; the derivation is based on an unjustified identity and the solution for the area range is contradictory."", ""C3"": ""The solution is incomplete, with no clear, coherent derivation for either part of the problem.""}",2851
Math_ShortAns_42,0.95,6,"{""C1"": 6, ""C2"": 0, ""C3"": 0}","{""C1"": ""For part (1), the student correctly deduced that angle B equals pi/3 using the sine rule and the triangle\u2019s angle sum, so the answer is correct."", ""C2"": ""For part (2), the student expresses the area in terms of angle C but gives an incorrect range. The derived bounds (sqrt3/8, sqrt3/2) do not match the correct range obtained from the conditions of an acute triangle with c = 1. The reasoning and final numerical interval are flawed."", ""C3"": """"}",4397
Math_ShortAns_45,1.0,0,"{""C1"": 0, ""C2"": 0, ""C3"": 0}","{""C1"": ""The answer fails to correctly prove the required statement; in fact, the student reaches the opposite conclusion that the sequence is not arithmetic."", ""C2"": ""The reasoning is flawed. The student only computes S1 and S2 but then makes unsupported assumptions (like letting a3 = 2a1) and incorrectly applies the properties of an arithmetic sequence, leading to a contradiction."", ""C3"": ""The answer is incomplete. There is no rigorous derivation to show that {a_n} is arithmetic, and the student\u2019s process does not logically establish the claim required by the problem.""}",2670
Math_ShortAns_46,0.9,4,"{""C1"": 3, ""C2"": 1, ""C3"": 0}","{""C1"": ""The student\u2019s final result is the correct conclusion, but it is stated without proper justification. It is not clear how the given conditions were used to derive the arithmetic form."", ""C2"": ""The logical flow of the proof is not clearly presented. Several key steps, such as handling the expression for sqrt(S_n) and the use of a2 = 3a1, are missing or inadequately explained."", ""C3"": ""The answer is incomplete as it merely states the conclusion that the sequence is arithmetic without providing a complete derivation or addressing all necessary details.""}",2909
Math_ShortAns_49,0.95,2,"{""C1"": 1, ""C2"": 1, ""C3"": 0}","{""C1"": ""The final answers are incorrect. In part (1) the derivation is mishandled \u2013 the algebraic manipulation is erroneous and does not rigorously show that a\u2099 is arithmetic. In part (2) the condition for a\u2084, a\u2087, a\u2089 forming a geometric progression is set up with the wrong expressions, leading to an incorrect equation and an unjustified minimal value of S\u2099 equal to 0."", ""C2"": ""The solution\u2019s logical reasoning is very unclear. The student makes unwarranted assumptions (for example, assuming a constant sequence) and the steps do not follow a coherent derivation, leading to contradictions."", ""C3"": ""The answer is incomplete. The necessary correct algebraic steps are missing, the assumptions and substitutions are incorrect, and there is no proper justification for the minimal value of S\u2099.""}",4408
Math_ShortAns_50,0.95,12,"{""C1"": 4, ""C2"": 8, ""C3"": 0}","{""C1"": ""For part (1), the student\u2019s work is very brief but ultimately shows that the difference a\u2099 - a\u2099\u208b\u2081 equals 1, which is the key step to prove the sequence is arithmetic with common difference 1. Although the algebraic details are sparse, the final conclusion is correct."", ""C2"": ""In part (2), the student correctly applies the geometric progression condition (that a\u2087\u00b2 = a\u2084 \u00b7 a\u2089) to solve for a\u2081 = -12, then deduces the general term a\u2099 = n - 13 and computes S\u2099 as \u00bdn\u00b2 - 25/2n. Completing the square reveals that S\u2099 reaches its minimum value of -78 when n = 12 or 13. The answer is correct though some steps lack full explanation."", ""C3"": """"}",5479
Math_ShortAns_53,0.9,2,"{""C1"": 1, ""C2"": 1, ""C3"": 0}","{""C1"": ""The answer incorrectly identifies the nature of the sum sequence. Instead of proving that a_n+b_n is a geometric sequence, the student mistakenly shows it is arithmetic, and the final formulas do not satisfy the initial conditions."", ""C2"": ""The logical reasoning is flawed. The derivation for both parts is inconsistent and contains errors in algebraic manipulation, leading to an incorrect conclusion."", ""C3"": ""The answer is incomplete. It neither correctly proves the required properties nor derives the correct formulas for a_n and b_n.""}",3737
Math_ShortAns_54,0.9,6,"{""C1"": 3, ""C2"": 2, ""C3"": 1}","{""C1"": ""The derivation for part (1) is partly correct \u2013 the student properly shows that c\u2099 is geometric and d\u2099 is arithmetic. However, the obtained formulas for a\u2099 and b\u2099 in part (2) are incorrect and do not satisfy the initial conditions."", ""C2"": ""The logical reasoning for proving the sequences' nature in part (1) is acceptable, but the reasoning for part (2) is incomplete and lacks a clear derivation."", ""C3"": ""The answer remains incomplete overall; especially, the complete derivation and verification of the general term formulas for a\u2099 and b\u2099 is missing.""}",5919
Math_ShortAns_55,0.9,25,"{""C1"": 9, ""C2"": 8, ""C3"": 8}","{""C1"": ""The answer correctly derives that a_n+b_n is a geometric sequence with ratio 1/2 and that a_n-b_n is an arithmetic sequence with common difference 2. The closed\u2010form formulas for a_n and b_n, obtained by solving the system using these two sequences, are also correct."", ""C2"": ""The student shows the key steps by adding and subtracting the recurrence relations. However, the explanation is somewhat terse and the reasoning process would benefit from clearer step\u2010by-step justification."", ""C3"": ""The final answer is complete and mathematically correct, but there are formatting and bracket errors that somewhat obscure the clarity of the formulas.""}",6512
Math_ShortAns_58,0.95,3,"{""C1"": 1, ""C2"": 1, ""C3"": 1}","{""C1"": ""The numerical calculations are largely incorrect. The student uses an incorrect mean for the parts, an incorrect mean for the index, and the summation for calculating the correlation coefficient is wrong. Moreover, the computed values for variance and standard deviation are not derived properly."", ""C2"": ""The logical reasoning is flawed. The student misinterprets the sign and magnitude of the correlation coefficient and draws an incorrect conclusion about the trend. Similarly, the outlier analysis is handled without proper justification."", ""C3"": ""While the student attempted both parts of the problem, the answers are incomplete and contain significant errors. Both the correlation analysis and outlier removal sections are inadequately addressed.""}",4534
Math_ShortAns_59,0.9,4,"{""C1"": 2, ""C2"": 1, ""C3"": 1}","{""C1"": ""For part (1) the student\u2019s work uses an incorrect mean for the dimensions (10.05 instead of 9.97) and for the production order (using 8 rather than 8.5). The products of the differences and the resulting sums are mis\u2010calculated, although the final conclusion (that |r| is small and no trend exists) happens to match the criterion by accident."", ""C2"": ""In part (2)(i) the student applies an assumed standard deviation (0.3 rather than the computed value about 0.212) to get boundaries that are too wide. As a result, the conclusion that there are no outliers (and hence no need to check for an abnormal process) is unsupported."", ""C3"": ""For part (2)(ii) the student simply guesses new parameter values without a proper re\u2010calculation after removing outliers. The approach is arbitrary and incomplete.""}",5159
Math_ShortAns_60,0.95,9,"{""C1"": 4, ""C2"": 3, ""C3"": 2}","{""C1"": ""The student correctly reports a computed r value around \u20130.18 and correctly concludes that |r| < 0.25 implies no systematic trend. However, the answer lacks detail on the computation steps."", ""C2"": ""The decision rule is applied properly, but the reasoning would benefit from more explanation of how r was obtained."", ""C3"": ""The answer is very brief; more complete work would have shown intermediate calculations.""}",51469
Math_ShortAns_63,0.9,2,"{""C1"": 1, ""C2"": 0, ""C3"": 1}","{""C1"": ""The answer shows significant errors in the algebraic work. The student incorrectly dismisses the quadratic term and obtains an erroneous value for k, leading to wrong intersection points, circle center, and radius."", ""C2"": ""The logical progression is very flawed. The student makes unjustified simplifications and fails to correctly prove that the origin lies on the circle, compromising the reasoning throughout both parts."", ""C3"": ""The answer is incomplete. It does not properly address the proof required in part (1) and the derivation for the line in part (2) is incorrect, leaving the problem essentially unsolved.""}",3764
Math_ShortAns_64,0.95,2,"{""C1"": 1, ""C2"": 1, ""C3"": 0}","{""C1"": ""The student made a clear computational error in part (1) by incorrectly calculating the dot product of OA and OB. This leads to a false conclusion that the origin is not on the circle."", ""C2"": ""The logical reasoning is unsound. The student restricts attention to the special case x = 2 and then misidentifies the coordinates of A and B, resulting in an inconsistent argument."", ""C3"": ""The answer is incomplete. The student does not provide any final answer for part (2), nor does the work lead to the correct equation of the line or show proper use of the given condition.""}",5794
Math_ShortAns_67,0.95,3,"{""C1"": 2, ""C2"": 0, ""C3"": 1}","{""C1"": ""The student correctly rewrote the circle\u2019s equation to its standard form, identifying the center and radius, which shows partial understanding of the given data."", ""C2"": ""The derivation for the midpoint M\u2019s locus is incomplete and contains algebraic errors. The substitution process is inconsistent and the final stated locus (y = 2x + 1) has no proper justification."", ""C3"": ""In addressing the condition |OP| = |OM| and computing the triangle\u2019s area, the student made an attempt by calculating |OP| correctly but later resorted to an arbitrary guess for M\u2019s coordinates and area. The final answers for the line and triangle area are inconsistent with the derivation.""}",3989
Math_ShortAns_68,0.95,12,"{""C1"": 4, ""C2"": 4, ""C3"": 4}","{""C1"": ""The final numerical answers are correct. The locus of M is (x-1)\u00b2+(y-3)\u00b2=2, the line PM is x+3y-8=0, and the area of triangle POM is 16/5, which agree with the expected answers."", ""C2"": ""The student uses a valid idea by applying the perpendicularity of CM and MP, and later correctly uses properties of circles (such as the chord\u2019s perpendicular bisector passing through the circle\u2019s center). The reasoning is compact but logically sound."", ""C3"": ""Both parts of the problem are addressed. Although the explanations are brief and some steps are stated with little detail, the answer is complete and covers all required items.""}",8726
Math_ShortAns_71,1.0,0,"{""C1"": 0, ""C2"": 0, ""C3"": 0}","{""C1"": ""The derivation of the ellipse equation is fundamentally incorrect. The student misapplied the condition from point A (0, -2), mistakenly setting 4/b\u00b2 equal to 0, which led to a nonsense result. In addition, the final choice of x\u00b2 + y\u00b2 = 1 is unjustified."", ""C2"": ""The logical reasoning in part (2) is flawed. The student picks an arbitrary slope (k = 1) without justification, misstates the line through point P (incorrect sign in the equation), and then performs substitutions that are inconsistent with the supposed ellipse equation."", ""C3"": ""The answer is incomplete. Not only is the ellipse's equation derived incorrectly, but the subsequent demonstration regarding the fixed point on line HN is not attempted in a meaningful way. The solution does not address the required proof.""}",2824
Math_ShortAns_72,0.95,5,"{""C1"": 4, ""C2"": 1, ""C3"": 0}","{""C1"": ""The ellipse equation in part (1) is correct, but the answer for part (2) is not generally solved \u2013 only the special case x = 1 is considered and the fixed\u2010point property is not properly justified."", ""C2"": ""The reasoning for part (1) is acceptable; however, for part (2) the logical steps are incomplete and improperly developed."", ""C3"": ""The answer is incomplete because it fails to address the full requirements of part (2) and does not prove the fixed point property in general.""}",4680
Math_ShortAns_75,0.9,2,"{""C1"": 1, ""C2"": 1, ""C3"": 0}","{""C1"": ""The answer has serious calculation errors in part (1). Instead of correctly determining the parameters, the student miscomputes the value from P2 and then arbitrarily assigns a = 5 and b = 3, which is unsupported."", ""C2"": ""The reasoning is weak. The student does not logically eliminate the extraneous point or show a proper derivation of the ellipse equation, nor do they use sound argumentation in part (2) to prove the existence of a fixed point."", ""C3"": ""The answer is incomplete. In part (2) there is an attempt to use slope sums, but no rigorous argument or clear demonstration is provided to conclude that the line passes through a fixed point.""}",3305
Math_ShortAns_76,0.9,11,"{""C1"": 7, ""C2"": 4, ""C3"": 0}","{""C1"": ""The student correctly determined the ellipse equation by substituting the given points and obtained a^2 = 4 and b^2 = 1. The substitution steps are essentially correct for part (1)."", ""C2"": ""The explanation for part (2) is very sketchy. The student sets up the line and substitutes into the ellipse but only asserts that the condition on the slopes implies the existence of a fixed point without a detailed or rigorous proof. Key steps and the identification of the fixed point are missing."", ""C3"": """"}",6350
Math_ShortAns_77,0.95,6,"{""C1"": 6, ""C2"": 0, ""C3"": 0}","{""C1"": ""The answer for part (1) has the correct numerical result. By substituting P2 and P3 into the ellipse equation, the student correctly obtained a squared equals 4 and b squared equals 1, yielding the ellipse x\u00b2/4 + y\u00b2 = 1. However, the work does not explain why these two points were chosen given that three of the four points lie on the ellipse, even though the final equation is correct."", ""C2"": ""The treatment of part (2) is very incomplete. The answers for the vertical line case and the case with an existing slope do not develop a rigorous argument. The student only sketches ideas\u2014referring vaguely to solving equations and verifying by substitution\u2014without a clear derivation that the line must pass through the fixed point (2, -1)."", ""C3"": """"}",5868
Math_ShortAns_80,0.9,2,"{""C1"": 1, ""C2"": 1, ""C3"": 0}","{""C1"": ""The answer is incorrect in both parts. For part (1) the student correctly observes ln(1+x) is negative when x is between -1 and 0, but incorrectly concludes that f(x) stays negative for x > 0. For part (2), the student merely verifies f\u2032(0)=0 without using higher\u2010order derivatives to decide on the maximum and erroneously suggests that a can be arbitrary."", ""C2"": ""The logical reasoning is flawed. Although there is an attempt to analyze the sign of ln(1+x), the argument fails to account properly for the contribution of the linear term. Also, the derivative approach in part (2) lacks the necessary further analysis (such as evaluating f\u2033(0) or higher derivatives) to determine the parameter a."", ""C3"": ""The answer is incomplete. Neither the correct sign behavior is established for x>0 in part (1), nor is the value of a successfully derived in part (2); the necessary steps to conclude that a must satisfy a specific condition (in fact, a should be -1/6) are missing.""}",4281
Math_ShortAns_81,0.9,4,"{""C1"": 2, ""C2"": 1, ""C3"": 1}","{""C1"": ""The final answer for part (2) (a = -1/6) is correct, but the treatment for part (1) is only an outline without any actual verification of the sign changes, which undermines correctness."", ""C2"": ""The reasoning is very vague, relying on generic derivative analysis without concrete computations or clear logical steps to demonstrate why f(x) is negative for -1 < x < 0 and positive for x > 0."", ""C3"": ""The answer is incomplete. It only sketches parts of the methods (derivative, monotonicity, auxiliary function) without carrying them through to a detailed proof or derivation.""}",4023
Math_ShortAns_84,0.9,5,"{""C1"": 3, ""C2"": 1, ""C3"": 1}","{""C1"": ""The derivative f'(x) was computed correctly; however, beyond that the analysis is very limited and contains inaccuracies."", ""C2"": ""The logical reasoning shows confusion. The student does not consistently decide whether f is increasing or not and makes unsupported statements about the behavior near zero and the boundedness."", ""C3"": ""The answer is incomplete. It fails to fully discuss the monotonicity in part (1) and does not provide the required proof for part (2).""}",3892
Math_ShortAns_85,0.9,6,"{""C1"": 3, ""C2"": 2, ""C3"": 1}","{""C1"": ""The derivative is correctly computed as 1/x + 2ax + 2a + 1, but the subsequent algebra in setting up the quadratic and the discriminant is based on a misinterpretation. While the setup is partially correct, it is not used properly."", ""C2"": ""The logical discussion of the monotonicity is flawed. The student incorrectly assumes that the discriminant is always negative and therefore concludes the function is increasing, without proper justification. This error leads to an incorrect analysis."", ""C3"": ""The answer is incomplete. The second portion of the question, which requires proving the inequality for a < 0, is not successfully addressed, and the conclusion contradicts the statement to be proved.""}",3510
Math_ShortAns_86,0.9,12,"{""C1"": 4, ""C2"": 4, ""C3"": 4}","{""C1"": ""The student correctly computed the derivative, writing it in the factorized form (2ax+1)(x+1)/x valid for x>0."", ""C2"": ""The discussion of monotonicity for a=0, a>0, and a<0 is handled appropriately. The student correctly identifies the critical point x = -1/(2a) in the case a<0 and explains the increasing\u2013decreasing behavior."", ""C3"": ""For part (2), the student successfully transforms the inequality by evaluating f at its maximum point and reducing it to an equivalent inequality in t. The use of differentiation and identification of the maximum at t=2 shows the essential idea, despite minor clarity issues.""}",6743
Math_ShortAns_89,0.9,5,"{""C1"": 4, ""C2"": 1, ""C3"": 0}","{""C1"": ""The student correctly computes the derivative at x = 0 and obtains m = 1. This step is valid, but the work is very brief."", ""C2"": ""The discussion of monotonicity is vague and poorly reasoned. The student incorrectly reasons that f'(x) is decreasing and does not properly analyze the sign changes around the extremum."", ""C3"": ""The proof for f(x) > 0 when m \u2264 2 is flawed. The student makes an incorrect calculation regarding f(0) and then concludes f(x) is positive without a valid argument.""}",4365
Math_ShortAns_90,0.95,6,"{""C1"": 4, ""C2"": 2, ""C3"": 0}","{""C1"": ""The student correctly obtained m = 1 by setting f'(0) = 0 and correctly rewrote the function as f(x) = e^x - ln(x+1), which shows partial understanding of part (I). However, no details were provided regarding the analysis of the derivative to determine the function's monotonicity."", ""C2"": ""The answer lacks completeness and logical development. The student merely states the need to analyze f'(x) for monotonicity without any concrete analysis or conclusion, and the proof for f(x) > 0 when m \u2264 2 is completely undeveloped."", ""C3"": """"}",3997
Math_ShortAns_93,0.95,4,"{""C1"": 2, ""C2"": 1, ""C3"": 1}","{""C1"": ""The student correctly computed f(0) but then made contradictory statements and errors in evaluating f(x) for x \u2265 0. The computation of sample values was acceptable, but the conclusion that f(x) is constant and f(x) \u2264 1 is clearly wrong."", ""C2"": ""The logical reasoning is unsound. The student\u2019s steps oscillate between correct evaluations and incorrect, unsupported inferences about the function's behavior, leading to a self-contradictory conclusion."", ""C3"": ""The answer is incomplete. For part (1) the required rigorous justification is missing, and for part (2) the complete derivation to obtain the unique zero condition is absent. The final answer for a is not correctly derived.""}",3774
Math_ShortAns_94,0.9,2,"{""C1"": 1, ""C2"": 1, ""C3"": 0}","{""C1"": ""The answer for part (1) only checks a few points without a rigorous proof, and the answer for part (2) is incorrect since the parameter a determined by the tangency condition is not a = 2."", ""C2"": ""The logical reasoning is weak. In part (1) the monotonicity is assumed only using f'(0) > 0, and in part (2) the claim that a = 2 ensures a unique zero is unsupported and contrary to the correct derivation."", ""C3"": ""The answer lacks completeness, as it does not provide a complete proof for part (1) and the analysis for part (2) is incomplete and incorrect.""}",4526
Math_ShortAns_95,0.9,7,"{""C1"": 3, ""C2"": 2, ""C3"": 2}","{""C1"": ""The student\u2019s work on part (1) is mathematically correct: differentiating f(x) and showing that f\u2032(x) is always positive (using the minimum at x = ln2) properly establishes that f is monotonic. However, for part (2) the answer does not conclude with a definitive value for a, so the overall mathematical correctness is weakened."", ""C2"": ""The reasoning in part (1) is sound and follows a proper chain of derivative analysis. In part (2) a method is attempted (using parameter separation and derivative of an auxiliary function) but the argument is not brought to a final result. Thus, while there is some insight, the reasoning remains incomplete."", ""C3"": ""The answer is incomplete overall because even though part (1) is fully proved, part (2) fails to arrive at the required conclusion and does not provide the final answer (which should be a specific value for a).""}",8202
Math_ShortAns_98,0.9,3,"{""C1"": 0, ""C2"": 3, ""C3"": 0}","{""C1"": ""Part (1) is entirely incorrect. The correct approach uses the inequality ln x \u2264 x \u2013 1 to deduce that a must be 1. The student\u2019s reasoning by testing x=1 and x=2 and then considering x tending to 0 leads to the wrong conclusion that any nonnegative a works and finally chooses a=0."", ""C2"": ""For part (2) the final answer m = 3 is correct since the infinite product is less than 3. However, the explanation is flawed \u2013 the student\u2019s reasoning about each factor tending to 2 and the product tending to 2^n shows a misunderstanding of the behavior of the product."", ""C3"": """"}",4279
Math_ShortAns_99,0.9,2,"{""C1"": 0, ""C2"": 1, ""C3"": 1}","{""C1"": ""The final answers for both parts are incorrect. For part (1), the proper analysis shows that f(x) \u2265 0 for all x > 0 if and only if a = 1, but the student concluded a = 2. In part (2), although rewriting the product was attempted, the estimation is mistaken and the minimal integer m should be 3."", ""C2"": ""The student made an attempt by testing x = 1 and x = 2, but the reasoning has inconsistencies. The deduction that a must be greater than 1 after testing x near zero contradicts the earlier inequality, and the numerical estimation in part (2) is unfounded."", ""C3"": ""The answer is incomplete since neither part correctly solves the problem. Neither the full analysis (such as determining the minimum value of f or a correct estimation of the infinite product) nor a proper justification for the conclusions is provided.""}",4572
Math_ShortAns_100,0.95,7,"{""C1"": 5, ""C2"": 2, ""C3"": 0}","{""C1"": ""For part (1) the student correctly differentiated to find the candidate for the minimum and correctly concluded a = 1, but the reasoning is brief and does not fully justify why any a \u2260 1 fails. It shows partial understanding."", ""C2"": ""For part (2) the student only provides fragments of the reasoning (using ln(1+1/2^k) < 1/2^k and estimating the product between 2 and e) without explicitly arriving at or clearly identifying the minimal integer m. This part is incomplete."", ""C3"": """"}",5819
Math_ShortAns_103,1.0,0,"{""C1"": 0, ""C2"": 0, ""C3"": 0}","{""C1"": ""The student incorrectly computed the derivative by omitting the ln x term. The correct derivative should be ln x + (x - 1)/x - 1, but the student derived f'(x) as (-1)/x only."", ""C2"": ""Since the derivative is computed incorrectly, the subsequent analysis regarding the uniqueness of the extreme point and the existence of two reciprocal roots is flawed. The conclusions drawn are completely inconsistent with the correct behavior of the function."", ""C3"": """"}",2638
Math_ShortAns_104,0.9,3,"{""C1"": 2, ""C2"": 1, ""C3"": 0}","{""C1"": ""The derivative was computed incorrectly. The student omitted the natural logarithm term in the differentiation, leading to an erroneous result."", ""C2"": ""The logical reasoning is flawed. The student misinterpreted the sign of the derivative\u2014claiming a negative derivative implies increasing behavior\u2014and failed to provide proper analysis for the monotonicity and critical point."", ""C3"": ""The answer is incomplete. There is an insufficient and inconsistent analysis regarding the existence of exactly two real roots and the condition that the roots are reciprocals.""}",2631
Math_ShortAns_105,0.9,6,"{""C1"": 3, ""C2"": 3, ""C3"": 0}","{""C1"": ""The answer correctly outlines that one should first restrict the domain and then use the derivative to determine the unique extreme point. However, it lacks the detailed derivative computation and justification of the monotonicity needed for full credit."", ""C2"": ""The reasoning for part (2) is based on the conclusion of part (1) and recognizes the reciprocal relationship between the roots, but the proof is very abbreviated and omits verification details. More rigorous demonstration is required."", ""C3"": """"}",3336
Math_ShortAns_108,0.9,1,"{""C1"": 1, ""C2"": 0, ""C3"": 0}","{""C1"": ""The answer is incorrect. In part (1), the student misuses the condition from f(1) and gets the inequality reversed, and the final conclusion that a is in [0, +infinity) is wrong."", ""C2"": ""The logical reasoning is not valid. The analysis of limits and the assumption about the behavior of f(x) over different intervals is unclear and based on incorrect deductions."", ""C3"": ""The answer is incomplete. The student fails to correctly address part (2), and the attempt to prove x1*x2 < 1 is flawed and contradicts the problem statement.""}",2511
Math_ShortAns_109,0.9,6,"{""C1"": 5, ""C2"": 1, ""C3"": 0}","{""C1"": ""For part (1), the student correctly identifies that f(1) = e + 1 - a and concludes a must be no more than e + 1. Although the reasoning is brief, the final answer a in (-\u221e, e+1] is correct."", ""C2"": ""For part (2), the student's answer only outlines a few ideas (such as noting x1 < 1 < x2 and trying to compare f(x1) with f(1/x2)) without completing the proof. The argument is fragmented and incomplete."", ""C3"": """"}",6062
Math_ShortAns_112,0.9,2,"{""C1"": 1, ""C2"": 1, ""C3"": 0}","{""C1"": ""The answer misidentifies basic elements. The focus of y\u00b2 = 2px should be (p/2, 0) rather than (p, 0), and the derivation of the parabola\u2019s equation is incorrect. The adjustment to y\u00b2 = 3px is unjustified."", ""C2"": ""The logical steps are unclear and inconsistent. The student introduces two cases without correctly analyzing the geometry, and the treatment of the slopes and angles for part (2) is not meaningfully developed."", ""C3"": ""The response does not comprehensively address the problem. Both parts are insufficiently justified, and the derivation of the line AB is not coherently explained.""}",3158
Math_ShortAns_113,0.9,3,"{""C1"": 2, ""C2"": 1, ""C3"": 0}","{""C1"": ""The answer is incorrect. The student mistakenly treats the focus as (p, 0) instead of (p/2, 0) and thus sets up the wrong equation for |MF|. The algebraic manipulations for the x-coordinate of M are therefore erroneous."", ""C2"": ""The logical reasoning is flawed. The student\u2019s argument about the conditions for M and the vertical line MD is not consistent with the geometry of the parabola, and the reasoning for part (2) is confused and unsupported."", ""C3"": ""The answer is incomplete. Part (1) does not correctly determine the parameter p, and part (2) ends with an unjustified conclusion for the equation of line AB.""}",3483
Math_ShortAns_114,0.9,4,"{""C1"": 2, ""C2"": 1, ""C3"": 1}","{""C1"": ""The answer\u2019s computations are incorrect. The student mistakenly sums distances instead of computing the proper difference (MF should be half of p, not p + p/2), leading to an erroneous value for p and an incorrect parabola equation."", ""C2"": ""The logical steps are very unclear. The student did not justify the relationships correctly and the reasoning for the steps\u2014especially in part (2)\u2014is essentially absent."", ""C3"": ""The answer is incomplete. Several parts of the problem are barely addressed; for example, the derivation for the line AB is merely stated with no working details.""}",5488
Math_ShortAns_117,0.9,3,"{""C1"": 2, ""C2"": 1, ""C3"": 0}","{""C1"": ""The student simply rewrote the given form for f(x) without using the implied conditions f(0)=c and f\u2032(1)=k to determine c and k. This is a critical oversight because proper substitution leads to f(0)=k/e, forcing c = k/e and f\u2032(1)=k\u2212c+1 = k, which in turn implies c=1 and k=e. Not finding these values makes the answer incomplete."", ""C2"": ""The monotonicity analysis is overly simplified. The student claimed that f\u2032(x)=ke^(x\u22121)\u2212c+x is positive for x\u22650 without properly analyzing the function. In the complete solution, after determining the constants, one finds f\u2032(x)=e^x+x\u22121, which is zero at x=0 and shows that f decreases for x<0 and increases for x>0. The student\u2019s interval is therefore incorrect."", ""C3"": ""In the second part, the student incorrectly handled the inequality f(x) \u2265 (1/2)x\u00b2 + ax + b. They ignored the proper method of subtracting the common term and minimizing the resulting function. When done correctly, one finds that the maximum of (a+1)b is e/2, while the student\u2019s answer of \u22121 does not follow from a correct optimization process.""}",3973
Math_ShortAns_118,0.9,5,"{""C1"": 2, ""C2"": 2, ""C3"": 1}","{""C1"": ""The answer outlines a vague approach for part (2) but lacks necessary calculations; it does not derive the derivative or the precise conditions or final maximum value, so the correctness is very limited."", ""C2"": ""The logical reasoning is superficial. The student merely states a method without showing real work or justifying steps, not reflecting a detailed analysis."", ""C3"": ""The answer is incomplete. It only addresses part (2) in a brief outline without any computed result and completely omits part (1).""}",2916
Math_ShortAns_121,1.0,2,"{""C1"": 2, ""C2"": 0, ""C3"": 0}","{""C1"": ""The derivative was computed correctly, but the student incorrectly concluded that f(x) is decreasing. In fact, since f'(x) > 0 for all x, the function is increasing."", ""C2"": ""For part (II), the answer simply restates the definition of g(x) and misinterprets the condition by plugging in x = 0; no valid reasoning is provided to determine the maximal value of b."", ""C3"": ""In part (III), the estimation of ln2 is entirely off. Using the bounds for \u221a2, one should find ln2 to be approximately 0.693, not around 2.""}",3769
Math_ShortAns_122,0.9,10,"{""C1"": 4, ""C2"": 3, ""C3"": 3}","{""C1"": ""Part (I) is answered correctly. The student shows that f\u2032(x) = e^x + e^(\u2013x) \u2013 2 is nonnegative (using the AM\u2013GM inequality) and concludes that f is monotone increasing on \u211d. Although brief, the answer is essentially correct."", ""C2"": ""For part (II) the student expands g(x) and proceeds to examine its derivative, eventually concluding that in order for g(x) > 0 for x > 0 the parameter b must satisfy b \u2264 2, yielding a maximum value of 2. The reasoning is not fully rigorous or clearly justified at each step but the final answer is correct."", ""C3"": ""In part (III) the student supplies an approximation for ln2 as 0.693. Although the derivation is somewhat unclear\u2014in particular, the connection with the earlier work is loose\u2014the final numerical approximation meets the required accuracy.""}",7095
Math_ShortAns_125,0.95,1,"{""C1"": 1, ""C2"": 0, ""C3"": 0}","{""C1"": ""The student\u2019s answer shows a minimal attempt at using the product rule to compute the derivative for part (1), but does not complete the monotonicity analysis and is completely incorrect in parts (2) and (3)."", ""C2"": ""The logical reasoning is flawed. For example, the justification for the maximum of |f(x)| using x = \u03c0/2 is incorrect, and the argument for the product inequality in part (3) lacks proper justification."", ""C3"": ""The answer is incomplete. Only an initial derivative computation is provided for part (1), while parts (2) and (3) are not addressed correctly or fully.""}",4377
Math_ShortAns_126,0.95,1,"{""C1"": 1, ""C2"": 0, ""C3"": 0}","{""C1"": ""For part (1) the student correctly computed the derivative but then used an incorrect reasoning \u2013 claiming that since sin x is increasing on (0, \u03c0) the whole function must be increasing. This ignores the roles of sin2x and cos2x and does not properly analyze the sign of f\u2032(x)."", ""C2"": ""For part (2) the student merely rewrote the expression and then argued that since each trigonometric factor is at most 1 the bound is 1. This does not yield the required sharp bound of (3\u221a3)/8 and lacks the necessary analysis."", ""C3"": ""For part (3) the student\u2019s approach is too simplistic. Replacing each sin square term by its maximum value 1 leads only to an upper bound of 1, which does not imply the sharper inequality sin\u00b2x sin\u00b22x \u22ef sin\u00b22\u207fx \u2264 (3\u207f)/(4\u207f) for n \u2265 1.""}",4520
Math_ShortAns_127,0.9,5,"{""C1"": 2, ""C2"": 2, ""C3"": 1}","{""C1"": ""The answer gives a vague outline for parts (2) and (3) but fails to rigorously derive or justify the results. In addition, the answer entirely omits the discussion required for part (1), which significantly affects the overall correctness."", ""C2"": ""The reasoning is superficial. The answer merely refers to results from the missing part (1) and uses handwaving arguments rather than a clear, step\u2010by\u2010step demonstration. The transformation in part (3) is unclear and not fully justified."", ""C3"": ""The response is incomplete. It does not address the analysis of monotonicity in part (1) and key steps in parts (2) and (3) are not adequately detailed.""}",4158
Math_ShortAns_130,0.9,3,"{""C1"": 2, ""C2"": 1, ""C3"": 0}","{""C1"": ""For part (1), the answer is incomplete and contains errors. The student only recalled the conversion formulas and then derived contradictory and incorrect cartesian equations. They failed to correctly convert the polar equation into a proper Cartesian form."", ""C2"": ""For part (2), the vector relationship is stated but the parameterization is not fully derived. The student set up a form for P in terms of M but did not substitute for M from the circle equation and only provided an ambiguous conclusion about intersection."", ""C3"": """"}",4896
Math_ShortAns_131,0.9,7,"{""C1"": 5, ""C2"": 2, ""C3"": 0}","{""C1"": ""The student correctly converted the polar equation into its rectangular form and completed the square to get the circle equation. This part is clearly and correctly presented."", ""C2"": ""The answer for part (2) is vague and incomplete. Although the student attempted to set up the vector relation and provided a parameterization for point M in terms of a parameter, they did not fully derive the parameter equations for P or properly analyze the intersection of the two curves."", ""C3"": """"}",3818
Math_ShortAns_134,0.9,3,"{""C1"": 2, ""C2"": 1, ""C3"": 0}","{""C1"": ""The elimination for C1 is inconsistent. While one part of the answer correctly states x + y = 4, later the student changes it to x + y = 5. This inconsistency and lack of proper explanation indicates an incomplete handling of parameter elimination."", ""C2"": ""The elimination for C2 and the subsequent determination of the intersection point are both incorrect. The student\u2019s guess of an equation and resulting intersection, as well as the final polar equation, do not match the correct procedure. The method is not clearly justified and the polar equation derived is not correct."", ""C3"": """"}",5445
Math_ShortAns_135,0.95,10,"{""C1"": 5, ""C2"": 5, ""C3"": 0}","{""C1"": ""The student correctly eliminated the parameters. For C1, x + y = 4 is obtained, and for C2, deriving x\u00b2 - y\u00b2 = 4 using the identities from the parametric equations is correct."", ""C2"": ""The intersection point is correctly computed as (5/2, 3/2) and the circle with center on the x-axis that passes through the origin and this point yields the polar equation r = (17/5) cos \u03b8, which is correct."", ""C3"": """"}",3945
Math_ShortAns_138,0.9,2,"{""C1"": 1, ""C2"": 1, ""C3"": 0}","{""C1"": ""The student attempted to convert the parameter equation of C1 by writing x/4 + y/4 = 1, but then incorrectly concluded that x + y = 8 instead of x + y = 4. This arithmetic error undermines the answer."", ""C2"": ""For C2, the student tried eliminating the parameter by squaring and subtracting, which is a reasonable approach, but they obtained x\u00b2 \u2013 y\u00b2 = 2 rather than the correct result x\u00b2 \u2013 y\u00b2 = 4."", ""C3"": ""The construction of the polar coordinate circle is completely flawed. The student erroneously concluded that there is no intersection and made baseless assumptions (such as taking P = (0, 0)) leading to an incorrect polar equation.""}",6053
Math_ShortAns_139,0.95,10,"{""C1"": 5, ""C2"": 5, ""C3"": 0}","{""C1"": ""For part (1), the student correctly eliminated the parameters. The equation x+y=4 is correct for C1 and x\u00b2-y\u00b2=4 is the correct Cartesian form for C2."", ""C2"": ""For part (2), the student correctly found the intersection point (using the two equations) and derived the circle's polar equation as \u03c1 = (17/5) cos \u03b8. The derivation is concise and mathematically valid."", ""C3"": """"}",3686
Math_ShortAns_142,0.9,3,"{""C1"": 2, ""C2"": 1, ""C3"": 0}","{""C1"": ""In part (1) the student tries a symmetry approach but miscalculates. Setting a = b = c should produce abc = 1/9, but the student\u2019s simplification erroneously gives 1/27."", ""C2"": ""The logical development is very weak. In part (2) the student merely sums denominators without connecting the result to the required inequality, and the reasoning is not rigorous."", ""C3"": ""The answer is incomplete; neither part is properly proved and the second inequality is not addressed with a valid argument.""}",3833
Math_ShortAns_143,0.95,0,"{""C1"": 0, ""C2"": 0, ""C3"": 0}","{""C1"": ""The answer is mathematically incorrect. In part (1) the student only considers the symmetric case a = b = c and finds abc = 1/27, but then contradicts this by suggesting that abc might be greater than 1/9. This shows a fundamental misunderstanding of the necessary inequality manipulation."", ""C2"": ""The logical reasoning behind both parts is flawed. Instead of correctly applying the necessary inequalities to arrive at the desired conclusion, the student makes unfounded claims and ends up with contradictory results, especially in part (2) where the inequality is misapplied."", ""C3"": """"}",3175
Math_ShortAns_144,1.0,0,"{""C1"": 0, ""C2"": 0, ""C3"": 0}","{""C1"": ""The answer is factually incorrect. The student misapplies the condition by setting a = b = c and calculates a incorrectly as 1/3 instead of the correct solution, which results in a wrong value for abc."", ""C2"": ""Logical reasoning is very flawed. The steps mix up the inequality directions and lack justification. The transformation in part (2) makes no sense and the student reverses the required inequality."", ""C3"": ""The answer is incomplete. It does not provide a proper demonstration for either part of the question, and it incorrectly concludes the opposite of what was required.""}",2622
Math_ShortAns_145,1.0,10,"{""C1"": 5, ""C2"": 5, ""C3"": 0}","{""C1"": ""The answer for both parts is mathematically correct. The AM-GM inequality is applied properly to obtain the bound for abc, and the transformation using b+c \u2265 2\u221a(bc) to arrive at the second inequality is valid."", ""C2"": ""The logical progression is clear. Each step is justified and equality conditions are properly identified. There are minor formatting issues but they do not impact the correctness or clarity of the proof."", ""C3"": """"}",4733
Math_ShortAns_148,0.9,2,"{""C1"": 1, ""C2"": 1, ""C3"": 0}","{""C1"": ""The answer uses an incorrect application of Cauchy\u2010Schwarz for part (1) and fails to produce the required bound of 3."", ""C2"": ""There is an attempt at manipulating the equations and substituting b = 2c for part (2), but the logical steps are flawed and lead to contradictions."", ""C3"": ""The answer is incomplete as neither part is correctly proved, and the presentation does not address the requirements of the problem.""}",3363
Math_ShortAns_149,0.9,2,"{""C1"": 1, ""C2"": 1, ""C3"": 0}","{""C1"": ""The answer attempts to use Cauchy-Schwarz but misapplies the weights, leading to the wrong bound (6 instead of 3) and does not correctly address the original inequalities."", ""C2"": ""The logical reasoning is weak; the student\u2019s approach does not correctly lead to the desired inequality and the transition in the derivation is flawed."", ""C3"": ""The solution is incomplete; part (2) is left unfinished and no valid conclusion is reached for either part.""}",3473
Math_ShortAns_150,0.95,9,"{""C1"": 3, ""C2"": 3, ""C3"": 3}","{""C1"": ""The answer correctly applies the Cauchy inequality for part (1) and Titu\u2019s lemma for part (2). However, the statement of the equality condition (writing a = b = 2c = 1) is imprecise."", ""C2"": ""The logical steps are basically correct. The student shows the key idea for both parts but the explanation is very terse and some transitions (like deducing the bound for 1/(a+4c)) are not fully elaborated."", ""C3"": ""The answer addresses both parts and reaches the correct final answers. Minor issues, such as the incomplete justification of the equality case, prevent it from receiving full marks.""}",5157
Math_ShortAns_153,0.95,0,"{""C1"": 0, ""C2"": 0, ""C3"": 0}","{""C1"": ""The final answer is incorrect. The student\u2019s derivations lead to the opposite conclusion of what is required, and the computations contain mistakes."", ""C2"": ""The logical reasoning is flawed. The student introduces useful identities but never correctly uses the relationship between s and p to derive the necessary inequalities, and even misinterprets the sign conditions."", ""C3"": ""The answer is incomplete. Critical steps and a rigorous chain of inequalities required to prove (a+b)(a^5+b^5) \u2265 4 and a+b \u2264 2 are missing, resulting in an answer that contradicts the problem statement.""}",3034
Math_ShortAns_154,0.9,3,"{""C1"": 2, ""C2"": 1, ""C3"": 0}","{""C1"": ""The answer does not correctly establish either inequality. The factorization claimed for a^5 + b^5 is not standard or justified, and the use of test values (like a = 1, b = 1) does not constitute a general proof. Furthermore, the final result for part (2) contradicts the required inequality."", ""C2"": ""The logical flow is unclear and incomplete. The student\u2019s steps jump from one idea to another without providing a coherent argument, and the final conclusion is inconsistent with the statement of the problem."", ""C3"": """"}",3591
Math_ShortAns_155,0.9,4,"{""C1"": 2, ""C2"": 1, ""C3"": 1}","{""C1"": ""The answer only states the final conclusion for part (2) without any correct derivation and ignores part (1), resulting in an incorrect or incomplete result."", ""C2"": ""No logical reasoning or clear derivation is provided to justify the claims; the argument is merely stated without proof."", ""C3"": ""The solution is very incomplete: it only mentions the condition for equality in part (2) and does not address part (1) at all.""}",4896
Math_ShortAns_158,0.95,3,"{""C1"": 2, ""C2"": 1, ""C3"": 0}","{""C1"": ""The answer uses a special case (a = b = 1) to verify the first inequality rather than proving it generally, and it incorrectly concludes that (a+b)(a^5+b^5) may not be at least 4 and that a+b could be greater than 2."", ""C2"": ""The logical reasoning is weak. The student\u2019s approach does not properly connect the algebraic manipulations to the required inequalities and relies on unjustified assumptions."", ""C3"": ""The answer is incomplete. It fails to provide a systematic or general proof for both parts and leaves much of the required argument unaddressed.""}",2949
Math_ShortAns_159,0.95,5,"{""C1"": 2, ""C2"": 2, ""C3"": 1}","{""C1"": ""The answer makes an attempt by stating some identities and the equality condition a=b=1, but does not clearly justify the inequality (1) or properly derive the result for (2)."", ""C2"": ""The logical reasoning is extremely fragmented. Several key steps are just mentioned without explanation, and many statements lack proper derivation or connection."", ""C3"": ""The answer is incomplete. It consists of disjoint fragments and does not form a coherent complete proof covering both parts of the problem.""}",4708
Math_ShortAns_162,0.9,4,"{""C1"": 2, ""C2"": 1, ""C3"": 1}","{""C1"": ""There are major computational mistakes. The student incorrectly computed g(x) on two intervals and mis-solved the resulting inequalities."", ""C2"": ""The logical flow is very disorganized. The student mixes up cases and makes unjustified claims (for example, deducing solution sets without proper root analysis)."", ""C3"": ""The answer attempts both parts of the question but is incomplete and deviates from the correct method and answers.""}",4513
Math_ShortAns_163,0.9,10,"{""C1"": 4, ""C2"": 3, ""C3"": 3}","{""C1"": ""The final answers for both part (1) and part (2) are correct. The student correctly identified that for a = 1 the solution set is [-1, (\u221a17 \u2013 1)/2] and that the condition for the solution set to contain [-1,1] yields a in [-1,1]."", ""C2"": ""The student broke the problem into the different cases for the absolute function and provided reasoning based on the monotonicity of f(x) over the intervals. Although the individual pieces are somewhat disjointed, the overall reasoning is logically sound."", ""C3"": ""The answer addresses both parts of the question. All necessary cases are considered for g(x) and the restrictions on a are correctly derived, resulting in a complete solution.""}",5646
Math_ShortAns_166,0.95,2,"{""C1"": 1, ""C2"": 1, ""C3"": 0}","{""C1"": ""The conversion from the parametric form to polar form is incorrectly executed. The student incorrectly isolates r and mixes the roles of t and theta, leading to an erroneous polar equation."", ""C2"": ""The process to find the intersection is flawed. The substitution and subsequent algebra are not correctly done, and the conclusion about no intersections is unsupported by a correct derivation."", ""C3"": """"}",2299
Math_ShortAns_167,1.0,10,"{""C1"": 5, ""C2"": 5, ""C3"": 0}","{""C1"": ""For part (1), the student correctly eliminated the parameter to obtain the Cartesian form (x-4)\u00b2+(y-5)\u00b2=25 and then properly substituted x = \u03c1cos\u03b8 and y = \u03c1sin\u03b8 to derive the polar equation \u03c1\u00b2 - 8\u03c1cos\u03b8 - 10\u03c1sin\u03b8 + 16 = 0. Although the answer is not algebraically simplified to a more familiar form, it is equivalent and correct."", ""C2"": ""For part (2), the student correctly converted the polar equation \u03c1 = 2sin\u03b8 into its Cartesian form and then solved the system with the circle given by C1 to find the intersection points (1,1) and (0,2). Finally, the student transformed these points into polar coordinates (\u221a2, \u03c0/4) and (2, \u03c0/2), which is correct."", ""C3"": """"}",5027
Math_ShortAns_170,0.9,3,"{""C1"": 2, ""C2"": 1, ""C3"": 0}","{""C1"": ""The answer contains serious errors in correctness. In part (1) the student correctly sets up the substitution c = \u2013a \u2013 b and computes ab + bc + ca in terms of a and b, but then uses an example (a = 1, b = \u20132, c = 1) that does not satisfy the condition abc = 1. In part (2) the derivation is incomplete and the claim that max{a, b, c} is at least cube root of 4 is not justified."", ""C2"": ""The logical reasoning is weak. The student makes a non sequitur by concluding a general inequality from a specific flawed example in part (1) and does not develop a coherent argument in part (2)."", ""C3"": ""The solution is incomplete. Part (2) stops mid-argument without a complete proof, and overall the approach lacks the necessary steps to fully address the question.""}",4109
Math_ShortAns_171,1.0,10,"{""C1"": 5, ""C2"": 5, ""C3"": 0}","{""C1"": ""Part (1) is fully correct. The student properly used the square expansion to show that ab+bc+ca is -\u00bd(a\u00b2+b\u00b2+c\u00b2) and since a\u00b2+b\u00b2+c\u00b2 > 0, the conclusion follows."", ""C2"": ""Part (2) is correctly handled. The student assumed the maximum to be a, used a = -b-c and a = 1/(bc) to derive a\u00b3 \u2265 4 via the inequality b\u00b2+c\u00b2 \u2265 2bc, and noted the equality condition b = c. The reasoning and conclusion are sound and complete."", ""C3"": """"}",5558
Math_ShortAns_174,0.95,2,"{""C1"": 1, ""C2"": 1, ""C3"": 0}","{""C1"": ""The final answers for both parts are incorrect. In part (1) the student\u2019s expansion was almost correct but the evaluation was flawed and the candidate value selected does not yield the minimum. In part (2) the expansion is mishandled and the derived condition does not match the required result."", ""C2"": ""The logical reasoning is weak. Instead of optimizing the quadratic function properly in part (1) and using a systematic method in part (2), the student resorts to testing a specific point and then drawing unwarranted conclusions."", ""C3"": ""The answer is incomplete. The student fails to complete the optimization process and does not provide a complete proof for the condition on the parameter a.""}",4708
Math_ShortAns_175,0.95,5,"{""C1"": 3, ""C2"": 2, ""C3"": 0}","{""C1"": ""The final answer for part (2) (a \u2264 -3 or a \u2265 -1) is the correct conclusion, but the answer for part (1) is missing. This significantly reduces the overall correctness."", ""C2"": ""The reasoning provided is very minimal. The student only manipulated an inequality via Cauchy without further justification or steps, so the logical argument is not clearly developed."", ""C3"": ""The answer is incomplete because only part (2) is addressed while the required answer for part (1) \u2013 finding the minimum value \u2013 is absent.""}",7081
Math_ShortAns_178,0.95,4,"{""C1"": 2, ""C2"": 1, ""C3"": 1}","{""C1"": ""The answer shows that the student correctly expanded the squares, but then makes an error by substituting x+y+z=1 incorrectly. The proposed minimal value of 0 is wrong, as evaluating the expression at x=0, y=0, z=1 clearly does not yield zero."", ""C2"": ""The logical reasoning is flawed. In part (1) the student\u2019s manipulation is incorrect, and in part (2) the derivation of the relation involving a is incomplete and contradictory. The justification for the final conclusion is not sound."", ""C3"": ""The solution is incomplete. Both parts lack a rigorous and complete argument, especially in the final derivation of the parameter range for a in part (2). Key steps and proper use of the constraint are missing.""}",3420
Math_ShortAns_179,0.9,5,"{""C1"": 2, ""C2"": 2, ""C3"": 1}","{""C1"": ""The answer is incorrect on both parts. For (1) the minimal value is computed wrongly (the correct answer is 4/3 rather than 16/3) and for (2) the use of the Cauchy inequality is not correctly applied, leading to an incorrect derivation of the parameter range."", ""C2"": ""The logical steps are fragmented and the use of the inequality is not justified correctly. The student wrote down expressions without a clear sequence that would correctly lead to the required conclusions."", ""C3"": ""The answer is incomplete. Part (1) does not provide a full solution and part (2) does not clearly establish the necessary conditions for a. Overall, the work shows an attempt but falls short of the complete reasoning needed.""}",5153
Math_ShortAns_182,0.9,2,"{""C1"": 1, ""C2"": 1, ""C3"": 0}","{""C1"": ""The answer contains major computational errors. In Part (1) the student reversed the inequalities when solving the piecewise expressions, incorrectly obtaining x \u2264 -2 and x \u2265 3, rather than the correct conditions. Part (2) does not solve for a correctly at all."", ""C2"": ""The logical reasoning is weak. Although the student correctly identifies the need to split the analysis into regions determined by the absolute values, the execution in each case is flawed and inconsistent."", ""C3"": ""The answer is incomplete. The student\u2019s treatment of both parts is disorganized, especially in Part (2), and the final conclusions do not follow from the work shown.""}",4376
Math_ShortAns_183,0.95,10,"{""C1"": 5, ""C2"": 3, ""C3"": 2}","{""C1"": ""The final answers for both parts are correct. The solution for part (1) correctly yields the set [-2, 3] and part (2) correctly finds that a must be at most -6 or at least 2."", ""C2"": ""The reasoning provided for part (1) follows a piecewise analysis that is acceptable, but the explanation is fragmented. Part (2)'s reasoning is very brief and lacks proper justification."", ""C3"": ""The answer is incomplete in presentation. While the final results are correct, the detailed derivation, especially for part (2), is missing.""}",5623
Math_ShortAns_186,0.95,4,"{""C1"": 2, ""C2"": 1, ""C3"": 1}","{""C1"": ""The final answers provided are incorrect. For a = 1 the correct solution of f(x) < 0 is x < 1, not the claimed (-infinity, 2). Also, the range for a in part (2) is not established correctly."", ""C2"": ""The student\u2019s reasoning is inconsistent and contains several algebraic errors (incorrect expansion and misinterpretation of the function\u2019s sign in various intervals), leading to wrong conclusions."", ""C3"": ""While the student attempted both parts of the problem, the analysis is incomplete and based on incorrect calculations, which undermines the overall solution.""}",3592
Math_ShortAns_187,,0,"{""C1"": 0, ""C2"": 0, ""C3"": 0}","{""C1"": """", ""C2"": """", ""C3"": """"}",7839
Math_ShortAns_190,0.95,4,"{""C1"": 1, ""C2"": 2, ""C3"": 1}","{""C1"": ""The answer contains significant inaccuracies. The substitution 1/a = bc is correct, but the subsequent application of AM-GM is misapplied and leads to an incorrect bound, so the algebraic manipulation does not establish the inequality."", ""C2"": ""There is an attempt at logical reasoning, especially when expanding the cubic terms in the second inequality, but the solution falls back on testing a special case (a = b = c = 1) rather than providing a general argument."", ""C3"": ""The proofs are incomplete. Neither inequality is rigorously derived; in particular, for the first inequality, there is a failure to compare the two sides properly, and for the second, the proof relies on a single example rather than a systematic proof.""}",3597
Math_ShortAns_191,0.95,4,"{""C1"": 2, ""C2"": 1, ""C3"": 1}","{""C1"": ""The student\u2019s algebraic substitutions are mentioned, but the use of AM-GM is misapplied. Showing that both x+y+z and a\u00b2+b\u00b2+c\u00b2 are at least 3 does not establish that one is less than or equal to the other."", ""C2"": ""The logical flow is weak. In part (1) the student does not connect the inequalities to prove the required inequality, and in part (2) the explanation is vague and relies on undeveloped ideas like \u2018\u4e09\u89d2\u4e0d\u7b49\u5f0f\u2019 without a rigorous argument."", ""C3"": ""The answer is incomplete. Neither part (1) nor part (2) has a complete and correct demonstration to fully justify the stated inequalities.""}",3422
Math_ShortAns_192,0.95,0,"{""C1"": 0, ""C2"": 0, ""C3"": 0}","{""C1"": ""The answer is incorrect. It misinterprets the conditions by suggesting negative values may occur and incorrectly asserts that the inequality fails. It does not provide a valid or complete proof for either part of the problem."", ""C2"": ""The logical reasoning is flawed. The student uses incorrect assumptions (such as considering negative values for positive numbers) and a faulty limit argument, failing to approach the required proof."", ""C3"": """"}",2616
Math_ShortAns_193,0.9,6,"{""C1"": 3, ""C2"": 2, ""C3"": 1}","{""C1"": ""The answer attempts to prove the inequality by using a chain of basic inequalities, but it lacks rigor and clear justification."", ""C2"": ""The logical reasoning is incomplete. The student simply invokes standard inequalities without properly explaining or deriving the necessary steps."", ""C3"": ""Only part (2) is addressed; part (1) is completely missing. This omission significantly affects the completeness of the answer.""}",2678
Math_ShortAns_196,1.0,0,"{""C1"": 0, ""C2"": 0, ""C3"": 0}","{""C1"": ""The answer fails to establish the correct relationship. The student misapplies inequalities by comparing square roots with the original sums and incorrectly concludes that the needed inequality does not hold."", ""C2"": ""Logical reasoning is weak and confusing. The student attempts to use an irrelevant argument and even claims the opposite of the desired conclusion."", ""C3"": ""The answer is incomplete. It does not provide a valid proof for either part of the question, and the approach does not adequately address the given conditions.""}",2473
Math_ShortAns_197,0.95,8,"{""C1"": 5, ""C2"": 3, ""C3"": 0}","{""C1"": ""The student\u2019s answer correctly applies the idea for part (1) by using the identities for (sqrt(a)+sqrt(b))\u00b2 and the relation a+b = c+d, and correctly infers that sqrt(ab) > sqrt(cd) when ab > cd. However, for part (2) the answer only lists several algebraic identities (such as writing (a+b)\u00b2 - 4ab and (a-b)\u00b2) and does not fully develop the necessary equivalence or provide complete logical justification."", ""C2"": ""While the answer hints at connecting the inequality |a-b| < |c-d| with the expression derived from (a+b)\u00b2 - 4ab, the logical reasoning is fragmented and incomplete. The proof of the if and only if condition is not clearly demonstrated."", ""C3"": """"}",4224
Math_ShortAns_200,0.9,6,"{""C1"": 3, ""C2"": 2, ""C3"": 1}","{""C1"": ""The answer contains significant computational errors. In part (1), after subtracting 2 the inequality should lead to |2x-2| \u2264 4, which correctly gives x in [-1, 3] but the student incorrectly solved the first case as x \u2264 4. In part (2), the student did not complete a correct analysis and arrived at a completely different (and incorrect) range for a."", ""C2"": ""The logical reasoning is flawed. The student improperly handled the cases for the absolute value expressions and failed to consider the proper sign changes. The approach for part (2) is incomplete with unclear justification."", ""C3"": ""The answer is incomplete. Part (1) is not fully correct and part (2) is left undeveloped with an unjustified final answer.""}",4368
Math_ShortAns_201,0.9,2,"{""C1"": 1, ""C2"": 1, ""C3"": 0}","{""C1"": ""The mathematical result for part (2) is incorrect. The handling of the absolute values leads to contradictory statements, and the final answer [2,+\u221e) does not match the derived condition."", ""C2"": ""The logical reasoning is unclear and inconsistent. The steps jump between cases without correctly justifying the implications, which undermines the overall argument."", ""C3"": ""The answer is incomplete because part (1) of the problem was not addressed at all.""}",3469
Math_ShortAns_204,1.0,0,"{""C1"": 0, ""C2"": 0, ""C3"": 0}","{""C1"": ""Correctness: The answer starts with a correct restatement of the equation, but the subsequent algebra contains major errors. The assumption that ab equals 1 is unjustified and leads to an impossible result (a^3 + b^3 becomes negative for positive a and b)."", ""C2"": ""Logical Reasoning: The student\u2019s reasoning is flawed. The manipulation of the equation and the jump to using an arbitrary assumption destroy the logical flow. In part (II), the substitution b = 2a is arbitrary and does not consider the initial given condition."", ""C3"": ""Completeness: Both parts of the problem are left incomplete. There is no valid derivation for the minimum value of a^3 + b^3, and the candidate solution for 2a + 3b = 6 is not verified against the original condition, leaving the answer unsatisfactory.""}",3036
Math_ShortAns_205,0.95,0,"{""C1"": 0, ""C2"": 0, ""C3"": 0}","{""C1"": ""The answer demonstrates a misapplication of the AM-GM inequality. The student incorrectly rewrites and applies the inequality, leading to erroneous conclusions that do not follow from the given condition."", ""C2"": ""The logical reasoning in both parts is flawed. The student\u2019s manipulation of the expressions is not mathematically sound and fails to connect the necessary steps to determine the minimum of a^3+b^3 or correctly analyze the existence of a pair (a, b) satisfying 2a+3b=6."", ""C3"": ""The answer is incomplete. For part (I), no correct method or calculation is provided for finding the minimum value of a^3+b^3. For part (II), while an attempt is made using AM-GM, it is misapplied, and the final conclusion is unsupported by rigorous reasoning.""}",3996
Math_ShortAns_208,0.95,3,"{""C1"": 1, ""C2"": 1, ""C3"": 1}","{""C1"": ""The answer contains a correct idea of multiplying by ab but then the derivation goes astray. The proposed value for part I is obtained by an unjustified guess (a = b = 1) which does not even satisfy the given condition."", ""C2"": ""The reasoning is weak. After the first manipulation, the student does not logically derive relationships between a and b and fails to justify the minimization process. The trial substitutions do not demonstrate a proper analysis."", ""C3"": ""The answer is incomplete. In part I, no proper method is used to determine the minimum, and in part II, the existence check is based on an arbitrary example rather than a rigorous argument.""}",3307
Math_ShortAns_209,0.9,3,"{""C1"": 2, ""C2"": 1, ""C3"": 0}","{""C1"": ""The answer is incorrect in its use of inequalities. The derivation for obtaining ab \u2265 4 is flawed and not justified properly."", ""C2"": ""The logical steps are confusing with repetitive expressions and no clear reasoning leading to the final result for a\u00b3 + b\u00b3."", ""C3"": ""The response is incomplete. Part (I) is left with an unfinished derivation, and part (II) is not addressed at all.""}",4113
Math_ShortAns_212,0.9,4,"{""C1"": 2, ""C2"": 1, ""C3"": 1}","{""C1"": ""The answer is factually incorrect. In part (I) the student concludes that f(x) >= 1 instead of the correct f(x) >= 2, and in part (II) the derived range for a is inconsistent with the proper analysis."", ""C2"": ""The logical reasoning is incoherent. The student makes incorrect assumptions about the minimum values of the absolute value expressions and the case analysis is flawed."", ""C3"": ""The solution is incomplete. It does not properly analyze all necessary cases for either part, and the final conclusions do not match the problem\u2019s requirements.""}",3962
Math_ShortAns_213,0.9,5,"{""C1"": 3, ""C2"": 2, ""C3"": 0}","{""C1"": ""The answer to part II is given as a correct final expression, but no justification is provided and part I is entirely missing."", ""C2"": ""The logical reasoning is minimal. The student simply states the answer for part II without any supporting argument or step-by-step derivation."", ""C3"": ""The answer is incomplete because it does not address part I of the problem.""}",4679
Math_ShortAns_216,0.9,10,"{""C1"": 4, ""C2"": 3, ""C3"": 3}","{""C1"": ""Part I is correctly established using the AM-GM inequality to show ab+bc+ca \u2264 1/3. However, in Part II the student misapplies the AM-GM inequality and ends up with the wrong direction: the correct bound should be \u2265 1 but the student\u2019s reasoning leads to < 1."", ""C2"": ""The logical reasoning in Part I is acceptable, but for Part II the steps are contradictory. The student correctly sets up the AM-GM framework but then incorrectly interprets the outcome, which undermines the validity of the proof."", ""C3"": ""The answer is complete for Part I and demonstrates understanding of the equality case. In contrast, Part II is not properly completed\u2014the attempted proof is incomplete and the conclusion is opposite to what is required.""}",3126
Math_ShortAns_217,0.9,5,"{""C1"": 3, ""C2"": 2, ""C3"": 0}","{""C1"": ""The answer arrives at the correct inequality for part (I) (ab + bc + ca <= 1/3) but only by referencing an algebraic identity without proper use of inequalities. Moreover, part (II) is not addressed correctly \u2013 the student merely repeats similar lines as in part (I) without any valid argument for the lower bound of (a^2/b + b^2/c + c^2/a)."", ""C2"": ""The logical reasoning is very weak and repetitive. The use of the Cauchy\u2010Schwarz inequality is not correctly applied to part (II), and the substitutions and subsequent derivations are unclear and unjustified."", ""C3"": """"}",5492
