script_id,scores,model_score,comments,confidence,tokens_used
Math_ShortAns_2,"{'Q14_transform': 1, 'Q14_reduce': 0, 'Q14_max_val': 1, 'Q14_final': 1}",3,"{'Q14_transform': 'The student used angle addition formulas but expanded sin(x+2φ) into sin x and cos x terms rather than rewriting it as sin(x+φ)cos φ + cos(x+φ) sin φ. This shows an attempt but does not match the required transformation.', 'Q14_reduce': 'The reduction was not clearly shown. Although the coefficients simplify to yield sin x, the cancellation step was not demonstrated explicitly.', 'Q14_max_val': 'The student correctly identified that the maximum value is 1, based on the linear combination form.', 'Q14_final': 'The final answer of 1 is given, but the justification linking the steps is weak.'}",0.95,3195
Math_ShortAns_3,"{'Q14_transform': 1, 'Q14_reduce': 0, 'Q14_max_val': 0, 'Q14_final': 0}",1,"{'Q14_transform': 'The student expanded the terms, but used the double-angle formulas instead of rewriting sin(x+2φ) as sin(x+φ)cosφ + cos(x+φ)sinφ. This indicates a partial attempt though not fully correct.', 'Q14_reduce': 'The expression was not correctly reduced to sin x. The necessary cancellation using identities was missed.', 'Q14_max_val': 'The maximum value was misidentified as 2 instead of correctly recognizing that sin x has a maximum of 1.', 'Q14_final': 'The final answer was given ambiguously with an incorrect value (2) and lacked proper justification.'}",0.95,2841
Math_ShortAns_6,"{'R1_set_up_equation': 2, 'R2_solve_for_q': 1, 'R3_compute_S5': 0}",3,"{'R1_set_up_equation': 'The student correctly expressed a4 and a6 in terms of a1 and r, and set up the equation (1/3 r^3)^2 = (1/3)r^5 correctly.', 'R2_solve_for_q': 'The algebra was correctly simplified to find r = 3.', 'R3_compute_S5': 'The student computed the individual terms correctly but made an arithmetic error when summing S5, leading to an incorrect final answer.'}",0.95,2719
Math_ShortAns_7,"{'R1_set_up_equation': 2, 'R2_solve_for_q': 0, 'R3_compute_S5': 0}",2,"{'R1_set_up_equation': 'Student correctly defined the terms and set up the equation (obtaining (1/3 r^3)^2 = 1/3 r^5), thus earning full points here.', 'R2_solve_for_q': 'After setting up the equation, the student incorrectly assumed r = 2 instead of solving for r correctly, so no points awarded.', 'R3_compute_S5': 'The sum S5 was computed using the incorrect common ratio r = 2, leading to an incorrect final answer, resulting in no points.'}",1.0,2316
Math_ShortAns_10,"{'C1_transform_vector_equation': 0, 'C2_interpret_geometric_relation': 0, 'C3_deduce_rectangle_property': 0, 'C4_compute_included_angle': 0, 'C5_final_answer_presentation': 0}",0,"{'C1_transform_vector_equation': 'The student did not rewrite or show any work with the vector equation.', 'C2_interpret_geometric_relation': ""No geometric interpretation relating to the circle's diameter was provided."", 'C3_deduce_rectangle_property': 'The student did not infer any rectangle or perpendicularity properties.', 'C4_compute_included_angle': 'The computed angle (45°) is incorrect.', 'C5_final_answer_presentation': 'Final answer is given, but it is incorrect and not supported by reasoning.'}",,1529
Math_ShortAns_11,"{'C1_transform_vector_equation': 1, 'C2_interpret_geometric_relation': 0, 'C3_deduce_rectangle_property': 0, 'C4_compute_included_angle': 0, 'C5_final_answer_presentation': 0}",1,"{'C1_transform_vector_equation': 'The student correctly rewrote the vector equation as 2AO = AB + AC.', 'C2_interpret_geometric_relation': 'The student failed to interpret the geometric relation regarding the circle or the diameter.', 'C3_deduce_rectangle_property': 'The student did not infer the rectangle property that would imply AB ⟂ AC.', 'C4_compute_included_angle': 'The student incorrectly deduced the angle as 60° instead of computing 90°.', 'C5_final_answer_presentation': 'The final answer is incorrect and the reasoning did not tie the conclusion coherently.'}",0.95,2186
Math_ShortAns_14,"{'Q15_setup_equations': 1, 'Q15_tangent_condition': 1, 'Q15_solve_center': 0, 'Q15_find_radius': 0, 'Q15_final_equation': 0}",2,"{'Q15_setup_equations': 'The student correctly set up the circle equations using points A and B.', 'Q15_tangent_condition': 'The tangent condition was applied correctly using the distance formula, though later treatment was flawed.', 'Q15_solve_center': 'The center was not solved correctly; the assumption x0 = 4 is incorrect.', 'Q15_find_radius': 'The radius was computed incorrectly due to the error in determining the center.', 'Q15_final_equation': 'The final equation is inconsistent and does not match the correct answer.'}",0.95,3059
Math_ShortAns_15,"{'Q15_setup_equations': 1, 'Q15_tangent_condition': 1, 'Q15_solve_center': 1, 'Q15_find_radius': 1, 'Q15_final_equation': 1}",5,"{'Q15_setup_equations': 'The student correctly set up the equations from the two given points by substituting into the circle equation.', 'Q15_tangent_condition': 'The student properly applied the tangent condition by equating the distance from the center to the line to the radius.', 'Q15_solve_center': 'The student solved the system correctly to find the center as (3,0).', 'Q15_find_radius': 'The radius was determined correctly as √2.', 'Q15_final_equation': 'The final circle equation is correctly stated as (x-3)^2 + y^2 = 2.'}",,2153
Math_ShortAns_18,"{'C1_setup_recurrence': 0, 'C2_group_terms': 0, 'C3_compute_partial_sums': 0, 'C4_final_answer': 0}",0,"{'C1_setup_recurrence': 'The student misapplied the recurrence by writing a2 + a1 = 1 instead of a2 - a1 = 1, showing a misunderstanding of the alternating sign.', 'C2_group_terms': 'The student did not group the terms into odd-indexed and even-indexed pairs as required.', 'C3_compute_partial_sums': 'No correct computation was performed. The student’s approach led to an arbitrary estimate rather than using the arithmetic progression and constant sum approach.', 'C4_final_answer': 'The final answer of 240 is incorrect and unsupported by any valid reasoning.'}",1.0,2444
Math_ShortAns_19,"{'C1_setup_recurrence': 0, 'C2_group_terms': 0, 'C3_compute_partial_sums': 0, 'C4_final_answer': 0}",0,"{'C1_setup_recurrence': 'Incorrect recurrence relations; the signs for a1 and a2 were reversed.', 'C2_group_terms': 'The answer does not identify or group odd and even indexed terms as required.', 'C3_compute_partial_sums': 'No correct computation of partial sums; the arithmetic progression and constant grouping were not used.', 'C4_final_answer': 'Final answer is incorrect; it does not match the correct sum of 1830.'}",,2034
Math_ShortAns_22,"{'P1_recurrence': 2, 'P2_initial_value_and_AP': 2, 'P3_general_term': 2, 'P4_expression_for_bn': 3, 'P5_sum_telescope': 3}",12,"{'P1_recurrence': 'Correct subtraction and derivation leading to aₙ₊₁ - aₙ = 2.', 'P2_initial_value_and_AP': 'Correctly solved for a₁ = 3 and identified an arithmetic progression.', 'P3_general_term': 'The general term aₙ = 3 + 2(n - 1) = 2n + 1 is derived correctly.', 'P4_expression_for_bn': 'Correct substitution into bₙ = 1/(aₙaₙ₊₁) and proper use of partial fractions to obtain the telescoping form.', 'P5_sum_telescope': 'The telescoping series was correctly summed to yield Tₙ = ½(1/3 - 1/(2n+3)) and its equivalent form.'}",,3310
Math_ShortAns_23,"{'P1_recurrence': 0, 'P2_initial_value_and_AP': 0, 'P3_general_term': 0, 'P4_expression_for_bn': 0, 'P5_sum_telescope': 0}",0,"{'P1_recurrence': 'The student did not correctly derive the recurrence relation aₙ₊₁ - aₙ = 2; the subtraction and algebraic manipulation were not properly executed.', 'P2_initial_value_and_AP': 'The student did not solve for a₁ from the equation a₁² + 2a₁ = 4a₁ + 3 nor did they identify that the sequence is an arithmetic progression with common difference 2.', 'P3_general_term': 'No correct general term was provided; the attempts via guessing did not yield the arithmetic sequence aₙ = 2n + 1.', 'P4_expression_for_bn': 'The substitution into bₙ and the subsequent partial fraction decomposition were incorrect, as the student assumed bₙ = 1/((n+1)(n+2)) instead of using the correct value for aₙ.', 'P5_sum_telescope': 'The telescoping sum was not properly derived, leading to a nonsensical final answer that does not match the required telescoping cancellation.'}",1.0,3662
Math_ShortAns_26,"{'I_simplification': 3, 'I_angle_C': 2, 'II_cosine_relation_and_sum': 2, 'II_area_and_perimeter': 5}",12,"{'I_simplification': 'The solution correctly applied the sine law and trigonometric identities, showing the step sinAcosB + sinBcosA = sin(A+B) and using the fact that A+B = π - C.', 'I_angle_C': 'The solution correctly deduced cos C = 1/2 and concluded that C = π/3.', 'II_cosine_relation_and_sum': 'The cosine law is correctly applied to derive the relation and transform it to (a+b)² - 3ab = 7.', 'II_area_and_perimeter': 'The area formula is correctly used to find ab = 6, then (a+b) is determined from the equation, leading to the correct perimeter 5 + √7.'}",,2723
Math_ShortAns_27,"{'I_simplification': 0, 'I_angle_C': 0, 'II_cosine_relation_and_sum': 0, 'II_area_and_perimeter': 0}",0,"{'I_simplification': 'The student failed to apply the sine law and trigonometric identities correctly; instead of simplifying via sinAcosB + sinBcosA = sin(A+B) and A+B = π - C, they arbitrarily set x = a cosB + b cosA = 1.', 'I_angle_C': 'The student incorrectly deduced C = 90° rather than canceling sinC to obtain cosC = 1/2 and then C = π/3.', 'II_cosine_relation_and_sum': 'There is no proper application of the cosine law to derive the relation (a+b)² - 3ab = 7. The student’s approach does not match the required method.', 'II_area_and_perimeter': 'Based on the incorrect angle C, the student used the area formula incorrectly and made unjustified assumptions for side lengths, leading to an incorrect perimeter.'}",,2748
Math_ShortAns_28,"{'I_simplification': 0, 'I_angle_C': 0, 'II_cosine_relation_and_sum': 0, 'II_area_and_perimeter': 2}",2,"{'I_simplification': 'The student did not apply the sine law or the sine addition formula to simplify the given condition as required.', 'I_angle_C': 'Instead of deducing cos C from the simplified equation, the student wrongly assumed cos C = 0, leading to an incorrect C = 90°.', 'II_cosine_relation_and_sum': 'The student did not use the cosine law to set up the proper relation between the sides; no valid derivation is present.', 'II_area_and_perimeter': 'Although the final perimeter (5 + √7) is correct, the student only stated an assumption (a+b = 5) without the required derivation using the area formula and cosine law.'}",0.95,3270
Math_ShortAns_31,"{'C1_proof_subtraction': 0, 'C2_conclusion_partI': 0, 'C3_assumption_arithmetic': 0, 'C4_derivation_condition': 0, 'C5_final_conclusion': 0}",0,"{'C1_proof_subtraction': 'The student did not set up the equations or subtract them to obtain aₙ₊₁(aₙ₊₂ - aₙ) = λaₙ₊₁.', 'C2_conclusion_partI': 'The necessary division using aₙ₊₁ ≠ 0 to conclude that aₙ₊₂ - aₙ = λ is missing.', 'C3_assumption_arithmetic': 'The student mentions the arithmetic sequence form but fails to relate aₙ₊₂ - aₙ = 2d with λ.', 'C4_derivation_condition': 'There is no correct substitution of the arithmetic form into Sₙ nor derivation of the condition for λ.', 'C5_final_conclusion': 'The student concludes that no λ makes the sequence arithmetic, which contradicts the correct conclusion of λ = 4.'}",,3610
Math_ShortAns_32,"{'C1_proof_subtraction': 0, 'C2_conclusion_partI': 0, 'C3_assumption_arithmetic': 1, 'C4_derivation_condition': 0, 'C5_final_conclusion': 0}",1,"{'C1_proof_subtraction': 'The student did not set up the subtraction of the given equations to derive aₙ₊₁(aₙ₊₂ - aₙ) = λaₙ₊₁.', 'C2_conclusion_partI': 'The student did not use the nonzero condition of aₙ₊₁ to conclude aₙ₊₂ - aₙ = λ.', 'C3_assumption_arithmetic': 'The student correctly assumed an arithmetic sequence and computed aₙ₊₂ - aₙ = 2d, but then incorrectly argued that 2d cannot equal a constant λ, rather than deducing d = λ/2.', 'C4_derivation_condition': 'The student did not substitute the arithmetic form into the relation to derive the necessary condition.', 'C5_final_conclusion': 'The student incorrectly concluded that no value of λ will make the sequence arithmetic, rather than identifying λ = 4 as the unique value.'}",,4035
Math_ShortAns_33,"{'C1_proof_subtraction': 0, 'C2_conclusion_partI': 0, 'C3_assumption_arithmetic': 0, 'C4_derivation_condition': 0, 'C5_final_conclusion': 0}",0,"{'C1_proof_subtraction': 'The student did not set up or subtract the two key equations to obtain aₙ₊₁(aₙ₊₂ - aₙ) = λaₙ₊₁.', 'C2_conclusion_partI': 'There is no justification that uses aₙ₊₁ ≠ 0 to conclude aₙ₊₂ - aₙ = λ.', 'C3_assumption_arithmetic': 'The arithmetic sequence assumption was mentioned but not correctly used to deduce aₙ₊₂ - aₙ = 2d or d = λ/2.', 'C4_derivation_condition': 'No proper substitution or derivation was performed to arrive at the necessary condition for the sequence to be arithmetic.', 'C5_final_conclusion': 'The final conclusion is incorrect; the student did not correctly solve for λ and instead wrongly argued that no such λ exists.'}",,3515
Math_ShortAns_36,"{'Q18_Part1_event_identification': 1, 'Q18_Part1_calculation': 0, 'Q18_Part2_event_structure': 0, 'Q18_Part2_calculation': 0}",1,"{'Q18_Part1_event_identification': 'The answer only considered a single event (甲 wins first ball then second ball) and misapplied probabilities, missing the second mutually exclusive event.', 'Q18_Part1_calculation': 'The multiplication was done incorrectly (0.5×0.5 instead of 0.5×0.4) leading to the wrong result of 0.25.', 'Q18_Part2_event_structure': 'The answer does not correctly identify the necessary event structure for X=4 and 甲 winning; the sequences listed do not match the correct condition from the problem.', 'Q18_Part2_calculation': ""Both sequences' probability calculations used incorrect probabilities and order, resulting in an incorrect total probability.""}",1.0,3238
Math_ShortAns_37,"{'Q18_Part1_event_identification': 0, 'Q18_Part1_calculation': 0, 'Q18_Part2_event_structure': 0, 'Q18_Part2_calculation': 0}",0,"{'Q18_Part1_event_identification': 'The student did not correctly identify the two mutually exclusive events; only one event (and with wrong probability for the second ball) was mentioned.', 'Q18_Part1_calculation': 'The calculation for P(X=2) was performed incorrectly using 0.5×0.5 instead of using the proper probabilities (0.5×0.4 and 0.5×0.6).', 'Q18_Part2_event_structure': 'The event structure for X=4 and 甲 winning was not correctly identified as two orders for the first two balls (each winning one point) followed by two wins by 甲; the student’s approach was misguided.', 'Q18_Part2_calculation': 'The multiplication and addition steps used incorrect probabilities and sequences; the computations do not reflect the proper sequence required to compute the probability of X=4 and 甲 winning.'}",1.0,3243
Math_ShortAns_38,"{'Q18_Part1_event_identification': 1, 'Q18_Part1_calculation': 0, 'Q18_Part2_event_structure': 0, 'Q18_Part2_calculation': 0}",1,"{'Q18_Part1_event_identification': 'The student only partially identified one event and incorrectly described the second; needed to specify two mutually exclusive events involving serving probabilities.', 'Q18_Part1_calculation': 'Only one scenario was calculated (0.5 × 0.6) and summed to 0.3, which is incorrect compared to the correct sum of two scenarios.', 'Q18_Part2_event_structure': 'The event structure for X=4 and 甲 winning was misidentified. The correct structure involves two orders for the first two balls (each player wins one) followed by two consecutive wins by 甲.', 'Q18_Part2_calculation': 'The sequences used and arithmetic are incorrect; the proper multiplication of probabilities for the correct events should yield 0.1.'}",,3324
Math_ShortAns_41,"{'Q18_P1_equation_manipulation': 0, 'Q18_P1_angle_deduction': 1, 'Q18_P2_area_formula_setup': 0, 'Q18_P2_domain_derivation': 0, 'Q18_P2_final_range': 0}",1,"{'Q18_P1_equation_manipulation': 'The student misapplied the sine function property (confusing sin((180°-B)/2) with sin(B/2)) and did not correctly reduce the equation to sin((A+C)/2)=sin B.', 'Q18_P1_angle_deduction': 'Although the student states B = 60° (i.e. π/3), the justification is flawed and incomplete.', 'Q18_P2_area_formula_setup': 'The student incorrectly sets up the area formula (using 1/2ab sin C) and fails to properly incorporate the given conditions.', 'Q18_P2_domain_derivation': 'No valid derivation of the domain for angle C was provided under the acute triangle condition.', 'Q18_P2_final_range': 'The final range for the area is incorrect; the student merely guessed a range.'}",0.95,4304
Math_ShortAns_42,"{'Q18_P1_equation_manipulation': 0, 'Q18_P1_angle_deduction': 0, 'Q18_P2_area_formula_setup': 0, 'Q18_P2_domain_derivation': 0, 'Q18_P2_final_range': 0}",0,"{'Q18_P1_equation_manipulation': 'The student misapplied the given equation, incorrectly replacing A+C with B and wrongly using sin(B/2)=sinB.', 'Q18_P1_angle_deduction': 'Due to the initial error, the deduction of B=90° is entirely incorrect; the triangle angle sum was not correctly used.', 'Q18_P2_area_formula_setup': 'The setup of the area formula is incorrect; the student used S = 1/2 ab sin C instead of utilizing the given conditions with c=1 and B = π/3.', 'Q18_P2_domain_derivation': 'No proper derivation of the domain for angle C was provided; the reasoning based on a+b>1 is irrelevant.', 'Q18_P2_final_range': 'The final area range of (0, 1/2) is not aligned with the correct result of (√3/8, √3/2) and is inadequately justified.'}",1.0,3460
Math_ShortAns_45,"{'R1_find_common_difference': 3, 'R2_express_Sn_closed_form': 0, 'R3_derive_an_term': 0, 'R4_conclude_arithmetic_sequence': 0}",3,"{'R1_find_common_difference': 'Correctly computed d = √a₁ by using S₁ and S₂.', 'R2_express_Sn_closed_form': 'Did not derive the closed form for √Sₙ or Sₙ; only computed S₁ and S₂.', 'R3_derive_an_term': 'Failed to derive the general term aₙ from Sₙ.', 'R4_conclude_arithmetic_sequence': 'Incorrectly concluded that {aₙ} is not an arithmetic sequence, contrary to the required proof.'}",,2875
Math_ShortAns_46,"{'R1_find_common_difference': 3, 'R2_express_Sn_closed_form': 0, 'R3_derive_an_term': 0, 'R4_conclude_arithmetic_sequence': 0}",3,"{'R1_find_common_difference': 'The student correctly computed S1 and S2 and obtained √S2 - √S1 = 2√a1 - √a1 = √a1, meeting the requirement for R1.', 'R2_express_Sn_closed_form': 'The student did not derive or correctly express the closed form for √Sₙ or Sₙ; instead, they made an incorrect assumption about S₃.', 'R3_derive_an_term': 'The derivation of aₙ from Sₙ was not attempted correctly; the student assumed a value for a₃ instead of computing it via Sₙ - Sₙ₋₁.', 'R4_conclude_arithmetic_sequence': 'The student incorrectly concluded that the sequence {aₙ} is not arithmetic, conflicting with the required proof.'}",1,3408
Math_ShortAns_49,"{'C1_derive_recurrence': 4, 'C2_apply_geometric_condition': 3, 'C3_determine_general_formula': 2, 'C4_find_minimum_Sn': 3}",12,"{'C1_derive_recurrence': 'Correctly rewrote the equations, subtracted them, and concluded aₙ - aₙ₋₁ = 1.', 'C2_apply_geometric_condition': 'Accurately expressed a₄, a₇, a₉ in terms of a₁ and applied the geometric progression condition.', 'C3_determine_general_formula': 'Solved for a₁ and derived aₙ and Sₙ correctly.', 'C4_find_minimum_Sn': 'Correctly set up the quadratic expression for Sₙ and identified the minimum value.'}",,2366
Math_ShortAns_50,"{'C1_derive_recurrence': 0, 'C2_apply_geometric_condition': 1, 'C3_determine_general_formula': 0, 'C4_find_minimum_Sn': 0}",1,"{'C1_derive_recurrence': 'The student’s manipulation of the given equation is incorrect and no proper recurrence is derived.', 'C2_apply_geometric_condition': 'The expressions for a₄, a₇, and a₉ are correctly set up, but the application of the geometric condition is mishandled.', 'C3_determine_general_formula': 'No correct solving for a₁ or proper derivation of the general term and Sₙ was provided.', 'C4_find_minimum_Sn': 'The quadratic form of Sₙ is not correctly derived and the minimum value analysis is completely flawed.'}",0.95,3683
Math_ShortAns_53,"{'C1_prove_geom_sum': 3, 'C2_prove_arith_diff': 3, 'C3_find_general_terms': 0}",6,"{'C1_prove_geom_sum': 'The student properly defined cₙ = aₙ + bₙ and correctly added the recurrences to derive cₙ₊₁ = cₙ/2, which matches the expected geometric sequence.', 'C2_prove_arith_diff': 'The student correctly defined dₙ = aₙ - bₙ and subtracted the recurrences to obtain dₙ₊₁ = dₙ + 2, showing a valid arithmetic progression.', 'C3_find_general_terms': 'Instead of using the derived results to express aₙ and bₙ, the student computed a few numerical terms and then incorrectly guessed formulas (aₙ = n² + 1 and bₙ = n - 2) that do not satisfy the initial recurrences or match the expected closed forms.'}",1.0,3987
Math_ShortAns_54,"{'C1_prove_geom_sum': 1, 'C2_prove_arith_diff': 1, 'C3_find_general_terms': 0}",2,"{'C1_prove_geom_sum': 'Defined cₙ and set up the addition, but the computation is incorrect (error adding constants) and the conclusion is wrongly stated.', 'C2_prove_arith_diff': 'Introduced dₙ but made an arithmetic error in subtraction (omitted the constant difference) and incorrectly concluded it is geometric instead of arithmetic.', 'C3_find_general_terms': 'Attempted to determine general terms via a linear ansatz, but the approach is unsound and the final expressions are incorrect.'}",0.9,3855
Math_ShortAns_55,"{'C1_prove_geom_sum': 0, 'C2_prove_arith_diff': 3, 'C3_find_general_terms': 0}",3,"{'C1_prove_geom_sum': 'The student incorrectly derived the recurrence for cₙ, obtaining cₙ₊₁ = cₙ/2 + 1 instead of cₙ/2, so the proof for the geometric sequence is flawed.', 'C2_prove_arith_diff': 'The student correctly derived dₙ₊₁ = dₙ + 2, showing that the sequence {aₙ - bₙ} is arithmetic.', 'C3_find_general_terms': 'The student did not correctly derive the general term formulas and merely assumed a linear form, leading to wrong final expressions.'}",0.9,3464
Math_ShortAns_58,"{'C1_correlation_coefficient': 0, 'C2_outlier_detection': 1, 'C3_recomputed_statistics': 2}",3,"{'C1_correlation_coefficient': 'The student used incorrect centering for i (using 8.3 instead of 8.5) and made arbitrary substitutions leading to an absurd value (13.33). None of the required parts of the rubric were met.', 'C2_outlier_detection': 'The student’s computation of 3s is incorrect (0.75 instead of approximately 0.636), leading to an inaccurate valid range. They also misinterpret the presence of an outlier and conclude no inspection is needed.', 'C3_recomputed_statistics': 'The outlier was removed and the new mean of approximately 10.02 was computed correctly. However, the computed standard deviation (0.15) is incorrect, missing proper variance recalculation.'}",1.0,4544
Math_ShortAns_59,"{'C1_correlation_coefficient': 2, 'C2_outlier_detection': 4, 'C3_recomputed_statistics': 4}",10,"{'C1_correlation_coefficient': 'The answer gives the correct final value of r and its interpretation, but lacks the explicit formula and substitution details required by the rubric.', 'C2_outlier_detection': 'The valid range is correctly computed, the outlier (part 13) is correctly identified, and the need for production inspection is clearly stated.', 'C3_recomputed_statistics': 'The recalculated mean and standard deviation after removing the outlier are correctly computed and match the expected values.'}",,3721
Math_ShortAns_60,"{'C1_correlation_coefficient': 1, 'C2_outlier_detection': 1, 'C3_recomputed_statistics': 0}",2,"{'C1_correlation_coefficient': 'The student attempted a correlation calculation but used the wrong mean for i (8 instead of 8.5), miscomputed the numerator and denominator, and obtained an incorrect r value (-0.25 instead of -0.18). Only a minimal indication of the formula was given.', 'C2_outlier_detection': 'The student roughly computed the valid range (using 3s ≈ 0.6) but failed to correctly compare the given dimensions; notably, they missed identifying the outlier (part 13 at 9.22) and incorrectly concluded that all values were within range.', 'C3_recomputed_statistics': 'The student did not remove the identified outlier (erroneously claiming none existed) and computed a mean and standard deviation without properly accounting for the removal, leading to an entirely incorrect recalculation.'}",0.95,4053
Math_ShortAns_63,"{'C1_part1_setup_substitution': 2, 'C2_part1_proof_origin_on_circle': 1, 'C3_part2_setup_circle_condition': 1, 'C4_part2_solution_circle_line_equation': 1}",5,"{'C1_part1_setup_substitution': 'The student correctly sets up the vertical line case and substitutes into the parabola to obtain y² = 4, but only considers the special case and does not discuss the general line case fully.', 'C2_part1_proof_origin_on_circle': 'An attempt using the dot product is given; however, the dot product is miscalculated (4 - 8 instead of 0) and leads to the wrong conclusion.', 'C3_part2_setup_circle_condition': 'The student mentions that the circle passes through P and uses a distance comparison, but does not properly set up the condition (e.g. via the dot product or parameter equation) required to relate the parameter of the line.', 'C4_part2_solution_circle_line_equation': 'The student states a circle center (3,1) and radius √10, which corresponds to one possible answer, yet fails to derive the corresponding line equation or fully justify the result.'}",,5196
Math_ShortAns_64,"{'C1_part1_setup_substitution': 1, 'C2_part1_proof_origin_on_circle': 0, 'C3_part2_setup_circle_condition': 1, 'C4_part2_solution_circle_line_equation': 0}",2,"{'C1_part1_setup_substitution': 'The student sets up the line equation as y=k(x-2) and substitutes into y²=2x, but the expansion is incorrect and ignores the special (vertical) case, allocating only minimal credit.', 'C2_part1_proof_origin_on_circle': 'The student incorrectly determines the intersection points and uses a flawed argument instead of utilizing the dot product method to prove O lies on the circle.', 'C3_part2_setup_circle_condition': 'An attempt is made to apply the condition that P lies on the circle by substituting into the circle equation; however, the circle’s center is wrongly computed, leading to an incomplete derivation.', 'C4_part2_solution_circle_line_equation': 'The final derivation of the line and circle equations is incorrect and does not match the reference answer, with an ad hoc and erroneous computation.'}",0.95,4883
Math_ShortAns_67,"{'C1_circle_center_radius': 2, 'C2_dot_product_setup': 0, 'C3_M_trajectory_equation': 0, 'C4_geometric_perpendicularity_OP_OM': 0, 'C5_line_PM_equation': 0, 'C6_chord_length_and_distance': 0, 'C7_triangle_area_calculation': 0}",2,"{'C1_circle_center_radius': 'Correctly transformed the circle equation and identified center and radius.', 'C2_dot_product_setup': 'Did not set up the required vector dot product relation.', 'C3_M_trajectory_equation': 'Failed to derive the proper trajectory equation for M from the dot product condition.', 'C4_geometric_perpendicularity_OP_OM': 'Did not properly use |OP| = |OM| to deduce the perpendicularity condition.', 'C5_line_PM_equation': 'The line PM equation was not correctly derived; an incorrect guess was made.', 'C6_chord_length_and_distance': 'No valid computation of distances or chord length was provided.', 'C7_triangle_area_calculation': 'The triangle area was inconsistently computed and does not match the correct process or result.'}",,3912
Math_ShortAns_68,"{'C1_circle_center_radius': 2, 'C2_dot_product_setup': 0, 'C3_M_trajectory_equation': 0, 'C4_geometric_perpendicularity_OP_OM': 0, 'C5_line_PM_equation': 0, 'C6_chord_length_and_distance': 0, 'C7_triangle_area_calculation': 0}",2,"{'C1_circle_center_radius': 'Correctly transformed the circle and identified the center and radius.', 'C2_dot_product_setup': 'Did not set up the vector dot product relation required for the right-angle condition.', 'C3_M_trajectory_equation': 'Only provided a parametric representation without eliminating the parameter to obtain the circle equation.', 'C4_geometric_perpendicularity_OP_OM': 'Failed to use |OP| = |OM| to deduce the perpendicular relationship between ON and PM.', 'C5_line_PM_equation': 'Did not derive the correct line equation for PM from the perpendicular condition.', 'C6_chord_length_and_distance': 'Did not compute the required distances or apply the chord-length formula properly.', 'C7_triangle_area_calculation': 'Calculated the area using an incorrect point M, resulting in the wrong triangle area.'}",1,4148
Math_ShortAns_71,"{'E1_substitute_points': 2, 'E2_solve_final_equation': 2, 'E3_intersect_ellipse_line': 1, 'E4_construct_T_and_H': 1, 'E5_prove_fixed_point': 1}",7,"{'E1_substitute_points': ""The student correctly uses the ellipse's symmetry and substitutes A and B to obtain the system, arriving at the correct ellipse equation."", 'E2_solve_final_equation': 'The solution of the system is correctly done and the final standard form is accurate.', 'E3_intersect_ellipse_line': 'Only the vertical line case (x = 1) is handled; the nonvertical case with arbitrary slope is missing.', 'E4_construct_T_and_H': 'The final form of the line HN is provided for the vertical case, but the detailed construction of T and H using vector relations is omitted.', 'E5_prove_fixed_point': 'The student states that HN always passes through (0,-2) but does not provide a complete justification or proof.'}",0.9,4126
Math_ShortAns_72,"{'E1_substitute_points': 2, 'E2_solve_final_equation': 2, 'E3_intersect_ellipse_line': 1, 'E4_construct_T_and_H': 0, 'E5_prove_fixed_point': 0}",5,"{'E1_substitute_points': 'Correctly set up the ellipse equation and used point A and B to obtain equations.', 'E2_solve_final_equation': 'Solved correctly for a² and b² and provided the standard form of the ellipse.', 'E3_intersect_ellipse_line': 'Provided the correct line equation through P and indicated substitution into the ellipse, but details on finding M and N are incomplete.', 'E4_construct_T_and_H': 'The construction of T and H is unclear and does not properly apply the vector relation; therefore, no credit.', 'E5_prove_fixed_point': 'The argument does not show that HN passes through the correct fixed point (0,-2) and instead claims (0,0); hence, no credit.'}",,4337
Math_ShortAns_75,"{'C1_identify_points': 0, 'C2_ellipse_equation': 0, 'C3_line_setup_and_case_analysis': 1, 'C4_fixed_point_proof': 0}",1,"{'C1_identify_points': 'The solution fails to correctly identify the three points on C. The symmetry argument was not used, and the student mis-computed the result for P2.', 'C2_ellipse_equation': 'The substitution is done incorrectly, resulting in an arbitrary choice of a = 5 and b = 3, which does not satisfy the conditions.', 'C3_line_setup_and_case_analysis': 'There is an attempt to set up the line (using y = kx + 1) and refer to the sum of slopes, but the case analysis is incomplete and lacks the proper reasoning.', 'C4_fixed_point_proof': 'The fixed point is not rigorously derived; the argument is vague and does not show the required algebraic derivation leading to (2, -1).'}",0.95,4248
Math_ShortAns_76,"{'C1_identify_points': 0, 'C2_ellipse_equation': 2, 'C3_line_setup_and_case_analysis': 1, 'C4_fixed_point_proof': 0}",3,"{'C1_identify_points': 'The student did not correctly identify the three points on the ellipse and incorrectly included P1, failing to use symmetry to exclude it.', 'C2_ellipse_equation': 'Although the substitution using P2 and P3 yielded the correct values (a² = 4, b² = 1) and the correct equation, the reliance on all four points is inconsistent with the requirement.', 'C3_line_setup_and_case_analysis': 'The student set up the line as y = kx + 1 but did not analyze the special vertical case or properly justify the intersection conditions.', 'C4_fixed_point_proof': 'The derivation for the fixed point is incomplete, merely stating that k1 + k2 = -1 without showing how it leads to the fixed point (2, -1).'}",0.95,4673
Math_ShortAns_77,"{'C1_identify_points': 1, 'C2_ellipse_equation': 3, 'C3_line_setup_and_case_analysis': 3, 'C4_fixed_point_proof': 3}",10,"{'C1_identify_points': 'Correctly identified P2, P3, and P4 using symmetry and excluded P1.', 'C2_ellipse_equation': 'Accurately substituted points to obtain a² = 4 and b² = 1, and correctly wrote the ellipse equation.', 'C3_line_setup_and_case_analysis': 'Considers both the vertical line (undefined slope) and the general case, though the discussion is brief.', 'C4_fixed_point_proof': 'Mentions applying the slope condition and verifying the fixed point by substituting x = 2, but the algebraic derivation is not fully detailed.'}",0.9,3808
Math_ShortAns_80,"{'P1_rewrite_and_deriv': 1, 'P2_monotonicity_sign': 2, 'P3_extremum_condition': 0, 'P4_second_derivative_analysis': 0}",3,"{'P1_rewrite_and_deriv': ""Rewrote f(x) correctly for a=0 but did not fully derive f'(x) as required."", 'P2_monotonicity_sign': 'Gave a sign analysis based solely on ln(1+x) but did not use f(0)=0 or a rigorous derivative-based monotonicity argument.', 'P3_extremum_condition': ""Identified the need for f'(0)=0 and computed it, but did not obtain a condition in a to ensure x = 0 is an extremum; incorrectly concluded that any a works."", 'P4_second_derivative_analysis': 'No second derivative or monotonicity analysis was provided to justify that x = 0 is a maximum, leading to an arbitrary choice of a.'}",0.95,4410
Math_ShortAns_81,"{'P1_rewrite_and_deriv': 1, 'P2_monotonicity_sign': 1, 'P3_extremum_condition': 2, 'P4_second_derivative_analysis': 0}",4,"{'P1_rewrite_and_deriv': 'The student correctly rewrote f(x) for a=0 but their derivative computation is not properly carried out.', 'P2_monotonicity_sign': 'The sign analysis is attempted using ln(1+x), but the reasoning for x > 0 is flawed and lacks a proper monotonicity argument using f(0)=0.', 'P3_extremum_condition': ""The student correctly computes f'(0)=0, showing recognition that this is needed for an extremum."", 'P4_second_derivative_analysis': 'No proper second derivative or further monotonicity analysis is provided to identify the specific value of a; the conclusion that a can be arbitrary is incorrect.'}",,4287
Math_ShortAns_84,"{'C1_differentiation_and_monotonicity': 0, 'C2_identifying_critical_point': 0, 'C3_transforming_the_inequality': 0, 'C4_final_justification': 0}",0,"{'C1_differentiation_and_monotonicity': 'The student incorrectly differentiated ax^2 (used ax^2 instead of 2ax) and did not properly discuss the three cases for a.', 'C2_identifying_critical_point': 'The critical point x = -1/(2a) was not identified at all.', 'C3_transforming_the_inequality': 'No effort was made to evaluate f(x) at the critical point or transform the inequality using the substitution t = -1/a.', 'C4_final_justification': 'There is no valid justification for the final inequality; the maximum was not correctly determined.'}",1.0,3409
Math_ShortAns_85,"{'C1_differentiation_and_monotonicity': 4, 'C2_identifying_critical_point': 4, 'C3_transforming_the_inequality': 3, 'C4_final_justification': 1}",12,"{'C1_differentiation_and_monotonicity': 'The derivative is correctly computed and the sign analysis for a=0, a>0, and a<0 is properly discussed, despite minor formatting errors.', 'C2_identifying_critical_point': 'The critical point x = -1/(2a) is correctly identified along with the corresponding monotonicity change.', 'C3_transforming_the_inequality': 'The inequality is properly transformed by evaluating f(-1/(2a)) and the substitution t=-1/a is correctly applied.', 'C4_final_justification': 'The auxiliary function g(t) is analyzed correctly to conclude the desired result.'}",0.95,4172
Math_ShortAns_86,"{'C1_differentiation_and_monotonicity': 1, 'C2_identifying_critical_point': 0, 'C3_transforming_the_inequality': 0, 'C4_final_justification': 0}",1,"{'C1_differentiation_and_monotonicity': 'The derivative is computed correctly, but the monotonicity analysis is oversimplified and lacks the necessary case distinctions (a=0, a>0, a<0).', 'C2_identifying_critical_point': 'The answer does not identify or correctly solve for the critical point x = -1/(2a) for a < 0.', 'C3_transforming_the_inequality': 'The transformation of the inequality was not performed correctly; instead of evaluating f at the critical point and substituting t = -1/a, the answer mistakenly evaluates f(1).', 'C4_final_justification': 'The final justification is not provided; the answer does not complete the proof of the inequality.'}",1.0,3700
Math_ShortAns_89,"{'I1_compute_derivative': 2, 'I2_find_m_value': 2, 'I3_monotonicity': 0, 'II1_condition_m_leq_2': 1, 'II2_minimum_value': 0, 'II3_prove_f_positive': 0}",5,"{'I1_compute_derivative': 'The student correctly indicates the derivative and uses it in the substitution step.', 'I2_find_m_value': 'The substitution at x=0 and solving for m is done correctly, yielding m=1.', 'I3_monotonicity': 'The analysis of monotonicity is merely announced with no further details or justification.', 'II1_condition_m_leq_2': 'The student states the approach of focusing on the case m=2 but does not explain why this suffices for all m ≤ 2.', 'II2_minimum_value': 'No analysis or identification of the unique minimum point (x₀ in (-1, 0)) is provided.', 'II3_prove_f_positive': 'The proof that f(x) is positive (by showing f(x₀) > 0) is not attempted.'}",0.95,3680
Math_ShortAns_90,"{'I1_compute_derivative': 2, 'I2_find_m_value': 2, 'I3_monotonicity': 0, 'II1_condition_m_leq_2': 0, 'II2_minimum_value': 0, 'II3_prove_f_positive': 0}",4,"{'I1_compute_derivative': 'Correct derivative computation.', 'I2_find_m_value': 'Correct substitution and solution yielding m=1.', 'I3_monotonicity': 'Incorrect analysis of monotonicity; did not identify proper intervals or justified behavior.', 'II1_condition_m_leq_2': 'Did not justify why proving the case m=2 covers all m ≤ 2.', 'II2_minimum_value': 'No proper analysis or identification of the unique minimum point for m=2 was given.', 'II3_prove_f_positive': 'Failed to prove that the minimum value of f(x) for m=2 is positive; reasoning is flawed.'}",,3807
Math_ShortAns_93,"{'P1_proof_f_ge_1': 4, 'P2_unique_zero_a_value': 0}",4,"{'P1_proof_f_ge_1': 'The student correctly computed f(0) and substituted a = 1, but did not fully analyze the derivative over [0,∞); the argument relies on checking a few values rather than a complete monotonicity proof.', 'P2_unique_zero_a_value': 'The answer for part (2) is incorrect. The student did not use the correct approach to identify the unique minimum of G(x) and erroneously picked a = 2 instead of computing a = e²/4.'}",,3543
Math_ShortAns_94,"{'P1_proof_f_ge_1': 3, 'P2_unique_zero_a_value': 0}",3,"{'P1_proof_f_ge_1': ""Substitution of a=1 and computing f(0)=1 is correct (2 pts). Although the derivative f'(x) is mentioned, no proper derivative sign analysis or monotonicity argument is provided to fully justify that f(x) ≥ 1, so only partial credit (1 additional point) is awarded."", 'P2_unique_zero_a_value': 'The answer gives an incorrect interpretation by mistakenly claiming that e^x tends to zero for large x and suggesting a guess like a=3 or 4. There is no correct derivative analysis or computation of G(x) leading to a = e²/4.'}",0.95,3568
Math_ShortAns_95,"{'P1_proof_f_ge_1': 5, 'P2_unique_zero_a_value': 0}",5,"{'P1_proof_f_ge_1': ""The answer correctly substitutes a=1 and computes f(0)=1, and provides the derivative f'(x)=e^x-2x. However, the analysis of the derivative’s sign is superficial, relying on the general idea that e^x grows faster than x² rather than a precise monotonicity argument. The conclusion f(x) ≥ 1 is stated, but the argument is not fully rigorous."", 'P2_unique_zero_a_value': ""The approach for part (2) is incorrect. The student incorrectly relates the uniqueness of the zero with the behavior of f'(x) without analyzing the function G(x)=e^x/x² or its minimum at x=2, and ultimately concludes a=1/2, which does not match the correct value a=e²/4.""}",1.0,4064
Math_ShortAns_98,"{'C1_f_analysis': 1, 'C2_a_value': 1, 'C3_ln_inequality': 0, 'C4_m_value': 0}",2,"{'C1_f_analysis': 'The student correctly notes f(1)=0 but fails to differentiate f(x) or analyze the cases based on the derivative, so only minimal credit is given.', 'C2_a_value': 'While the student concludes a = 1, they do not use the proper method (minimum at x = a) to justify this result.', 'C3_ln_inequality': 'The solution does not apply the logarithmic inequality ln(1+1/2^k) < 1/2^k or sum the series as required.', 'C4_m_value': 'The student’s estimation of the product is flawed, leading to an incorrect result for m; they incorrectly approximate the product and conclude m = 2.'}",0.95,4567
Math_ShortAns_99,"{'C1_f_analysis': 0, 'C2_a_value': 0, 'C3_ln_inequality': 0, 'C4_m_value': 0}",0,"{'C1_f_analysis': 'The student failed to differentiate f(x) correctly and did not analyze the behavior by considering cases. The reasoning was vague and unsystematic.', 'C2_a_value': 'The student’s reasoning did not determine the minimum condition correctly and wrongly concluded a = -1, contrary to the correct deduction.', 'C3_ln_inequality': 'The student misinterpreted the inequality, incorrectly analyzed the logarithmic terms and summation, and did not use the proper inequality ln(1+1/2^k) < 1/2^k.', 'C4_m_value': 'The student improperly computed the product, claiming it tends to 0, and erroneously deduced m = 1 without correct justification.'}",,3152
Math_ShortAns_100,"{'C1_f_analysis': 3, 'C2_a_value': 3, 'C3_ln_inequality': 3, 'C4_m_value': 2}",11,"{'C1_f_analysis': ""The derivative was correctly computed as f'(x)=1-a/x, f(1)=0 was noted, and the case splitting for a<=0 and a>0 was properly discussed."", 'C2_a_value': 'The answer correctly identifies that when a>0, the minimum occurs at x=a and that for a≠1 the minimum value f(a) < f(1)=0, leading to the conclusion a=1.', 'C3_ln_inequality': 'The logarithmic inequality ln(1+1/2^k) < 1/2^k is properly applied and the summation of the geometric series to bound the product by e is correctly handled.', 'C4_m_value': 'The answer shows that the product is bounded between 2 and e for n>=3, suggesting m should be 3. However, the final value m=3 is not explicitly stated, leading to a slight deduction.'}",1.0,4067
Math_ShortAns_103,"{'C1_compute_derivative': 0, 'C2_monotonicity_extremum': 0, 'C3_root_existence_and_count': 1, 'C4_reciprocal_relation': 0}",1,"{'C1_compute_derivative': 'The derivative is computed incorrectly and the domain is not mentioned.', 'C2_monotonicity_extremum': ""The analysis of the derivative's monotonicity is flawed (incorrect sign and conclusion about monotonicity)."", 'C3_root_existence_and_count': 'Some sign change evaluation is attempted; however, only one root existence is hinted at rather than exactly two.', 'C4_reciprocal_relation': 'The reciprocal relation between the roots is not addressed at all.'}",,3011
Math_ShortAns_104,"{'C1_compute_derivative': 1, 'C2_monotonicity_extremum': 3, 'C3_root_existence_and_count': 3, 'C4_reciprocal_relation': 2}",9,"{'C1_compute_derivative': ""The student correctly states the function's domain but does not explicitly show the derivative or its expression, so minimal credit is given."", 'C2_monotonicity_extremum': ""They mention analyzing the derivative's monotonicity and conclude a unique extremum, which meets the requirement despite a lack of detail."", 'C3_root_existence_and_count': 'They correctly conclude the existence of exactly two real roots and indicate the intervals, but do not provide specific function evaluations; thus, partial credit.', 'C4_reciprocal_relation': 'The reciprocal relationship is stated clearly, establishing that 1/a is the other root.'}",0.9,2963
Math_ShortAns_105,"{'C1_compute_derivative': 2, 'C2_monotonicity_extremum': 3, 'C3_root_existence_and_count': 1, 'C4_reciprocal_relation': 1}",7,"{'C1_compute_derivative': 'The derivative is computed correctly, but the domain (x > 0) is not mentioned.', 'C2_monotonicity_extremum': ""The monotonicity analysis is properly demonstrated using g'(x) > 0, leading to a unique solution for f'(x) = 0."", 'C3_root_existence_and_count': 'The evaluations are flawed: f(1) is miscalculated and f(0.5) is incorrectly claimed to be positive, leading to an incorrect sign analysis for the roots.', 'C4_reciprocal_relation': 'The reciprocal relationship is merely stated without a proper algebraic justification.'}",,3730
Math_ShortAns_108,"{'C1_evaluate_f1': 1, 'C2_deduce_parameter_condition': 0, 'C3_identify_zero_ordering': 0, 'C4_transform_inequality': 0, 'C5_prove_inequality_via_monotonicity': 0}",1,"{'C1_evaluate_f1': 'The student correctly computed f(1) = e + 1 - a, but failed to clearly state that x = 1 is the minimum and subsequently misused the result by reversing the inequality.', 'C2_deduce_parameter_condition': 'The deduction of the parameter condition is incorrect; the correct condition a ≤ e+1 was not obtained.', 'C3_identify_zero_ordering': 'The student incorrectly assumed both zeros lie in [1,2] instead of identifying one zero in (0,1) and the other in (1,+∞).', 'C4_transform_inequality': 'No valid transformation of the condition x1x2 < 1 was provided; the approach taken is flawed.', 'C5_prove_inequality_via_monotonicity': 'The monotonicity argument is misapplied and the student’s reasoning using a midpoint example does not constitute a valid proof.'}",,4039
Math_ShortAns_109,"{'C1_evaluate_f1': 2, 'C2_deduce_parameter_condition': 3, 'C3_identify_zero_ordering': 1, 'C4_transform_inequality': 1, 'C5_prove_inequality_via_monotonicity': 0}",7,"{'C1_evaluate_f1': 'Correct computation of f(1) and clear identification of the minimum at x = 1.', 'C2_deduce_parameter_condition': 'Properly deduced that a ≤ e + 1 from f(1) ≥ 0.', 'C3_identify_zero_ordering': 'Correctly identified the ordering x1 < 1 < x2.', 'C4_transform_inequality': 'Attempted to transform the inequality but made errors (omitting factor x and notation issues) leading to an incomplete transformation.', 'C5_prove_inequality_via_monotonicity': 'The monotonicity proof is not rigorously completed and contains notational and logical errors.'}",,4246
Math_ShortAns_112,"{'P1_focus_relation': 3, 'P1_parabola_equation': 1, 'P2_parameterization_and_relation': 2, 'P2_angle_maximization': 2, 'P2_final_line_equation': 2}",10,"{'P1_focus_relation': 'Correctly identified the focus and set up the relation |MF| = p + p/2 = 3.', 'P1_parabola_equation': 'Accurately computed p = 2 and substituted into the equation to obtain y² = 4x.', 'P2_parameterization_and_relation': 'Parameters for M, N, A, B are introduced, but the derivation of the slope relation is only mentioned vaguely without detailed computation.', 'P2_angle_maximization': 'Mentions using the tangent difference formula and inequality for maximizing a−β but lacks the detailed derivation to show k_AB = (√2)/2 explicitly.', 'P2_final_line_equation': 'The final line equation is correctly stated as x = √2 y + 4.'}",0.95,3955
Math_ShortAns_113,"{'P1_focus_relation': 0, 'P1_parabola_equation': 0, 'P2_parameterization_and_relation': 0, 'P2_angle_maximization': 0, 'P2_final_line_equation': 0}",0,"{'P1_focus_relation': 'The student incorrectly derived the relation by setting |x1 - p/2| = 3, misusing the distance formula instead of using the correct relation p + p/2 = 3.', 'P1_parabola_equation': 'There is no proper computation for p; the student leaves the parabola equation in its general form without determining p = 2.', 'P2_parameterization_and_relation': ""The answer lacks a clear parameterization of the points and does not correctly apply Vieta's formulas or derive the necessary slope relations between MN and AB."", 'P2_angle_maximization': 'The student did not provide a correct derivation using the tangent difference formula or establish the condition k_AB = (√2)/2 for maximizing a - β.', 'P2_final_line_equation': 'The final line equation is not correctly derived; the provided form y = -(k/3)(x - p) does not match the expected line x = √2 y + 4.'}",0.95,4086
Math_ShortAns_114,"{'P1_focus_relation': 0, 'P1_parabola_equation': 0, 'P2_parameterization_and_relation': 0, 'P2_angle_maximization': 0, 'P2_final_line_equation': 0}",0,"{'P1_focus_relation': 'The student incorrectly identifies the focus as (p, 0) instead of (p/2, 0) and sets up an incorrect relation based on that.', 'P1_parabola_equation': 'The solution does not compute p nor provide the correct parabola equation (y² = 4x).', 'P2_parameterization_and_relation': ""There is no proper parameterization of points M, N, A, and B, nor is Vieta's formula correctly applied."", 'P2_angle_maximization': 'The student does not use the tangent difference formula or proper inequalities to derive the condition for maximum angle difference.', 'P2_final_line_equation': 'The final derived line equation is incorrect; the student gives y = 0 instead of the required x = √2 y + 4.'}",,3830
Math_ShortAns_117,"{'C1_derivative_setup': 1, 'C2_function_expression': 0, 'C3_monotonicity_analysis': 1, 'C4_inequality_optimization': 0}",2,"{'C1_derivative_setup': ""The student correctly computed the derivative f'(x) but did not substitute x = 1 or deduce f(0) = 1."", 'C2_function_expression': 'The student left the answer in terms of k and c without solving for the constants or obtaining the correct function expression.', 'C3_monotonicity_analysis': 'The derivative was restated but the sign analysis is incomplete; only an increasing interval for x ≥ 0 was given, missing the decreasing interval.', 'C4_inequality_optimization': 'The transformation of the inequality and the optimization process were not correctly addressed, leading to an incorrect conclusion.'}",,3590
Math_ShortAns_118,"{'C1_derivative_setup': 1, 'C2_function_expression': 0, 'C3_monotonicity_analysis': 1, 'C4_inequality_optimization': 1}",3,"{'C1_derivative_setup': 'The answer mentions differentiating and substituting x = 1, but gives no concrete details or computation of f(0).', 'C2_function_expression': ""No explicit evaluation of f(0) or f'(1) was shown, and the final form of f(x) is not provided."", 'C3_monotonicity_analysis': 'The response indicates that monotonicity is analyzed via the derivative but does not specify the intervals or rationale.', 'C4_inequality_optimization': 'The approach to transforming the inequality and analyzing h(x) is mentioned but lacks explicit calculation and determination of the maximal value.'}",,3419
Math_ShortAns_121,"{'C1_monotonicity': 1, 'C2_b_value': 1, 'C3_ln2_estimation': 0}",2,"{'C1_monotonicity': 'The student correctly computed the derivative but misapplied the inequality and erroneously concluded that f(x) is decreasing instead of increasing.', 'C2_b_value': 'The student correctly rewrote f(2x) and verified g(0)=0, but the subsequent analysis is flawed, leading to the incorrect conclusion that the maximum b value is 0.', 'C3_ln2_estimation': 'The estimation of ln2 is not derived from the provided bounds or the appropriate substitution; the final estimate is incorrect.'}",0.9,4169
Math_ShortAns_122,"{'C1_monotonicity': 0, 'C2_b_value': 2, 'C3_ln2_estimation': 1}",3,"{'C1_monotonicity': ""The student incorrectly differentiated f(x) (omitting the plus sign before e^(-x)) and their analysis of f'(x) is flawed; no proper inequality was used and the conclusion is ambiguous."", 'C2_b_value': 'While the student correctly rewrote g(x) in terms of exponentials and computed g(0) = 0, the analysis is incomplete. They only briefly test a case (b = 1) and merely state b = 2 without properly justifying why larger values fail.', 'C3_ln2_estimation': 'The student states an approximate value of ln 2 ≈ 0.693, which is numerically acceptable, but the method lacks a proper derivation or detailed use of the given bounds for √2.'}",0.9,4322
Math_ShortAns_125,"{'P1_derivative_calculation': 1, 'P2_monotonicity': 0, 'P3_periodicity_extrema': 0, 'P4_product_transformation': 0, 'P5_final_inequality': 0}",1,"{'P1_derivative_calculation': 'The student applied the product rule but did not simplify or correctly utilize trigonometric identities to match the expected form; minor errors lead to partial credit.', 'P2_monotonicity': 'The analysis is flawed: the student incorrectly argues that the function is monotonically decreasing on (0, π) by citing incorrect sign conditions.', 'P3_periodicity_extrema': 'The student failed to correctly determine the period and calculate the extrema; using x=π/4 is not valid for finding the maximum of |f(x)|.', 'P4_product_transformation': 'The required algebraic transformation of the product is missing; the student only noted an inequality that does not match the expected method.', 'P5_final_inequality': 'The final deduction is unjustified; merely noting sin² is ≤1 does not correctly yield the inequality, and no valid argument using the bound from part (2) was made.'}",1.0,4642
Math_ShortAns_126,"{'P1_derivative_calculation': 1, 'P2_monotonicity': 0, 'P3_periodicity_extrema': 1, 'P4_product_transformation': 0, 'P5_final_inequality': 0}",2,"{'P1_derivative_calculation': 'The derivative computation is attempted but has a coefficient mistake in the first term (missing factor of 2), so partial credit is given.', 'P2_monotonicity': ""The derivative's sign analysis is flawed, and the conclusion that f(x) is monotonically increasing on (0, π) is incorrect."", 'P3_periodicity_extrema': 'The answer omits discussion of periodicity and incorrectly identifies the extremum point, though it states the intended bound; minimal credit awarded.', 'P4_product_transformation': 'No correct algebraic transformation of the product into the required form was demonstrated.', 'P5_final_inequality': 'The final inequality is not properly derived; using the trivial bound 1 for each sine squared term does not justify the result.'}",,4679
Math_ShortAns_127,"{'P1_derivative_calculation': 2, 'P2_monotonicity': 0, 'P3_periodicity_extrema': 0, 'P4_product_transformation': 0, 'P5_final_inequality': 0}",2,"{'P1_derivative_calculation': 'The student correctly applied the product rule to obtain the derivative, so full marks for the differentiation step.', 'P2_monotonicity': 'The student incorrectly concludes that f(x) is increasing over (0, π) without analyzing the sign changes or identifying the correct critical points.', 'P3_periodicity_extrema': 'The student does not determine the period, nor evaluates the function at the critical points to establish the bound |f(x)| ≤ (3√3)/8.', 'P4_product_transformation': 'The student fails to perform the required algebraic transformation of the product into the form that involves exponentiation, relying incorrectly on sin²x ≤ 1.', 'P5_final_inequality': 'The use of the bound to deduce the final inequality is missing; the argument based on replacing factors by 1 does not reach the required conclusion.'}",,4575
Math_ShortAns_130,"{'Q22_rectangular_equation': 2, 'Q22_define_point_M': 0, 'Q22_parameterization_P': 0, 'Q22_intersection_analysis': 0}",2,"{'Q22_rectangular_equation': 'The student correctly converted the polar equation to x² + y² = 2√2 x but did not complete the square to express it in the form (x - √2)² + y² = 2.', 'Q22_define_point_M': 'The student only restated the polar coordinates for M without converting them to the required rectangular form.', 'Q22_parameterization_P': 'The student misapplied the vector relation by choosing a specific point for M, producing a single point rather than a proper parameterization in terms of θ.', 'Q22_intersection_analysis': 'The analysis regarding the intersection of the circles is missing and the conclusion is not justified.'}",,3994
Math_ShortAns_131,"{'Q22_rectangular_equation': 0, 'Q22_define_point_M': 0, 'Q22_parameterization_P': 0, 'Q22_intersection_analysis': 0}",0,"{'Q22_rectangular_equation': 'The conversion from polar to rectangular coordinates is incorrect. The student obtains inconsistent and contradictory equations without completing the square properly.', 'Q22_define_point_M': 'The student does not correctly determine the coordinates of point M in a form that aligns with the given polar equation.', 'Q22_parameterization_P': 'The vector relation is set up incorrectly and the parameterization for point P is not derived in terms of the parameter, exhibiting incorrect computation.', 'Q22_intersection_analysis': 'The student incorrectly concludes that curves C and C1 have common points, whereas the correct analysis shows no intersection.'}",,3399
Math_ShortAns_134,"{'C1_rectangular_C1': 0, 'C2_rectangular_C2': 0, 'C3_intersection_P': 0, 'C4_circle_equation': 0}",0,"{'C1_rectangular_C1': 'The student incorrectly derived the rectangular equation for C₁; instead of x+y=4, they obtained x = y-4.', 'C2_rectangular_C2': 'The elimination of the parameter for C₂ is done incorrectly; the correct approach should lead to x²-y²=4.', 'C3_intersection_P': 'The intersection point P is computed from the incorrect equations, resulting in an incorrect point (-2,2) instead of (5/2, 3/2).', 'C4_circle_equation': 'The polar equation of the circle is incorrectly derived; the correct polar form is ρ = (17/5) cos θ.'}",1.0,3149
Math_ShortAns_135,"{'C1_rectangular_C1': 2, 'C2_rectangular_C2': 2, 'C3_intersection_P': 1, 'C4_circle_equation': 3}",8,"{'C1_rectangular_C1': 'Correctly provided the rectangular equation x+y=4 with proper elimination of the parameter.', 'C2_rectangular_C2': 'Correctly simplified and obtained the rectangular equation x²-y²=4.', 'C3_intersection_P': 'Only mentioned solving for the intersection point without giving the computed coordinates; partial credit awarded.', 'C4_circle_equation': 'Final polar equation ρ = 17/5 cosθ is correct, though the detailed derivation was omitted.'}",0.95,3426
Math_ShortAns_138,"{'C1_convert_C1': 2, 'C2_convert_C2': 1, 'C3_find_intersection': 0, 'C4_circle_rectangular': 0, 'C5_convert_polar': 0}",3,"{'C1_convert_C1': 'Correctly derived the conversion for C₁ using the identity cos²θ+sin²θ=1 to obtain x+y=4.', 'C2_convert_C2': 'Attempted to eliminate parameter t but did not complete derivation to get x²-y²=4; partial setup merits 1 point.', 'C3_find_intersection': 'Did not properly solve the system to find the intersection point P.', 'C4_circle_rectangular': ""No correct derivation of the circle's rectangular equation using the conditions; answer is incomplete."", 'C5_convert_polar': 'No valid conversion to the polar equation was performed.'}",,3230
Math_ShortAns_139,"{'C1_convert_C1': 2, 'C2_convert_C2': 2, 'C3_find_intersection': 0, 'C4_circle_rectangular': 0, 'C5_convert_polar': 0}",4,"{'C1_convert_C1': 'Correctly derived x + y = 4 using the Pythagorean identity.', 'C2_convert_C2': 'Correctly eliminated t to obtain x² - y² = 4.', 'C3_find_intersection': 'Incorrectly substituted and solved the system; obtained wrong potential points instead of the unique intersection (5/2, 3/2).', 'C4_circle_rectangular': 'Failed to set up or properly derive the circle’s rectangular equation using the given conditions.', 'C5_convert_polar': 'Did not correctly convert the rectangular circle equation to polar form; final answer is incorrect.'}",,3382
Math_ShortAns_142,"{'Q23_1_AMGM': 0, 'Q23_1_Final': 0, 'Q23_2_Den_convex': 0, 'Q23_2_Compare': 0, 'Q23_2_Final': 0}",0,"{'Q23_1_AMGM': 'The student did not correctly apply the AM-GM inequality; instead, they unjustifiably assumed a=b=c without establishing the proper inequality.', 'Q23_1_Final': 'The student incorrectly concludes that abc ≥ 1/9 after miscomputing a and abc, reversing the intended inequality.', 'Q23_2_Den_convex': 'The student does not use the required denominator inequalities such as b+c ≥ 2√(bc) and instead uses an unrelated sum that is not valid.', 'Q23_2_Compare': 'There is no correct transformation of the fractions to the form involving a^(3/2) and √(abc); the manipulation is incorrect.', 'Q23_2_Final': 'The final result is stated in the wrong direction and does not match the intended inequality, lacking proper equality condition discussion.'}",0.95,3351
Math_ShortAns_143,"{'Q23_1_AMGM': 0, 'Q23_1_Final': 0, 'Q23_2_Den_convex': 0, 'Q23_2_Compare': 0, 'Q23_2_Final': 0}",0,"{'Q23_1_AMGM': 'The student misapplied the AM-GM inequality by reversing the inequality sign and incorrectly handling the exponents.', 'Q23_1_Final': 'They concluded abc ≤ 1/8 (and later abc ≤ 1/3) instead of correctly deducing abc ≤ 1/9, and failed to note the equality condition.', 'Q23_2_Den_convex': 'The solution does not invoke the correct lower bound b+c ≥ 2√(bc) (and similar for the other terms) to simplify the denominators.', 'Q23_2_Compare': 'The transformation of the expression is incorrect and the manipulations do not lead to the desired form.', 'Q23_2_Final': 'The final inequality is stated incorrectly (claiming ≤ 1/3) instead of the required form.'}",1.0,3240
Math_ShortAns_144,"{'Q23_1_AMGM': 3, 'Q23_1_Final': 2, 'Q23_2_Den_convex': 1, 'Q23_2_Compare': 3, 'Q23_2_Final': 1}",10,"{'Q23_1_AMGM': 'Correct application of AM-GM on a^(3/2), b^(3/2), and c^(3/2), leading to (abc)^(1/2) <= 1/3.', 'Q23_1_Final': 'Properly squares the inequality to obtain abc <= 1/9 and states the equality condition.', 'Q23_2_Den_convex': 'Correctly uses the inequality b+c >= 2√(bc) (and similar) to bound the denominators.', 'Q23_2_Compare': 'Successfully transforms the fractions to the form (a^(3/2)+b^(3/2)+c^(3/2))/(2√(abc)) and uses the condition a^(3/2)+b^(3/2)+c^(3/2)=1.', 'Q23_2_Final': 'Clearly states the final inequality and the equality condition.'}",,3320
Math_ShortAns_145,"{'Q23_1_AMGM': 2, 'Q23_1_Final': 0, 'Q23_2_Den_convex': 0, 'Q23_2_Compare': 0, 'Q23_2_Final': 0}",2,"{'Q23_1_AMGM': 'The student attempted to apply AM-GM but misapplied the exponent, using (abc)^(1/3) instead of the correct (abc)^(1/2).', 'Q23_1_Final': 'The manipulation is incorrect; cubing both sides yields an incorrect bound (abc <= 1/27) and the final value is wrong.', 'Q23_2_Den_convex': 'The student did not correctly use the inequality b+c ≥ 2√(bc) (and similarly for the others) to bound the denominators.', 'Q23_2_Compare': 'The transformation of the fractions is incorrect and does not yield the required form (a^(3/2)+b^(3/2)+c^(3/2))/(2√(abc)).', 'Q23_2_Final': 'The final stated inequality does not match the required result and the equality condition is not properly discussed.'}",1.0,3701
Math_ShortAns_148,"{'P1_rewrite_and_identify': 1, 'P1_Cauchy_application': 2, 'P1_equality_condition': 0, 'P2_substitution': 1, 'P2_weighted_inequality': 0}",4,"{'P1_rewrite_and_identify': 'The student did not explicitly rewrite 4c² as (2c)² or explain its suitability for Cauchy-Schwarz; only the original form was mentioned, so partial credit is awarded.', 'P1_Cauchy_application': 'The student correctly applied an inequality similar to Cauchy-Schwarz and substituted the condition to reach a + b + 2c ≤ 3.', 'P1_equality_condition': 'No equality condition was stated in the answer.', 'P2_substitution': 'The substitution b = 2c was done correctly, but the student did not use it to derive a + 4c ≤ 3 using part (1); partial credit is given.', 'P2_weighted_inequality': 'The student failed to set up and apply the weighted inequality correctly and concluded incorrectly that the result does not hold.'}",0.95,3704
Math_ShortAns_149,"{'P1_rewrite_and_identify': 1, 'P1_Cauchy_application': 2, 'P1_equality_condition': 0, 'P2_substitution': 1, 'P2_weighted_inequality': 0}",4,"{'P1_rewrite_and_identify': 'The student correctly rewrote 4c² as (2c)² and noted its use, but did not fully explain its necessity for employing Cauchy–Schwarz.', 'P1_Cauchy_application': 'They applied a valid inequality (QM-AM) to obtain the desired result even though it was not explicitly Cauchy–Schwarz; the final result was correctly attained.', 'P1_equality_condition': 'No discussion of the equality condition was provided.', 'P2_substitution': 'The student correctly substituted b = 2c but did not connect it to the result from part (1) to deduce a+4c ≤ 3.', 'P2_weighted_inequality': 'The approach to use a weighted inequality was incorrect; the student’s manipulation did not lead to the target inequality and ultimately concluded the wrong result.'}",,3758
Math_ShortAns_150,"{'P1_rewrite_and_identify': 0, 'P1_Cauchy_application': 0, 'P1_equality_condition': 0, 'P2_substitution': 1, 'P2_weighted_inequality': 0}",1,"{'P1_rewrite_and_identify': 'Did not correctly rewrite 4c² as (2c)² and failed to set up the proper form for applying Cauchy–Schwarz.', 'P1_Cauchy_application': 'Incorrect application of the Cauchy–Schwarz inequality led to an erroneous bound.', 'P1_equality_condition': 'No discussion of the equality condition was provided.', 'P2_substitution': 'Substituted b = 2c but did not correctly use the substitution to link back with part (1); partial credit given.', 'P2_weighted_inequality': 'No valid weighted inequality argument was presented.'}",0.95,3568
Math_ShortAns_153,"{'C1_apply_cauchy': 0, 'C2_utilize_given_condition': 1, 'C3_factorize_expression': 1, 'C4_apply_am_gm': 0, 'C5_final_conclusion': 0}",2,"{'C1_apply_cauchy': 'No proper application of Cauchy; the student never derived the inequality (a+b)(a^5+b^5) ≥ (a^3+b^3)^2.', 'C2_utilize_given_condition': 'The student mentions the condition only by checking a=1, b=1, which is insufficient but shows some basic connection.', 'C3_factorize_expression': 'The factorization a^3+b^3=(a+b)(a^2-ab+b^2) is mentioned, but further necessary steps are missing.', 'C4_apply_am_gm': 'There is no correct use of AM-GM to bound ab and deduce (a+b) ≤ 2.', 'C5_final_conclusion': 'The final conclusion is contradictory; the student incorrectly concludes a+b ≥ 2 instead of a+b ≤ 2.'}",,2843
Math_ShortAns_154,"{'C1_apply_cauchy': 0, 'C2_utilize_given_condition': 1, 'C3_factorize_expression': 2, 'C4_apply_am_gm': 0, 'C5_final_conclusion': 1}",4,"{'C1_apply_cauchy': 'The student did not apply the Cauchy inequality; they used a factorization approach instead, so no credit is given here.', 'C2_utilize_given_condition': 'The condition a³+b³=2 was mentioned and used in deriving s(s²-3ab)=2, but the substitution to get (a³+b³)²≥4 was not explicitly done.', 'C3_factorize_expression': 'The factorization a³+b³ = s(s²-3ab) was correctly derived (noting that (a+b)²-3ab equals a²-ab+b²), earning full credit.', 'C4_apply_am_gm': 'There is no proper application of the AM-GM inequality; the argument is vague and does not follow the rubric requirements.', 'C5_final_conclusion': 'The student states the final conclusions for both parts and notes the equality case with a = b = 1.'}",,3305
Math_ShortAns_155,"{'C1_apply_cauchy': 0, 'C2_utilize_given_condition': 2, 'C3_factorize_expression': 2, 'C4_apply_am_gm': 1, 'C5_final_conclusion': 0}",5,"{'C1_apply_cauchy': 'No application of the Cauchy (or similar) inequality was provided to relate (a+b)(a⁵+b⁵) to (a³+b³)².', 'C2_utilize_given_condition': 'The student correctly used the condition a³+b³ = 2, rewriting it as s(s²-3p)=2.', 'C3_factorize_expression': 'The factorization a³+b³ = (a+b)(a²-ab+b²) and derivation of s(s²-3ab)=2 were correctly performed.', 'C4_apply_am_gm': 'The attempt to use a contradiction argument in place of a proper AM-GM inequality yields only partial credit.', 'C5_final_conclusion': 'Final conclusions for both parts were stated, but the equality case (a=b=1) was not mentioned.'}",,3299
Math_ShortAns_158,"{'CP1_cauchy_application': 0, 'CP2_factorization_transformation': 2, 'CP3_amgm_inequality': 0, 'CP4_overall_clarity_and_justification': 1}",3,"{'CP1_cauchy_application': 'The student did not apply the Cauchy inequality as required; instead, they attempted to use factorization and a test case, which is insufficient.', 'CP2_factorization_transformation': 'The student correctly factors a³+b³ into s(s²-3p)=2, setting up the transformation.', 'CP3_amgm_inequality': 'There is no proper application of the AM-GM inequality to deduce (a+b) ≤ 2.', 'CP4_overall_clarity_and_justification': 'The explanation is unclear and incomplete, relying on a test case and lacking a rigorous overall justification.'}",,3283
Math_ShortAns_159,"{'CP1_cauchy_application': 0, 'CP2_factorization_transformation': 2, 'CP3_amgm_inequality': 0, 'CP4_overall_clarity_and_justification': 0}",2,"{'CP1_cauchy_application': 'The student did not apply Cauchy inequality; instead, they used a special case a=b=1, which does not establish the general inequality.', 'CP2_factorization_transformation': 'The student correctly factored a³+b³ as (a+b)(a²-ab+b²) and set up the relation using s and p.', 'CP3_amgm_inequality': 'The student did not apply the AM-GM inequality to derive the bound; instead, they argued by assuming a+b>2 without proper justification.', 'CP4_overall_clarity_and_justification': 'The overall argument is incoherent and does not adequately justify the results; it concludes that the inequalities may not hold, contrary to the expected proof.'}",,2654
Math_ShortAns_162,"{'C1_substitute_and_define_f': 2, 'C2_define_piecewise_g': 2, 'C3_solve_inequality_part1': 1, 'C4_solve_parameter_range_part2': 0, 'C5_overall_reasoning_and_justification': 0}",5,"{'C1_substitute_and_define_f': 'Correct substitution and definition of f(x) with proper identification as a quadratic function.', 'C2_define_piecewise_g': 'Correct piecewise definition of g(x) though the interval endpoints are slightly off, overall acceptable.', 'C3_solve_inequality_part1': 'The approach of splitting into cases is attempted but the algebraic solving and merging of intervals are incorrect, resulting in an incorrect final solution.', 'C4_solve_parameter_range_part2': 'The parameter analysis is completely wrong; the student concludes a is any real number instead of a in [-1,1].', 'C5_overall_reasoning_and_justification': 'The overall reasoning lacks coherence due to major mistakes in solving the inequality and parameter analysis.'}",,4057
Math_ShortAns_163,"{'C1_substitute_and_define_f': 2, 'C2_define_piecewise_g': 2, 'C3_solve_inequality_part1': 3, 'C4_solve_parameter_range_part2': 2, 'C5_overall_reasoning_and_justification': 1}",10,"{'C1_substitute_and_define_f': 'Correct substitution of a=1 and clear identification of f(x) as a downward opening quadratic.', 'C2_define_piecewise_g': 'Accurately expressed the piecewise definition of g(x) over the three intervals.', 'C3_solve_inequality_part1': 'Proper analysis of the inequality in the three cases and correct merging of solution intervals, matching the reference answer.', 'C4_solve_parameter_range_part2': 'Correctly set up and solved the endpoint inequalities to obtain a ∈ [-1,1].', 'C5_overall_reasoning_and_justification': 'Logical and coherent explanation throughout with clear justification in each part.'}",0.95,4738
Math_ShortAns_166,"{'C1_param_elimination': 0, 'C2_cartesian_to_polar': 0, 'C3_intersection_setup': 0, 'C4_intersection_solution': 0}",0,"{'C1_param_elimination': 'Student did not correctly eliminate the parameter; they merely asserted the circle center and radius without proper elimination.', 'C2_cartesian_to_polar': 'The substitution into polar coordinates is incorrect; the student provided ρ = 4 + 5 cos θ which is not equivalent to the correct polar form.', 'C3_intersection_setup': 'The system setup for intersections is flawed. Instead of using the accurate polar equation of C₁ or converting correctly, the student equated the wrong form leading to an incorrect equation.', 'C4_intersection_solution': 'The computed intersection point (θ ≈ -π/6) and assertion of infinitely many intersections are incorrect, missing the correct two intersection points.'}",,2976
Math_ShortAns_167,"{'C1_param_elimination': 3, 'C2_cartesian_to_polar': 2, 'C3_intersection_setup': 3, 'C4_intersection_solution': 2}",10,"{'C1_param_elimination': ""Correct elimination of the parameter t and derivation of the circle's equation."", 'C2_cartesian_to_polar': 'Correct substitution of x and y into polar coordinates yielding the proper polar equation.', 'C3_intersection_setup': ""Accurately converted C2's equation and set up the system with C1's Cartesian equation."", 'C4_intersection_solution': 'Correctly solved the system and expressed the intersection points in polar coordinates.'}",1.0,2577
Math_ShortAns_170,"{'C1_part1_expansion': 4, 'C2_part2_sign_deduction': 2, 'C3_part2_inequality_derivation': 3, 'C4_final_conclusion': 1}",10,"{'C1_part1_expansion': 'The student correctly expanded (a+b+c)^2 and deduced ab+bc+ca = -1/2(a^2+b^2+c^2), ensuring the expression is negative.', 'C2_part2_sign_deduction': 'The student correctly assumed max{a, b, c} = a and deduced that a > 0 and b, c < 0.', 'C3_part2_inequality_derivation': 'The derivation of a^3 = (b+c)^2/(bc) and the subsequent inequality leading to a^3 >= 4 is correctly performed.', 'C4_final_conclusion': 'The final conclusion that max{a, b, c} >= cube root of 4 is clearly and correctly stated.'}",,3777
Math_ShortAns_171,"{'C1_part1_expansion': 2, 'C2_part2_sign_deduction': 0, 'C3_part2_inequality_derivation': 0, 'C4_final_conclusion': 0}",2,"{'C1_part1_expansion': 'The student correctly expanded by substituting c = -a - b, but only provided a numerical example rather than a general proof using the expansion.', 'C2_part2_sign_deduction': 'The student did not correctly deduce the sign conditions (a > 0, b, c < 0) required for applying the method in part (2).', 'C3_part2_inequality_derivation': 'No proper derivation of a³ = (b+c)²/(bc) and the subsequent inequality a³ ≥ 4 was provided; the argument was incomplete and flawed.', 'C4_final_conclusion': 'The final conclusion was not rigorously derived; the student incorrectly deduced M ≥ 1 and did not justify the cube root of 4 result.'}",,3364
Math_ShortAns_174,"{'P1_apply_cauchy': 0, 'P1_equality_condition': 0, 'P1_final_answer': 0, 'P2_apply_cauchy': 0, 'P2_deduct_parameter': 1, 'P2_alternative_method': 0}",1,"{'P1_apply_cauchy': 'The student did not use the Cauchy inequality; instead, they substituted and expanded without a proper inequality argument.', 'P1_equality_condition': 'The student incorrectly assumed that x = y = z = 1/3 minimizes the expression, rather than identifying the correct equality condition from the Cauchy inequality.', 'P1_final_answer': 'The final answer given is 4, which is incorrect (should be 4/3).', 'P2_apply_cauchy': 'No proper application of the Cauchy inequality was demonstrated in part (2).', 'P2_deduct_parameter': 'The student states the correct parameter range (a ≤ -3 or a ≥ -1) but the reasoning is not justified sufficiently.', 'P2_alternative_method': 'No valid alternative method (like proof by contradiction) was provided.'}",,4098
Math_ShortAns_175,"{'P1_apply_cauchy': 0, 'P1_equality_condition': 0, 'P1_final_answer': 0, 'P2_apply_cauchy': 0, 'P2_deduct_parameter': 0, 'P2_alternative_method': 0}",0,"{'P1_apply_cauchy': 'Did not use or mention the Cauchy inequality; instead, substituted and expanded the expression.', 'P1_equality_condition': 'Failed to identify or apply the equality condition to determine when the minimum is achieved.', 'P1_final_answer': 'The final answer is incorrect; the correct minimum value is 4/3 but the student obtained 2.', 'P2_apply_cauchy': 'Did not correctly apply the Cauchy inequality to derive the inequality (a+2)^2 ≥ 1.', 'P2_deduct_parameter': 'The deduction of the parameter range for a is flawed and inconsistent with the required reasoning.', 'P2_alternative_method': 'No valid alternative method, such as a proof by contradiction, was provided.'}",,4212
Math_ShortAns_178,"{'Q1_min_value_derivation': 0, 'Q2_parameter_inequality_setup': 1, 'Q3_parameter_range_conclusion': 0}",1,"{'Q1_min_value_derivation': 'The student incorrectly used the condition (x+y+z=2 instead of 1) and failed to apply the Cauchy inequality, arriving at an incorrect minimum value.', 'Q2_parameter_inequality_setup': 'The student expanded the squares but did not correctly apply the Cauchy inequality to set up the inequality properly; only a minor step toward the correct approach was attempted.', 'Q3_parameter_range_conclusion': 'The final conclusion on the parameter range is inconsistent and incorrect, not matching the required derivation (the student reversed or misinterpreted the conditions).'}",,3111
Math_ShortAns_179,"{'Q1_min_value_derivation': 0, 'Q2_parameter_inequality_setup': 0, 'Q3_parameter_range_conclusion': 1}",1,"{'Q1_min_value_derivation': 'The student incorrectly approaches the problem by expanding the expression and incorrectly assumes an example, failing to use the Cauchy inequality and reaching the correct minimum value of 4/3.', 'Q2_parameter_inequality_setup': 'No proper application of the Cauchy inequality is shown; the student merely expands terms without properly setting up the inequality to isolate the parameter a.', 'Q3_parameter_range_conclusion': 'While the final answer a ≤ -3 or a ≥ -1 is stated, the derivation is not logically justified and lacks the required steps, earning only minimal credit.'}",,3595
Math_ShortAns_182,"{'P1_piecewise_definition': 3, 'P2_solve_f_ge_0': 2, 'P3_transform_f_le_1': 3, 'P4_solve_parameter_range': 2}",10,"{'P1_piecewise_definition': 'Correctly identified splitting points and derived the piecewise expressions.', 'P2_solve_f_ge_0': 'Solved the inequalities in each interval correctly and combined the solutions.', 'P3_transform_f_le_1': 'Properly transformed the inequality to |x+a| + |x-2| ≥ 4.', 'P4_solve_parameter_range': 'Accurately applied the triangle inequality to determine a ≤ -6 or a ≥ 2.'}",1.0,2570
Math_ShortAns_183,"{'P1_piecewise_definition': 3, 'P2_solve_f_ge_0': 2, 'P3_transform_f_le_1': 1, 'P4_solve_parameter_range': 0}",6,"{'P1_piecewise_definition': 'Correctly identified the splitting points (x=-1 and x=2) and derived the correct expressions for each interval.', 'P2_solve_f_ge_0': 'Solved the piecewise inequalities correctly and combined them to obtain the solution set [-2,3].', 'P3_transform_f_le_1': 'The student transformed the inequality by substituting a=1 instead of treating a as a parameter. Although the structure |x+a|+|x-2|>=4 appears, the transformation is only partially correct.', 'P4_solve_parameter_range': 'The final derivation for the range of a is incorrect (obtaining a<=0 instead of a<=-6 or a>=2).'}",0.95,3906
Math_ShortAns_186,"{'C1_substitution': 2, 'C2_case_analysis_part1': 1, 'C3_solution_set_part1': 0, 'C4_case_analysis_part2': 0, 'C5_final_answer': 0}",3,"{'C1_substitution': 'Correctly substituted a = 1 and rewrote f(x) as |x-1|x + |x-2|(x-1).', 'C2_case_analysis_part1': 'Divided into three cases, but each case contains incorrect algebraic handling and wrong inequalities; partial credit for case separation.', 'C3_solution_set_part1': 'Final solution set for part (1) is incorrect; the student concluded (1,2) instead of (-∞,1).', 'C4_case_analysis_part2': 'Part (2) analysis is flawed with improper expansion and incorrect boundary analysis for a.', 'C5_final_answer': 'Final answers for both parts are incorrect.'}",,3588
Math_ShortAns_187,"{'C1_substitution': 2, 'C2_case_analysis_part1': 3, 'C3_solution_set_part1': 2, 'C4_case_analysis_part2': 2, 'C5_final_answer': 1}",10,"{'C1_substitution': 'Accurately substituted a=1 and rewrote the expression correctly.', 'C2_case_analysis_part1': 'Performed case analysis for all three intervals with correct simplifications and conclusions.', 'C3_solution_set_part1': 'Clearly derived the solution set (-∞, 1) based on the case analysis.', 'C4_case_analysis_part2': 'Correctly analyzed both cases for a (a>=1 and a<1) and reached proper conclusions.', 'C5_final_answer': 'Final answers for both parts are clearly and completely stated.'}",,2665
Math_ShortAns_190,"{'P1_transformation_part1': 2, 'P2_inequality_part1': 2, 'P3_conclusion_part1': 1, 'P4_inequality_part2_setup': 3, 'P5_inequality_part2_amgm': 2}",10,"{'P1_transformation_part1': 'The student correctly used abc=1 to transform 1/a,1/b,1/c into bc,ac,ab.', 'P2_inequality_part1': 'The student applied the basic inequality to derive 2(a^2+b^2+c^2)≥2(ab+bc+ac), matching the reference.', 'P3_conclusion_part1': 'They explicitly stated that the conclusion follows from the previous steps.', 'P4_inequality_part2_setup': 'The student set up the inequality using (a+b)^3+(b+c)^3+(c+a)^3 ≥ 3(a+b)(b+c)(c+a) and mentioned equality conditions.', 'P5_inequality_part2_amgm': 'The student applied AM-GM to transform the product expression to obtain the bound of 24, consistent with the reference.'}",,2792
Math_ShortAns_191,"{'P1_transformation_part1': 2, 'P2_inequality_part1': 0, 'P3_conclusion_part1': 0, 'P4_inequality_part2_setup': 0, 'P5_inequality_part2_amgm': 0}",2,"{'P1_transformation_part1': 'The substitution 1/a = bc, etc., is correctly executed.', 'P2_inequality_part1': 'The student did not properly derive or apply the inequality a² + b² + c² ≥ ab + bc + ca.', 'P3_conclusion_part1': 'The conclusion for part (1) is not correctly reached; the answer incorrectly claims the inequality is reversed.', 'P4_inequality_part2_setup': 'The student did not set up the proper inequality framework for part (2) (e.g., using (a+b)³+(b+c)³+(c+a)³ ≥ 3(a+b)(b+c)(c+a)).', 'P5_inequality_part2_amgm': 'The AM-GM application is incorrect and does not lead to the bound 24.'}",1.0,3374
Math_ShortAns_192,"{'P1_transformation_part1': 2, 'P2_inequality_part1': 0, 'P3_conclusion_part1': 0, 'P4_inequality_part2_setup': 1, 'P5_inequality_part2_amgm': 0}",3,"{'P1_transformation_part1': 'The student correctly substituted 1/a = bc, etc.', 'P2_inequality_part1': 'The required derivation using basic inequalities to show a²+b²+c² ≥ ab+bc+ca is missing.', 'P3_conclusion_part1': 'The conclusion for part (1) is not correctly drawn; the student incorrectly rejected the inequality.', 'P4_inequality_part2_setup': 'The student only expanded the cubes and checked a special case without setting up the key inequality properly.', 'P5_inequality_part2_amgm': 'There is no proper application of AM-GM to obtain the final bound from (a+b)(b+c)(c+a).'}",,3667
Math_ShortAns_193,"{'P1_transformation_part1': 0, 'P2_inequality_part1': 0, 'P3_conclusion_part1': 0, 'P4_inequality_part2_setup': 0, 'P5_inequality_part2_amgm': 0}",0,"{'P1_transformation_part1': 'The student did not perform the required substitution of 1/a, 1/b, 1/c with bc, ac, ab respectively.', 'P2_inequality_part1': 'The student incorrectly attempted a different inequality and did not derive a^2+b^2+c^2 ≥ ab+ac+bc via the standard method.', 'P3_conclusion_part1': 'No proper conclusion was drawn from the substitution and inequality; the connection is missing.', 'P4_inequality_part2_setup': 'The student did not set up the inequality (a+b)^3+(b+c)^3+(c+a)^3 ≥ 3(a+b)(b+c)(c+a) and omitted the discussion of the equality condition.', 'P5_inequality_part2_amgm': 'The AM-GM inequality step was not applied to obtain the lower bound, and the student provided an incorrect analysis.'}",1.0,3013
Math_ShortAns_196,"{'C1_square_expansion': 0, 'C2_use_sum_condition': 0, 'C3_proof_part1': 0, 'C4_proof_equivalence_part2': 0}",0,"{'C1_square_expansion': 'The student did not expand (√a+√b)² and (√c+√d)² correctly.', 'C2_use_sum_condition': 'Although the sum condition is mentioned, it is not used effectively to simplify the inequality.', 'C3_proof_part1': 'The proof for part (1) is flawed; the student incorrectly applies the AM inequality and reaches the opposite conclusion.', 'C4_proof_equivalence_part2': 'The equivalence in part (2) is not established, and the argument contradicts the required result.'}",,2872
Math_ShortAns_197,"{'C1_square_expansion': 2, 'C2_use_sum_condition': 2, 'C3_proof_part1': 2, 'C4_proof_equivalence_part2': 0}",6,"{'C1_square_expansion': 'The student correctly expands both squared expressions.', 'C2_use_sum_condition': 'The student uses the condition a+b = c+d to simplify the expressions.', 'C3_proof_part1': 'The student shows the link between ab > cd and the inequality of the square roots, albeit with a brief explanation.', 'C4_proof_equivalence_part2': 'The reasoning for part (2) is flawed; the student incorrectly deduces a+b > c+d and does not properly establish the equivalence.'}",0.9,2971
Math_ShortAns_200,"{'Q1_substitution': 2, 'Q1_solve': 2, 'Q2_setup': 3, 'Q2_solve': 3}",10,"{'Q1_substitution': 'Correct substitution of a = 2 and proper setup of the inequality |2x - 2| + 2 ≤ 6.', 'Q1_solve': 'The absolute value inequality was solved correctly to obtain x ∈ [–1, 3].', 'Q2_setup': 'Correctly expressed f(x) + g(x) as |2x - 1| + |2x - a| + a ≥ 3 and transformed it into the required absolute value form.', 'Q2_solve': 'Proper case analysis was performed and the parameter inequality was solved correctly to conclude a ∈ [2, +∞).'}",0.95,2645
Math_ShortAns_201,"{'Q1_substitution': 2, 'Q1_solve': 2, 'Q2_setup': 1, 'Q2_solve': 0}",5,"{'Q1_substitution': 'Correctly substituted a=2 and set up the inequality |2x-2| + 2 ≤ 6.', 'Q1_solve': 'Correctly solved the inequality to obtain x ∈ [-1, 3].', 'Q2_setup': 'Correctly wrote f(x)+g(x) as |2x-a| + a + |2x-1| ≥ 3, but did not isolate the absolute value parts or transform it as expected.', 'Q2_solve': 'The case analysis is flawed and led to an incorrect final range (a ≤ -2 or a ≥ 2) instead of the correct answer [2, +∞).'}",1.0,4049
Math_ShortAns_204,"{'C1_equation_transformation': 0, 'C2_cube_sum_minimum': 0, 'C3_linear_expression_analysis': 0, 'C4_final_conclusion_and_clarity': 0}",0,"{'C1_equation_transformation': 'The student misapplied AM-GM and did not correctly transform the condition to deduce ab ≥ 2.', 'C2_cube_sum_minimum': 'The derivation for a³+b³ is incorrect and does not yield the right minimum value; the student wrongly concludes that the minimum does not exist.', 'C3_linear_expression_analysis': 'The analysis for 2a+3b=6 is flawed; the AM-GM was misapplied, leading to an incorrect reasoning.', 'C4_final_conclusion_and_clarity': 'The final answer is unclear and entirely incorrect for part I, and though the conclusion for part II is that no solution exists, the explanation is not properly justified.'}",,3609
Math_ShortAns_205,"{'C1_equation_transformation': 0, 'C2_cube_sum_minimum': 0, 'C3_linear_expression_analysis': 0, 'C4_final_conclusion_and_clarity': 0}",0,"{'C1_equation_transformation': 'The student incorrectly transforms the condition, assuming ab = 1 without proper justification and not obtaining ab ≥ 2.', 'C2_cube_sum_minimum': 'The student’s use of the cubic sum formula is flawed; the manipulation leads to an erroneous negative result.', 'C3_linear_expression_analysis': 'The analysis for 2a+3b=6 is incorrect; the chosen substitution does not reflect the constraints from the original condition.', 'C4_final_conclusion_and_clarity': 'The final answers are unclear and do not provide the necessary reasoning or correct conclusions for both parts.'}",,2481
Math_ShortAns_208,"{'C1_product_bound': 0, 'C2_min_value': 0, 'C3_nonexistence': 0, 'C4_final_presentation': 0}",0,"{'C1_product_bound': 'The student did multiply both sides by ab but then incorrectly manipulated the equation and never derived the necessary bound (ab ≥ 2) using AM–GM.', 'C2_min_value': 'The student incorrectly assumed a = b = 1 and deduced a minimal value of 2, failing to use the proper inequality and produce 4√2.', 'C3_nonexistence': 'The student substituted incorrectly for b and claimed there exists a solution, contradicting the required inequality argument that shows 2a+3b > 6.', 'C4_final_presentation': 'The final answers for both parts are incorrect and not logically derived from proper arguments.'}",,2702
Math_ShortAns_209,"{'C1_product_bound': 0, 'C2_min_value': 0, 'C3_nonexistence': 0, 'C4_final_presentation': 1}",1,"{'C1_product_bound': 'The student incorrectly transforms the equation and fails to derive the required bound ab ≥ 2.', 'C2_min_value': 'The student assumes a minimum value of 1 for a³+b³ by taking a = b = 1, which is incorrect; the proper application of the inequality was not performed.', 'C3_nonexistence': 'The student attempts a substitution method without establishing a valid inequality to show 2a+3b > 6, so the justification is insufficient.', 'C4_final_presentation': 'The final answer is presented clearly, but the results stated are incorrect.'}",1.0,3175
Math_ShortAns_212,"{'P1_prove_fx_ge2': 0, 'P2_case_split': 0, 'P3_handle_case_a_greater_3': 0, 'P4_handle_case_a_leq_3': 0, 'P5_final_integration': 0}",0,"{'P1_prove_fx_ge2': 'The student does not correctly apply the triangle inequality and instead concludes that f(x) ≥ 1, which is incorrect.', 'P2_case_split': 'The solution fails to correctly split the problem into the required cases (a > 3 and 0 < a ≤ 3) and misidentifies the behavior of the absolute value expressions.', 'P3_handle_case_a_greater_3': 'The inequality for the case a > 3 is not correctly set up or solved; the student does not derive the proper quadratic inequality.', 'P4_handle_case_a_leq_3': 'For 0 < a ≤ 3, the student incorrectly substitutes and manipulates the inequality without obtaining the proper interval.', 'P5_final_integration': 'The final answer is incorrect, as it does not match the union of intervals derived from the correct cases.'}",1.0,3018
Math_ShortAns_213,"{'P1_prove_fx_ge2': 1, 'P2_case_split': 1, 'P3_handle_case_a_greater_3': 0, 'P4_handle_case_a_leq_3': 1, 'P5_final_integration': 0}",3,"{'P1_prove_fx_ge2': 'The student attempted to find the minimum by evaluating at special points and noted a+1/a ≥ 2, but erroneously stated the minimum as min{a+1/a, 0} without a clear triangle inequality approach.', 'P2_case_split': 'They recognized one case (3+1/a >= 0 and 3-a >= 0) but neglected the split based on a > 3 versus a ≤ 3, so the case split is incomplete.', 'P3_handle_case_a_greater_3': 'The student did not treat the case a > 3 at all.', 'P4_handle_case_a_leq_3': 'For a ≤ 3, they derived the inequality 6 - a + 1/a < 5 correctly and got a^2 - a - 1 > 0, but failed to restrict a to ≤ 3 in the conclusion.', 'P5_final_integration': 'The final integration is incorrect; they ended up with an overall range of (1, +∞) rather than combining the two case results appropriately.'}",0.9,3965
Math_ShortAns_216,"{'C1_rewrite_condition': 3, 'C2_proof_I': 0, 'C3_proof_II': 0}",3,"{'C1_rewrite_condition': 'The student correctly stated the condition and expanded (a+b+c)^2 to obtain a^2+b^2+c^2+2(ab+bc+ca)=1.', 'C2_proof_I': 'The student misapplied Cauchy-Schwarz instead of the standard inequalities (e.g., a^2+b^2>=2ab) and did not provide a clear, correct argument for part (I).', 'C3_proof_II': 'The answer for part (II) is entirely a repetition of part (I) and does not address the required inequality steps, failing to show the correct method for proving a²/b + b²/c + c²/a ≥ 1.'}",0.95,4561
Math_ShortAns_217,"{'C1_rewrite_condition': 1, 'C2_proof_I': 2, 'C3_proof_II': 0}",3,"{'C1_rewrite_condition': 'The student mentions that a + b + c = 1 and uses it in the inequality but does not explicitly expand (a+b+c)² or explain its significance, so only minimal credit is given.', 'C2_proof_I': 'The student uses a known inequality (ab+bc+ca ≤ (a+b+c)²/3) which, while brief, adequately establishes the result for part (I). Full marks for this part.', 'C3_proof_II': 'The application of AM-GM is misused. The student deduces a lower bound that leads to a value strictly less than 1 and incorrectly concludes that the desired inequality is false. This argument is flawed, so no marks are awarded.'}",0.95,4193
