script_id,scores,model_score,comments,confidence,tokens_used
Math_ShortAns_2,"{'S1_expand_sin_addition': 0, 'S2_combine_terms': 0.5, 'S3_simplify_to_basic_function': 0, 'S4_identify_maximum_value': 0.5, 'S5_final_answer_consistency': 0.5}",1.5,"{'S1_expand_sin_addition': 'The student expanded sin(x+2φ) as sin x cos(2φ) + cos x sin(2φ) instead of using the form sin(x+φ)cosφ + cos(x+φ)sinφ as required.', 'S2_combine_terms': 'They correctly expanded the second term, but made a sign error when grouping the cosine terms, affecting the cancellation.', 'S3_simplify_to_basic_function': 'The answer did not simplify the expression to a basic function like sin x, missing the key simplification step.', 'S4_identify_maximum_value': 'While the student eventually states the maximum value is 1, the reasoning is unclear and not properly connected to a correct simplification.', 'S5_final_answer_consistency': 'The final answer of 1 is given, but the justification and connection to earlier steps lack consistency.'}",0.9,4370
Math_ShortAns_3,"{'S1_expand_sin_addition': 1, 'S2_combine_terms': 0, 'S3_simplify_to_basic_function': 1, 'S4_identify_maximum_value': 1, 'S5_final_answer_consistency': 1}",4,"{'S1_expand_sin_addition': 'The student correctly expanded sin(x+2φ) using the sine addition formula.', 'S2_combine_terms': 'The answer does not explicitly group the terms (i.e., showing cos(x+φ) multiplied by (sin φ - 2 sin φ)); the cancellation step is not clearly demonstrated.', 'S3_simplify_to_basic_function': 'The expression is simplified to sin x, matching the required form.', 'S4_identify_maximum_value': 'The maximum value of sin x is identified as 1.', 'S5_final_answer_consistency': 'The final answer of 1 is consistent with the simplified result and its properties.'}",1.0,3832
Math_ShortAns_6,"{'R1_define_terms': 1, 'R2_set_equation': 1, 'R3_solve_for_r': 1, 'R4_calculate_sum': 1, 'R5_final_answer': 0}",4,"{'R1_define_terms': 'The student correctly defined the terms of the geometric sequence.', 'R2_set_equation': 'The equation (a4)^2 = a6 was properly set up using the defined terms.', 'R3_solve_for_r': 'The student correctly simplified the equation to obtain r = 3.', 'R4_calculate_sum': 'The sum S5 was set up correctly by listing the first five terms, though using the direct sum rather than the formula is acceptable.', 'R5_final_answer': 'The final arithmetic is incorrect; the correct sum should be 121/3, but the student obtained 40.'}",,3999
Math_ShortAns_7,"{'R1_define_terms': 0, 'R2_set_equation': 0, 'R3_solve_for_r': 0, 'R4_calculate_sum': 0, 'R5_final_answer': 0}",0,"{'R1_define_terms': 'No definition or recall of the general term or sum formula was provided.', 'R2_set_equation': 'The student did not set up the necessary equation using a₄² = a₆.', 'R3_solve_for_r': 'No work was shown to solve for the common ratio r.', 'R4_calculate_sum': 'The student did not substitute the values into the sum formula or show calculation steps.', 'R5_final_answer': 'The final answer provided (121/9) is incorrect; the correct answer is 121/3.'}",1,2419
Math_ShortAns_10,"{'Q15_C1_rewrite_equation': 1, 'Q15_C2_identify_diameter': 0, 'Q15_C3_geometry_implication': 0, 'Q15_C4_final_answer': 0}",1,"{'Q15_C1_rewrite_equation': 'The student correctly rewrote the equation by multiplying both sides by 2.', 'Q15_C2_identify_diameter': 'The student did not clearly identify that the rewritten equation implies a diameter; the explanation is muddled.', 'Q15_C3_geometry_implication': ""The student did not correctly apply circle geometry (Thales' theorem) to conclude the correct angle."", 'Q15_C4_final_answer': 'The final answer is incorrectly stated as 30° instead of the correct 90°.'}",,2738
Math_ShortAns_11,"{'Q15_C1_rewrite_equation': 0, 'Q15_C2_identify_diameter': 0, 'Q15_C3_geometry_implication': 0, 'Q15_C4_final_answer': 0}",0,"{'Q15_C1_rewrite_equation': 'The student did not rewrite the given vector equation.', 'Q15_C2_identify_diameter': 'The student did not show any identification of the diameter property from the equation.', 'Q15_C3_geometry_implication': ""The student did not apply circle geometry or mention Thales' theorem."", 'Q15_C4_final_answer': 'The final answer is incorrect. The correct angle is 90° rather than 45°.'}",,1988
Math_ShortAns_14,"{'C1_setup_circle_equation': 0, 'C2_point_B_on_circle': 1, 'C3_tangent_condition': 1, 'C4_solving_center_coordinates': 0, 'C5_final_answer': 0}",2,"{'C1_setup_circle_equation': 'The student does not properly set up the general circle equation with a clear substitution for A(4,1); the forced assumption y₀=1 is unjustified.', 'C2_point_B_on_circle': 'Correctly substitutes B(2,1) into the circle equation.', 'C3_tangent_condition': 'Correctly applies the tangency condition using the distance from center to the line.', 'C4_solving_center_coordinates': 'The attempt to solve for the center is inconsistent; the chosen values lead to an incorrect center.', 'C5_final_answer': 'The final answer (x-3)²+(y-2)²=1 does not match the correct circle equation.'}",,4740
Math_ShortAns_15,"{'C1_setup_circle_equation': 1, 'C2_point_B_on_circle': 1, 'C3_tangent_condition': 1, 'C4_solving_center_coordinates': 1, 'C5_final_answer': 1}",5,"{'C1_setup_circle_equation': 'The student correctly set up the general circle equation and substituted point A(4,1).', 'C2_point_B_on_circle': 'The student accurately substituted point B(2,1) into the circle equation.', 'C3_tangent_condition': 'The student correctly applied the tangency condition using the distance from the center to the line.', 'C4_solving_center_coordinates': 'The student properly solved the simultaneous equations to get h = 3, k = 0, and r = √2.', 'C5_final_answer': 'The final circle equation (x-3)^2 + y^2 = 2 is correctly expressed in standard form.'}",1.0,3258
Math_ShortAns_18,"{'C1_recurrence_setup': 1, 'C2_grouping_terms': 0, 'C3_calculate_group_sums': 0, 'C4_final_answer': 0}",1,"{'C1_recurrence_setup': '正确推导了递推关系，并列举了几项，符合要求。', 'C2_grouping_terms': '未对数项进行正确分组，未区分奇偶项构成两个序列。', 'C3_calculate_group_sums': '未能准确计算各组的和，仅凭假设和近似估计，未使用适当公式。', 'C4_final_answer': '最终答案与正确答案1830相差甚远。'}",0.95,3558
Math_ShortAns_19,"{'C1_recurrence_setup': 0, 'C2_grouping_terms': 0, 'C3_calculate_group_sums': 0, 'C4_final_answer': 1}",1,"{'C1_recurrence_setup': 'No work is shown to derive or explain the recurrence relation.', 'C2_grouping_terms': 'There is no grouping or partitioning of terms explained.', 'C3_calculate_group_sums': 'No calculations of the subgroup sums are provided.', 'C4_final_answer': 'The final answer is correct, but without any supporting work.'}",,2430
Math_ShortAns_22,"{'C1_difference_equation': 0, 'C2_determining_initial_condition_and_general_term': 0, 'C3_expressing_bn': 0, 'C4_partial_fraction_and_telescoping_sum': 1, 'C5_final_sum_and_consistency': 0}",1,"{'C1_difference_equation': 'The student did not perform the proper subtraction between successive equations to derive the constant difference; the key step is missing.', 'C2_determining_initial_condition_and_general_term': 'The answer only contains incorrect guesses (a_n = n, n+1, 2^n) without determining the correct initial condition or deriving the proper general term.', 'C3_expressing_bn': 'The student arbitrarily chose b_n = 1/((n+1)(n+2)) based on an incorrect guess for a_n, without justification from the original equation.', 'C4_partial_fraction_and_telescoping_sum': 'A telescoping sum method was attempted using partial fraction decomposition; however, it was based on the wrong form of b_n. Partial credit is given for the telescoping idea.', 'C5_final_sum_and_consistency': 'The final sum is inconsistent and incorrect, demonstrating a lack of correct cancellation and proper simplification.'}",1.0,5277
Math_ShortAns_23,"{'C1_difference_equation': 3, 'C2_determining_initial_condition_and_general_term': 2, 'C3_expressing_bn': 2, 'C4_partial_fraction_and_telescoping_sum': 3, 'C5_final_sum_and_consistency': 2}",12,"{'C1_difference_equation': 'The student correctly subtracted the equations and derived aₙ₊₁ - aₙ = 2 with proper justification.', 'C2_determining_initial_condition_and_general_term': 'The initial condition was correctly determined and the explicit formula aₙ = 2n + 1 was accurately derived.', 'C3_expressing_bn': 'The student correctly expressed bₙ in terms of aₙ and aₙ₊₁ and substituted to obtain the desired form.', 'C4_partial_fraction_and_telescoping_sum': 'The partial fraction decomposition and telescoping sum setup were clearly presented and correct.', 'C5_final_sum_and_consistency': 'The telescoping sum was accurately simplified to obtain the final sum, with consistency maintained throughout.'}",,4238
Math_ShortAns_26,"{'C1_trig_simplification': 0, 'C2_angle_deduction': 1, 'C3_cosine_rule_application': 0, 'C4_area_relation': 0, 'C5_perimeter_calculation': 0}",1,"{'C1_trig_simplification': 'The answer merely introduces a variable and an equation without employing the necessary trig identities to reach an expression involving sin C.', 'C2_angle_deduction': 'The student guesses that C = 60° without proper derivation; minimal partial credit for arriving at the correct angle by chance.', 'C3_cosine_rule_application': 'The answer does not correctly set up or use the cosine rule; the approach is not connected to the given triangle.', 'C4_area_relation': 'There is an attempt using the area formula, but the use is arbitrary and not linked to a proper derivation of ab.', 'C5_perimeter_calculation': 'The final perimeter is guessed without valid use of previous relations and proper calculations.'}",1.0,3383
Math_ShortAns_27,"{'C1_trig_simplification': 0, 'C2_angle_deduction': 0, 'C3_cosine_rule_application': 0, 'C4_area_relation': 0, 'C5_perimeter_calculation': 0}",0,"{'C1_trig_simplification': 'The student did not apply any proper trigonometric identities or correct simplification; simply assumed x=1 without justification.', 'C2_angle_deduction': 'The angle C was incorrectly deduced as 90° based on an arbitrary assumption rather than a proper derivation.', 'C3_cosine_rule_application': 'The cosine rule was mentioned but not correctly applied to derive a valid relation among a, b, and c.', 'C4_area_relation': 'The area formula was used with the incorrect assumption that C = 90°, leading to an incorrect value for ab.', 'C5_perimeter_calculation': 'The final perimeter was obtained by making arbitrary assumptions for a and b instead of solving the proper equations.'}",1.0,3321
Math_ShortAns_28,"{'C1_trig_simplification': 2, 'C2_angle_deduction': 2, 'C3_cosine_rule_application': 3, 'C4_area_relation': 2, 'C5_perimeter_calculation': 3}",12,"{'C1_trig_simplification': 'The student correctly applied the sine rule and used the sine angle-sum identity to simplify the given expression.', 'C2_angle_deduction': 'They correctly divided by sin C and deduced cos C = 1/2, leading to C = π/3.', 'C3_cosine_rule_application': 'The cosine rule was applied correctly: substituting cos C = 1/2 and c² = 7 yielded (a+b)² - 3ab = 7.', 'C4_area_relation': 'The student accurately used the area formula to express the area in terms of ab and solved for ab = 6.', 'C5_perimeter_calculation': 'Substituting the value of ab into the derived equation led to a+b = 5, and hence the perimeter 5 + √7 was computed correctly.'}",1.0,3673
Math_ShortAns_31,"{'P1_Setup_Part_I': 0, 'P2_Conclusion_Part_I': 0, 'P3_Assuming_AP': 0, 'P4_Deriving_Sn_and_Condition': 0, 'P5_Final_Conclusion': 0}",0,"{'P1_Setup_Part_I': 'The student only restated the definition of Sₙ and the relation for n=1, without writing the crucial second relation and indicating the subtraction approach.', 'P2_Conclusion_Part_I': 'There is no derivation leading from aₙ₊₁(aₙ₊₂ - aₙ) = λaₙ₊₁ to aₙ₊₂ - aₙ = λ; the necessary division and nonzero condition are missing.', 'P3_Assuming_AP': 'The answer fails to assume the arithmetic progression properly; it does not set aₙ = 1 + (n-1)d nor show that aₙ₊₂ - aₙ equals 2d.', 'P4_Deriving_Sn_and_Condition': 'The student did not substitute the arithmetic form into the sum formula Sₙ or derive the coefficient comparison needed to obtain the condition 2 - (λ/2) = 0.', 'P5_Final_Conclusion': 'There is no final conclusion solving for λ (with λ = 4) or any verification of the arithmetic progression conditions.'}",,4644
Math_ShortAns_32,"{'P1_Setup_Part_I': 0, 'P2_Conclusion_Part_I': 0, 'P3_Assuming_AP': 1, 'P4_Deriving_Sn_and_Condition': 0, 'P5_Final_Conclusion': 0}",1,"{'P1_Setup_Part_I': 'The answer does not clearly set up the two recurrence relations with a subtraction approach as required.', 'P2_Conclusion_Part_I': 'No proper derivation of aₙ₊₂ - aₙ = λ was shown by dividing by aₙ₊₁ with emphasis on its nonzero condition.', 'P3_Assuming_AP': 'While an arithmetic progression form was mentioned, the derivation to obtain d = λ/2 was missing; minimal credit given.', 'P4_Deriving_Sn_and_Condition': 'The student failed to derive or substitute the sum formula Sₙ to identify the necessary condition.', 'P5_Final_Conclusion': 'The final conclusion is incorrect and does not establish λ = 4, nor does it verify the arithmetic progression.'}",1,4349
Math_ShortAns_33,"{'P1_Setup_Part_I': 1, 'P2_Conclusion_Part_I': 1, 'P3_Assuming_AP': 3, 'P4_Deriving_Sn_and_Condition': 1, 'P5_Final_Conclusion': 2}",8,"{'P1_Setup_Part_I': 'The student writes the two given equations and mentions subtraction, but incorrectly subtracts a_{n+1} terms, so only minimal credit is given.', 'P2_Conclusion_Part_I': 'The division by a_{n+1} is mentioned along with the nonzero condition, but the conclusion is derived from the wrong subtraction, earning partial credit.', 'P3_Assuming_AP': 'A proper assumption for an arithmetic progression is set up with a_n = 1 + (λ(n-1))/2 and d = λ/2, so full credit is awarded.', 'P4_Deriving_Sn_and_Condition': 'An attempt is made to substitute the arithmetic progression form into S_n and derive the necessary condition, but the derivation is not clear or complete.', 'P5_Final_Conclusion': 'The final answer λ = 4 and expressions for S_n and a_n are correctly stated and verified.'}",,5423
Math_ShortAns_36,"{'C1_identify_PX2_event': 1, 'C2_compute_PX2': 0, 'C3_identify_PX4_Awin_event': 1, 'C4_compute_PX4_Awin': 0}",2,"{'C1_identify_PX2_event': 'The student only identifies one event (A winning on the first ball) and completely misses the disjoint case where B wins both balls.', 'C2_compute_PX2': 'The arithmetic is incorrect. The student uses 0.5 for the second ball instead of the proper probability (0.4 or 0.6), resulting in 0.25 instead of the correct 0.5.', 'C3_identify_PX4_Awin_event': 'The answer misidentifies the events for X=4; the student incorrectly lists sequences and omits the proper two orderings of a split in the first two balls.', 'C4_compute_PX4_Awin': 'The computation is flawed with incorrect multiplication factors and summing, yielding 0.132 instead of the expected 0.1.'}",0.9,4929
Math_ShortAns_37,"{'C1_identify_PX2_event': 1, 'C2_compute_PX2': 1, 'C3_identify_PX4_Awin_event': 1, 'C4_compute_PX4_Awin': 0}",3,"{'C1_identify_PX2_event': ""The student mentioned one scenario (A wins first ball then calculation with B's serve) but did not clearly identify the two disjoint cases."", 'C2_compute_PX2': 'The student performed one multiplication (0.5×0.6) but ignored the other case and arrived at an incorrect result.', 'C3_identify_PX4_Awin_event': 'They attempted to identify an ordering for X=4 where A wins, but only provided one order and mischaracterized the scoring conditions.', 'C4_compute_PX4_Awin': 'The multiplication steps and final arithmetic are flawed, leading to an incorrect probability, with no correct sum over the possible cases.'}",,4439
Math_ShortAns_38,"{'C1_identify_PX2_event': 2, 'C2_compute_PX2': 3, 'C3_identify_PX4_Awin_event': 1, 'C4_compute_PX4_Awin': 3}",9,"{'C1_identify_PX2_event': 'Correctly identified the two disjoint events (A wins twice and B wins twice).', 'C2_compute_PX2': 'Accurately computed and summed the two probabilities to get 0.5.', 'C3_identify_PX4_Awin_event': 'Partially identified the two orders for the first two balls, but the two sub-events are stated identically, lacking clear distinction.', 'C4_compute_PX4_Awin': 'Correct computation for both terms and their sum to 0.1.'}",,3334
Math_ShortAns_41,"{'C1_equation_manipulation': 0, 'C2_solve_for_B': 0, 'C3_area_expression': 0, 'C4_area_range': 0}",0,"{'C1_equation_manipulation': 'The student incorrectly manipulates the equation by asserting A+C = B and incorrectly replacing sin(B/2) with sin B.', 'C2_solve_for_B': 'Based on the wrong manipulation, the student concludes B = 90° instead of the correct π/3.', 'C3_area_expression': 'The student uses a general area formula without proper substitution from the sine law, yielding an expression in terms of undefined variables.', 'C4_area_range': 'The derivation of the area range is not properly linked to the conditions of the triangle and is incorrect.'}",0.95,3120
Math_ShortAns_42,"{'C1_equation_manipulation': 1, 'C2_solve_for_B': 1, 'C3_area_expression': 1, 'C4_area_range': 2}",5,"{'C1_equation_manipulation': 'The solution mentions applying the sine law and simplification but does not show any detailed steps or justifications.', 'C2_solve_for_B': 'The final answer B = π/3 is provided but lacks a clear, justified derivation that distinguishes the valid solution.', 'C3_area_expression': 'There is an acknowledgment of using the area formula and expressing area as a function of angle C, but no proper derivation or substitution is shown.', 'C4_area_range': 'The stated area range is correct; however, the process of determining the range based on the acute triangle conditions and calculating the bounds is not explained.'}",0.9,3699
Math_ShortAns_45,"{'R1_common_diff': 1, 'R2_sqrt_sn_term': 0, 'R3_sum_formula': 0, 'R4_an_expression': 0, 'R5_final_conclusion': 0}",1,"{'R1_common_diff': 'The student correctly computed S₁ and S₂ and obtained √S₁ = √a₁ and √S₂ = 2√a₁ so that the difference is √a₁, but then misapplied the arithmetic sequence condition by stating the differences are not equal.', 'R2_sqrt_sn_term': 'The student did not derive the general term √Sₙ = n√a₁ or provide the arithmetic sequence logic required.', 'R3_sum_formula': 'No correct squaring of the general term was performed to obtain Sₙ = a₁n².', 'R4_an_expression': 'The student failed to properly deduce aₙ from Sₙ - Sₙ₋₁; the derivation was not valid.', 'R5_final_conclusion': 'The final conclusion was incorrect; instead of proving that {aₙ} is arithmetic, the student concluded the opposite without proper justification.'}",,4083
Math_ShortAns_46,"{'R1_common_diff': 0, 'R2_sqrt_sn_term': 0, 'R3_sum_formula': 2, 'R4_an_expression': 3, 'R5_final_conclusion': 1}",6,"{'R1_common_diff': 'The student only stated d = √S₂ - √S₁ without substituting a₂ = 3a₁ or showing the detailed reasoning to obtain d = √a₁.', 'R2_sqrt_sn_term': 'The derived general term for √Sₙ is incorrect and does not simplify to n√a₁ as required; it includes an extra quadratic term with d.', 'R3_sum_formula': 'The student implicitly used the fact that Sₙ = a₁n² by squaring, and correctly obtained aₙ thereafter, but the squaring step lacked detailed explanation.', 'R4_an_expression': 'The expression for aₙ was correctly derived as aₙ = Sₙ - Sₙ₋₁ and simplified to 2a₁n - a₁ with proper algebraic steps.', 'R5_final_conclusion': 'The final conclusion is stated, and checking for n=1 is provided, but the explanation regarding the constant difference aₙ - aₙ₋₁ is not elaborated.'}",,4271
Math_ShortAns_49,"{'C1_transform_equation': 1, 'C2_recurrence_relation': 0, 'C3_geometric_condition': 0, 'C4_minimum_Sn': 0}",1,"{'C1_transform_equation': 'The student attempted a transformation but incorrectly dropped the factor of n on the right-hand side.', 'C2_recurrence_relation': 'No proper derivation of the recurrence relation aₙ - aₙ₋₁ = 1 was provided.', 'C3_geometric_condition': 'The expressions for a₄, a₇, and a₉ are misapplied (using a₉ = a₁ + 9d instead of the correct value with d = 1) and the geometric condition is handled incorrectly.', 'C4_minimum_Sn': 'The formula for Sₙ was not correctly derived nor was the minimum value properly obtained; concluding Sₙ minimum equals 0 is incorrect.'}",,4157
Math_ShortAns_50,"{'C1_transform_equation': 3, 'C2_recurrence_relation': 3, 'C3_geometric_condition': 3, 'C4_minimum_Sn': 3}",12,"{'C1_transform_equation': 'The student correctly rewrote the given equation into 2Sₙ + n² = 2n·aₙ + n and formulated the corresponding equation for n-1.', 'C2_recurrence_relation': 'By subtracting the two equations, the student correctly derived aₙ - aₙ₋₁ = 1.', 'C3_geometric_condition': 'The student expressed a₄, a₇, and a₉ correctly as a₁+3, a₁+6, and a₁+8 and applied the geometric condition to solve for a₁ accurately.', 'C4_minimum_Sn': 'The student derived Sₙ = -12n + n(n-1)/2, completed the square and correctly determined that the minimum value is -78 at n = 12 or n = 13.'}",1.0,4434
Math_ShortAns_53,"{'C1_sum_sequence': 0, 'C2_difference_sequence': 0, 'C3_general_term_derivation': 0, 'C4_final_answer_presentation': 0}",0,"{'C1_sum_sequence': 'The student incorrectly derived the recurrence for aₙ+bₙ as cₙ₊₁ = cₙ+1 instead of obtaining the geometric progression with ratio 1/2.', 'C2_difference_sequence': 'The derivation for aₙ-bₙ is incorrect: they obtained dₙ₊₁ = dₙ+4 instead of the correct relation dₙ₊₁ = dₙ+2, so no proper arithmetic sequence is established.', 'C3_general_term_derivation': 'The student’s attempt via a linear assumption leads to contradictory and unjustified results; they failed to properly use the sum and difference formulas to derive aₙ and bₙ.', 'C4_final_answer_presentation': 'The final answer is presented without clear justification and is inconsistent; it does not follow logically from the correct derivation.'}",1.0,4341
Math_ShortAns_54,"{'C1_sum_sequence': 3, 'C2_difference_sequence': 2, 'C3_general_term_derivation': 0, 'C4_final_answer_presentation': 0}",5,"{'C1_sum_sequence': 'The student correctly defined cₙ = aₙ+bₙ and derived cₙ₊₁ = cₙ/2, properly showing the geometric relation.', 'C2_difference_sequence': 'The subtraction was correctly performed yielding dₙ₊₁ = dₙ+2; however, the student did not explicitly state the closed form dₙ = 2n-1.', 'C3_general_term_derivation': 'The student attempted to find the general term by computing a few terms but then presented incorrect formulas (aₙ = n²+1, bₙ = n-2) that do not match the established relations.', 'C4_final_answer_presentation': 'The final answer is unclear and not justified, and the general term formulas do not follow from earlier correct steps.'}",0.95,5316
Math_ShortAns_55,"{'C1_sum_sequence': 3, 'C2_difference_sequence': 3, 'C3_general_term_derivation': 1, 'C4_final_answer_presentation': 1}",8,"{'C1_sum_sequence': 'The student correctly derived the recursive relation for the sum sequence and identified it as geometric with first term 1 and ratio 1/2.', 'C2_difference_sequence': 'The subtraction to obtain the difference sequence was correctly performed, showing it is arithmetic with initial term 1 and common difference 2.', 'C3_general_term_derivation': 'The student set up the system by expressing 2aₙ and 2bₙ correctly and substituted the known expressions, but the final closed-form formulas are misformatted and appear to include an extra factor, indicating a calculation or notation error.', 'C4_final_answer_presentation': 'Final conclusions are provided with explanations linking the steps, though the presentation of the general term formulas is not clearly formatted.'}",0.9,5166
Math_ShortAns_58,"{'C1_compute_r': 0, 'C2_interpret_r': 1, 'C3_detect_outlier': 0, 'C4_recompute_mean': 0, 'C5_recompute_std': 0}",1,"{'C1_compute_r': 'The student incorrectly computed the correlation coefficient by using the wrong mean for i and an incorrect denominator, resulting in an erroneous r value.', 'C2_interpret_r': 'Although the computed r value is wrong, the student concludes that there is no systematic change since |r| < 0.25, which meets the interpretation requirement.', 'C3_detect_outlier': 'The student miscalculated the control limits (using 3s ≈ 0.6 instead of approximately 0.64) and failed to detect the outlier (9.22) since they erroneously claimed all values were within range.', 'C4_recompute_mean': 'The student did not exclude the actual outlier and simply recalculated the mean for all data, resulting in an incorrect new mean.', 'C5_recompute_std': 'Similarly, the standard deviation was computed for the unfiltered data without removing the outlier, leading to an incorrect result.'}",,5405
Math_ShortAns_59,"{'C1_compute_r': 0, 'C2_interpret_r': 1, 'C3_detect_outlier': 0, 'C4_recompute_mean': 0, 'C5_recompute_std': 0}",1,"{'C1_compute_r': 'The student used the wrong values for the means (using 10.05 instead of 9.97 for x̄ and 8 instead of 8.5 for ī), and their computed sums and resulting r ≈ -0.019 are far off the expected -0.18.', 'C2_interpret_r': 'Despite the wrong computation, the interpretation that |r| < 0.25 implies no systematic trend is correct.', 'C3_detect_outlier': 'The acceptable range was computed incorrectly by assuming s = 0.3 (leading to boundaries 9.07 and 10.87) instead of using the given s = 0.212; this error caused the student to miss detecting the outlier (9.22).', 'C4_recompute_mean': 'No proper recalculation was done after excluding the outlier; the student simply guessed a new mean of 10.00 instead of correctly computing 10.02.', 'C5_recompute_std': 'The student did not correctly recompute the new standard deviation and merely provided an approximate guess (0.10) instead of the required 0.09.'}",1,5197
Math_ShortAns_60,"{'C1_compute_r': 3, 'C2_interpret_r': 1, 'C3_detect_outlier': 3, 'C4_recompute_mean': 2, 'C5_recompute_std': 3}",12,"{'C1_compute_r': 'The student correctly stated and computed r ≈ -0.18 without detailed steps but meets the requirement.', 'C2_interpret_r': 'The interpretation is correct since |r| < 0.25 implies no systematic change.', 'C3_detect_outlier': 'Correctly computed the acceptable range and identified the outlier (9.22).', 'C4_recompute_mean': 'The recalculation of the mean after excluding the outlier is accurate (10.02).', 'C5_recompute_std': 'The standard deviation after excluding the outlier is correctly computed as ≈ 0.09.'}",1.0,3949
Math_ShortAns_63,"{'Q20_C1_line_setup_substitution': 1, 'Q20_C2_dot_product_proof': 0, 'Q20_C3_relation_for_k': 0, 'Q20_C4_final_equations': 0}",1,"{'Q20_C1_line_setup_substitution': 'The student correctly set up the line as y = k(x-2) and substituted into the parabola, but then incorrectly dropped the quadratic term and simplified in a wrong way, earning only a partial mark.', 'Q20_C2_dot_product_proof': ""There is no correct demonstration using Vieta's formulas or vector dot product to show that O lies on circle M."", 'Q20_C3_relation_for_k': 'The student did not properly set up the AP · BP = 0 condition with point P to determine k; no valid relation was derived.', 'Q20_C4_final_equations': 'The center, radius, and final equations for the circle and line are incorrectly computed and inconsistent with the given conditions.'}",1.0,4071
Math_ShortAns_64,"{'Q20_C1_line_setup_substitution': 3, 'Q20_C2_dot_product_proof': 0, 'Q20_C3_relation_for_k': 0, 'Q20_C4_final_equations': 0}",3,"{'Q20_C1_line_setup_substitution': 'The student correctly considered the vertical line case, set up the equation x=2, substituted into the parabola, and identified the intersection points.', 'Q20_C2_dot_product_proof': 'The student computed the vectors and their dot product, but obtained -4 ≠ 0, contradicting the requirement to prove that O lies on the circle. Thus, this part is incorrect.', 'Q20_C3_relation_for_k': 'No attempt was made to use the condition (AP · BP = 0) to obtain a relationship for k; the answer is incomplete for part (2).', 'Q20_C4_final_equations': ""The student incorrectly assumed the circle's center as (3,1) and did not derive the final equations of the circle and the line. This part is missing and incorrect.""}",0.95,4679
Math_ShortAns_67,"{'Q1_rewrite_circle': 1, 'Q2_locus_derivation': 0, 'Q3_use_condition_OP_OM': 0, 'Q4_line_equation_and_area': 0, 'Q5_final_answer_justification': 0}",1,"{'Q1_rewrite_circle': 'The student correctly rewrote the circle equation and identified its center and radius.', 'Q2_locus_derivation': 'The derivation of the midpoint locus is incomplete and incorrect; the student did not use the proper perpendicularity/dot product argument and ended with an unjustified result.', 'Q3_use_condition_OP_OM': 'The student made no valid use of the condition |OP| = |OM|, and no clear geometric reasoning was provided.', 'Q4_line_equation_and_area': 'The line equation and area derivation steps are not coherent or correct; values appear to be guessed rather than derived properly.', 'Q5_final_answer_justification': 'Final answers are inconsistent with the derivations and lack proper justification.'}",0.95,3826
Math_ShortAns_68,"{'Q1_rewrite_circle': 1, 'Q2_locus_derivation': 3, 'Q3_use_condition_OP_OM': 3, 'Q4_line_equation_and_area': 3, 'Q5_final_answer_justification': 2}",12,"{'Q1_rewrite_circle': ""The student correctly rewrote the circle's equation, identifying the center and radius."", 'Q2_locus_derivation': 'The vector method and dot product setup were accurately applied to derive the locus equation.', 'Q3_use_condition_OP_OM': 'The condition |OP| = |OM| was correctly used to infer the perpendicular bisector and relate the slopes.', 'Q4_line_equation_and_area': ""The line's equation was correctly derived and the distance/chord relationships were accurately used to compute the area of ΔPOM."", 'Q5_final_answer_justification': 'Final answers, including the locus equation and triangle area, are clearly stated and consistent with earlier steps.'}",1.0,4497
Math_ShortAns_71,"{'C1_ellipse_equation': 0, 'C2_line_AB_equation': 0, 'C3_line_through_P_and_intersections': 0, 'C4_determination_of_T_and_H': 0, 'C5_fixed_point_proof': 0}",0,"{'C1_ellipse_equation': 'Incorrect substitution for point A (4/b^2 incorrectly set to 0) and final equation is arbitrary (x^2 + y^2 = 1), thus no correct derivation.', 'C2_line_AB_equation': 'The student did not correctly compute or even state the equation of line AB using points A and B.', 'C3_line_through_P_and_intersections': 'The line through P is incorrectly formulated (using y = k(x - 1) + 2) and the intersection points with the ellipse (which is also wrong) are computed incorrectly.', 'C4_determination_of_T_and_H': 'The method to determine T and H is confused and incorrect; the vector relation is not properly applied.', 'C5_fixed_point_proof': 'The student fails to prove the existence of a fixed point, instead arbitrarily claiming that line HN does not pass through any fixed point.'}",1.0,3650
Math_ShortAns_72,"{'C1_ellipse_equation': 1, 'C2_line_AB_equation': 0, 'C3_line_through_P_and_intersections': 2, 'C4_determination_of_T_and_H': 0, 'C5_fixed_point_proof': 1}",4,"{'C1_ellipse_equation': 'Final ellipse equation is correct but no substitution details are provided.', 'C2_line_AB_equation': 'No attempt was made to derive the equation of line AB.', 'C3_line_through_P_and_intersections': 'The student correctly chose the vertical line x=1 and found the correct intersection points with the ellipse.', 'C4_determination_of_T_and_H': 'There is no computation or explanation for determining points T and H using the vector relation.', 'C5_fixed_point_proof': 'The fixed point (0, -2) is verified by the final line equation, but the general proof and reasoning are incomplete.'}",,4534
Math_ShortAns_75,"{'C1_identify_and_select_points': 0, 'C2_compute_parameters': 0, 'C3_final_ellipse_equation': 0, 'C4_line_case_analysis': 1, 'C5_fixed_point_derivation': 0}",1,"{'C1_identify_and_select_points': 'The answer does not correctly identify the three correct points on the ellipse and provides a flawed explanation involving an incorrect b² computation.', 'C2_compute_parameters': 'The student made incorrect substitutions leading to an erroneous parameter (b²=0) instead of solving for a² and b² correctly.', 'C3_final_ellipse_equation': 'The final equation is wrongly given as x²/5 + y²/3 = 1 instead of the correct equation.', 'C4_line_case_analysis': 'The student set up a line with slope but did not properly analyze the vertical (undefined slope) case; partial credit for some line equation setup.', 'C5_fixed_point_derivation': 'No valid derivation is presented to show the line always passes through a fixed point; the argument is incomplete and unclear.'}",,4196
Math_ShortAns_76,"{'C1_identify_and_select_points': 0, 'C2_compute_parameters': 3, 'C3_final_ellipse_equation': 1, 'C4_line_case_analysis': 0, 'C5_fixed_point_derivation': 0}",4,"{'C1_identify_and_select_points': 'The answer does not identify the correct three points on the ellipse; it erroneously concludes that all four points lie on it.', 'C2_compute_parameters': 'Correctly substituted points to obtain b² = 1 and a² = 4.', 'C3_final_ellipse_equation': 'The final equation x²/4 + y² = 1 is correctly stated.', 'C4_line_case_analysis': 'No proper analysis of the two cases (presence/absence of slope) is provided, and the undefined slope case is not discussed.', 'C5_fixed_point_derivation': 'No detailed derivation showing that the line always passes through the fixed point (2, -1) was provided.'}",,4404
Math_ShortAns_77,"{'C1_identify_and_select_points': 2, 'C2_compute_parameters': 3, 'C3_final_ellipse_equation': 1, 'C4_line_case_analysis': 1, 'C5_fixed_point_derivation': 2}",9,"{'C1_identify_and_select_points': 'Correctly identified P2, P3, and P4 using symmetry, with a brief explanation.', 'C2_compute_parameters': 'Successfully substituted points to compute a² = 4 and b² = 1.', 'C3_final_ellipse_equation': 'Final equation is correctly stated as x²/4 + y² = 1.', 'C4_line_case_analysis': 'Vertical line case is mentioned but the justification for rejecting it is insufficient.', 'C5_fixed_point_derivation': 'The approach for deducing the fixed point is outlined but lacks detailed algebraic manipulation and clarity.'}",0.9,4525
Math_ShortAns_80,"{'P1_rewrite_a0': 2, 'P2_monotonicity': 1, 'P3_setup_maximum': 2, 'P4_find_a': 0}",5,"{'P1_rewrite_a0': 'Correctly rewrote f(x) and implicitly used the domain, so full marks awarded.', 'P2_monotonicity': 'The analysis for (-1,0) is reasonable, but the monotonicity for x>0 is incorrectly concluded.', 'P3_setup_maximum': ""Correctly set up f'(0)=0 to establish a critical point, meeting the requirement."", 'P4_find_a': 'Incorrect derivation for a; fails to determine the unique value using derivative tests.'}",,3186
Math_ShortAns_81,"{'P1_rewrite_a0': 1, 'P2_monotonicity': 1, 'P3_setup_maximum': 1, 'P4_find_a': 2}",5,"{'P1_rewrite_a0': 'The function was correctly rewritten for a = 0, but the domain x > -1 was not explicitly stated.', 'P2_monotonicity': 'The answer mentions taking the derivative and using second derivative for monotonicity, but lacks any detailed computations or rigorous analysis.', 'P3_setup_maximum': ""The condition for x = 0 to be an extremum is noted, but the setting up via f'(0)=0 or proper reasoning is vague."", 'P4_find_a': 'The final result a = -1/6 is given without proper derivation or detailed justification; only a heuristic argument is provided.'}",,3396
Math_ShortAns_84,"{'CN_Q21_C1_derivative': 1, 'CN_Q21_C2_monotonicity': 0, 'CN_Q21_C3_maximum_value': 0, 'CN_Q21_C4_inequality_transformation': 0}",1,"{'CN_Q21_C1_derivative': 'The student correctly differentiated but did not combine terms into a single rational expression with proper factorization.', 'CN_Q21_C2_monotonicity': 'The analysis of monotonicity is vague and does not address the required cases (a = 0, a > 0, a < 0) with clear justification.', 'CN_Q21_C3_maximum_value': 'The candidate maximum for a < 0 is not correctly identified or computed; instead an irrelevant evaluation at x = 1 was given.', 'CN_Q21_C4_inequality_transformation': 'No valid transformation of the inequality was performed or justified.'}",,4064
Math_ShortAns_85,"{'CN_Q21_C1_derivative': 1, 'CN_Q21_C2_monotonicity': 0, 'CN_Q21_C3_maximum_value': 0, 'CN_Q21_C4_inequality_transformation': 0}",1,"{'CN_Q21_C1_derivative': 'The student correctly differentiated to get 1/x + 2ax + 2a + 1 (i.e. 1/x + 2ax + (2a+1)), earning 1 point. However, no work was shown to combine terms or factorize the derivative.', 'CN_Q21_C2_monotonicity': 'No proper case-by-case analysis was provided. The student incorrectly assumed D < 0 always holds and claimed f(x) is always increasing without detailed justification for a=0, a>0, and a<0.', 'CN_Q21_C3_maximum_value': 'The student incorrectly considered x=1 instead of finding the correct critical point x = -1/(2a) for a<0 and did not substitute into f(x) to find the candidate maximum value.', 'CN_Q21_C4_inequality_transformation': 'No valid transformation of the inequality was provided. The student did not substitute or analyze the equivalent inequality using function analysis.'}",,4270
Math_ShortAns_86,"{'CN_Q21_C1_derivative': 3, 'CN_Q21_C2_monotonicity': 3, 'CN_Q21_C3_maximum_value': 3, 'CN_Q21_C4_inequality_transformation': 3}",12,"{'CN_Q21_C1_derivative': 'The student correctly differentiated f(x) and factorized the derivative with the proper domain.', 'CN_Q21_C2_monotonicity': ""The analysis covers all three cases (a=0, a>0, a<0) with correct sign conclusions for f'(x)."", 'CN_Q21_C3_maximum_value': 'The student correctly identifies the critical point x = -1/(2a) for a<0 and substitutes it into f(x) to obtain the maximum value.', 'CN_Q21_C4_inequality_transformation': 'The transformation of the inequality via substitution (letting t = -1/a) and the analysis of g(t) are correctly performed.'}",,4895
Math_ShortAns_89,"{'C1_find_m': 3, 'C2_domain_and_rewrite': 1, 'C3_monotonicity_analysis': 0, 'C4_prove_f_positive': 0}",4,"{'C1_find_m': ""Correctly differentiated and solved f'(0)=0 to obtain m=1."", 'C2_domain_and_rewrite': ""Did not explicitly state the domain (x > -1) and the rewriting of f'(x) is incomplete."", 'C3_monotonicity_analysis': ""The analysis is flawed; the student does not correctly analyze the sign of f'(x) or identify the correct monotonicity intervals."", 'C4_prove_f_positive': 'The attempt to prove f(x) > 0 is incorrect; the reasoning based on f(0) and subsequent claims are contradictory and unsound.'}",0.95,3827
Math_ShortAns_90,"{'C1_find_m': 3, 'C2_domain_and_rewrite': 2, 'C3_monotonicity_analysis': 0, 'C4_prove_f_positive': 0}",5,"{'C1_find_m': ""Correctly used f'(0)=0 to solve for m and obtained m=1."", 'C2_domain_and_rewrite': 'Identified the correct domain after substituting m=1, but did not rewrite the derivative to facilitate further monotonicity analysis.', 'C3_monotonicity_analysis': ""No analysis of the sign of f'(x) or determination of monotonic intervals was provided."", 'C4_prove_f_positive': 'The answer only states the intention to prove f(x)>0 when m≤2 by reducing to m=2, without any detailed proof or computations.'}",0.9,3586
Math_ShortAns_93,"{'C1_calculate_f0': 2, 'C2_prove_monotonicity': 0, 'C3_formulate_condition': 0, 'C4_solve_parameter': 0}",2,"{'C1_calculate_f0': 'Correct computation and clear statement of f(0)=1.', 'C2_prove_monotonicity': 'Failed to prove monotonicity; the answer instead uses sample points and then makes a contradictory claim.', 'C3_formulate_condition': 'The condition for a unique zero is not properly formulated; the approach is vague and incorrect.', 'C4_solve_parameter': 'Incorrect reasoning for the parameter; the answer concludes a negative value which is incorrect.'}",,3443
Math_ShortAns_94,"{'C1_calculate_f0': 2, 'C2_prove_monotonicity': 2, 'C3_formulate_condition': 0, 'C4_solve_parameter': 0}",4,"{'C1_calculate_f0': 'f(0) was correctly computed as 1 for a = 1.', 'C2_prove_monotonicity': ""The derivative was computed correctly and f'(0) was evaluated, but the proof of non-negativity for all x ≥ 0 is incomplete."", 'C3_formulate_condition': 'The condition for a unique zero was not clearly formulated and the approach using G(x) was not attempted.', 'C4_solve_parameter': 'The parameter was incorrectly solved (answering a = 2) without proper derivation leading to a = e²/4.'}",0.9,4378
Math_ShortAns_95,"{'C1_calculate_f0': 2, 'C2_prove_monotonicity': 4, 'C3_formulate_condition': 1, 'C4_solve_parameter': 0}",7,"{'C1_calculate_f0': 'The answer states f(0)=1 without error and clearly enough.', 'C2_prove_monotonicity': 'The derivative is computed and its sign analyzed correctly to deduce monotonicity.', 'C3_formulate_condition': 'The condition for a unique zero is mentioned via graph intersection, but with insufficient detail.', 'C4_solve_parameter': 'No explicit derivation or final value (a=e²/4) is given; analysis remains inconclusive.'}",0.95,4162
Math_ShortAns_98,"{'C1_derivative_analysis': 0, 'C2_monotonicity_and_sign': 0, 'C3_conclude_a_value': 0, 'C4_log_product_inequality': 0, 'C5_minimum_m_value': 1, 'C6_final_presentation': 0}",1,"{'C1_derivative_analysis': 'The student did not state the domain, compute the derivative, or identify the critical point; only f(1)=0 is mentioned.', 'C2_monotonicity_and_sign': ""There is no analysis of the function's monotonicity or detailed justification of the minimum at x=a."", 'C3_conclude_a_value': 'The student incorrectly concludes a = 0 without a correct contradiction argument; the required answer is a = 1.', 'C4_log_product_inequality': 'The inequality ln(1+1/2^k) < 1/2^k and the subsequent exponential bound were not used; the reasoning is not aligned with the rubric.', 'C5_minimum_m_value': 'The final answer m = 3 is stated, but the reasoning is insufficient and does not properly use established bounds.', 'C6_final_presentation': 'The final answers are not clearly and coherently presented with appropriate justifications.'}",1.0,4839
Math_ShortAns_99,"{'C1_derivative_analysis': 0, 'C2_monotonicity_and_sign': 0, 'C3_conclude_a_value': 0, 'C4_log_product_inequality': 0, 'C5_minimum_m_value': 0, 'C6_final_presentation': 0}",0,"{'C1_derivative_analysis': 'The student did not state the domain, compute the derivative, or identify the critical point.', 'C2_monotonicity_and_sign': 'No analysis of monotonicity using derivative was provided.', 'C3_conclude_a_value': 'The conclusion a=2 is incorrect and lacks a valid contradiction explanation.', 'C4_log_product_inequality': 'The student did not use the ln inequality to bound the product and did not sum the series correctly.', 'C5_minimum_m_value': 'The deduction of m=8 is incorrect; no proper reasoning with the bounds was provided.', 'C6_final_presentation': 'Final answers are clearly stated but do not reflect the correct logical derivations required.'}",,4217
Math_ShortAns_100,"{'C1_derivative_analysis': 2, 'C2_monotonicity_and_sign': 2, 'C3_conclude_a_value': 1, 'C4_log_product_inequality': 3, 'C5_minimum_m_value': 1, 'C6_final_presentation': 0}",9,"{'C1_derivative_analysis': 'The derivative is computed correctly and the critical point x = a and f(1) = 0 are mentioned, but the domain x > 0 is not explicitly stated.', 'C2_monotonicity_and_sign': 'Correctly identifies monotonicity: decreasing on (0, a) and increasing on (a, ∞).', 'C3_conclude_a_value': 'The conclusion that a = 1 is stated using contradiction, meeting the basic requirement.', 'C4_log_product_inequality': 'The inequality ln(1 + 1/2^k) < 1/2^k is applied and the product is bounded by e, though details are a bit brief.', 'C5_minimum_m_value': 'The reasoning shows the product is between 2 and e, implying m should be at least 3, but the final deduction is not stated clearly.', 'C6_final_presentation': 'Final answers are not presented clearly (especially for part (2)); the answer for m is not explicitly provided.'}",,5382
Math_ShortAns_103,"{'C1_derivative_calc': 0, 'C2_monotonicity_and_extremum': 0, 'C3_root_existence': 0, 'C4_reciprocal_relationship': 0, 'C5_logical_presentation': 0}",0,"{'C1_derivative_calc': 'The derivative is computed incorrectly; the product rule and subsequent simplification are not correctly applied.', 'C2_monotonicity_and_extremum': 'Using the incorrect derivative, the sign analysis is flawed and the student incorrectly concludes no critical point exists.', 'C3_root_existence': 'The evaluation of function values is error-prone and the logical argument for the existence of a unique positive root is missing.', 'C4_reciprocal_relationship': 'The student does not establish the reciprocal relationship between the roots.', 'C5_logical_presentation': 'The overall presentation is disorganized with conclusions conflicting the given problem requirements.'}",,3449
Math_ShortAns_104,"{'C1_derivative_calc': 0, 'C2_monotonicity_and_extremum': 0, 'C3_root_existence': 0, 'C4_reciprocal_relationship': 0, 'C5_logical_presentation': 0}",0,"{'C1_derivative_calc': 'The derivative was computed incorrectly; the student missed the ln x term in differentiation.', 'C2_monotonicity_and_extremum': 'Based on the incorrect derivative, the monotonicity and existence of a unique extremum were not properly demonstrated.', 'C3_root_existence': 'The sign analysis is flawed and does not rigorously establish the existence of exactly one real root in the specified interval.', 'C4_reciprocal_relationship': 'The student did not address or prove the reciprocal relationship between the two roots.', 'C5_logical_presentation': 'The overall presentation is disorganized and contains contradictory statements regarding monotonicity and the number of roots.'}",,4437
Math_ShortAns_105,"{'C1_derivative_calc': 1, 'C2_monotonicity_and_extremum': 1, 'C3_root_existence': 0, 'C4_reciprocal_relationship': 1, 'C5_logical_presentation': 1}",4,"{'C1_derivative_calc': 'The answer states that the derivative is computed but shows no steps or detailed simplification.', 'C2_monotonicity_and_extremum': ""The answer claims the existence of a unique critical point by stating the derivative's monotonicity but lacks a rigorous argument with test values."", 'C3_root_existence': 'No sign analysis or specific value evaluations are provided to demonstrate a unique root in (x0, +∞).', 'C4_reciprocal_relationship': 'The reciprocal property is mentioned but without any detailed justification (e.g., showing f(1/a)=0).', 'C5_logical_presentation': 'The solution is very brief with a basic logical flow, but lacks detailed explanations and structured reasoning.'}",1.0,3925
Math_ShortAns_108,"{'C1_domain_monotonicity': 0, 'C2_a_range': 0, 'C3_zero_location': 0, 'C4_zero_product_inequality': 0}",0,"{'C1_domain_monotonicity': 'The answer does not state the correct domain (x > 0) or analyze monotonicity using derivatives.', 'C2_a_range': 'The substitution at x = 1 is done incorrectly; the inequality is reversed and the final condition is wrong.', 'C3_zero_location': 'No valid justification is given for the location of the zeros; the derivative analysis is missing.', 'C4_zero_product_inequality': 'The proof is incorrect and leads to a conclusion opposite to what is required.'}",0.95,3263
Math_ShortAns_109,"{'C1_domain_monotonicity': 3, 'C2_a_range': 3, 'C3_zero_location': 1, 'C4_zero_product_inequality': 1}",8,"{'C1_domain_monotonicity': 'Correctly identified the domain and provided the derivative-based monotonicity analysis with proper sign analysis.', 'C2_a_range': 'Accurately computed f(1) = e+1-a and deduced the condition a ≤ e+1.', 'C3_zero_location': 'Stated that the zeros lie on different sides of x = 1, but did not explicitly justify it based on the minimum at x = 1 via derivative analysis.', 'C4_zero_product_inequality': 'Attempted a transformation and derivative approach to prove x1·x2 < 1, but the argument is incomplete and not fully rigorous.'}",0.9,4570
Math_ShortAns_112,"{'C1_determine_parameter': 0, 'C2_write_parabola_equation': 0, 'C3_setup_coordinates_and_relations': 0, 'C4_analyze_slope_relationship': 0, 'C5_find_final_line_equation': 0}",0,"{'C1_determine_parameter': 'Incorrect focus identification (should be (p/2,0)) and wrong use of condition; no proper deducing of p.', 'C2_write_parabola_equation': 'The parabola equation was incorrectly altered to y² = 3px instead of using p=2 to obtain y²=4x.', 'C3_setup_coordinates_and_relations': ""The student did not set up proper coordinate representations or correctly apply Vieta's formulas."", 'C4_analyze_slope_relationship': 'The slope relationship analysis is not addressed; the argument for maximizing the difference in angles is missing.', 'C5_find_final_line_equation': 'Final line equation is incorrect; the student concludes y = 0 without proper substitution and derivation.'}",,4138
Math_ShortAns_113,"{'C1_determine_parameter': 0, 'C2_write_parabola_equation': 0, 'C3_setup_coordinates_and_relations': 0, 'C4_analyze_slope_relationship': 0, 'C5_find_final_line_equation': 0}",0,"{'C1_determine_parameter': 'The student misidentifies the focus as (p, 0) and incorrectly sets up the condition, leading to an incorrect parameter deduction.', 'C2_write_parabola_equation': 'The student merely restates the general form y²=2px without substituting the correct value of p.', 'C3_setup_coordinates_and_relations': ""No proper coordinate assignment or use of Vieta's formulas is evident in part (2)."", 'C4_analyze_slope_relationship': 'The student fails to derive the correct relationship between the slopes and does not properly address the tangent difference formula.', 'C5_find_final_line_equation': 'The final answer given for line AB (y = 0) is incorrect and not derived from the correct slope or constant term.'}",,3639
Math_ShortAns_114,"{'C1_determine_parameter': 4, 'C2_write_parabola_equation': 2, 'C3_setup_coordinates_and_relations': 1, 'C4_analyze_slope_relationship': 1, 'C5_find_final_line_equation': 2}",10,"{'C1_determine_parameter': 'Correctly identified the focus and used the vertical condition to set up p + p/2 = 3, leading to p = 2.', 'C2_write_parabola_equation': 'With p = 2, the parabola equation y^2 = 4x is correctly written.', 'C3_setup_coordinates_and_relations': 'Coordinates for M, N, A, B are set up in the appropriate form and Vieta’s theorem is mentioned, though the derivation of the specific relation is not detailed.', 'C4_analyze_slope_relationship': 'The answer mentions the relationship between slopes and the use of the tangent difference formula, but the exact derivation of k_AB in terms of k_MN is not explicitly shown.', 'C5_find_final_line_equation': 'The final line equation x = √2 y + 4 is correctly obtained.'}",0.9,4432
Math_ShortAns_117,"{'C1_derivative_setup': 2, 'C2_explicit_function': 0, 'C3_monotonic_intervals': 0, 'C4_inequality_setup': 0, 'C5_maximum_value': 0}",2,"{'C1_derivative_setup': ""The student correctly differentiates f(x) and obtains f'(x)=k e^(x-1)-c+x and defined the constants; however, they did not set up the system to determine f(0) and f'(1), so partial credit is given."", 'C2_explicit_function': 'The student did not substitute x=0 or x=1 to determine the actual values of k and c, thus failing to derive the explicit analytic form of f(x).', 'C3_monotonic_intervals': 'The student provided a vague monotonicity argument using k and c without determining their values and without proper sign analysis; the expected decreasing interval was not addressed.', 'C4_inequality_setup': 'The student did not correctly transform the inequality into a function inequality or analyze h(x), merely stating a cancellation of terms without detailed justification.', 'C5_maximum_value': 'The student merely asserted an answer ((a+1)b = -1) without any derivation or proper optimization; the process to arrive at the maximum value was entirely missing.'}",,3836
Math_ShortAns_118,"{'C1_derivative_setup': 0, 'C2_explicit_function': 0, 'C3_monotonic_intervals': 0, 'C4_inequality_setup': 1, 'C5_maximum_value': 0}",1,"{'C1_derivative_setup': 'The student only states the need to differentiate but does not show the correct derivative expression.', 'C2_explicit_function': ""There is no actual substitution or calculation provided to determine f(0) or f'(1) or the explicit form of f(x)."", 'C3_monotonic_intervals': 'Monotonicity analysis is mentioned without any detailed sign analysis or derivative evaluation.', 'C4_inequality_setup': 'The student correctly transforms the inequality into h(x)= e^x - (a+1)x - b ≥ 0, earning a point.', 'C5_maximum_value': 'No concrete computation or optimization for (a+1)b is provided.'}",,3709
Math_ShortAns_121,"{'C1_monotonicity': 1, 'C2_max_b': 2, 'C3_ln2_estimate': 0}",3,"{'C1_monotonicity': ""Correct derivative obtained but misapplied monotonicity: f'(x)>0 implies increasing, yet student erroneously concluded decreasing and did not clearly use the inequality or state the unique zero."", 'C2_max_b': 'Correct expressions for f(2x) and g(x) were given but no derivative analysis or proper reasoning was provided; the incorrect conclusion that the maximum b is 0 shows major flaws.', 'C3_ln2_estimate': 'The method using the given bounds for √2 is not applied; the final estimate ln2 ≈ 2.1 (or 2) is completely off the required precision.'}",,4152
Math_ShortAns_122,"{'C1_monotonicity': 4, 'C2_max_b': 5, 'C3_ln2_estimate': 3}",12,"{'C1_monotonicity': 'The derivative was correctly computed, the inequality applied properly, equality identified only at x=0, and the conclusion that f(x) is increasing is stated clearly.', 'C2_max_b': 'The student correctly derived f(2x), expanded g(x), computed its derivative, and logically deduced that b must be ≤2, concluding b=2 as the maximum value, though detailed sign analysis is a bit brief.', 'C3_ln2_estimate': 'The solution uses the given bounds of √2 to relate ln(√2) to ln2, substitutes b=2, deduces inequalities leading to the final estimate ln2 ≈ 0.693, which meets the required precision.'}",1.0,4698
Math_ShortAns_125,"{'Q21_M1_derivative_computation': 1, 'Q21_M2_monotonicity_intervals': 0, 'Q21_M3_bound_proof': 0, 'Q21_M4_product_inequality': 0}",1,"{'Q21_M1_derivative_computation': 'The student computed a derivative expression using the product rule, which is partially correct, but did not simplify further or solve for the zeros.', 'Q21_M2_monotonicity_intervals': ""No correct analysis of the derivative's sign or critical points was provided for determining the monotonicity intervals."", 'Q21_M3_bound_proof': 'The student attempted to bound |f(x)| by evaluating at x=π/2, which is incorrect, and did not show the proper process.', 'Q21_M4_product_inequality': 'The student’s argument is vague and even contradicts the required inequality, failing to provide a valid proof.'}",,3630
Math_ShortAns_126,"{'Q21_M1_derivative_computation': 1, 'Q21_M2_monotonicity_intervals': 0, 'Q21_M3_bound_proof': 0, 'Q21_M4_product_inequality': 0}",1,"{'Q21_M1_derivative_computation': 'The derivative was computed correctly, but critical points were not identified.', 'Q21_M2_monotonicity_intervals': 'Incorrect monotonicity reasoning; the student wrongly concluded the function is increasing on (0, π).', 'Q21_M3_bound_proof': 'The proof for the bound is incorrect; the student did not obtain the required maximum value (3√3/8).', 'Q21_M4_product_inequality': 'The inequality proof is flawed, relying on a trivial bound that does not lead to the desired result.'}",1.0,3688
Math_ShortAns_127,"{'Q21_M1_derivative_computation': 0, 'Q21_M2_monotonicity_intervals': 0, 'Q21_M3_bound_proof': 1, 'Q21_M4_product_inequality': 1}",2,"{'Q21_M1_derivative_computation': 'The answer only states the process of differentiation without showing any actual derivative computation or finding the critical points.', 'Q21_M2_monotonicity_intervals': 'No specific intervals or analysis of increasing/decreasing behavior is provided.', 'Q21_M3_bound_proof': 'The answer mentions using periodicity and monotonicity to bound the function, but lacks detailed computation; minimal credit is given for the idea.', 'Q21_M4_product_inequality': 'An attempt is made to transform the expression and apply the bound from (2), but the algebra is unclear and incomplete.'}",,3954
Math_ShortAns_130,"{'C1_convert_to_rectangular': 0, 'C2_complete_square': 0, 'C3_parametric_M_and_vector_relation': 0, 'C4_derivation_of_parametric_equation': 0, 'C5_intersection_analysis': 0}",0,"{'C1_convert_to_rectangular': 'The student’s conversion is incorrect; the final rectangular equation derived is inconsistent and contains errors.', 'C2_complete_square': 'No proper rearrangement or completing the square was performed.', 'C3_parametric_M_and_vector_relation': 'The parameterization of M and the use of the vector relation are only superficially attempted without a clear derivation in terms of θ.', 'C4_derivation_of_parametric_equation': 'The final parametric equations for P are not correctly derived; an example value was arbitrarily plugged in rather than a full derivation.', 'C5_intersection_analysis': 'There is no rigorous analysis of centers, radii, or intersection; the conclusion is unjustified and contradictory.'}",,3488
Math_ShortAns_131,"{'C1_convert_to_rectangular': 2, 'C2_complete_square': 2, 'C3_parametric_M_and_vector_relation': 2, 'C4_derivation_of_parametric_equation': 0, 'C5_intersection_analysis': 1}",7,"{'C1_convert_to_rectangular': 'The student correctly converted the polar equation to rectangular form and obtained x²+y²=2√2x.', 'C2_complete_square': 'They rearranged the equation and correctly completed the square to get (x-√2)²+y²=2.', 'C3_parametric_M_and_vector_relation': ""M was defined in a valid manner and the vector relation was stated, but the derivation of P's coordinates was not shown in detail."", 'C4_derivation_of_parametric_equation': 'The final parametric equations for P’s locus were not explicitly derived.', 'C5_intersection_analysis': 'A conclusion about the intersection was given without detailed center and radius calculations.'}",0.95,4097
Math_ShortAns_134,"{'C1_C1_standard': 1, 'C2_C2_standard': 0, 'C3_intersection': 1, 'C4_circle_polar': 0}",2,"{'C1_C1_standard': 'The student used the identity correctly but then mistakenly concluded x+y=5 instead of the correct x+y=4.', 'C2_C2_standard': 'No correct elimination of t; the derived expression is a guess and does not lead to the standard equation x²-y²=4.', 'C3_intersection': 'The student set up simultaneous equations and solved them, but the equations are based on the wrong standard forms, leading to an incorrect intersection point.', 'C4_circle_polar': ""The student’s approach to determine the circle's polar equation is flawed, using an incorrect center and providing an unrelated polar form.""}",,3762
Math_ShortAns_135,"{'C1_C1_standard': 2, 'C2_C2_standard': 2, 'C3_intersection': 1, 'C4_circle_polar': 3}",8,"{'C1_C1_standard': 'The student provided the correct standard equation x + y = 4 for C1.', 'C2_C2_standard': 'The standard form for C2 is correctly given as x² - y² = 4.', 'C3_intersection': 'The answer mentions obtaining the intersection point by solving the systems but does not show the computed coordinates; minimal credit awarded.', 'C4_circle_polar': ""The circle's polar equation is correctly given as ρ = (17/5) cos θ.""}",,3792
Math_ShortAns_138,"{'CR1_C1_conversion': 0, 'CR2_C2_conversion': 0, 'CR3_intersection_point': 0, 'CR4_circle_derivation': 0, 'CR5_polar_conversion': 0}",0,"{'CR1_C1_conversion': 'Incorrect conversion: derived x+y=8 instead of the correct x+y=4.', 'CR2_C2_conversion': 'Incorrect squaring led to x²-y²=2 rather than the correct equation x²-y²=4.', 'CR3_intersection_point': 'System of equations solved incorrectly; the intersection point was not correctly determined.', 'CR4_circle_derivation': ""Circle derivation is flawed; the setup and solution for the circle's equation are incorrect."", 'CR5_polar_conversion': 'Polar conversion is not properly executed; final polar equation r = 2 does not match the required derivation.'}",1.0,3360
Math_ShortAns_139,"{'CR1_C1_conversion': 2, 'CR2_C2_conversion': 2, 'CR3_intersection_point': 1, 'CR4_circle_derivation': 1, 'CR5_polar_conversion': 2}",8,"{'CR1_C1_conversion': 'The conversion for C1 is correctly stated as x+y=4.', 'CR2_C2_conversion': 'The conversion for C2 is correctly given as x²-y²=4.', 'CR3_intersection_point': 'The intersection point P is not explicitly solved for, so partial credit is awarded.', 'CR4_circle_derivation': ""No derivation for the circle's Cartesian equation was shown, though the final polar form is correct."", 'CR5_polar_conversion': 'The final polar form of the circle is correctly provided as ρ = (17/5) cos θ.'}",,3628
Math_ShortAns_142,"{'P1_AMGM_application_part1': 0, 'P2_Algebraic_manipulation_part1': 0, 'P3_Conclusion_and_equality_condition_part1': 0, 'P4_Inequality_setup_part2': 0, 'P5_Summing_and_substitution_part2': 0, 'P6_Conclusion_and_equality_condition_part2': 0}",0,"{'P1_AMGM_application_part1': 'The student did not apply the AM-GM inequality as required; only considered the symmetric case without proper justification.', 'P2_Algebraic_manipulation_part1': 'The algebraic manipulation relied solely on assuming a=b=c, which does not constitute a general proof via substitution and radicals.', 'P3_Conclusion_and_equality_condition_part1': 'Although the conclusion abc ≤ 1/9 was stated, the student’s approach using a=b=c led to an incorrect intermediary value (1/27) and lacked detailed equality condition verification.', 'P4_Inequality_setup_part2': 'For part (2), the required substitution and bounding (e.g., a/(b+c) ≤ a/(2√(bc))) were not properly set up.', 'P5_Summing_and_substitution_part2': 'The summation of terms was incorrectly handled and did not lead to the required result of 1/(2√(abc)).', 'P6_Conclusion_and_equality_condition_part2': 'The final conclusion for part (2) is incorrect and omits the proper equality condition analysis.'}",1.0,4105
Math_ShortAns_143,"{'P1_AMGM_application_part1': 0, 'P2_Algebraic_manipulation_part1': 0, 'P3_Conclusion_and_equality_condition_part1': 0, 'P4_Inequality_setup_part2': 0, 'P5_Summing_and_substitution_part2': 0, 'P6_Conclusion_and_equality_condition_part2': 0}",0,"{'P1_AMGM_application_part1': 'The student did not apply the AM-GM inequality properly; instead they assumed a=b=c without any inequality discussion.', 'P2_Algebraic_manipulation_part1': 'The algebraic manipulation only leads to an incorrect result (abc=1/27) and does not use the given condition to show abc ≤ 1/9.', 'P3_Conclusion_and_equality_condition_part1': 'The conclusion is incorrect and the equality condition is not properly verified.', 'P4_Inequality_setup_part2': 'The setup for the second inequality is flawed; the correct bounding step (using a/(2√(bc))) is missing.', 'P5_Summing_and_substitution_part2': 'No valid summation or substitution is performed to reach the desired result.', 'P6_Conclusion_and_equality_condition_part2': 'The final conclusion is wrong and equality conditions are not addressed at all.'}",1.0,3473
Math_ShortAns_144,"{'P1_AMGM_application_part1': 0, 'P2_Algebraic_manipulation_part1': 0, 'P3_Conclusion_and_equality_condition_part1': 0, 'P4_Inequality_setup_part2': 0, 'P5_Summing_and_substitution_part2': 0, 'P6_Conclusion_and_equality_condition_part2': 0}",0,"{'P1_AMGM_application_part1': 'The answer does not correctly apply the AM-GM inequality; it merely assumes a = b = c without explaining the inequality transformation.', 'P2_Algebraic_manipulation_part1': 'Algebraic manipulation is flawed: the substitute step is incorrect and leads to the wrong result of abc = 1/27.', 'P3_Conclusion_and_equality_condition_part1': 'The conclusion completely reverses the intended inequality (asserting abc >= 1/9), with no proper verification of equality conditions.', 'P4_Inequality_setup_part2': 'The setup for the second inequality is incorrect; the attempted denominator manipulation does not correctly establish the intended bound.', 'P5_Summing_and_substitution_part2': 'The summing and substitution steps are imprecise and lead to an incorrect inequality result.', 'P6_Conclusion_and_equality_condition_part2': 'The final conclusion reverses the required inequality and fails to accurately address the equality conditions.'}",1.0,3439
Math_ShortAns_145,"{'P1_AMGM_application_part1': 2, 'P2_Algebraic_manipulation_part1': 2, 'P3_Conclusion_and_equality_condition_part1': 1, 'P4_Inequality_setup_part2': 2, 'P5_Summing_and_substitution_part2': 2, 'P6_Conclusion_and_equality_condition_part2': 1}",10,"{'P1_AMGM_application_part1': 'Correctly applied AM-GM and clearly substituted the given sum.', 'P2_Algebraic_manipulation_part1': 'Proper algebraic manipulation leading to (abc)^(1/2) ≤ 1/3 and then squaring to get abc ≤ 1/9.', 'P3_Conclusion_and_equality_condition_part1': 'Clearly stated the conclusion and equality condition.', 'P4_Inequality_setup_part2': 'Correctly used the inequality b+c ≥ 2√(bc) and rewrote the fraction as required.', 'P5_Summing_and_substitution_part2': 'Summed the terms and substituted to obtain the final result cleanly.', 'P6_Conclusion_and_equality_condition_part2': 'Explicitly stated the equality condition when a = b = c.'}",,4258
Math_ShortAns_148,"{'C1_rewriting_equation': 1, 'C2_apply_cauchy_part1': 0, 'C3_equality_condition_part1': 0, 'C4_substitution_and_rearrangement_part2': 2, 'C5_apply_weighted_inequality_part2': 0}",3,"{'C1_rewriting_equation': 'The student implicitly rewrote 4c² as (2c)² when setting up the inequality.', 'C2_apply_cauchy_part1': 'They incorrectly set up Cauchy-Schwarz using (1,1,2) instead of (1,1,1), leading to an erroneous bound.', 'C3_equality_condition_part1': 'No discussion of the equality condition was provided.', 'C4_substitution_and_rearrangement_part2': 'The substitution b=2c and simplification to a²+8c²=3 were done correctly, but the necessary deduction regarding a+4c did not occur.', 'C5_apply_weighted_inequality_part2': 'No appropriate weighted inequality was applied to obtain 1/a + 1/c ≥ 3.'}",0.9,5130
Math_ShortAns_149,"{'C1_rewriting_equation': 1, 'C2_apply_cauchy_part1': 2, 'C3_equality_condition_part1': 0, 'C4_substitution_and_rearrangement_part2': 2, 'C5_apply_weighted_inequality_part2': 0}",5,"{'C1_rewriting_equation': 'The student implicitly rewrote 4c² as (2c)² and recognized the form needed for Cauchy, earning full marks here.', 'C2_apply_cauchy_part1': 'The setup using sequences (a, b, 2c) and (1, 1, 1) was correctly done and the substitution into the inequality was correct, but the final simplification is incorrect (√18 was mistakenly taken as 6 instead of 3), so partial credit is awarded.', 'C3_equality_condition_part1': 'No discussion of the equality condition was provided.', 'C4_substitution_and_rearrangement_part2': 'The substitution of b = 2c and simplification to a² + 8c² = 3 was done, but the necessary deduction to obtain a bound (like a + 4c ≤ 3) was missing.', 'C5_apply_weighted_inequality_part2': 'The student did not correctly apply any inequality to deduce 1/a + 1/c ≥ 3, and the reasoning was unclear.'}",,4515
Math_ShortAns_150,"{'C1_rewriting_equation': 1, 'C2_apply_cauchy_part1': 3, 'C3_equality_condition_part1': 1, 'C4_substitution_and_rearrangement_part2': 2, 'C5_apply_weighted_inequality_part2': 2}",9,"{'C1_rewriting_equation': 'The student correctly identifies and rewrites 4c² as (2c)².', 'C2_apply_cauchy_part1': 'They correctly set up and apply the Cauchy inequality with the sequences (a, b, 2c) and (1, 1, 1) and use the given condition to deduce a+b+2c≤3.', 'C3_equality_condition_part1': 'The equality condition is clearly stated as a=b=2c=1, which is equivalent to a=b=2c with the appropriate numerical values.', 'C4_substitution_and_rearrangement_part2': 'The answer mentions b=2c and uses the result a+4c≤3, but it does not explicitly show the substitution into the equation (a²+8c²=3) or its direct rearrangement. Partial credit is given.', 'C5_apply_weighted_inequality_part2': ""The weighted inequality (Titu's lemma) is correctly set up and applied to derive 1/a+1/c≥3 and the equality condition is properly identified.""}",0.95,4697
Math_ShortAns_153,"{'Q23_Part1_Cauchy': 0, 'Q23_Part1_Substitution': 0, 'Q23_Part2_Factorization': 2, 'Q23_Part2_AM_Inequality': 0, 'Q23_Part2_Conclusion': 0}",2,"{'Q23_Part1_Cauchy': 'No application or mention of the Cauchy–Schwarz inequality; the approach uses polynomial identities instead.', 'Q23_Part1_Substitution': 'The substitution of a³+b³ = 2 is attempted but not correctly used to derive the inequality (a+b)(a⁵+b⁵) ≥ 4.', 'Q23_Part2_Factorization': 'The factorization a³+b³ = (a+b)(a²-ab+b²) is correctly set up and the relation 2 = s(s²–3p) is derived.', 'Q23_Part2_AM_Inequality': 'There is no application of the AM inequality to bound ab or deduce (a+b)³ bounds; the reasoning is unclear.', 'Q23_Part2_Conclusion': 'The final conclusions are incorrect; the student incorrectly concludes (a+b)(a⁵+b⁵) < 4 and a+b ≥ 2.'}",,4217
Math_ShortAns_154,"{'Q23_Part1_Cauchy': 0, 'Q23_Part1_Substitution': 1, 'Q23_Part2_Factorization': 1, 'Q23_Part2_AM_Inequality': 1, 'Q23_Part2_Conclusion': 0}",3,"{'Q23_Part1_Cauchy': 'No explicit application of the Cauchy–Schwarz inequality was provided; the answer only mentioned a factorization without setting up the needed inequality.', 'Q23_Part1_Substitution': 'There was an attempt to use a³+b³=2 (by testing a=b=1), but the substitution was not carried through rigorously.', 'Q23_Part2_Factorization': 'The student started with the factorization a³+b³=(a+b)(a²−ab+b²) but did not transform it into the required cubic relation.', 'Q23_Part2_AM_Inequality': 'There is only a vague heuristic about a+b<=2 without a clear use of the AM inequality or detailed manipulation.', 'Q23_Part2_Conclusion': 'The final conclusions are unclear and contradictory; the intended inequality for a+b was not correctly stated.'}",,4766
Math_ShortAns_155,"{'Q23_Part1_Cauchy': 3, 'Q23_Part1_Substitution': 2, 'Q23_Part2_Factorization': 2, 'Q23_Part2_AM_Inequality': 2, 'Q23_Part2_Conclusion': 1}",10,"{'Q23_Part1_Cauchy': 'The student correctly applies the Cauchy–Schwarz inequality and transforms the expression to (a³+b³)², and mentions the equality condition.', 'Q23_Part1_Substitution': 'The substitution of a³+b³ = 2 is clearly shown to obtain (a³+b³)² ≥ 4, with proper equality condition.', 'Q23_Part2_Factorization': 'The factorization of a³+b³ into (a+b)[(a+b)²-3ab] is correctly applied and transformed into (a+b)³ - 3ab(a+b) = 2.', 'Q23_Part2_AM_Inequality': 'The AM inequality is correctly applied to bound ab, leading to (1/4)(a+b)³ ≤ 2 and hence a+b ≤ 2, with equality noted.', 'Q23_Part2_Conclusion': 'Final conclusions are clearly stated with the equality condition (a = b = 1).'}",1.0,3876
Math_ShortAns_158,"{'C1_cauchy_application': 0, 'C2_conclusion_part1': 0, 'C3_transformation_part2': 2, 'C4_application_AM_GM': 0}",2,"{'C1_cauchy_application': 'The answer did not apply the Cauchy inequality at all, merely factorizing without the necessary square root steps.', 'C2_conclusion_part1': 'There is only a check at a = b = 1, but no general deduction using a^3+b^3=2 or discussion of equality conditions.', 'C3_transformation_part2': 'The student correctly transformed a^3+b^3 into s(s^2-3p)=2, showing clear algebraic steps.', 'C4_application_AM_GM': 'The answer fails to invoke or correctly apply the AM-GM inequality to derive a+b ≤ 2.'}",0.95,3566
Math_ShortAns_159,"{'C1_cauchy_application': 1, 'C2_conclusion_part1': 1, 'C3_transformation_part2': 2, 'C4_application_AM_GM': 2}",6,"{'C1_cauchy_application': 'The student attempts to apply Cauchy but misapplies the square root step, lacking detailed breakdown of √(a·a^5) + √(b·b^5).', 'C2_conclusion_part1': 'Correctly substitutes a^3+b^3=2 to reach the inequality and mentions the equality condition.', 'C3_transformation_part2': 'Correctly transforms a^3+b^3 into (a+b)[(a+b)^2-3ab]=2 with sufficient algebraic steps.', 'C4_application_AM_GM': 'Applies the AM-GM inequality to obtain the bound, though the steps are concise and not fully detailed.'}",,4428
Math_ShortAns_162,"{'C1_piecewise_g': 0, 'C2_property_f_for_a1': 1, 'C3_solve_part1': 0, 'C4_range_a': 0}",1,"{'C1_piecewise_g': 'The piecewise expression for g(x) is incorrect in two of the three cases.', 'C2_property_f_for_a1': 'f(x) is correctly written for a = 1 but lacks discussion of its key quadratic properties.', 'C3_solve_part1': 'The inequality solving steps are misapplied and the combined solution set is incorrect.', 'C4_range_a': 'The parameter condition was derived incorrectly by comparing to 0 instead of 2, leading to the wrong interval for a.'}",0.9,4220
Math_ShortAns_163,"{'C1_piecewise_g': 2, 'C2_property_f_for_a1': 3, 'C3_solve_part1': 1, 'C4_range_a': 3}",9,"{'C1_piecewise_g': 'The student correctly expressed g(x) in its three piecewise cases.', 'C2_property_f_for_a1': 'The student identified f(x) correctly as a downward-opening quadratic with the correct symmetry axis and discussed monotonicity.', 'C3_solve_part1': 'The final answer for part (1) is correct, but the case analysis is inconsistent—especially the treatment for x < -1—and the reasoning is not fully justified.', 'C4_range_a': 'The derivation for the range of a is correctly handled by evaluating endpoints and solving the inequalities.'}",,6024
Math_ShortAns_166,"{'C1_parameter_elimination': 0, 'C2_convert_to_polar': 0, 'C3_convert_C2_equation': 0, 'C4_solve_intersections_and_convert': 0}",0,"{'C1_parameter_elimination': 'The student did not eliminate the parameter t correctly and never obtained the correct rectangular equation for C1.', 'C2_convert_to_polar': 'The substitution into polar coordinates is misapplied, mixing t and θ, and the resulting polar equation is incorrect.', 'C3_convert_C2_equation': ""No proper conversion of C2's polar form into a rectangular equation was attempted."", 'C4_solve_intersections_and_convert': 'The intersection system is set up incorrectly and the solving process is flawed, leading to an incorrect conclusion about intersections.'}",,3255
Math_ShortAns_167,"{'C1_parameter_elimination': 3, 'C2_convert_to_polar': 2, 'C3_convert_C2_equation': 2, 'C4_solve_intersections_and_convert': 3}",10,"{'C1_parameter_elimination': 'Correctly eliminated the parameter to obtain (x-4)²+(y-5)²=25.', 'C2_convert_to_polar': 'Correct substitution with x=ρ cosθ and y=ρ sinθ yielding the polar form ρ²-8ρcosθ-10ρsinθ+16=0.', 'C3_convert_C2_equation': 'Accurately converted ρ=2sinθ into rectangular form x²+y²-2y=0.', 'C4_solve_intersections_and_convert': 'Found correct intersection points (1,1) and (0,2) and correctly converted them to polar coordinates as (√2, π/4) and (2, π/2).'}",,3493
Math_ShortAns_170,"{'Q23_Part1_Identity': 0, 'Q23_Part1_Conclusion': 0, 'Q23_Part2_Setup': 0, 'Q23_Part2_Inequality': 0}",0,"{'Q23_Part1_Identity': 'The student did not use the required expansion of (a+b+c)² and did not isolate ab+bc+ca as -½(a²+b²+c²); instead, they substituted c = -a-b and obtained an expression that does not match the rubric requirement.', 'Q23_Part1_Conclusion': 'There is no clear reasoning using the positivity of a²+b²+c²; the student only provided a specific numerical example which is invalid and does not cover the general case.', 'Q23_Part2_Setup': 'The student failed to clearly assume max{a, b, c} = a and did not properly deduce that a > 0 and b, c < 0 from the given conditions.', 'Q23_Part2_Inequality': 'The derivation of a³ and the subsequent inequality is missing; the student’s manipulation does not yield the expression a³ = (b²+c²+2bc)/(bc) and does not justify a³ ≥ 4.'}",,3780
Math_ShortAns_171,"{'Q23_Part1_Identity': 2, 'Q23_Part1_Conclusion': 2, 'Q23_Part2_Setup': 3, 'Q23_Part2_Inequality': 3}",10,"{'Q23_Part1_Identity': 'The student correctly expanded (a+b+c)² and isolated ab+bc+ca as -½(a²+b²+c²).', 'Q23_Part1_Conclusion': 'They noted that a²+b²+c² > 0 and concluded ab+bc+ca < 0, as required.', 'Q23_Part2_Setup': 'The student assumed max{a, b, c} = a and correctly deduced from a+b+c = 0 and abc = 1 that a > 0 and b, c < 0.', 'Q23_Part2_Inequality': 'They derived a³ = (b²+c²+2bc)/(bc) and applied the inequality to conclude a³ ≥ 4, hence a ≥ ∛4.'}",,4407
Math_ShortAns_174,"{'P1_cauchy_part1': 0, 'P2_equality_conditions_part1': 0, 'P3_cauchy_part2': 0, 'P4_parameter_extraction': 0, 'P5_overall_logic_and_justification': 0}",0,"{'P1_cauchy_part1': 'The solution does not use the Cauchy inequality at all and fails to derive the lower bound via this method.', 'P2_equality_conditions_part1': 'No equality conditions are identified or utilized to confirm the minimum; the approach is incomplete.', 'P3_cauchy_part2': 'The answer does not transform the second part using the Cauchy inequality; the method is entirely absent.', 'P4_parameter_extraction': 'The parameter condition is incorrectly stated and the reasoning is flawed, resulting in an incorrect conclusion.', 'P5_overall_logic_and_justification': 'The overall solution is incoherent and does not logically connect the steps required by the problem.'}",,3994
Math_ShortAns_175,"{'P1_cauchy_part1': 1, 'P2_equality_conditions_part1': 0, 'P3_cauchy_part2': 0, 'P4_parameter_extraction': 1, 'P5_overall_logic_and_justification': 0}",2,"{'P1_cauchy_part1': ""The student attempted to apply Cauchy's inequality but mis-summed the terms, leading to an incorrect lower bound."", 'P2_equality_conditions_part1': 'No clear discussion of the equality condition was provided to confirm the minimum value.', 'P3_cauchy_part2': ""The transformation using Cauchy's inequality for part (2) is not properly carried out; the key step of deriving an inequality involving (a+2)² is missing."", 'P4_parameter_extraction': 'Although the final parameter condition a ≤ -3 or a ≥ -1 is stated, there is insufficient justification and explanation.', 'P5_overall_logic_and_justification': 'The overall solution lacks clarity and coherent logical steps linking the two parts.'}",0.9,5440
Math_ShortAns_178,"{'P1_cauchy_application_part1': 0, 'P2_equality_conditions_part1': 0, 'P3_cauchy_application_part2': 0, 'P4_final_conclusion_part2': 1}",1,"{'P1_cauchy_application_part1': 'No use of Cauchy-Schwarz is evident; the student simply expands and misapplies the constraint.', 'P2_equality_conditions_part1': 'No attempt to determine equality conditions was made.', 'P3_cauchy_application_part2': 'The student does not use Cauchy-Schwarz properly and does not derive a valid inequality involving a.', 'P4_final_conclusion_part2': 'Although the final answer is stated correctly, the reasoning is flawed and insufficient.'}",0.95,4354
Math_ShortAns_179,"{'P1_cauchy_application_part1': 1, 'P2_equality_conditions_part1': 0, 'P3_cauchy_application_part2': 1, 'P4_final_conclusion_part2': 1}",3,"{'P1_cauchy_application_part1': 'The student attempted to apply the Cauchy-Schwarz inequality but made an arithmetic error in summing the terms, leading to an incorrect lower bound.', 'P2_equality_conditions_part1': 'The student did not determine or discuss the equality conditions for part (1).', 'P3_cauchy_application_part2': 'The student set up the inequality for part (2) but mis-simplified the sum and the resulting expression, showing a misunderstanding in the algebraic manipulation.', 'P4_final_conclusion_part2': 'Although the final answer for a is given correctly, the conclusion is not rigorously derived from the inequality; the reasoning is flawed.'}",,5626
Math_ShortAns_182,"{'C1_piecewise_function': 3, 'C2_solve_f_ge_0': 0, 'C3_transform_inequality': 0, 'C4_solve_a_condition': 0, 'C5_final_answer': 0}",3,"{'C1_piecewise_function': 'The student correctly identified the intervals and derived the correct piecewise expressions.', 'C2_solve_f_ge_0': 'The inequalities were solved incorrectly (sign errors) and the final combined solution is wrong.', 'C3_transform_inequality': 'The transformation started correctly but the inequality sign was reversed, leading to an incorrect inequality.', 'C4_solve_a_condition': 'No proper use of the triangle inequality was made to deduce a condition on a.', 'C5_final_answer': 'Both final answers for part (1) and (2) are incorrect.'}",,6308
Math_ShortAns_183,"{'C1_piecewise_function': 3, 'C2_solve_f_ge_0': 2, 'C3_transform_inequality': 2, 'C4_solve_a_condition': 2, 'C5_final_answer': 1}",10,"{'C1_piecewise_function': 'Correctly identified the intervals and piecewise expressions for f(x) when a=1.', 'C2_solve_f_ge_0': 'Properly solved the inequality on each interval and combined them to obtain [-2, 3].', 'C3_transform_inequality': 'Correctly transformed the inequality f(x) ≤ 1 into |x+a| + |x-2| ≥ 4 with adequate justification.', 'C4_solve_a_condition': 'Appropriately used the triangle inequality to derive |a+2| ≥ 4 and solved for a.', 'C5_final_answer': 'Final answers for both parts are stated correctly.'}",,3816
Math_ShortAns_186,"{'C1_substitution_and_rewriting': 2, 'C2_case_partition_part1': 2, 'C3_analysis_and_conclusion_part1': 0, 'C4_analysis_a_ge_1': 0, 'C5_analysis_a_lt_1': 0, 'C6_final_answer_part2': 0}",4,"{'C1_substitution_and_rewriting': 'Correct substitution and rewriting of f(x) when a=1.', 'C2_case_partition_part1': 'Correctly divided the real line into the three needed intervals.', 'C3_analysis_and_conclusion_part1': 'The analysis led to an incorrect conclusion ((-∞,2) instead of (-∞,1)).', 'C4_analysis_a_ge_1': 'No clear analysis was provided for the case a ≥ 1.', 'C5_analysis_a_lt_1': 'Did not address the case a < 1 at all.', 'C6_final_answer_part2': ""Final answer for a's range is incorrect; justification is flawed.""}",,5361
Math_ShortAns_187,"{'C1_substitution_and_rewriting': 2, 'C2_case_partition_part1': 2, 'C3_analysis_and_conclusion_part1': 2, 'C4_analysis_a_ge_1': 2, 'C5_analysis_a_lt_1': 1, 'C6_final_answer_part2': 1}",10,"{'C1_substitution_and_rewriting': 'Correctly substituted a = 1 and rewrote the function properly.', 'C2_case_partition_part1': 'The student correctly partitioned the real line into x < 1, 1 ≤ x < 2, x ≥ 2 with clear reasoning.', 'C3_analysis_and_conclusion_part1': 'Detailed analysis for each interval leading to the correct conclusion that the solution set is (-∞, 1).', 'C4_analysis_a_ge_1': 'The analysis for a ≥ 1 is adequately presented, showing the inequality holds for x in (-∞, 1).', 'C5_analysis_a_lt_1': 'The student addresses the case a < 1 with a brief piecewise discussion, though the explanation is minimal.', 'C6_final_answer_part2': 'The final answer for part (2) is clearly stated as [1, +∞), which is correct.'}",1.0,4798
Math_ShortAns_190,"{'R1_rewrite_reciprocals': 2, 'R2_establish_face_ineq': 0, 'R3_apply_cubic_ineq': 0, 'R4_am_gm_application': 0, 'R5_clarity_and_logical_conclusion': 1}",3,"{'R1_rewrite_reciprocals': 'Correct rewriting of reciprocals using abc = 1 with full steps provided.', 'R2_establish_face_ineq': 'Did not establish the key inequality a²+b²+c² ≥ ab+ac+bc; the approach using AM-GM is irrelevant here.', 'R3_apply_cubic_ineq': 'The student expanded the cubes but did not properly use the inequality (a+b)³+(b+c)³+(c+a)³ ≥ 3(a+b)(b+c)(c+a).', 'R4_am_gm_application': 'There is no proper and detailed AM-GM application to derive the bound; the reasoning is not well-justified.', 'R5_clarity_and_logical_conclusion': 'Overall solution is poorly organized with unclear justification; only minimal structure was evident.'}",,3859
Math_ShortAns_191,"{'R1_rewrite_reciprocals': 1, 'R2_establish_face_ineq': 0, 'R3_apply_cubic_ineq': 0, 'R4_am_gm_application': 0, 'R5_clarity_and_logical_conclusion': 0}",1,"{'R1_rewrite_reciprocals': 'Student replaced reciprocals with new variables but did not explicitly rewrite 1/a + 1/b + 1/c as bc + ac + ab using abc = 1.', 'R2_establish_face_ineq': 'The answer does not establish the face inequality a²+b²+c² ≥ ab+ac+bc through detailed reasoning.', 'R3_apply_cubic_ineq': 'The student failed to identify or correctly apply the inequality (a+b)³+(b+c)³+(c+a)³ ≥ 3(a+b)(b+c)(c+a).', 'R4_am_gm_application': 'No proper application of the AM-GM inequality to derive the bound of 24 was provided.', 'R5_clarity_and_logical_conclusion': 'The overall reasoning is vague, lacks detailed justification, and does not conclude clearly for both parts.'}",,4027
Math_ShortAns_192,"{'R1_rewrite_reciprocals': 0, 'R2_establish_face_ineq': 0, 'R3_apply_cubic_ineq': 0, 'R4_am_gm_application': 0, 'R5_clarity_and_logical_conclusion': 0}",0,"{'R1_rewrite_reciprocals': 'The student did not correctly rewrite 1/a + 1/b + 1/c as bc+ac+ab using abc=1, instead only substituting variables without the necessary transformation.', 'R2_establish_face_ineq': 'The solution does not establish the correct inequality a^2+b^2+c^2 ≥ ab+ac+bc; the provided inequality a^2+b^2+c^2 ≥ (a+b+c)^2/3 is irrelevant here.', 'R3_apply_cubic_ineq': 'The student does not identify or correctly apply the inequality (a+b)^3+(b+c)^3+(c+a)^3 ≥ 3(a+b)(b+c)(c+a); the expansion and subsequent reasoning are off-target.', 'R4_am_gm_application': 'There is no correct application of the AM-GM inequality; the student instead speculates about limits, which does not satisfy this criterion.', 'R5_clarity_and_logical_conclusion': 'The overall reasoning is unclear and does not lead to a logically correct conclusion for either part, instead claiming the inequalities fail.'}",,4303
Math_ShortAns_193,"{'R1_rewrite_reciprocals': 1, 'R2_establish_face_ineq': 1, 'R3_apply_cubic_ineq': 1, 'R4_am_gm_application': 1, 'R5_clarity_and_logical_conclusion': 1}",5,"{'R1_rewrite_reciprocals': 'The answer acknowledges the rewriting using abc = 1, but it omits detailed steps.', 'R2_establish_face_ineq': 'The inequality is stated using a basic argument but without thorough justification.', 'R3_apply_cubic_ineq': 'The cubic inequality is invoked correctly but explained minimally.', 'R4_am_gm_application': 'AM-GM is mentioned to reach the bound, yet the derivation lacks clear detail.', 'R5_clarity_and_logical_conclusion': 'The overall solution is very terse with insufficient clarity and detail in logical steps.'}",0.95,4064
Math_ShortAns_196,"{'C1_conditions_and_identity': 0, 'C2_proof_part1': 0, 'C3_proof_part2_forward': 0, 'C4_proof_part2_reverse': 0, 'C5_overall_logic_and_conclusion': 0}",0,"{'C1_conditions_and_identity': 'The student states the conditions but does not correctly write out the squared identities for √a+√b and √c+√d.', 'C2_proof_part1': 'The proof for part (1) is not carried out correctly; the student introduces an irrelevant argument about mean inequalities and does not properly deduce the inequality using the squared identities.', 'C3_proof_part2_forward': 'No clear procedural approach or correct steps are provided to show that √a+√b > √c+√d implies |a−b| < |c−d|; the argument is muddled.', 'C4_proof_part2_reverse': 'The reverse direction is not proven with any algebraic manipulation; the student merely asserts the contrary implication without justification.', 'C5_overall_logic_and_conclusion': 'The overall conclusion contradicts the required equivalence and the logical reasoning lacks cohesion and clear connection to the established conditions.'}",,3994
Math_ShortAns_197,"{'C1_conditions_and_identity': 1, 'C2_proof_part1': 3, 'C3_proof_part2_forward': 3, 'C4_proof_part2_reverse': 0, 'C5_overall_logic_and_conclusion': 1}",8,"{'C1_conditions_and_identity': 'The student clearly states the conditions and writes the squared identities appropriately.', 'C2_proof_part1': 'The proof for part (1) is complete, using the identities and the condition a+b=c+d to establish that √a+√b > √c+√d.', 'C3_proof_part2_forward': 'The forward direction is shown by squaring both sides and using a+b=c+d to derive (a-b)² < (c-d)², hence |a-b| < |c-d|.', 'C4_proof_part2_reverse': 'The reverse direction of the equivalence is missing; the student did not provide the necessary steps to deduce ab > cd from |a-b| < |c-d|.', 'C5_overall_logic_and_conclusion': 'The conclusion is stated clearly, but the overall equivalence proof remains incomplete due to the missing reverse direction.'}",,3863
Math_ShortAns_200,"{'P1_substitution_and_transformation': 2, 'P2_solving_part1': 1, 'P3_setup_of_part2': 2, 'P4_analysis_of_absolute_inequality': 0, 'P5_final_answer': 0}",5,"{'P1_substitution_and_transformation': 'The substitution a = 2 and rewriting f(x) as |2x - 2| + 2 is correct.', 'P2_solving_part1': 'The inequality was set up correctly but a calculation error occurred (2x ≤ 6 gives x ≤ 3, not x ≤ 4), leading to an incorrect solution.', 'P3_setup_of_part2': 'The expression for f(x) + g(x) as |2x - a| + a + |2x - 1| ≥ 3 is correctly established.', 'P4_analysis_of_absolute_inequality': 'The case analysis is incomplete and incorrect; correct reasoning on the absolute inequality to deduce a ≥ 2 is missing.', 'P5_final_answer': 'Both final answers are incorrect; the correct answers should be x ∈ [-1, 3] for part (1) and a ∈ [2, +∞) for part (2).'}",,4562
Math_ShortAns_201,"{'P1_substitution_and_transformation': 2, 'P2_solving_part1': 2, 'P3_setup_of_part2': 2, 'P4_analysis_of_absolute_inequality': 1, 'P5_final_answer': 1}",8,"{'P1_substitution_and_transformation': 'Correctly substituted a = 2 and rewrote f(x) as |2x - 2| + 2.', 'P2_solving_part1': 'Accurately transformed the inequality to |2x-2| ≤ 4 and correctly solved to obtain -1 ≤ x ≤ 3.', 'P3_setup_of_part2': 'Properly set up the inequality f(x) + g(x) = |2x - a| + a + |2x - 1| ≥ 3.', 'P4_analysis_of_absolute_inequality': 'Attempted a case analysis using absolute value properties, but the reasoning is incomplete and inconsistent, leading to confusion in the derivation.', 'P5_final_answer': 'Final answers are clearly stated: x ∈ [-1, 3] for part (1) and a ∈ [2, +∞) for part (2), although the analysis for part (2) is flawed.'}",0.9,3984
Math_ShortAns_204,"{'C1_ab_inequality': 0, 'C2_a3b3_minimum': 0, 'C3_2a3b_inequality': 0, 'C4_final_presentation': 0}",0,"{'C1_ab_inequality': 'The answer does not derive the inequality ab ≥ 2 but instead makes an unjustified assumption (ab = 1).', 'C2_a3b3_minimum': 'The use of the formula for a³+b³ is attempted, but the substitution and simplification based on the incorrect assumption leads to a wrong value.', 'C3_2a3b_inequality': 'Instead of establishing a lower bound showing 2a+3b > 6, the answer assumes a relation (b = 2a) to force a solution, which is not justified.', 'C4_final_presentation': 'Final answers are provided, but they are incorrect and lacking proper justification for both parts.'}",0.95,3158
Math_ShortAns_205,"{'C1_ab_inequality': 1, 'C2_a3b3_minimum': 0, 'C3_2a3b_inequality': 0, 'C4_final_presentation': 0}",1,"{'C1_ab_inequality': 'The student attempted to rearrange and apply AM-GM, but misapplied the inequality and obtained an incorrect contradictory inequality.', 'C2_a3b3_minimum': 'The approach for finding the minimum of a³+b³ is flawed and leads to the incorrect conclusion that no minimum exists.', 'C3_2a3b_inequality': 'The derivation for a lower bound of 2a+3b is wrong and fails to show the necessary inequality; the argument is incorrect.', 'C4_final_presentation': 'The final answers are not clearly and correctly presented; both parts conclude incorrectly.'}",,3596
Math_ShortAns_208,"{'C1_derive_constraint': 0, 'C2_minimum_value_I': 0, 'C3_final_answer_I': 0, 'C4_argument_partII': 0, 'C5_clarity_and_presentation': 0}",0,"{'C1_derive_constraint': 'The student multiplies by ab but does not derive or state the required inequality (such as ab ≥ 2).', 'C2_minimum_value_I': 'No proper inequality or use of the constraint is applied; the guess a = b = 1 is unjustified and leads to an incorrect minimum value.', 'C3_final_answer_I': 'The final answer for part (I) is stated as 2, which is incorrect and not properly derived.', 'C4_argument_partII': 'The argument for part (II) is incomplete and incorrectly concludes that a solution exists without proper justification.', 'C5_clarity_and_presentation': 'The answer is disorganized with unclear reasoning and lacks separation of parts with detailed justification.'}",1.0,3694
Math_ShortAns_209,"{'C1_derive_constraint': 0, 'C2_minimum_value_I': 0, 'C3_final_answer_I': 0, 'C4_argument_partII': 0, 'C5_clarity_and_presentation': 0}",0,"{'C1_derive_constraint': 'The derivation of the constraint is incorrect; the student incorrectly obtains ab ≥ 4 instead of the correct ab ≥ 2.', 'C2_minimum_value_I': 'The approach to minimizing a³+b³ is flawed with repetitive and nonsensical steps, lacking proper justification or correct computation.', 'C3_final_answer_I': 'No clear final answer is provided for Part (I).', 'C4_argument_partII': 'The answer does not address Part (II); no valid argument is given.', 'C5_clarity_and_presentation': 'The overall presentation is very messy and disorganized with repeated incorrect expressions and missing parts.'}",1.0,5369
Math_ShortAns_212,"{'C1_proof_lower_bound': 0, 'C2_apply_AMGM': 0, 'C3_case_analysis_f3': 1, 'C4_solve_and_combine': 0}",1,"{'C1_proof_lower_bound': 'The student did not use the triangle inequality to show f(x) ≥ |a + 1/a|; instead, they provided an incorrect discussion and reached a wrong conclusion.', 'C2_apply_AMGM': 'The student did not explicitly apply the AM–GM inequality; they only checked a specific case (a = 1) without the general inequality argument.', 'C3_case_analysis_f3': 'The student attempted to set up the expression f(3) = |3+1/a|+|3-a| and mentioned a case (a < 2) but failed to perform a proper, comprehensive case analysis.', 'C4_solve_and_combine': 'The inequality was incorrectly manipulated and solved, leading to an erroneous final answer for the range of a.'}",,3581
Math_ShortAns_213,"{'C1_proof_lower_bound': 1, 'C2_apply_AMGM': 1, 'C3_case_analysis_f3': 0, 'C4_solve_and_combine': 0}",2,"{'C1_proof_lower_bound': 'The student asserted that f(x) is at least |a+1/a| but did not clearly show the triangle inequality steps.', 'C2_apply_AMGM': 'The AM–GM inequality was correctly applied to deduce a + 1/a ≥ 2.', 'C3_case_analysis_f3': 'No case analysis or splitting into cases was provided for f(3).', 'C4_solve_and_combine': 'The answer for part (II) was given without any detailed solving or justification.'}",,3642
Math_ShortAns_216,"{'I1_use_identity': 0, 'I2_apply_basic_inequality': 0, 'I3_conclude_partI': 1, 'II1_setup_inequalities': 0, 'II2_sum_and_finalize': 0}",1,"{'I1_use_identity': 'Did not use the expansion (a+b+c)^2 = a^2+b^2+c^2+2(ab+bc+ca) as required.', 'I2_apply_basic_inequality': 'Failed to apply the basic inequality a^2+b^2 ≥ 2ab and its cyclic forms.', 'I3_conclude_partI': 'Concluded the correct final result for part I, but without the detailed reasoning prescribed.', 'II1_setup_inequalities': 'Did not set up the individual inequalities (a^2/b + b ≥ 2a, etc.) as required.', 'II2_sum_and_finalize': 'Applied AM-GM incorrectly for part II and reversed the intended inequality conclusion.'}",,3772
Math_ShortAns_217,"{'I1_use_identity': 2, 'I2_apply_basic_inequality': 0, 'I3_conclude_partI': 1, 'II1_setup_inequalities': 0, 'II2_sum_and_finalize': 0}",3,"{'I1_use_identity': 'The student correctly states that (a+b+c)^2 = 1 and writes the expansion, so full marks here.', 'I2_apply_basic_inequality': 'The student attempted to use Cauchy-Schwarz but did not clearly apply the basic inequality a²+b² ≥ 2ab (and cyclic forms), so no credit.', 'I3_conclude_partI': 'The student concludes with 3(ab+bc+ca) ≤ 1 and thus ab+bc+ca ≤ 1/3, earning partial credit for a correct final result.', 'II1_setup_inequalities': 'There is no proper setup of the required inequalities for part (II); the answer merely repeats part (I).', 'II2_sum_and_finalize': 'No summation or finalization for part (II) is provided, so no credit.'}",,4940
