script_id,confidence,model_score,scores,comments,tokens_used
Math_ShortAns_2,0.9,8,"{""C1"": 5, ""C2"": 2, ""C3"": 1}","{""C1"": ""The final answer is correct since the function simplifies to sin x and its maximum is 1."", ""C2"": ""The reasoning shows some manipulation with angle-sum formulas and even a square\u2010root expression, but the steps are only partially explained and not fully justified."", ""C3"": ""The answer is incomplete in that it stops at a partially worked derivation and does not clearly show how the square-root formula simplifies to 1.""}",3785
Math_ShortAns_3,0.95,8,"{""C1"": 5, ""C2"": 2, ""C3"": 1}","{""C1"": ""The final answer is correct with the maximum value stated as 1."", ""C2"": ""The student sketches the idea of using trigonometric identities and rewriting the function but does not fully develop the transformation process."", ""C3"": ""The solution is incomplete since many intermediate steps are omitted and the derivation is not fully justified.""}",2383
Math_ShortAns_6,0.95,5,"{""C1"": 2, ""C2"": 2, ""C3"": 1}","{""C1"": ""The method for finding the common ratio (r = 3) is correctly executed, but the final sum S5 is calculated incorrectly."", ""C2"": ""The logical steps leading to the common ratio and the term expressions are sound, but an arithmetic error in summing the series undermines the reasoning."", ""C3"": ""The answer is incomplete because it stops at an incorrect final sum, indicating a lapse in verifying the computed terms.""}",2752
Math_ShortAns_7,,5,"{""C1"": 0, ""C2"": 0, ""C3"": 5}","{""C1"": """", ""C2"": """", ""C3"": """"}",657
Math_ShortAns_10,1.0,0,"{""C1"": 0, ""C2"": 0, ""C3"": 0}","{""C1"": ""The final answer of 30\u00b0 is incorrect. The correct approach would show that point O is the midpoint of BC, which implies BC is a diameter. Then the inscribed angle at A that intercepts a diameter must be 90\u00b0. The answer given is inconsistent with this."", ""C2"": ""The steps are not rigorously justified. The student introduces symbols for the vectors without clear reasoning, makes contradictory statements (suggesting the angle could be 90\u00b0 or 180\u00b0), and finally concludes 30\u00b0 without logical derivation. The explanation is incomplete and confused."", ""C3"": """"}",2053
Math_ShortAns_11,,3,"{""C1"": 0, ""C2"": 0, ""C3"": 3}","{""C1"": """", ""C2"": """", ""C3"": """"}",1930
Math_ShortAns_14,0.95,1,"{""C1"": 0, ""C2"": 1, ""C3"": 0}","{""C1"": ""The final answer is incorrect. The circle should have radius sqrt2, so its equation must be (x-3)\u00b2+(y-2)\u00b2=2, not equaling 1."", ""C2"": ""While the student attempted to use the distance formula and conditions for tangency, the substitutions and assumptions (like choosing y0=1 and then y0=0) are inconsistent and lead to incorrect calculations."", ""C3"": ""The derivation is incomplete and contains contradictory steps. The approach lacks a clear logical structure to correctly determine the circle's center and radius.""}",2516
Math_ShortAns_15,1.0,15,"{""C1"": 5, ""C2"": 5, ""C3"": 5}","{""C1"": ""The final answer (x-3)^2 + y^2 = 2 is completely correct. It satisfies the conditions of passing through A(4,1) and being tangent to the line x-y=1 at B(2,1)."", ""C2"": ""Although the final answer is given without a detailed explanation of the process, the key step of using the distance from the circle center to the tangent line (with proper perpendicularity) is implicitly verified by checking the center and radius."", ""C3"": ""The answer is complete since it provides the correct and simplified form of the circle\u2019s equation.""}",3745
Math_ShortAns_18,0.9,1,"{""C1"": 0, ""C2"": 1, ""C3"": 0}","{""C1"": ""The final answer of 180 is not supported by a valid derivation. The student makes an arbitrary assumption (a1 = 0) without justification, which undermines correctness."", ""C2"": ""While the student started by computing several terms, the reasoning contains gaps. The pattern was guessed without rigorous manipulation of the recurrence relation."", ""C3"": ""The solution is incomplete. It does not deliver a consistent, general method or fully compute the sum for 60 terms based on the given recurrence.""}",2246
Math_ShortAns_19,,0,"{""C1"": 0, ""C2"": 0, ""C3"": 0}","{""C1"": """", ""C2"": """", ""C3"": """"}",776
Math_ShortAns_22,1.0,2,"{""C1"": 1, ""C2"": 1, ""C3"": 0}","{""C1"": ""The answer does not derive the correct formulas for a_n or b_n. Multiple unfounded guesses were made (such as a_n = n, n+1, or 2^n) without ever arriving at a valid result."", ""C2"": ""The reasoning is very weak. The student starts by rewriting the given relation but then attempts arbitrary substitutions without a systematic approach to solve the recursive relation."", ""C3"": ""The solution is incomplete. A valid derivation for the general term a_n and the sum of b_n is not provided, and the reasoning does not lead to any verifiable answer.""}",2312
Math_ShortAns_23,0.9,10,"{""C1"": 6, ""C2"": 4, ""C3"": 0}","{""C1"": """", ""C2"": """", ""C3"": """"}",6914
Math_ShortAns_26,0.9,6,"{""C1"": 4, ""C2"": 1, ""C3"": 1}","{""C1"": ""Although the final numerical answers (60\u00b0 for angle C and perimeter 5+\u221a7) are correct, they appear to have been arrived at by guessing rather than systematic derivation."", ""C2"": ""The logical reasoning is very weak. The student\u2019s work shows an arbitrary use of formulas and assumptions without a solid development to justify the conclusions."", ""C3"": ""The solution is incomplete. Critical steps and proper derivations for both parts are missing, and the justification provided is insufficient.""}",3630
Math_ShortAns_27,1.0,0,"{""C1"": 0, ""C2"": 0, ""C3"": 0}","{""C1"": ""The answer is factually incorrect. The correct derivation shows that using the identity a cosB + b cosA = c (which holds in any triangle), the given equation forces 2 cos C = 1 and thus C must be 60\u00b0, not 90\u00b0."", ""C2"": ""The reasoning is logically flawed. The student arbitrarily set the variable x to 1 without justification. This unjustified assumption undermines the validity of the entire solution."", ""C3"": ""The answer is incomplete. The student did not properly address the derivation for both parts of the problem, and the perimeter calculation based on arbitrary values is incorrect.""}",3366
Math_ShortAns_28,0.9,10,"{""C1"": 4, ""C2"": 3, ""C3"": 3}","{""C1"": ""The student\u2019s final numerical answers (angle C = \u03c0/3 and perimeter = 5 + \u221a7) are correct, and the intermediate use of trig identities leads to the right result."", ""C2"": ""The logical steps are essentially valid. In part I the reduction from the given equation to cos C = 1/2 is acceptable under the nonzero\u2010sine assumption, and in part II the use of the cosine law and area formula is reasonable. However, some transitions (like claiming the sine law was used to obtain 2 cos C sin(A+B)= sin C) are not fully justified."", ""C3"": ""The solution is on track but is quite terse. Important details (such as explaining why sin(A+B) equals sin C, and a clearer derivation of the relation between (a+b)^2 and ab) are omitted, leaving the answer less complete than it could be.""}",5218
Math_ShortAns_31,0.95,3,"{""C1"": 1, ""C2"": 1, ""C3"": 1}","{""C1"": ""The answer does not correctly prove the statement a(n+2) - a(n) = lambda. The computation of initial terms is not developed into a general proof for all n."", ""C2"": ""The logical reasoning is weak. Although the student computed a couple of terms, there is no coherent argument linking those computations to the required recurrence property."", ""C3"": ""The answer is incomplete. It neither provides a valid proof for part (I) nor a clear discussion for part (II) regarding the conditions under which the sequence might be arithmetic.""}",2457
Math_ShortAns_32,1.0,0,"{""C1"": 0, ""C2"": 0, ""C3"": 0}","{""C1"": ""For part (I), the student did not provide the required general proof for a(n+2) - a(n) = lambda. The answer only shows some numerical manipulations and then dismisses the conclusion as incorrect without proper reasoning."", ""C2"": ""For part (II), the approach is too vague and does not establish any clear condition on lambda for the sequence to be arithmetic. The answer merely guesses that no lambda exists without demonstrating why, which is insufficient."", ""C3"": """"}",1686
Math_ShortAns_33,0.9,10,"{""C1"": 4, ""C2"": 3, ""C3"": 3}","{""C1"": ""The student\u2019s answer obtains the correct main results: part (I) shows that a(n+2) - a(n) equals the constant lambda and in part (II) the final conclusion lambda = 4 is reached."", ""C2"": ""While the logical flow is roughly in the right direction, some key details (for example, explicitly using S(n+1) \u2013 S(n) = a(n+1) in part (I) and a more thorough justification of the necessary and sufficient condition in part (II)) are omitted."", ""C3"": ""The answer is only partially complete. In part (II) the student writes down several intermediate expressions and a final answer but does not fully explain or verify that the derived lambda ensures the sequence is arithmetic according to the given recurrence.""}",4904
Math_ShortAns_36,0.9,2,"{""C1"": 1, ""C2"": 1, ""C3"": 0}","{""C1"": ""The answer is mathematically incorrect. For a two\u2010ball finish, when \u7532 serves first his winning probability is 0.5, but on the second ball (with \u4e59 serving) the probability should be 0.4 if \u7532 is to win, and similarly for \u4e59. Multiplying 0.5 by 0.5 is mistaken."", ""C2"": ""The logical reasoning is confused. The answer does not consider the proper sequences or the correct serving probabilities (0.4 versus 0.5) in both parts. The treatment of the second part is particularly unclear and incorrectly justified."", ""C3"": ""The answer is incomplete. It neglects to systematically enumerate all cases that would lead to the game\u2019s end in exactly 2 or 4 balls and fails to show a coherent derivation.""}",2918
Math_ShortAns_37,0.95,1,"{""C1"": 1, ""C2"": 0, ""C3"": 0}","{""C1"": ""The numerical answers provided (0.2 for part (1) and 0.03 for part (2)) are incorrect. A correct solution would recognize that the game can end in two balls both when A wins both points and when A loses the first but wins in a sequence leading to the opponent\u2019s two\u2010point win, yielding P(X=2) = 0.5."", ""C2"": ""The answer shows an attempt at reasoning with probabilities for each ball but the logical progression is flawed. The student mixes up conditions for winning and incorrectly applies the rules in both parts."", ""C3"": ""The solution is incomplete. Key cases and proper derivations for both parts of the problem are missing, and the final answers are not supported by coherent, correct calculations.""}",2842
Math_ShortAns_38,0.95,3,"{""C1"": 2, ""C2"": 1, ""C3"": 0}","{""C1"": ""The student only calculated the probability for the case where Jia wins two consecutive balls (0.5 \u00d7 0.4) but omitted the case where Yi wins two consecutive balls."", ""C2"": ""The explanation is very brief and incomplete, addressing just half of the possibilities required."", ""C3"": """"}",7814
Math_ShortAns_41,1.0,0,"{""C1"": 0, ""C2"": 0, ""C3"": 0}","{""C1"": ""The answer for part (1) is completely incorrect. The student misapplied the relation A + C = 180\u00b0 - B and then incorrectly replaced sin((A+C)/2) with sin(B/2) and further used the false equality sin(B/2) = sin B. This shows a lack of understanding of the involved trigonometric identities."", ""C2"": ""The logical reasoning is flawed. Instead of correctly deriving the required expression, the student introduced false identities and assumptions that do not hold for the angles in any triangle."", ""C3"": ""The solution is very incomplete. Part (2) is addressed only in a superficial manner with unjustified claims and no proper derivation or discussion about the triangle's area range.""}",1687
Math_ShortAns_42,0.9,6,"{""C1"": 3, ""C2"": 2, ""C3"": 1}","{""C1"": ""For correctness, the answer for part (1) (B = pi/3) is correct. However, the final area range in part (2) is asserted without proper validation and may be incorrect."", ""C2"": ""The logical reasoning is very terse. The student simply states the results without a clear step\u2010by\u2011step derivation, especially for part (2)."", ""C3"": ""The answer is incomplete. The brief explanation for part (1) barely outlines the use of the sine law, and part (2) lacks any necessary detail or justification.""}",2669
Math_ShortAns_45,1.0,2,"{""C1"": 1, ""C2"": 1, ""C3"": 0}","{""C1"": ""The answer fails to correctly prove that the sequence is arithmetic. It misinterprets the given condition and does not properly relate the property of the square roots to the structure of the original sequence."", ""C2"": ""The logical reasoning is poor. The student makes arbitrary assumptions (like setting a3 = 2a1) without justification and confuses the condition of an arithmetic sequence with an incorrect inequality."", ""C3"": ""The answer is incomplete. It does not provide a step\u2010by\u2010step derivation to conclude that a_n is arithmetic, and the final conclusion contradicts the intended result of the problem.""}",2131
Math_ShortAns_46,1.0,2,"{""C1"": 2, ""C2"": 0, ""C3"": 0}","{""C1"": ""The student states the correct final conclusion that the sequence is arithmetic, which earns minimal credit for correctness."", ""C2"": ""No logical reasoning or intermediate steps are provided to justify how the conclusion was reached."", ""C3"": ""The answer is extremely incomplete as it lacks any demonstration or explanation required by the proof.""}",2182
Math_ShortAns_49,0.9,2,"{""C1"": 2, ""C2"": 0, ""C3"": 0}","{""C1"": ""The answer\u2019s first part is not properly derived. Although the student eventually claims the sequence is arithmetic, the initial rewriting is incorrect and no valid proof is provided."", ""C2"": ""For the second part, the student misapplies the condition for a geometric progression. The algebra is handled incorrectly (e.g. the cancellation of terms leading to a false contradiction) and the final answer is incorrect."", ""C3"": ""Overall, the solution is incomplete and lacks logical, rigorous reasoning. Key steps and correct derivations are missing, leading to an erroneous conclusion.""}",4184
Math_ShortAns_50,0.95,12,"{""C1"": 4, ""C2"": 4, ""C3"": 4}","{""C1"": ""The final results for both parts are correct. The student successfully proved that the sequence is arithmetic with a common difference of 1, derived a1 = -12, and obtained S\u2099 as (n\u00b2 - 25n)/2 with a minimum value of -78."", ""C2"": ""The logical flow is acceptable. The student subtracted consecutive equations to deduce a\u2099 - a\u2099\u208b\u2081 = 1 and used the GP condition a\u2087\u00b2 = a\u2084a\u2089 properly. Although some steps are brief, the essential reasoning is sound."", ""C3"": ""The answer covers all required parts: proof of the arithmetic nature of the sequence and finding the minimal sum S\u2099. The derivations, while not fully detailed, lead to the correct overall conclusion.""}",4285
Math_ShortAns_53,0.9,1,"{""C1"": 0, ""C2"": 1, ""C3"": 0}","{""C1"": ""The answer is incorrect. The problem asked to prove the sum sequence is geometric and the difference sequence is arithmetic; however, the approach falsely showed the sum to be arithmetic, directly contradicting the problem statement."", ""C2"": ""The reasoning is flawed. The derivation starting from the recurrence relation is not done properly. The student\u2019s manipulation to get c\u2099\u208a\u2081 = c\u2099 + 1 is mistaken, and the subsequent verification for the formulas lacks clarity and logical consistency."", ""C3"": ""The answer lacks completeness. It neither provides a correct proof for part (1) nor a correct derivation of the general term formulas for part (2). The proposed formulas do not satisfy the given recurrences.""}",1758
Math_ShortAns_54,0.9,7,"{""C1"": 4, ""C2"": 3, ""C3"": 0}","{""C1"": ""The student correctly showed that the sum sequence is geometric and that the difference sequence is arithmetic in part (1) by deriving the recurrences for c\u2099 and d\u2099. However, the formula deduced in part (2) for a\u2099 and b\u2099 (namely a\u2099 = n\u00b2 + 1 and b\u2099 = n \u2212 2) is incorrect, does not satisfy the initial conditions, and lacks proper justification."", ""C2"": ""The reasoning in part (1) is logically acceptable, but the work on part (2) is incomplete. The student computed the first few terms and attempted to guess a pattern, yet the final conjecture is flawed and has not been verified by back\u2010substitution into the recurrence relations."", ""C3"": """"}",5442
Math_ShortAns_55,0.9,6,"{""C1"": 4, ""C2"": 2, ""C3"": 0}","{""C1"": ""The student correctly shows that adding and subtracting the two recurrences gives the proper relations: a(n+1)+b(n+1) = 1/2 (a(n)+b(n)), which confirms that a(n)+b(n) is geometric, and a(n+1)-b(n+1) = a(n)-b(n)+2, which indicates that a(n)-b(n) is arithmetic. These key steps demonstrate some correct logical reasoning regarding the nature of the two sequences."", ""C2"": ""However, the answer is incomplete and poorly presented when it comes to finding the general formulas. The expressions for a(n) and b(n) are misformatted and contain errors in the algebraic derivation. The student stops short of a clear, correct final answer, limiting the completeness of the solution."", ""C3"": """"}",5458
Math_ShortAns_58,0.9,3,"{""C1"": 2, ""C2"": 1, ""C3"": 0}","{""C1"": ""The student\u2019s calculation of the correlation coefficient is significantly flawed. They incorrectly used the mean of sample indices and wrong multiplications, arriving at a value of approximately -0.25 instead of the correct value (around -0.71) which would indicate a systematic decrease in size. The method is not logical or complete."", ""C2"": ""The student correctly computed the interval limits using 3s, but then failed to check the actual data properly. Since one measurement (9.22) falls below 9.37, the inspection should have been triggered. The conclusion that no check is needed is incorrect."", ""C3"": ""The estimation of the mean and standard deviation after removing outliers is entirely unsupported and appears to be a rough guess (10.00 and 0.10). There is no appropriate recalculation after the removal of the actual outlier, making this part incorrect.""}",3332
Math_ShortAns_59,0.95,3,"{""C1"": 1, ""C2"": 1, ""C3"": 1}","{""C1"": ""The numerical calculations are largely incorrect. The student used the wrong value for the i\u2010mean (using 8 instead of the correct 8.5), mis\u2010computed the differences and their products, and the resulting correlation coefficient is based on arbitrary and inconsistent numbers."", ""C2"": ""The logical reasoning is flawed. The student\u2019s work does not follow the proper steps to compute the statistics. Instead of working systematically with the provided data, they resort to guesses and approximations that do not align with the problem\u2019s details."", ""C3"": ""The answer is incomplete. In part (2) the student did not correctly address the estimation of mean and standard deviation after excluding outliers, and overall, the answer lacks the necessary rigor and clarity required to solve the problem.""}",3685
Math_ShortAns_60,0.9,6,"{""C1"": 3, ""C2"": 2, ""C3"": 1}","{""C1"": ""The conclusion (that the absolute value of r is less than 0.25) is correct, but the computed value (approximately \u20130.18) was not explicitly stated."", ""C2"": ""The reasoning uses the threshold correctly but lacks explanation of the computation."", ""C3"": ""The answer is incomplete because it does not show the calculation details.""}",43732
Math_ShortAns_63,0.95,2,"{""C1"": 1, ""C2"": 1, ""C3"": 0}","{""C1"": ""The answer\u2019s computations are fundamentally incorrect. The student arbitrarily drops the quadratic term from the equation, leading to a wrong value for k and incorrect coordinates for the intersection points."", ""C2"": ""The logical steps are flawed. The student\u2019s reasoning in simplifying the quadratic to a linear equation and the subsequent assumptions (like A = (1, \u221a2) and B = (1, -\u221a2)) do not follow correctly from the problem setup."", ""C3"": ""The answer is incomplete. It fails to rigorously prove that the origin lies on circle M and does not correctly derive the equations of both the line and the circle in part (2), especially since the circle computed does not pass through the designated point P.""}",2418
Math_ShortAns_64,0.95,2,"{""C1"": 1, ""C2"": 1, ""C3"": 0}","{""C1"": ""The answer contains major computational mistakes. Although the intersections A and B were partly determined correctly by assuming a vertical line and substituting into the parabola, the dot\u2010product of OA and OB was computed incorrectly (2,2)\u00b7(2,-2) should be 0, not -4, so the conclusion that the origin is not on the circle is wrong."", ""C2"": ""The reasoning is flawed. The student restricted consideration to a vertical line without discussing other possibilities. In addition, the argument for proving O lies on the circle is invalid due to the computational error, and the approach for part (2) is not fully developed."", ""C3"": ""The answer is incomplete. The proof of part (1) is incorrect, and for part (2) the work stops after an intermediate computation (using an incorrectly assumed center) without providing the final equation for the line and circle.""}",5176
Math_ShortAns_67,0.95,3,"{""C1"": 2, ""C2"": 1, ""C3"": 0}","{""C1"": ""The answer contains numerous algebraic errors and incorrect computations. The expansion when substituting the line into the circle is not done properly. The midpoint coordinates and subsequent numerical claims are not justified."", ""C2"": ""The logical steps are confused. The student begins with an approach using the line in point\u2010slope form and tries to find the midpoint using Vieta\u2019s formulas, but the derivation is muddled and the substitutions are inconsistent."", ""C3"": ""The response is incomplete. It does not correctly derive the locus equation for M, fails to complete part (2) in a rigorous way, and includes arbitrary guesses instead of a clear, full solution.""}",2978
Math_ShortAns_71,0.95,0,"{""C1"": 0, ""C2"": 0, ""C3"": 0}","{""C1"": ""The answer does not obtain a correct or even meaningful result. The student arbitrarily substitutes k=1 without justification, uses inconsistent substitutions into the ellipse equation, and fails to derive or even correctly state the proper ellipse equation. The final answer about line HN is contrary to what is required."", ""C2"": ""The logical reasoning is severely flawed. The student makes unjustified choices and misinterprets the geometric configuration (e.g., confusing the direction of the line through M). No proper derivation of the fixed point is provided, and many steps do not logically lead to the stated conclusion."", ""C3"": """"}",1594
Math_ShortAns_72,0.9,5,"{""C1"": 3, ""C2"": 2, ""C3"": 0}","{""C1"": ""The ellipse equation is correctly given as x^2/3 + y^2/4 = 1 (despite minor formatting issues)."", ""C2"": ""The student correctly computes the intersection points for the specific case when the line through P is x = 1, but this is only an instance and does not cover the general situation required by the problem."", ""C3"": ""Although the answer states that the line HN has the equation y = (2 - 2\u221a6/3)x - 2 and passes through (0, -2), no complete or general proof is provided to show that this fixed point holds for any line through P.""}",4996
Math_ShortAns_75,0.9,4,"{""C1"": 2, ""C2"": 1, ""C3"": 1}","{""C1"": ""The answer is largely incorrect. In part (1), the student misapplies the ellipse equation leading to an impossible result (b^2 = 0) and then arbitrarily chooses a = 5 and b = 3 without any derivation. Part (2) does not correctly set up or prove the required condition."", ""C2"": ""The logical structure is flawed. The student jumps to conclusions without properly addressing the given conditions or developing a consistent argument, especially in the transition from computing the points to asserting existence of a fixed point."", ""C3"": ""The response is incomplete. It neither correctly finds the ellipse's equation nor rigorously proves the statement in part (2), leaving many steps unexplained or unjustified.""}",2259
Math_ShortAns_76,0.95,12,"{""C1"": 6, ""C2"": 3, ""C3"": 3}","{""C1"": ""The student correctly determined the ellipse in part (1) by substituting the points. The calculation shows that a^2 = 4 and b^2 = 1, leading to the ellipse x^2/4 + y^2 = 1 which is correct. However, in part (2) the answer only sets up the line and the substitution into the ellipse without a convincing demonstration that the pair of intersection points yields lines from P2 whose slopes sum to -1 and that these lines always intersect at a fixed point."", ""C2"": ""The logical reasoning in part (1) is straightforward and correct. For part (2) the student indicates an intention to use the quadratic equation and properties of slopes, but the argument is underdeveloped. The connection between the algebraic manipulation and the conclusion that the line always passes through a fixed point is not rigorously established."", ""C3"": ""The answer is incomplete especially for part (2). The student stops short of a detailed proof and the demonstration provided does not fully justify the claim that the line I passes through a fixed point. More steps and a clear argument are needed to complete the proof.""}",5561
Math_ShortAns_77,0.95,18,"{""C1"": 0, ""C2"": 6, ""C3"": 12}","{""C1"": ""The answer merely asserts by symmetry that three points lie on the ellipse without deriving an equation. It does not address how to obtain the parameters and is incomplete."", ""C2"": ""By substituting P2 and P3 into the ellipse equation, the student obtains a^2 = 4 and b^2 = 1, which is numerically correct but lacks explanation regarding why these two points are chosen given that exactly three of the four points lie on the ellipse."", ""C3"": ""The answer directly writes the ellipse equation as x^2/4 + y^2 = 1, which is the correct final result for part (1).""}",6512
Math_ShortAns_80,0.95,2,"{""C1"": 1, ""C2"": 1, ""C3"": 0}","{""C1"": ""The answer is factually incorrect. The student incorrectly reasons the sign of the terms for \u20131 < x < 0 (for example, -2x is positive when x is negative) and concludes f(x) < 0 when x > 0, which is opposite to the required result."", ""C2"": ""The logical reasoning is flawed. The student makes oversimplified sign arguments without rigorously combining the terms and fails to properly analyze the behavior of the function. In part (2), they merely verify that f'(0)=0 but do not use the second derivative test or another method to determine a."", ""C3"": ""The answer is incomplete. For part (1) the analysis is both partial and wrong, and for part (2) no conclusive result for a is reached. There is a clear lack of full development of the solution.""}",2398
Math_ShortAns_81,0.9,5,"{""C1"": 2, ""C2"": 2, ""C3"": 1}","{""C1"": ""The answer hints at the right ideas \u2013 for example, it simplifies the function for a = 0 and ultimately states a = -1/6 for part (2) \u2013 but no actual computations are provided and the critical verification steps are missing."", ""C2"": ""The logical reasoning is very superficial. Instead of showing how derivatives and monotonicity arguments lead to the conclusion in part (1) and to the condition for a in part (2), the answer only outlines a method without using detailed calculations."", ""C3"": ""The answer is notably incomplete. Essential steps in differentiating f(x), analyzing f'(x), constructing and examining the auxiliary function h(x), and justifying why x = 0 is a maximum are all omitted.""}",4064
Math_ShortAns_84,0.9,4,"{""C1"": 2, ""C2"": 1, ""C3"": 1}","{""C1"": ""The derivative is computed correctly at first, but further analysis is largely misguided. The answer does not correctly discuss how the derivative\u2019s sign changes with x and parameter a."", ""C2"": ""The reasoning is confused, especially by claiming that ln x tends to infinity at x = 0 and then concluding that f'(x) is possibly always positive. This misinterpretation affects the validity of the monotonicity discussion and the bound proof."", ""C3"": ""The answer is incomplete. It omits a proper analysis of the derivative\u2019s sign (monotonicity discussion) and fails to correctly prove the required inequality for a less than zero.""}",2578
Math_ShortAns_85,0.95,4,"{""C1"": 3, ""C2"": 1, ""C3"": 0}","{""C1"": ""The student correctly computed the derivative and set up the equation, but did little beyond the mechanical steps."", ""C2"": ""The discussion of monotonicity is flawed. The student rewrites the derivative condition into a quadratic and incorrectly assumes the discriminant is always negative without rigorous justification. This oversimplification detracts from the logical reasoning required."", ""C3"": ""The second part of the question was not addressed properly. Evaluating the function at x = 1 and concluding that the inequality cannot be established for a < 0 does not meet the requirements of a proof.""}",2321
Math_ShortAns_86,0.9,9,"{""C1"": 3, ""C2"": 3, ""C3"": 3}","{""C1"": ""The student correctly computed the derivative and demonstrated the case\u2010by\u2010case discussion for a = 0, a > 0 and a < 0. However, there are several typographical/bracketing issues in writing the answer."", ""C2"": ""The reasoning for the monotonicity is basically on track \u2013 identifying that when a < 0 the derivative changes sign at x = -1/(2a) showing an increasing then decreasing behavior. The arguments (especially for a = 0 and a > 0) are correct but rather brief."", ""C3"": ""For the proof of f(x) \u2264 -3/(4a)-2 when a < 0, the student reduces the problem to finding the maximum value of f(x) through an equivalent inequality in a new variable. Although the transformation and use of the derivative of g(t) are essentially correct, the algebra is presented in a somewhat disorganized manner with notational mishaps. A more rigorous explanation would have improved the answer.""}",7499
Math_ShortAns_89,1.0,7,"{""C1"": 4, ""C2"": 2, ""C3"": 1}","{""C1"": ""The student correctly found the derivative and solved f'(0)=0 to obtain m=1, which is the correct outcome for that part."", ""C2"": ""The discussion of monotonicity is very weak. The student gives imprecise reasoning by merely comparing growth rates and then concludes that the monotonicity is indeterminate, which is not a proper analysis."", ""C3"": ""The attempt to prove f(x)>0 for m<=2 is flawed. The calculation of f(0)=1-ln(m) and subsequent claims are incorrect and lack a rigorous argument. The argument does not correctly consider different ranges of m and fails to rigorously establish the inequality for all x.""}",3191
Math_ShortAns_90,0.9,8,"{""C1"": 3, ""C2"": 3, ""C3"": 2}","{""C1"": ""The student correctly finds m = 1 by setting f'(0) = 0 and correctly identifies the domain for f(x) when m = 1. However, the answer for the monotonicity and f(x) > 0 parts is not fully demonstrated."", ""C2"": ""There is evidence of logical reasoning in the initial steps; the student correctly manipulates f'(x) and recognizes the need to analyze its sign. The subsequent plans for determining monotonicity and proving positivity are mentioned but no analysis or detailed arguments are provided."", ""C3"": ""The answer is incomplete overall. While part of (I) is answered correctly, the monotonicity discussion is only initiated and the proof for (II) remains undeveloped without any detailed reasoning.""}",3029
Math_ShortAns_93,0.9,3,"{""C1"": 2, ""C2"": 1, ""C3"": 0}","{""C1"": ""The student correctly computed f(0) = 1 for a = 1, but then deviated unnecessarily. Only part of the calculation is correct."", ""C2"": ""The logical reasoning is confused. After computing f at other points, the student incorrectly claims that f is constant and seems to reverse the inequality. The conclusion about a being negative in part (2) is unjustified."", ""C3"": ""The answer is incomplete. The student did not provide a rigorous proof that f(x) \u2265 1 for x \u2265 0 when a = 1, nor did they correctly determine the value of a in part (2) as required by the full problem.""}",2248
Math_ShortAns_94,0.95,4,"{""C1"": 2, ""C2"": 1, ""C3"": 1}","{""C1"": ""The calculation of f(0) is correct, and the derivative is computed properly. However, the answer for part (2) is incorrect and the use of specific points does not guarantee the inequality for all x \u2265 0."", ""C2"": ""The logical reasoning is very weak. Relying on evaluations at a few points and the derivative at x = 0 does not constitute a complete proof of monotonicity for all nonnegative x."", ""C3"": ""The answer is incomplete. It does not provide a rigorous proof for part (1) and the analysis for part (2) is not only insufficient but concludes with an incorrect value for a.""}",3645
Math_ShortAns_95,0.9,10,"{""C1"": 5, ""C2"": 3, ""C3"": 2}","{""C1"": ""For part (1), the student correctly computes the derivative and uses it to establish monotonicity, so the mathematical correctness is good there. However, in part (2) the answer does not yield a final numerical value for a and only outlines various approaches."", ""C2"": ""The logical reasoning in part (1) (finding the minimum of the derivative, then concluding that f is increasing so that f(x) \u2265 f(0)) is valid. In part (2) the student hints at several methods (separating parameters, considering a \u2264 0, and introducing an auxiliary function) but does not follow through with a conclusive argument."", ""C3"": ""The answer is incomplete. While part (1) meets the requirements, part (2) remains unresolved with only method outlines provided, which detracts from the overall completeness.""}",5566
Math_ShortAns_98,0.9,5,"{""C1"": 2, ""C2"": 2, ""C3"": 1}","{""C1"": ""On correctness the answer fails in part (1): the student misidentifies the condition by testing only two points and concluding that any nonnegative a works. In fact, one must analyze the minimum of the function and show that a = 1 is the unique value making f(x) nonnegative, while a = 0 does not work. Part (2)'s answer (m = 3) is the intended answer, but the justification provided is not rigorous."", ""C2"": ""The logical reasoning is weak. The student only considered x = 1 and x = 2 for part (1) and did not examine critical points or behavior on the whole domain. In part (2) the reasoning is heuristic without a careful discussion of the product's limiting behavior."", ""C3"": ""The answer is incomplete. It completely misses a proper treatment of part (1), and in part (2) the analysis is abbreviated and lacks full explanation. Overall, only part (2) is addressed usefully.""}",3651
Math_ShortAns_99,0.95,1,"{""C1"": 1, ""C2"": 0, ""C3"": 0}","{""C1"": ""The answer is incorrect. For part (1), the method for determining a such that f(x)=x-1-a ln x is nonnegative for all positive x requires finding the minimum of f. In fact, the minimum occurs at x=a, and the correct derivation shows that only a=1 works. In part (2), the infinite product converges to approximately 2.38 so the minimal integer m satisfying the inequality is 3\u2014not 8."", ""C2"": ""The logical reasoning is flawed. The student only substituted isolated values (x=1 and x=2) for part (1) without analyzing the behavior of f(x) as a whole, and the estimation for part (2) is vague without rigorous justification."", ""C3"": ""The answer is incomplete. It fails to consider the necessary analysis over the entire domain and does not provide a complete derivation for either part.""}",2646
Math_ShortAns_100,0.9,8,"{""C1"": 3, ""C2"": 3, ""C3"": 2}","{""C1"": ""The final conclusion for part (1) that a must equal 1 is correct and the derivative is computed correctly. However, the answer does not explicitly state the final value for part (2) although it implies a bound that would lead to m = 3."", ""C2"": ""The student uses a case\u2010by\u2010case analysis and local minimization arguments that are on the right track for part (1), and the use of inequalities for part (2) is reasonable. Nevertheless, the logical connections are not clearly justified (for example, the discussion for a \u2264 0 is not well explained) and the final reasoning in part (2) is abrupt."", ""C3"": ""The answer is incomplete. While the conclusion a = 1 is stated and the necessary inequalities for part (2) are cited, the student omits an explicit final answer for the minimal integer m and does not fully develop the reasoning for both cases.""}",5060
Math_ShortAns_103,1.0,0,"{""C1"": 0, ""C2"": 0, ""C3"": 0}","{""C1"": ""The computation of the derivative is incorrect. The student omitted the differentiation of ln x, arriving at f'(x) = (x-1)/x - 1 instead of the correct derivative ln x + (x-1)/x - 1."", ""C2"": ""The subsequent reasoning is based on the incorrect derivative. The student\u2019s conclusion that f(x) is always decreasing is flawed because the necessary terms were not correctly taken into account."", ""C3"": ""The answer completely neglects the required proofs. It fails to demonstrate the uniqueness of the extreme point as well as the existence of exactly two real roots that are reciprocals.""}",1643
Math_ShortAns_104,0.95,5,"{""C1"": 2, ""C2"": 2, ""C3"": 1}","{""C1"": ""The student\u2019s derivative computation is incorrect. The derivative of (x-1) ln x should include a ln x term alongside the (x-1)/x term. Omitting ln x leads to the wrong expression."", ""C2"": ""The logical reasoning is built upon the faulty derivative. The student incorrectly concludes the monotonicity of f(x) and then wrongly argues about the existence and nature of the roots."", ""C3"": ""The answer is incomplete. It neither correctly proves the existence of a unique extremum point nor establishes that f(x)=0 has exactly two real roots that are reciprocals of each other.""}",2191
Math_ShortAns_105,0.9,8,"{""C1"": 3, ""C2"": 3, ""C3"": 2}","{""C1"": ""The student correctly identifies the main ideas: the function's domain, the use of the derivative to locate an extreme point, and the idea that the roots in separate intervals are related by reciprocation."", ""C2"": ""The logical reasoning shows a rough outline for proving both parts by analyzing monotonicity and splitting the domain. However, the argument is quite terse and omits many necessary justifications."", ""C3"": ""The answer is incomplete. It only outlines the approach without providing detailed derivations or rigorous explanations to fully validate the uniqueness of the extrema and the reciprocal relationship between the roots.""}",2079
Math_ShortAns_108,0.9,2,"{""C1"": 1, ""C2"": 1, ""C3"": 0}","{""C1"": ""The answer for part (1) is incorrect. The student derived a range of [0, +\u221e) for a, whereas correct analysis shows that when x = 1 the value is e + 1 - a, which implies a must be at least e + 1 for f(x) \u2265 0."", ""C2"": ""The logical reasoning is flawed. The student\u2019s use of limits and assumptions about x tending to 0 or infinity is not rigorous, and making assumptions such as the zeros being in [1,2] is unjustified."", ""C3"": ""The answer is incomplete. In part (2), not only is the approach entirely incorrect but the student fails to provide a meaningful or correct proof for the condition x1 * x2 < 1.""}",2116
Math_ShortAns_109,0.9,10,"{""C1"": 4, ""C2"": 4, ""C3"": 2}","{""C1"": ""The answer correctly identifies the domain and, for part (1), shows that the minimum of f(x) is achieved at x = 1 so that a must be no greater than e + 1. However, in part (2) the answer does not provide a complete solution; only a few derivative manipulations and claims about monotonicity are given without a rigorous proof."", ""C2"": ""The reasoning is adequate for part (1) with clear arguments about the derivative and monotonicity. For part (2), the student makes an attempt (noticing that the two roots lie on either side of 1) but the logical steps toward proving x1x2 < 1 are fragmented and not properly justified."", ""C3"": ""The answer is incomplete overall. While part (1) is fully solved, part (2) remains largely undeveloped with several uncompleted approaches and no coherent final proof.""}",6148
Math_ShortAns_112,0.95,2,"{""C1"": 1, ""C2"": 1, ""C3"": 0}","{""C1"": ""The answer fails to correctly derive the needed value for p and the proper equation of the parabola. The deduction that y\u00b2 becomes 3p\u00b7x is not justified by the given condition |MF| = 3."", ""C2"": ""The logical reasoning is flawed throughout. The student misinterprets the condition on the distance and misuses the sign (\u00b13) in the derivation. The discussion on vertical lines and undefined slopes is muddled and does not lead to a correct result."", ""C3"": ""The solution is far from complete. Part (2) of the problem is not properly addressed, and the reasoning concerning the maximum difference of inclination angles is not developed. The answer does not correctly determine the equation of line AB.""}",2122
Math_ShortAns_113,0.95,5,"{""C1"": 2, ""C2"": 2, ""C3"": 1}","{""C1"": ""The answer does not correctly solve for the parameter p required by |MF| = 3 and leaves the equation of the parabola in its original form. This is a significant error in correctness."", ""C2"": ""The logical reasoning is flawed. The student separated the cases for x1 but did not develop a correct argument and later confused the slopes by claiming that no stable maximum for the angle difference could be reached. The derivation lacks clarity."", ""C3"": ""The answer is very incomplete. It does not provide a complete solution for either part\u2014especially part (2), where a final, justified equation for line AB is required.""}",1979
Math_ShortAns_114,0.9,4,"{""C1"": 2, ""C2"": 1, ""C3"": 1}","{""C1"": ""The student correctly identifies the focus coordinates for the parabola, but then makes a clear error in computing the distance from F to M; they incorrectly add p and p/2 instead of using the proper distance formula."", ""C2"": ""The reasoning is flawed by assuming that the x\u2010coordinate of M is p and then directly summing distances. There is no proper derivation for the distance condition."", ""C3"": ""The answer is incomplete; while an answer for p is produced (p = 2), the steps are not justified and the result does not follow from correct reasoning.""}",6694
Math_ShortAns_117,0.9,2,"{""C1"": 2, ""C2"": 0, ""C3"": 0}","{""C1"": ""The answer simply rewrites the given relation in terms of undefined constants k and c without solving for them. In fact, by evaluating the relation at x = 0 and x = 1 one can determine that f(0) = 1 and f\u2032(1) = e, so that f(x) = e^x \u2212 x + (1/2)x\u00b2. Moreover, the monotonicity analysis is incomplete. A proper analysis shows that the derivative f\u2032(x) = e^x \u2212 1 + x is negative for some x (for example, near x = -1) and positive for x > 0, so the monotone behavior should be discussed on both sides of the minimum. Thus, the answer does not meet the requirements."", ""C2"": ""The second part of the question requires finding the maximum value of (a+1)\u00b7b subject to the inequality f(x) \u2265 (1/2)x\u00b2 + ax + b holding for all x. The answer provided neither sets up a rigorous inequality nor properly derives the correct value. In fact, a correct analysis (using the determined form of f(x)) shows that the best inequality is achieved when the linear part is optimally chosen (often by touching the function at its minimum), and the maximum value of (a+1)\u00b7b is different from the claimed -1. The answer is not justified and is incorrect."", ""C3"": """"}",2809
Math_ShortAns_118,0.95,2,"{""C1"": 0, ""C2"": 1, ""C3"": 1}","{""C1"": ""The answer does not provide any correct computation or final answer. It fails to derive f(x) or its monotonic intervals, and the transformation used in part (2) is not justified."", ""C2"": ""The student outlines a vague idea of converting the inequality to a new function h(x) and finding its minimum, but no clear or correct logical steps are given."", ""C3"": ""The answer is incomplete. It completely omits part (1) of the problem and only sketches an incomplete idea for part (2), with no final result or detailed derivations.""}",2144
Math_ShortAns_121,0.95,3,"{""C1"": 3, ""C2"": 0, ""C3"": 0}","{""C1"": ""The derivative is correctly written as e^x + e^(-x) - 2, but the student\u2019s interpretation is wrong. They incorrectly claim the derivative is always positive and then conclude f is decreasing, which is inconsistent since f'(0)=0 and positive derivative near 0 would imply increasing behavior."", ""C2"": ""For part II, the reasoning is entirely flawed. Although the form of f(2x) is written correctly, the substitution at x = 0 and the conclusion that the maximum value of b is 0 are not justified by any proper analysis."", ""C3"": ""The estimation of ln2 is inaccurate and unsupported. The provided bounds on sqrt2 do not logically lead to an approximate value of ln2 near 2. This part of the answer is not only incorrect but also lacks correct reasoning.""}",2552
Math_ShortAns_122,0.9,0,"{""C1"": 0, ""C2"": 0, ""C3"": 0}","{""C1"": """", ""C2"": """", ""C3"": """"}",8646
Math_ShortAns_125,0.95,2,"{""C1"": 2, ""C2"": 0, ""C3"": 0}","{""C1"": ""On the correctness front, the only redeeming element is the derivative computed in part (1) using the product rule, which is correct by itself. However, none of the parts are correctly finished\u2014the analysis of monotonicity is very superficial, the claimed maximum in part (2) is plainly false, and the proof in part (3) does not establish the required inequality."", ""C2"": ""The logical reasoning is lacking. In part (1) no proper analysis is given after computing the derivative, and for parts (2) and (3) the student makes baseless claims (for example, incorrectly assuming that the maximum of the absolute value is 0, and then arguing vaguely about limits) without producing any valid argument or justification."", ""C3"": ""The answer is very incomplete. The student neither completes the discussion on monotonicity nor proves the stated inequalities. The responses are fragmentary and fail to address the essential components of the problem.""}",4174
Math_ShortAns_126,0.9,3,"{""C1"": 2, ""C2"": 1, ""C3"": 0}","{""C1"": ""The student correctly computed the derivative expression for f(x), but then incorrectly deduced the monotonicity. The derivative formula is valid, yet the conclusion that f(x) is increasing on (0, \u03c0) is not justified by the work shown."", ""C2"": ""The logical reasoning is weak. The argument that sin x increases implies f(x) increases is a non sequitur. For parts (2) and (3), the student merely made unjustified assertions without real proof or proper use of inequalities."", ""C3"": ""The answer is extremely incomplete. Only a derivative was computed and a bare assertion on monotonicity was made without further analysis. Parts (2) and (3) lack any detailed work or valid arguments.""}",3430
Math_ShortAns_127,0.9,2,"{""C1"": 1, ""C2"": 1, ""C3"": 0}","{""C1"": ""The answer does not provide correct or rigorous derivations. The calculus steps for monotonicity in part (1) and the precise calculation to obtain the maximum absolute value in part (2) are missing."", ""C2"": ""The logical reasoning is very vague. The student merely indicates that one should differentiate and refer to previous parts but fails to detail any necessary steps, especially in part (3) where the transformations are unjustified."", ""C3"": ""The answer is incomplete. None of the three parts are fully addressed with a clear and valid argument, and many claimed equalities and inequalities are not rigorously demonstrated.""}",2525
Math_ShortAns_130,0.95,4,"{""C1"": 2, ""C2"": 1, ""C3"": 1}","{""C1"": ""The answer shows a very limited grasp of converting the polar equation to rectangular form. It merely states the identity x = \u03c1 cos\u03b8 and y = \u03c1 sin\u03b8 and then attempts an incorrect manipulation, ending up with conflicting and wrong forms instead of the proper rectangular equation."", ""C2"": ""The student's logical reasoning is very weak. The steps made in trying to convert the equation are unclear and contain algebraic errors, and the student does not correctly replace or eliminate the angle variable."", ""C3"": ""The answer is incomplete. It neither provides a complete, correct conversion for part (1) nor addresses part (2) of the question. Key parts of the problem are left unattempted or inadequately handled.""}",4428
Math_ShortAns_131,0.95,5,"{""C1"": 5, ""C2"": 0, ""C3"": 0}","{""C1"": ""The conversion from the polar equation to the Cartesian form is correctly done by replacing rho squared with x squared plus y squared and rho cos theta with x, followed by completing the square to get the circle equation. This part is fully correct."", ""C2"": ""The answer for the second part is very incomplete. Although a parameterization for the point M on the curve was attempted, the parameter equations for the point P were not explicitly derived, and the final reasoning for the absence of common points between C and C1 is merely asserted without sufficient computation or justification."", ""C3"": """"}",2491
Math_ShortAns_134,0.95,2,"{""C1"": 2, ""C2"": 0, ""C3"": 0}","{""C1"": ""For part (1) the student correctly noted that for C1 one may obtain x + y = 4, which is in fact the proper elimination; however, the answer then turns inconsistent by giving x + y = 5 and a bogus elimination for C2. The omission of the correct ordinary equation for C2 (which should be x\u00b2 - y\u00b2 = 4) and the contradictory statements lower the credit considerably."", ""C2"": ""For part (2) the process is incomplete and erroneous. The student\u2019s attempt to find the intersection point P yields incorrect points (P = (1, 4) rather than the true intersection derived from the systems) and the final polar equation of the circle (r = 4 cos(\u03b8 - \u03c0/4)) is unjustified. There is no proper derivation showing that the circle with center on the polar axis and passing through the origin and the correct P has that form."", ""C3"": """"}",4565
Math_ShortAns_135,0.95,10,"{""C1"": 5, ""C2"": 5, ""C3"": 0}","{""C1"": ""The student correctly eliminated the parameters. For C1, they obtained x + y = 4, and for C2, deduced x\u00b2 - y\u00b2 = 4, which is valid."", ""C2"": ""The student correctly identified the intersection point and derived the polar equation of the circle with center on the polar axis passing through the origin and the intersection point, resulting in \u03c1 = (17/5) cos \u03b8."", ""C3"": """"}",4126
Math_ShortAns_138,0.9,2,"{""C1"": 2, ""C2"": 0, ""C3"": 0}","{""C1"": ""For part (1) the student attempted to convert both parameter forms to standard form. However, in both cases the constant terms are incorrect. For C1, the correct equation should be x + y = 4 but the student obtained x + y = 8. Similarly, for C2 the proper derivation yields x\u00b2 - y\u00b2 = 4 rather than 2. This indicates a consistent miscalculation in handling the coefficients."", ""C2"": ""For part (2) the student\u2019s answer is very incomplete and not logically developed. The student arbitrarily assumed an intersection at (0, 0) and then provided an unsubstantiated polar equation without following through the necessary reasoning. No valid method or correct result is presented for the circle\u2019s polar equation."", ""C3"": """"}",4812
Math_ShortAns_139,0.95,10,"{""C1"": 5, ""C2"": 5, ""C3"": 0}","{""C1"": ""The student\u2019s conversion of the parametric equations is correct. C1 is correctly transformed into x+y=4 and x^2-y^2=4."", ""C2"": ""The derivation for the circle\u2019s polar equation, though provided only as a final answer, is correct. The result, \u03c1 = (17/5) cos \u03b8, matches the one obtained by finding the intersection point and using the circle\u2019s geometry with center on the polar axis."", ""C3"": """"}",3159
Math_ShortAns_142,0.95,2,"{""C1"": 1, ""C2"": 1, ""C3"": 0}","{""C1"": ""The answer for part (1) contains a significant arithmetic error by equating (1/3)^(2/3) with 1/3, so the equality case is miscalculated and the derived value 1/27 is incorrect. In part (2) the student\u2019s approach is not only incomplete but eventually leads to a wrong bound that does not match the stated inequality."", ""C2"": ""The logical structure is weak. Using the special case a = b = c is not sufficient to prove the general inequality, and the attempt to sum the denominators for part (2) does not correctly lead to the intended conclusion."", ""C3"": ""The answer is incomplete. It omits a full general proof for both parts and does not explain why the method applies to all positive a, b, c under the given condition.""}",4327
Math_ShortAns_143,0.9,1,"{""C1"": 1, ""C2"": 0, ""C3"": 0}","{""C1"": ""The attempted solution for part (1) begins by assuming a = b = c, which is a common idea but then mistakenly infers a = 1/3 and abc = 1/27. While 1/27 is indeed less than 1/9, the student misinterprets this result and does not actually prove the inequality. The answer for part (2) completely misapplies an inequality, leading to a false statement."", ""C2"": ""The logical steps are flawed. In part (1) the student\u2019s attempt does not show a rigorous justification for the inequality and then misleads the argument by considering a contradictory situation. In part (2) the application of the inequality is reversed, indicating a failure to correctly reason through the problem."", ""C3"": ""The answer is incomplete. It neither properly addresses the necessary steps nor provides a logical derivation for both parts of the problem, resulting in an overall incorrect solution.""}",2792
Math_ShortAns_144,1.0,0,"{""C1"": 0, ""C2"": 0, ""C3"": 0}","{""C1"": ""The mathematical correctness is completely off. The student misapplies the substitution a = b = c and miscalculates the values, leading to the incorrect result that abc is greater than or equal to 1/9 instead of less than or equal to 1/9."", ""C2"": ""The logical reasoning is flawed. The steps taken do not logically prove the required inequalities. The attempt does not justify substitutions or transformations properly, and the conclusions reached are contrary to the original inequalities."", ""C3"": ""The answer is incomplete. Neither part of the question is addressed with a valid proof. Both parts use incorrect assumptions and flawed estimation without a rigorous verification process.""}",1596
Math_ShortAns_145,0.95,10,"{""C1"": 4, ""C2"": 3, ""C3"": 3}","{""C1"": ""The student\u2019s solution correctly applies the AM-GM inequality to prove part (1) and properly transforms the terms to obtain the bound in part (2). The equalities are also correctly identified."", ""C2"": ""The logical flow is adequate. The student uses the idea that b+c is at least 2\u221a(bc) and then rewrites a/(b+c) appropriately. Although the presentation is fragmented, the reasoning effectively justifies each step."", ""C3"": ""Both parts of the problem are addressed. The answer shows the necessary steps for part (1) and part (2) but would be clearer if the explanation were written more cohesively. Overall, the work is complete.""}",4590
Math_ShortAns_148,0.95,0,"{""C1"": 0, ""C2"": 0, ""C3"": 0}","{""C1"": ""The answer fails to correctly prove the inequalities. In part (1), the student uses Cauchy-Schwarz but ends up proving an inequality that leads to a bound of approximately 4.24 rather than 3. In part (2), there is no valid derivation to reach the desired lower bound."", ""C2"": ""The logical reasoning is flawed. The application of inequalities and substitution is not justified, and the choice of specific values (like setting c equal to 1) without considering the restrictions leads to contradictory and impossible conclusions."", ""C3"": ""The solution is incomplete. Both parts of the question are not properly addressed, and no valid steps are shown to arrive at the required results. The answer neither resolves the issue nor attempts a correct method.""}",2387
Math_ShortAns_149,0.95,0,"{""C1"": 0, ""C2"": 0, ""C3"": 0}","{""C1"": ""The answer does not correctly prove either part. In (1) the application of the Cauchy-Schwarz inequality yields a useless bound (a+b+2c \u2264 6 instead of 3), and in (2) the substitution does not lead to a valid proof."", ""C2"": ""The logical reasoning is flawed. The student misapplies inequalities and does not properly derive conditions for a and c. The steps are incomplete and contain errors in the manipulation of expressions."", ""C3"": ""The solution is incomplete. It does not provide a fully developed or correct argument for the required inequalities in either part of the problem.""}",2016
Math_ShortAns_150,0.9,15,"{""C1"": 6, ""C2"": 5, ""C3"": 4}","{""C1"": ""Correctness: The student correctly invoked the Cauchy inequality and later used Titu\u2019s lemma to arrive at the required form for part (2). However, there is an inaccuracy in the determination of the equality case and in connecting the given condition to the inequality. The chain of equalities and conditions (for example, writing a = b = 2c = 1) is ambiguous."", ""C2"": ""Logical Reasoning: The argument has the key ideas \u2013 applying the Cauchy inequality to deduce a + b + 2c <= 3 and then using weighted inequality for 1/a + 1/c \u2013 but the logical flow is fragmented. Several steps (such as clearly linking a^2 + b^2 + 4c^2 = 3 to the bound for a + 4c, and the precise conditions for equality) are not properly explained."", ""C3"": ""Completeness: The answer is divided over several parts and, while it eventually reaches the right inequality for part (2), many details are omitted. The work for part (1) is only partially developed, and the overall presentation lacks a full, coherent explanation for both parts of the problem.""}",5952
Math_ShortAns_153,1.0,2,"{""C1"": 1, ""C2"": 1, ""C3"": 0}","{""C1"": ""The student starts by stating some correct algebraic identities, but the derivations do not lead toward establishing the required inequalities. The final results are the opposite of what needed to be proved."", ""C2"": ""The logical flow is very confused. The student makes incorrect assumptions and jumps to conclusions that contradict the original statement. The inversion of the inequality signs shows a clear flaw in reasoning."", ""C3"": ""The answer is incomplete. Instead of proving that (a+b)(a^5+b^5) is at least 4 and that a+b is at most 2, the student concludes the opposite without providing a rigorous argument.""}",2528
Math_ShortAns_154,0.9,5,"{""C1"": 2, ""C2"": 2, ""C3"": 1}","{""C1"": ""The answer contains several formula manipulations, but they are incorrect or unjustified. For example, simply testing a = 1 and b = 1 and then using an incorrect transformation for a^5 + b^5 does not establish the required general result."", ""C2"": ""The logical reasoning is weak. The student\u2019s approach is based on a risky assumption and unclear steps, and the derivation lacks proper justification. In addition, the final part gives a contradictory conclusion about a + b."", ""C3"": ""The answer does not complete the proof for either inequality. The derivation for part (1) is incomplete and part (2) is misstated, leaving the proof unfinished.""}",2731
Math_ShortAns_155,0.95,1,"{""C1"": 1, ""C2"": 0, ""C3"": 0}","{""C1"": ""The answer states the correct final result for part (2), but only by assertion. It does not include any supporting calculations or address part (1)."", ""C2"": ""There is no logical derivation shown. The answer merely states a conclusion without any explanation or intermediate steps."", ""C3"": ""The solution is highly incomplete. It omits a full demonstration for both parts of the problem, especially failing to prove part (1).""}",4561
Math_ShortAns_158,0.95,3,"{""C1"": 2, ""C2"": 1, ""C3"": 0}","{""C1"": ""The answer checks a special case (a = b = 1) but does not provide a general proof of the inequality. Using one example does not establish the result for all positive a and b satisfying a\u00b3 + b\u00b3 = 2."", ""C2"": ""The logical structure is weak. In part (1) the answer assumes the result from a single instance, while in part (2) the argument is inconclusive. The reasoning does not rigorously exclude the possibility that a + b can exceed 2."", ""C3"": ""The answer is incomplete. It does not develop a full, rigorous solution for either part, and important details needed for a complete proof are missing.""}",1779
Math_ShortAns_159,0.9,2,"{""C1"": 1, ""C2"": 1, ""C3"": 0}","{""C1"": ""Correctness: The answer makes an attempt by writing down several inequalities, but the essential steps and justifications are missing. It merely states conclusions rather than providing a correct derivation."", ""C2"": ""Logical reasoning: The answer is a collection of brief, disconnected statements. The logical flow is unclear and none of the steps are fully explained, making it difficult to see how the conclusions follow."", ""C3"": ""Completeness: The answer is far from complete. It does not provide a complete proof for either part of the question, and crucial steps for verifying both inequalities are absent.""}",3667
Math_ShortAns_162,0.9,4,"{""C1"": 2, ""C2"": 1, ""C3"": 1}","{""C1"": ""The answer shows major errors in the evaluation of the absolute\u2010value function g(x). The piecewise definition is computed incorrectly for x < -1 and for \u20131 \u2264 x < 1, leading to an erroneous formulation of the inequality. Consequently, the solutions for both parts are wrong."", ""C2"": ""The logical reasoning is flawed. The student\u2019s manipulations of the inequalities are incorrect and do not correctly account for the domain restrictions imposed by the absolute values."", ""C3"": ""The answer is incomplete. It does not properly derive or justify the correct solution sets, and the analysis for part (2) is based on an incorrect evaluation of g(x).""}",3304
Math_ShortAns_163,0.9,5,"{""C1"": 3, ""C2"": 1, ""C3"": 1}","{""C1"": ""Although the final answers \u2013 for part (1) the solution set as [-1, (\u221a17-1)/2] and for part (2) a in [-1,1] \u2013 are numerically correct, many of the intermediate steps are flawed. The treatment of the piecewise function g(x) is inconsistent and misapplies the monotonicity arguments in different subintervals."", ""C2"": ""The logical reasoning is fragmented. The student discusses various intervals separately, but the claims about monotonicity (for example in the intervals (1,+\u221e) and (-\u221e,-1)) are not justified properly and lead to confusion."", ""C3"": ""The answer is incomplete and lacks a unified explanation. The piecewise analysis is presented in several disjoint segments without showing how they combine to give the overall solution.""}",5551
Math_ShortAns_166,1.0,0,"{""C1"": 0, ""C2"": 0, ""C3"": 0}","{""C1"": ""The conversion from the given parametric form to a polar equation is completely mishandled. The student starts by writing the conversion formulas, but then mixes the parameter t with the polar angle theta and ends up with a polar equation (r = 4 - 5 sin theta) that is unjustified and incorrect."", ""C2"": ""The work for finding the intersections is not valid. Instead of eliminating the extra parameter and correctly substituting into the given polar equation for C2, the student derives an inconsistent equation and reaches a nonsensical conclusion about intersections, showing a misunderstanding of the relation between the two curves."", ""C3"": """"}",2192
Math_ShortAns_167,0.95,10,"{""C1"": 5, ""C2"": 5, ""C3"": 0}","{""C1"": ""The student correctly converted the parametric equations of C1 into the Cartesian equation and then into the polar form. The final form rho^2 - 8rho cos\u03b8 - 10rho sin\u03b8 + 16 = 0 is algebraically equivalent to the expected conversion."", ""C2"": ""The student correctly handled C2 by rewriting rho = 2 sin\u03b8 into a Cartesian equation and then solving the system with C1. The intermediate steps and the final intersection points\u2014Cartesian (1, 1) and (0, 2), and converted into polar as (sqrt2, \u03c0/4) and (2, \u03c0/2)\u2014are correct."", ""C3"": """"}",4942
Math_ShortAns_170,0.95,3,"{""C1"": 2, ""C2"": 1, ""C3"": 0}","{""C1"": ""The answer fails in correctness because for (1) it supports the inequality by only one numerical example rather than a general proof, and for (2) the algebraic manipulation is unsound and does not really lead to the required inequality."", ""C2"": ""The logical reasoning is weak. The student\u2019s reasoning skips key steps and uses an unsupported example for (1) and an incomplete, incorrect argument for (2)."", ""C3"": ""The answer is incomplete. It does not provide a full derivation for either part, particularly leaving part (2) half-finished.""}",2995
Math_ShortAns_171,1.0,10,"{""C1"": 5, ""C2"": 5, ""C3"": 0}","{""C1"": ""The answer correctly shows that ab+bc+ca equals -1/2 times the sum of squares, which is negative since the squares sum to a positive number. In part (2), the student deduces that a is positive and b, c are negative, and successfully derives that a cubed is at least 4, with equality when b equals c."", ""C2"": ""The logical flow is clear and each step is justified. Although some of the algebraic manipulations could have been explained in a bit more detail, the reasoning is sound and the answer is complete for both parts."", ""C3"": """"}",5154
Math_ShortAns_174,0.9,4,"{""C1"": 2, ""C2"": 1, ""C3"": 1}","{""C1"": ""The student\u2019s answer starts off correctly by substituting z = 1 \u2013 x \u2013 y, but the subsequent expansion for part (1) is erroneous (a term in y was omitted) and the value obtained for the minimum is wrong. In part (2) the expansion is done very imprecisely and the student never reaches a rigorous proof; the reasoning is muddled and does not correctly prove the restriction on a."", ""C2"": ""The work shows a very rough idea \u2013 for example, trying a sample value instead of finding the actual minimum in (1), and an unclear expansion in (2) \u2013 yet the logical steps are not properly justified and many key terms are lost."", ""C3"": ""The answer is incomplete. In part (1) the minimal value is not computed correctly, and in part (2) the derivation is hardly continued to an acceptable conclusion. Overall the response does not address the problem fully.""}",3528
Math_ShortAns_175,0.9,3,"{""C1"": 2, ""C2"": 1, ""C3"": 0}","{""C1"": ""The answer shows an attempt to use the Cauchy inequality, but an arithmetic error was made in part (1): the sum (x-1)+(y+1)+(z+1) equals (x+y+z)+1, not (x+y+z)+3. In part (2) the final condition is stated correctly but without proper derivation."", ""C2"": ""The logical reasoning is very weak. The student applies the Cauchy inequality incorrectly and does not provide a sound justification or linkage between the steps."", ""C3"": ""The answer is incomplete. Many steps, especially for part (2), are missing, and the derivation is not fully developed. More detailed explanations and correct computations are needed.""}",6575
Math_ShortAns_178,0.9,2,"{""C1"": 1, ""C2"": 1, ""C3"": 0}","{""C1"": ""The student correctly expanded the square terms, but then misused the constraint x+y+z=1. Instead of solving for the minimum, they incorrectly substituted terms and chose an arbitrary example (x=0, y=0, z=1), leading to the wrong minimum value."", ""C2"": ""The reasoning is flawed. The proper approach would use optimization methods (for example, the method of Lagrange multipliers) to find the exact minimum for part (1) and a careful argument for the universal validity of the inequality in part (2). The student\u2019s argument does not convincingly establish the required result."", ""C3"": ""The solution is incomplete. In part (1) the minimum value should be found rigorously, and in part (2) a complete derivation or proof is absent. Both parts do not meet the complete requirements of the problem.""}",3192
Math_ShortAns_179,0.95,2,"{""C1"": 1, ""C2"": 1, ""C3"": 0}","{""C1"": ""In part (1), the student attempted to use the Cauchy inequality but miscalculated the sum. The term (x-1)+(y+1)+(z+1) should simplify to (x+y+z)+1 = 2, not (x+y+z)+3. This error leads to an incorrect minimum value."", ""C2"": ""In part (2), the student tried to apply a similar approach but again made algebraic errors in summing the terms. The steps do not correctly transform the inequality and the subsequent conclusion (a <= -3 or a >= -1) is not rigorously established."", ""C3"": """"}",4486
Math_ShortAns_182,0.9,2,"{""C1"": 1, ""C2"": 1, ""C3"": 0}","{""C1"": ""The answer contains serious computational errors. In the first part, the piece\u2010wise cases were set up but the signs are reversed in the resulting inequalities (for example, solving 2x+4 >= 0 should yield x >= -2 on x < -1 rather than x <= -2, and a similar mistake appears for x \u2265 2). Such mistakes lead to a totally wrong solution for f(x) \u2265 0."", ""C2"": ""The logical reasoning is very confused. Though the student attempted a piece\u2010wise analysis, the intervals are handled inconsistently and the conclusions do not follow from the computations."", ""C3"": ""The answer is incomplete. In part (2) the work is very muddled with no clear derivation or final result for the required parameter range. There is neither a coherent explanation nor a valid answer provided.""}",3920
Math_ShortAns_183,0.95,10,"{""C1"": 5, ""C2"": 3, ""C3"": 2}","{""C1"": ""The final answers for both parts are numerically correct. The student correctly derived the piecewise expression for a = 1 and the solution sets [-2, 3] for part (1) and a in (-infinity, -6] union [2, infinity) for part (2)."", ""C2"": ""The reasoning for part (1) is clear by breaking the domain into three intervals. For part (2), the student used a geometric interpretation of the absolute value sum to obtain the condition |a+2| >= 4. Although the explanation is a bit brief, the logical steps are acceptable."", ""C3"": ""The answer is somewhat incomplete in its explanation and lacks detailed derivation for the absolute geometric reasoning in part (2), but the key steps are present. More detailed justification would be needed for full marks.""}",4906
Math_ShortAns_186,0.9,2,"{""C1"": 1, ""C2"": 1, ""C3"": 0}","{""C1"": ""The answer is factually incorrect. In Part (1) with a = 1, a careful analysis shows that f(x) < 0 holds for x in (-infinity, 1), not (-infinity, 2) as claimed. In Part (2), the correct reasoning shows that the condition f(x) < 0 for all x < 1 forces a to be at least 1, not greater than 2."", ""C2"": ""The student attempted to split the domain and work with the absolute values, but the case analysis and algebraic simplifications are flawed. The errors in sign handling and the misinterpretation of the resulting inequalities weaken the logical reasoning."", ""C3"": ""The answer is incomplete because it neither correctly handles the different cases for the absolute values nor provides a correct derivation for the parameter a in Part (2). Critical steps in the reasoning are missing or misapplied.""}",4867
Math_ShortAns_187,0.9,6,"{""C1"": 3, ""C2"": 2, ""C3"": 1}","{""C1"": ""The student obtained the correct final answer for part (1) (x < 1) but only analyzed the x < 1 zone even though an overall answer should acknowledge all cases."", ""C2"": ""Their algebraic manipulation\u2014claiming the expression reduces to (x\u20131)\u00b2 > 0\u2014is not rigorously derived, which affects the logical clarity."", ""C3"": ""The answer is incomplete as it does not show separate consideration for the other intervals.""}",51284
Math_ShortAns_190,0.9,5,"{""C1"": 2, ""C2"": 2, ""C3"": 1}","{""C1"": ""The answer contains significant errors. In part (1) the use of AM-GM is misapplied and the transition from 1/a = bc to concluding bc + ac + ab \u2264 3 is flawed. In part (2) merely checking the case a = b = c = 1 does not establish the inequality in general."", ""C2"": ""Logical reasoning is weak. The argument does not establish a comparison between the sums in the first inequality, and the expansion in the second part lacks justification beyond one special case."", ""C3"": ""The answer is incomplete. Neither inequality is rigorously proven. Both parts offer insufficient or non-rigorous arguments, failing to cover all necessary cases.""}",2356
Math_ShortAns_191,0.9,3,"{""C1"": 1, ""C2"": 1, ""C3"": 1}","{""C1"": ""The answer does not correctly establish the inequalities. In part (1) the student only shows that both sides are at least 3 using AM-GM, which does not imply that the sum of the reciprocals is less than or equal to the sum of squares for all a, b, c."", ""C2"": ""The logical reasoning is weak. The student relies on lower bounds and an unjustified use of symmetry without properly comparing the given expressions. The expansion in part (2) is incomplete and lacks a rigorous chain of reasoning."", ""C3"": ""The solution is incomplete. Both parts are treated superficially: part (1) uses a flawed argument and part (2) is vague, using expansion and a mention of the triangle inequality without clear justification.""}",2465
Math_ShortAns_192,1.0,0,"{""C1"": 0, ""C2"": 0, ""C3"": 0}","{""C1"": ""The answer misstates the problem. It claims that negative values may appear and that ab + ac + bc could be less than 1, which is irrelevant and incorrect since a, b, c are all positive."", ""C2"": ""The logical reasoning is fundamentally flawed. The student misapplies inequalities and wrongly assumes that taking a, b, c near zero is permitted under the condition that abc = 1, which leads to a contradiction rather than a valid argument."", ""C3"": ""The answer does not offer any coherent proof for either inequality. It fails to address the requirements of proving the inequalities by providing any correct supporting arguments or complete solutions.""}",1705
Math_ShortAns_193,0.9,3,"{""C1"": 2, ""C2"": 1, ""C3"": 0}","{""C1"": ""The answer\u2019s correctness is very weak. The student repeats the original statement without a clear or correct transformation of the inequality, and the steps using basic inequalities are inadequately justified."", ""C2"": ""The logical reasoning is flawed. Several key steps are omitted and the application of the inequalities is not properly explained, leading to unsubstantiated leaps."", ""C3"": ""The solution is incomplete. It only addresses part (2) of the question, and even that part lacks a full, rigorous derivation, neglecting the necessary details for a full proof.""}",2000
Math_ShortAns_196,1.0,0,"{""C1"": 0, ""C2"": 0, ""C3"": 0}","{""C1"": ""Correctness: The answer does not establish the required inequalities at all. In part (1), instead of proving that sqrt(a) + sqrt(b) is greater, it ends with a contradictory conclusion, and the approach in part (2) does not yield any valid proof."", ""C2"": ""Logical Reasoning: The reasoning is flawed. The student makes several unjustified claims such as inferring comparisons by relating sqrt sums directly to a+b or c+d, and the deduction fully lacks sound logical steps."", ""C3"": ""Completeness: The solution is incomplete. Neither part (1) nor part (2) is proved; the answer only presents unclear attempts and incorrect reasoning rather than a rigorous demonstration.""}",2151
Math_ShortAns_197,0.95,8,"{""C1"": 5, ""C2"": 3, ""C3"": 0}","{""C1"": ""For part (1) the student\u2019s argument correctly uses the identities for the square of the sums and the assumption a+b=c+d. The step of comparing sqrt(ab) with sqrt(cd) to conclude the inequality is valid but not very detailed."", ""C2"": ""For part (2) the answer is only an outline. The student shows the key equality (a+b)\u00b2 - 4ab = (a-b)\u00b2 and similarly for c and d, arriving at (a-b)\u00b2 < (c-d)\u00b2, but the full chain of logical equivalence and explanations proving the necessary and sufficient condition is missing."", ""C3"": """"}",3821
Math_ShortAns_200,0.9,5,"{""C1"": 2, ""C2"": 2, ""C3"": 1}","{""C1"": ""The answer contains significant errors in correctness. In part (1), after setting up the inequality correctly, the student made an arithmetic mistake in the case 2x - 2 \u2265 0 (it should yield x \u2264 3 instead of x \u2264 4). For part (2), the conclusion that a is in (-infinity, 1) is entirely incorrect."", ""C2"": ""The student attempted case splitting and initial idea was acceptable, but the incorrect computations and unjustified reasoning (especially in part (2)) indicate poor logical progression."", ""C3"": ""The answer is incomplete. While part (1) was partially addressed (albeit with errors), part (2) is merely started and then concluded incorrectly without a proper analysis of the absolute value expressions.""}",4221
Math_ShortAns_201,0.9,7,"{""C1"": 4, ""C2"": 3, ""C3"": 0}","{""C1"": ""The answer for part (2) eventually gives the correct answer (a in [2, +\u221e)), but the derivation is somewhat muddled and lacks clarity."", ""C2"": ""The logical reasoning employs some absolute\u2010value manipulations but is not rigorously justified. Several steps seem to be assumed without clear explanation."", ""C3"": ""The student did not address part (1) of the problem at all, making the overall answer incomplete.""}",3138
Math_ShortAns_204,0.9,2,"{""C1"": 1, ""C2"": 1, ""C3"": 0}","{""C1"": ""The answer is mathematically incorrect. The student\u2019s manipulations, such as assuming ab = 1 without justification and then concluding a + b = 1, are flawed. The eventual result a\u00b3 + b\u00b3 = -1, which is impossible for positive a and b, reflects this error."", ""C2"": ""The logical reasoning is very weak. The student makes arbitrary assumptions rather than exploring the implications of the given condition and does not follow a systematic method to solve for the minimum or verify the conditions for part (II)."", ""C3"": ""The solution is incomplete. Parts of the problem are left unaddressed with only guesses provided and unsupported steps. None of the parts are solved with proper justification.""}",1893
Math_ShortAns_205,0.99,0,"{""C1"": 0, ""C2"": 0, ""C3"": 0}","{""C1"": ""The answer is factually incorrect. The student misapplies the AM-GM inequality, which leads to erroneous contradictions. For instance, equating (1/a + 1/b) to 2\u221a(ab) when the given condition is (1/a + 1/b) = \u221a(ab) is a misstep that completely derails the solution."", ""C2"": ""The logical reasoning is seriously flawed. Every step is built on an incorrect inequality, and the contradictory conclusions (such as requiring \u221a(ab) = 0 while a, b > 0) indicate a breakdown in the argument structure."", ""C3"": ""The answer is incomplete. It fails to correctly solve part (I) about finding the minimum of a\u00b3+b\u00b3 and does not provide a proper analysis or reasoning for part (II), only attempting an inappropriate AM-GM argument.""}",3456
Math_ShortAns_208,0.95,0,"{""C1"": 0, ""C2"": 0, ""C3"": 0}","{""C1"": ""The final answers are incorrect. The candidate incorrectly assumed that a = b = 1 satisfies the given condition and deduced an incorrect minimal value for a^3 + b^3."", ""C2"": ""The reasoning is flawed. Multiplying by ab was correctly attempted, but the subsequent assumptions and substitutions were unjustified, and no proper analysis of the equation was performed."", ""C3"": ""The response is incomplete. The candidate neither properly derived the minimal value of a^3 + b^3 nor provided a convincing argument for or against the existence of solutions for 2a+3b=6 under the given condition.""}",2337
Math_ShortAns_209,0.95,2,"{""C1"": 1, ""C2"": 1, ""C3"": 0}","{""C1"": ""The algebraic manipulation is incorrect \u2013 the use of the AM-GM inequality leads to a wrong conclusion (ab >= 4, when it should be ab >= 2) and the final result for a\u00b3 + b\u00b3 is never determined."", ""C2"": ""The reasoning is muddled with repeated expressions and shows a lack of a clear logical flow. The argument does not lead to a coherent solution for either part of the question."", ""C3"": ""The answer is incomplete. Not only is only an incorrect intermediate result provided for part (I), but the solution entirely fails to address part (II) of the question.""}",3139
Math_ShortAns_212,0.95,2,"{""C1"": 1, ""C2"": 1, ""C3"": 0}","{""C1"": ""The answer misidentifies the minimum value in part I by incorrectly concluding that f(x) is bounded below by 1 rather than 2. The evaluation using a = 1 is not sufficient to prove the stated inequality."", ""C2"": ""The logical process is flawed. The student\u2019s reasoning for both parts shows inconsistencies: the justification for the lower bound in part I is too simplistic, and in part II the handling of the absolute value cases and the subsequent inequality derivation is incorrect."", ""C3"": ""The answer is incomplete. It does not provide a rigorous proof for f(x) \u2265 2 and the derivation of the range for a when f(3) < 5 is not properly carried out, resulting in an unjustified final answer.""}",2444
Math_ShortAns_213,0.95,5,"{""C1"": 3, ""C2"": 2, ""C3"": 0}","{""C1"": ""The provided answer for part (II) is numerically correct; the derived range matches what is expected from analyzing f(3) < 5."", ""C2"": ""The answer lacks any detailed logical explanation or derivation steps for how the range was obtained, which weakens the overall answer."", ""C3"": ""The answer is incomplete because it completely omits part (I), which was required to prove that f(x) >= 2.""}",2366
Math_ShortAns_216,0.95,5,"{""C1"": 5, ""C2"": 0, ""C3"": 0}","{""C1"": ""The student correctly proved part I by applying the AM-GM inequality and showing that equality holds when a, b, and c are equal. The reasoning, although brief, is acceptable."", ""C2"": ""In part II the student attempted to apply AM-GM but did not arrive at the required result. Their calculation leading to three times the cube root of abc does not suffice to show that the sum is at least 1. Instead, the reasoning mistakenly indicates that the sum is less than 1, which is incorrect. The proof for part II is incomplete and flawed."", ""C3"": """"}",2190
Math_ShortAns_217,0.9,4,"{""C1"": 2, ""C2"": 1, ""C3"": 1}","{""C1"": ""The part (I) argument is barely acceptable though it omits an essential step (using that a^2+b^2+c^2 >= ab+bc+ca), but the answer completely fails to address the (II) inequality correctly."", ""C2"": ""The logical reasoning is weak. The student simply repeats formulas and misapplies the Cauchy-Schwarz inequality without a valid connection to the desired inequality (II)."", ""C3"": ""The answer is incomplete. It covers part (I) superficially and then repeats an irrelevant argument multiple times for (II) without establishing the correct estimate.""}",5430
