script_id,scores,model_score,comments,confidence,tokens_used
Math_ShortAns_2,"{'C1_transform_sin_term': 0, 'C2_handle_cos_term': 1, 'C3_combine_terms': 0, 'C4_identify_maximum': 1, 'C5_final_answer': 1}",3,"{'C1_transform_sin_term': 'Did not rewrite sin(x+2φ) in the desired form using (x+φ) terms.', 'C2_handle_cos_term': 'Correctly expanded -2 sinφ cos(x+φ) using the cosine addition formula.', 'C3_combine_terms': 'Combined terms incorrectly; the final expression does not simplify to sin x as required.', 'C4_identify_maximum': 'Identified the maximum value as 1, although based on the incorrect combination.', 'C5_final_answer': 'Final answer is clearly stated as 1.'}",,4006
Math_ShortAns_3,"{'C1_transform_sin_term': 1, 'C2_handle_cos_term': 1, 'C3_combine_terms': 1, 'C4_identify_maximum': 1, 'C5_final_answer': 1}",5,"{'C1_transform_sin_term': 'The student correctly rewrote sin(x+2φ) into sin(x+φ)cosφ + cos(x+φ)sinφ.', 'C2_handle_cos_term': 'The expression -2sinφ cos(x+φ) is handled correctly and set up for combining.', 'C3_combine_terms': 'The student states that the expression simplifies to sin x, which is correct even though detailed steps are minimal.', 'C4_identify_maximum': 'The maximum value of sin x is correctly identified as 1.', 'C5_final_answer': 'The final answer is clearly given as 1.'}",,2954
Math_ShortAns_6,"{'C1_define_terms': 1, 'C2_set_up_equation': 1, 'C3_solve_for_q': 1, 'C4_apply_sum_formula': 0, 'C5_compute_final_answer': 0}",3,"{'C1_define_terms': 'Correctly defined the general term and listed a1, a4, and a6.', 'C2_set_up_equation': 'Properly substituted into (a4)² = a6 and set up the equation.', 'C3_solve_for_q': 'Solved the equation correctly to obtain r = 3.', 'C4_apply_sum_formula': 'Did not use the prescribed sum formula approach; instead manually summed the terms but then misconverted fractions resulting in incorrect setup.', 'C5_compute_final_answer': 'Arithmetic error in summing the series led to a wrong final answer.'}",,4404
Math_ShortAns_7,"{'C1_define_terms': 0, 'C2_set_up_equation': 0, 'C3_solve_for_q': 0, 'C4_apply_sum_formula': 0, 'C5_compute_final_answer': 0}",0,"{'C1_define_terms': 'No work shown to define the general term; the student only provided a final numeric answer.', 'C2_set_up_equation': 'The substitution from a₄² = a₆ was not performed.', 'C3_solve_for_q': 'No steps are provided for solving for the common ratio q.', 'C4_apply_sum_formula': 'The sum formula for a geometric series was not set up.', 'C5_compute_final_answer': 'The final arithmetic is incorrect; the correct answer should be 121/3, not 121/9.'}",1.0,2703
Math_ShortAns_10,"{'Q15_step1_rewrite_vector': 1, 'Q15_step2_diameter_reasoning': 0, 'Q15_step3_rectangle_and_perpendicularity': 0, 'Q15_step4_final_answer': 0}",1,"{'Q15_step1_rewrite_vector': 'The student correctly rewrote the equation as 2AO = AB + AC.', 'Q15_step2_diameter_reasoning': 'The answer fails to clearly explain that AB + AC is along the diameter of the circle; the reasoning is vague.', 'Q15_step3_rectangle_and_perpendicularity': 'The connection between the diameter property and the rectangle (and hence perpendicularity) is missing or incorrect.', 'Q15_step4_final_answer': 'The final answer is inconsistent. Although 90° was hinted at earlier, the student ultimately gave 30°, which is incorrect.'}",0.95,2950
Math_ShortAns_11,"{'Q15_step1_rewrite_vector': 0, 'Q15_step2_diameter_reasoning': 0, 'Q15_step3_rectangle_and_perpendicularity': 0, 'Q15_step4_final_answer': 0}",0,"{'Q15_step1_rewrite_vector': 'The student did not rewrite the equation; no steps were shown.', 'Q15_step2_diameter_reasoning': 'The student did not provide any reasoning regarding the diameter.', 'Q15_step3_rectangle_and_perpendicularity': 'There is no discussion linking the diameter to the rectangle or perpendicularity.', 'Q15_step4_final_answer': 'The final answer is incorrect (should be 90°), and no justification was given.'}",1.0,2121
Math_ShortAns_14,"{'C1_setup_equations': 1, 'C2_tangency_condition': 0, 'C3_solve_center': 0, 'C4_find_radius': 0, 'C5_final_equation': 0}",1,"{'C1_setup_equations': ""Student writes the circle's form and substitutes point B and partially uses point A by assuming y₀ = 1, though not fully justified."", 'C2_tangency_condition': 'Instead of deriving the slope condition from perpendicularity, the student merely used the distance condition without establishing the required relation.', 'C3_solve_center': 'The center is not correctly solved; the guesses lead to inconsistent and incorrect results.', 'C4_find_radius': 'The radius computation is flawed, yielding an incorrect value.', 'C5_final_equation': 'The final equation (x-3)²+(y-2)²=1 does not match the correct center and radius.'}",,5680
Math_ShortAns_15,"{'C1_setup_equations': 1, 'C2_tangency_condition': 1, 'C3_solve_center': 1, 'C4_find_radius': 1, 'C5_final_equation': 1}",5,"{'C1_setup_equations': ""The student correctly set up the circle's standard form and substituted points A and B."", 'C2_tangency_condition': 'They applied the tangency condition correctly by equating the distance from center to the line with the radius.', 'C3_solve_center': 'The center was correctly determined as (3, 0).', 'C4_find_radius': 'The radius was accurately calculated as √2.', 'C5_final_equation': 'The final equation is correctly presented as (x-3)² + y² = 2.'}",1.0,3283
Math_ShortAns_18,"{'C1_set_up_equations': 1, 'C2_identify_grouping_pattern': 0, 'C3_compute_even_series_sum': 0, 'C4_compute_odd_pairs_sum': 0, 'C5_final_calculation': 0}",1,"{'C1_set_up_equations': 'The student correctly set up the recurrence equations from the given relation.', 'C2_identify_grouping_pattern': 'The grouping pattern into odd and even term groups was not identified.', 'C3_compute_even_series_sum': 'The arithmetic progression in the even-indexed terms was not computed.', 'C4_compute_odd_pairs_sum': 'The constant sum for the odd-indexed pairs was not determined.', 'C5_final_calculation': 'The final answer is incorrectly computed as 180 instead of 1830.'}",1.0,3814
Math_ShortAns_19,"{'C1_set_up_equations': 0, 'C2_identify_grouping_pattern': 0, 'C3_compute_even_series_sum': 0, 'C4_compute_odd_pairs_sum': 0, 'C5_final_calculation': 1}",1,"{'C1_set_up_equations': 'The student provided only the final answer with no recurrence setup.', 'C2_identify_grouping_pattern': 'There is no evidence of any grouping pattern identification.', 'C3_compute_even_series_sum': 'The arithmetic progression sum was not computed or shown.', 'C4_compute_odd_pairs_sum': 'Did not compute or mention the odd-indexed pairs sum.', 'C5_final_calculation': 'Final result is correct, awarding minimal credit for the correct answer.'}",1.0,3100
Math_ShortAns_22,"{'Q17_C1_difference_derivation': 0, 'Q17_C2_initial_value': 0, 'Q17_C3_general_term': 0, 'Q17_C4_setup_b_n': 0, 'Q17_C5_summation': 0}",0,"{'Q17_C1_difference_derivation': 'The answer does not subtract the relation for aₙ₊₁ and aₙ nor factor the difference correctly; there is no derivation of aₙ₊₁ - aₙ = 2.', 'Q17_C2_initial_value': 'No proper substitution for n=1 was carried out to determine a₁; the attempt to guess values did not yield the correct initial term.', 'Q17_C3_general_term': 'The general term was not derived using the arithmetic sequence property; the answer only makes incorrect guesses.', 'Q17_C4_setup_b_n': 'The required expression bₙ = 1/(aₙ aₙ₊₁) and its partial fractions decomposition is missing; an incorrect substitution was used.', 'Q17_C5_summation': 'The summation of the bₙ sequence is incorrectly set up and simplified, with no usage of the telescoping sum technique as required.'}",,4314
Math_ShortAns_23,"{'Q17_C1_difference_derivation': 3, 'Q17_C2_initial_value': 2, 'Q17_C3_general_term': 2, 'Q17_C4_setup_b_n': 2, 'Q17_C5_summation': 3}",12,"{'Q17_C1_difference_derivation': 'The student correctly subtracts the two relations, factors the difference as (aₙ₊₁ + aₙ)(aₙ₊₁ - aₙ), and deduces aₙ₊₁ - aₙ = 2.', 'Q17_C2_initial_value': 'The initial value is correctly set up by substituting n=1 and choosing a₁=3 after discarding the negative solution.', 'Q17_C3_general_term': 'The student identifies that the constant difference implies an arithmetic sequence and derives aₙ = 2n+1 properly.', 'Q17_C4_setup_b_n': 'The expression for bₙ using aₙ = 2n+1 and aₙ₊₁ = 2n+3 is correctly substituted and decomposed into the stated partial fractions.', 'Q17_C5_summation': 'The telescoping nature of the sum is clearly identified and the summation is accurately simplified to Tₙ = n/(3(2n+3)).'}",1.0,4375
Math_ShortAns_26,"{'P1_angle_simplification': 0, 'P2_determine_cosC': 1, 'P3_cosine_law_setup': 0, 'P4_area_relation_and_a_b_product': 0, 'P5_final_perimeter_calculation': 1}",2,"{'P1_angle_simplification': 'The student did not use the sine law or sine addition formula to simplify a cosB + b cosA, and the explanation is missing.', 'P2_determine_cosC': 'While the final guess of C = 60° is correct, the cancellation and proper reasoning are absent; minimal credit awarded.', 'P3_cosine_law_setup': 'No proper setup using the cosine law is provided; the student only vaguely references the formula.', 'P4_area_relation_and_a_b_product': 'The relation between the area and the product ab is not correctly derived, and the assumed values are arbitrary.', 'P5_final_perimeter_calculation': 'The final answer is guessed as 5 + √7, but the calculations are inconsistent and lack proper derivation.'}",,3701
Math_ShortAns_27,"{'P1_angle_simplification': 0, 'P2_determine_cosC': 0, 'P3_cosine_law_setup': 0, 'P4_area_relation_and_a_b_product': 0, 'P5_final_perimeter_calculation': 0}",0,"{'P1_angle_simplification': 'The student did not use the sine law or the sine sum formula to simplify the given equation; instead, they made an unjustified assignment of x=1.', 'P2_determine_cosC': 'The student incorrectly assumed x=1 and deduced C = 90° instead of properly canceling sin C and obtaining cos C = 1/2 (C = π/3).', 'P3_cosine_law_setup': 'No correct use of the cosine law was set up; the student did not establish the relationship (a+b)² - 3ab = c² with cos C = 1/2.', 'P4_area_relation_and_a_b_product': 'The area relation was misapplied by using sin 90° instead of sin(π/3), and so no proper evaluation of ab was made.', 'P5_final_perimeter_calculation': 'The final perimeter was computed by arbitrarily assigning values to a and b rather than deriving them from the established relations.'}",1.0,3186
Math_ShortAns_28,"{'P1_angle_simplification': 2, 'P2_determine_cosC': 2, 'P3_cosine_law_setup': 3, 'P4_area_relation_and_a_b_product': 2, 'P5_final_perimeter_calculation': 3}",12,"{'P1_angle_simplification': 'The student correctly used the sine law and sine sum formula to simplify the equation and noted sin C ≠ 0.', 'P2_determine_cosC': 'Proper cancellation of sin C was done leading to cos C = 1/2, and C = π/3 was correctly deduced.', 'P3_cosine_law_setup': 'The cosine law was applied correctly and rearranged to (a+b)² - 3ab = 7 with clear steps.', 'P4_area_relation_and_a_b_product': 'The area formula was used appropriately to relate ab and the area, yielding ab = 6.', 'P5_final_perimeter_calculation': 'Substitution into the rearranged equation correctly gave (a+b)² = 25, leading to a+b = 5 and the final perimeter 5 + √7.'}",1.0,3481
Math_ShortAns_31,"{'I_subtract_relations': 0, 'I_deduce_conclusion': 0, 'II_arithmetic_assumption': 0, 'II_deduce_lambda_condition': 0}",0,"{'I_subtract_relations': 'The student did not set up the subtraction of the two given equations to obtain a relation involving aₙ₊₂ - aₙ.', 'I_deduce_conclusion': 'The student did not deduce or show that aₙ₊₂ - aₙ equals λ.', 'II_arithmetic_assumption': 'The answer fails to properly assume and derive the arithmetic sequence relation (e.g., aₙ₊₂ - aₙ = 2d and λ = 2d).', 'II_deduce_lambda_condition': 'No necessary condition involving Sₙ and aₙ was derived to solve for λ; the answer instead states uncertainty.'}",,4029
Math_ShortAns_32,"{'I_subtract_relations': 0, 'I_deduce_conclusion': 0, 'II_arithmetic_assumption': 0, 'II_deduce_lambda_condition': 0}",0,"{'I_subtract_relations': 'The student did not set up and subtract the two equations to obtain an expression involving aₙ₊₂ - aₙ.', 'I_deduce_conclusion': 'The student fails to deduce that aₙ₊₂ - aₙ equals λ, even stating that the conclusion is incorrect.', 'II_arithmetic_assumption': 'The arithmetic assumption is not properly used; the student does not derive aₙ₊₂ - aₙ = 2d or λ = 2d.', 'II_deduce_lambda_condition': 'No valid derivation is given to obtain the necessary condition for λ, and the analysis is vague.'}",1.0,3677
Math_ShortAns_33,"{'I_subtract_relations': 2, 'I_deduce_conclusion': 2, 'II_arithmetic_assumption': 2, 'II_deduce_lambda_condition': 2}",8,"{'I_subtract_relations': 'The student correctly wrote the two equations and attempted the subtraction, but mistakenly used (aₙ₊₂ - aₙ₊₁) instead of (aₙ₊₂ - aₙ) in the subtraction step.', 'I_deduce_conclusion': 'After the subtraction the student divided by aₙ₊₁ and incorrectly concluded aₙ₊₂ - aₙ = λ; the intended deduction was blurred due to the earlier error.', 'II_arithmetic_assumption': 'The assumption of an arithmetic sequence and derivation that aₙ₊₂ - aₙ = 2d (hence λ = 2d) is correctly performed.', 'II_deduce_lambda_condition': 'The student attempted to derive the necessary condition and solved for λ = 4, but the derivation is unclear and lacks full justification.'}",0.9,4904
Math_ShortAns_36,"{'S1_identify_events_X2': 1, 'S2_compute_prob_X2': 0, 'S3_identify_events_X4': 0, 'S4_compute_prob_X4': 0}",1,"{'S1_identify_events_X2': 'The student only considered one event (甲 wins the first two balls) and omitted the possibility of 乙 winning two consecutive balls.', 'S2_compute_prob_X2': 'The computed probability (0.25) is incorrect; the student did not correctly multiply probabilities for both events.', 'S3_identify_events_X4': 'The student misunderstood the event structure at deuce, failing to correctly identify that the first two balls must be split before 甲 wins the next two.', 'S4_compute_prob_X4': 'The probability computation for the 4-ball event is incorrect due to misidentified sequences and flawed probability multiplication.'}",,4108
Math_ShortAns_37,"{'S1_identify_events_X2': 0, 'S2_compute_prob_X2': 0, 'S3_identify_events_X4': 0, 'S4_compute_prob_X4': 0}",0,"{'S1_identify_events_X2': 'The student fails to correctly identify the two mutually exclusive events (甲 winning both balls and 乙 winning both balls) needed for finishing the game in 2 balls.', 'S2_compute_prob_X2': 'The student’s computation is based on an incorrect event and wrong serving probabilities, resulting in an incorrect calculation.', 'S3_identify_events_X4': 'The answer does not properly identify the required four-ball sequence (first two balls split to keep the game going followed by two wins for 甲) and instead misstates the points distribution.', 'S4_compute_prob_X4': 'The probability calculation is confused with miscounted outcomes and incorrect multiplication, not matching the required correct method.'}",0.9,4701
Math_ShortAns_38,"{'S1_identify_events_X2': 2, 'S2_compute_prob_X2': 3, 'S3_identify_events_X4': 1, 'S4_compute_prob_X4': 3}",9,"{'S1_identify_events_X2': 'Correctly identified that win-two events consist of either 甲 or 乙 winning two consecutive balls.', 'S2_compute_prob_X2': 'Accurately computed the probability with a clear calculation: 0.5×0.4 + 0.5×0.6 = 0.5.', 'S3_identify_events_X4': 'Identified that the first two balls are split and the last two are won by 甲, but the two separate cases are redundant rather than distinct, so only partially complete.', 'S4_compute_prob_X4': ""Correctly computed the probability for 4-ball sequence leading to 甲's victory, giving the correct total of 0.1.""}",,3494
Math_ShortAns_41,"{'C1_setup_sine_law': 0, 'C2_angle_relation': 0, 'C3_solve_B': 0, 'C4_area_formula_setup': 0, 'C5_area_range': 0}",0,"{'C1_setup_sine_law': 'The student did not correctly set up the relationship; they incorrectly transformed A+C=180°-B into A+C=B and made unjustified cancellations.', 'C2_angle_relation': 'The student claimed sin(B/2)=sinB without considering the proper angle conditions or cases, failing to derive (A+C)/2 = B properly.', 'C3_solve_B': 'Instead of using the triangle sum property to get B = π/3 (or 60°), they deduced B might be 90°, which is incorrect.', 'C4_area_formula_setup': 'There was no correct use of the sine law to express sides with c = 1 and B = π/3; the area formula was set up without the necessary derivation.', 'C5_area_range': 'The student provided an arbitrary range for the area without correctly considering the constraints and derivation from the acute triangle condition.'}",,3030
Math_ShortAns_42,"{'C1_setup_sine_law': 1, 'C2_angle_relation': 0, 'C3_solve_B': 1, 'C4_area_formula_setup': 0, 'C5_area_range': 0}",2,"{'C1_setup_sine_law': 'The student mentions using the sine law but does not show the cancellation of sin A or detailed work.', 'C2_angle_relation': 'They do not explicitly present the two possibilities for the sine equation nor dismiss the extraneous one.', 'C3_solve_B': 'Although the final answer is correct, no derivation using the triangle angle sum property is provided.', 'C4_area_formula_setup': 'The area formula setup is only mentioned in vague terms without showing the necessary steps using the sine law and given conditions.', 'C5_area_range': 'The final range is stated, but no reasoning, domain restrictions, or endpoint evaluations are provided.'}",1.0,3554
Math_ShortAns_45,"{'C1_common_difference': 3, 'C2_sequence_term': 0, 'C3_sum_formula': 0, 'C4_general_term_an': 0, 'C5_conclusion_arithmetic': 0}",3,"{'C1_common_difference': 'Correctly computed S1 = a₁ and S2 = 4a₁ and found the square roots, though lacked explicit d computation, it meets the criterion.', 'C2_sequence_term': 'Did not express the general term for {√Sₙ} as an arithmetic sequence; instead made an incorrect claim about the differences.', 'C3_sum_formula': 'Failed to derive Sₙ from the expression for √Sₙ, using an unjustified assumption for a₃.', 'C4_general_term_an': 'Did not correctly obtain the general term for aₙ using the relation aₙ = Sₙ - Sₙ₋₁, no valid derivation was provided.', 'C5_conclusion_arithmetic': 'Incorrectly concluded that {aₙ} is not an arithmetic sequence, which is contrary to what needed to be proved.'}",0.95,4021
Math_ShortAns_46,"{'C1_common_difference': 0, 'C2_sequence_term': 0, 'C3_sum_formula': 1, 'C4_general_term_an': 2, 'C5_conclusion_arithmetic': 2}",5,"{'C1_common_difference': 'The answer only states d = √S₂ - √S₁ without substituting a₂ = 3a₁ to show S₁ = a₁ and S₂ = 4a₁.', 'C2_sequence_term': 'The general term for √Sₙ is set up incorrectly; the proper arithmetic sequence should be √Sₙ = √S₁ + (n – 1)d.', 'C3_sum_formula': 'The answer jumps to Sₙ = a₁n² by squaring n√a₁, but the derivation lacks rigor. Partial credit is given.', 'C4_general_term_an': 'Correctly uses the relation aₙ = Sₙ – Sₙ₋₁ and correctly expands it to aₙ = 2a₁n – a₁.', 'C5_conclusion_arithmetic': 'The conclusion that {aₙ} is arithmetic is correctly drawn from the constant difference in the derived formula.'}",,4584
Math_ShortAns_49,"{'P1_transform': 0, 'P2_difference': 0, 'P3_arithmetic_sequence': 0, 'P4_express_terms': 0, 'P5_geometric_condition': 0, 'P6_minimum_sum': 0}",0,"{'P1_transform': 'The transformation is incorrect; the student lost the multiplication of aₙ by n.', 'P2_difference': 'No proper subtraction between Sₙ and Sₙ₋₁ was performed to deduce aₙ - aₙ₋₁ = 1.', 'P3_arithmetic_sequence': 'The student did not clearly derive or justify that the sequence is arithmetic.', 'P4_express_terms': 'The expressions for a₄, a₇, and a₉ are incorrect (a₉ should be a₁+8d, not a₁+9d).', 'P5_geometric_condition': 'The geometric progression condition is set up incorrectly and the equation is solved erroneously.', 'P6_minimum_sum': 'The explicit formula for Sₙ and the minimization process are not correctly executed; the minimum value is wrongly given as 0.'}",,4454
Math_ShortAns_50,"{'P1_transform': 2, 'P2_difference': 2, 'P3_arithmetic_sequence': 2, 'P4_express_terms': 2, 'P5_geometric_condition': 2, 'P6_minimum_sum': 2}",12,"{'P1_transform': 'Correctly transformed the equation to 2Sₙ+n²=2n·aₙ+n.', 'P2_difference': 'Performed the subtraction properly and derived aₙ - aₙ₋₁ = 1.', 'P3_arithmetic_sequence': 'Clearly concluded that the sequence is arithmetic with common difference 1.', 'P4_express_terms': 'Expressed a₄, a₇, and a₉ correctly as a₁+3, a₁+6, and a₁+8.', 'P5_geometric_condition': 'Set up and solved (a₁+6)²=(a₁+3)(a₁+8) correctly to obtain a₁ = -12.', 'P6_minimum_sum': 'Derived the formula Sₙ = (1/2)n² - (25/2)n and correctly determined the minimum value -78 when n = 12 or 13.'}",1.0,4331
Math_ShortAns_53,"{'C1_prove_sum_geometric': 0, 'C2_prove_difference_arithmetic': 1, 'C3_derive_intermediate_general_terms': 0, 'C4_final_expression': 0}",1,"{'C1_prove_sum_geometric': 'The student incorrectly derived that aₙ+bₙ forms an arithmetic sequence (cₙ₊₁ = cₙ+1), rather than showing it is geometric as required.', 'C2_prove_difference_arithmetic': 'The student set up the difference recurrence but ended with dₙ₊₁ = dₙ+4 instead of the correct increment of 2. Partial credit is given for the structure.', 'C3_derive_intermediate_general_terms': 'The student did not correctly compute the general terms for the sum and difference sequences; the derivation is inconsistent with expected results.', 'C4_final_expression': 'The final formulas for aₙ and bₙ are incorrect and do not follow from the proper intermediate results.'}",1.0,4486
Math_ShortAns_54,"{'C1_prove_sum_geometric': 3, 'C2_prove_difference_arithmetic': 2, 'C3_derive_intermediate_general_terms': 1, 'C4_final_expression': 0}",6,"{'C1_prove_sum_geometric': 'The student correctly added the recurrences to show cₙ₊₁ = cₙ/2, establishing a geometric progression.', 'C2_prove_difference_arithmetic': 'The student correctly subtracted the recurrences to obtain dₙ₊₁ = dₙ + 2, confirming an arithmetic progression.', 'C3_derive_intermediate_general_terms': 'The student set up the recurrences, but did not explicitly state the general term formulas for cₙ and dₙ.', 'C4_final_expression': 'The final expressions given for aₙ and bₙ are incorrect and do not match the derived sequences.'}",,4610
Math_ShortAns_55,"{'C1_prove_sum_geometric': 3, 'C2_prove_difference_arithmetic': 2, 'C3_derive_intermediate_general_terms': 2, 'C4_final_expression': 1}",8,"{'C1_prove_sum_geometric': 'The student correctly obtained aₙ₊₁ + bₙ₊₁ = ½(aₙ + bₙ) and identified the initial value, so full marks here.', 'C2_prove_difference_arithmetic': 'The subtraction leading to aₙ₊₁ - bₙ₊₁ = (aₙ - bₙ) + 2 is correctly derived, showing an arithmetic progression with difference 2.', 'C3_derive_intermediate_general_terms': 'The general terms aₙ + bₙ = (1/2)^(n-1) and aₙ - bₙ = 2n - 1 are correctly obtained.', 'C4_final_expression': 'While the method to combine the sequences was set up correctly, the final expressions are marred by bracket and division errors, leading to an incorrect simplification.'}",0.9,4728
Math_ShortAns_58,"{'C1_correlation_calculation': 0, 'C2_r_interpretation': 1, 'C3_inlier_range_calculation': 1, 'C4_outlier_identification': 0, 'C5_new_mean_estimation': 0, 'C6_new_standard_deviation_estimation': 0}",2,"{'C1_correlation_calculation': 'The student used a wrong mean for indices and computed a correlation of -0.25 instead of the expected -0.18, indicating a failure in proper formula application.', 'C2_r_interpretation': 'Though the student concludes no systematic change, the rationale is based on an incorrect r value. Partial credit is given for attempting the interpretation.', 'C3_inlier_range_calculation': 'The acceptable range was computed with an approximation error (using 3s = 0.6 instead of 0.636), resulting in bounds (9.37, 10.57) which are off by about 0.04; this earns partial credit.', 'C4_outlier_identification': 'The student failed to identify the outlier (the 13th part with dimension 9.22) and hence did not conclude that inspection was needed.', 'C5_new_mean_estimation': 'Without removing the outlier, the recalculated mean is incorrect and does not match the required approximately 10.02.', 'C6_new_standard_deviation_estimation': 'The recalculated standard deviation, computed without excluding the outlier, is incorrect.'}",0.95,6131
Math_ShortAns_59,"{'C1_correlation_calculation': 0, 'C2_r_interpretation': 2, 'C3_inlier_range_calculation': 1, 'C4_outlier_identification': 0, 'C5_new_mean_estimation': 0, 'C6_new_standard_deviation_estimation': 0}",3,"{'C1_correlation_calculation': 'Incorrect computation: used the wrong mean and index average, leading to a wildly underestimated r value.', 'C2_r_interpretation': 'The interpretation is correct based on the computed r, though the computed r itself is wrong.', 'C3_inlier_range_calculation': 'Used the correct method but substituted an incorrect standard deviation (0.3 vs. 0.212), resulting in a wrong acceptable range.', 'C4_outlier_identification': 'Failed to correctly identify the outlier (the 13th part with 9.22) and mistakenly concluded that no parts were outside the range.', 'C5_new_mean_estimation': 'Did not perform a proper recalculation after outlier removal; the mean was merely guessed.', 'C6_new_standard_deviation_estimation': 'No proper recalculation of standard deviation was performed; the answer was a guess.'}",,5419
Math_ShortAns_60,"{'C1_correlation_calculation': 4, 'C2_r_interpretation': 2, 'C3_inlier_range_calculation': 2, 'C4_outlier_identification': 1, 'C5_new_mean_estimation': 2, 'C6_new_standard_deviation_estimation': 1}",12,"{'C1_correlation_calculation': 'The student correctly provided the computed value r ≈ -0.18.', 'C2_r_interpretation': 'The interpretation based on |r| < 0.25 is correctly stated.', 'C3_inlier_range_calculation': 'The acceptable range (9.334, 10.606) is correctly calculated.', 'C4_outlier_identification': 'The outlier (13th part with 9.22) is correctly identified.', 'C5_new_mean_estimation': 'The new mean of 10.02 after excluding the outlier is correctly computed.', 'C6_new_standard_deviation_estimation': 'The new standard deviation of approximately 0.09 is correctly computed.'}",1.0,4385
Math_ShortAns_63,"{'C1_perpendicular_diameter': 0, 'C2_intersection_and_vieta': 1, 'C3_slope_condition_from_pointP': 0, 'C4_line_and_circle_equations': 0}",1,"{'C1_perpendicular_diameter': 'The answer does not use the dot product or perpendicularity argument to show O lies on the circle.', 'C2_intersection_and_vieta': 'Although a quadratic was set up, the student incorrectly dismisses the quadratic term and wrongly assumes the intersection points; minimal credit is given for the attempt.', 'C3_slope_condition_from_pointP': 'There is no proper use of the condition from point P to derive a slope equation; the approach is completely off.', 'C4_line_and_circle_equations': 'The final line and circle equations are incorrect and inconsistent with the proper derivation.'}",0.95,4366
Math_ShortAns_64,"{'C1_perpendicular_diameter': 0, 'C2_intersection_and_vieta': 1, 'C3_slope_condition_from_pointP': 0, 'C4_line_and_circle_equations': 0}",1,"{'C1_perpendicular_diameter': 'The student attempted to use the dot product approach but committed an arithmetic error and concluded that O is not on M, contrary to the required result.', 'C2_intersection_and_vieta': 'The student correctly substituted x=2 to find the intersection points but did not use Vieta’s formulas and made an arithmetic mistake in the dot product, yielding an incorrect conclusion.', 'C3_slope_condition_from_pointP': 'No attempt was made to set up the condition using point P and the perpendicularity of AP and BP to determine the slope.', 'C4_line_and_circle_equations': 'The final equations for the line and circle were not derived from the proper reasoning; the student mistakenly assumed values for the center and did not use the correct process.'}",,5105
Math_ShortAns_67,"{'C1_rewrite_circle': 3, 'C2_find_locus': 0, 'C3_identify_perp_bisector': 0, 'C4_find_line_equation': 0, 'C5_compute_triangle_area': 0}",3,"{'C1_rewrite_circle': 'Circle equation was correctly rewritten and the center and radius correctly identified.', 'C2_find_locus': ""The derivation of M's locus is confused, incomplete, and an arbitrary line (y=2x+1) is given instead of using the perpendicular condition."", 'C3_identify_perp_bisector': 'No proper explanation using the perpendicular bisector property or the slope relationship was provided.', 'C4_find_line_equation': 'The line equation is given arbitrarily as y=kx+3 without a correct derivation based on the condition |OP| = |OM|.', 'C5_compute_triangle_area': 'Triangle area computation is inconsistent and arbitrary with incorrect numerical values.'}",,4044
Math_ShortAns_68,"{'C1_rewrite_circle': 3, 'C2_find_locus': 3, 'C3_identify_perp_bisector': 2, 'C4_find_line_equation': 2, 'C5_compute_triangle_area': 2}",12,"{'C1_rewrite_circle': 'The student correctly rewrote the circle into standard form and identified the center and radius.', 'C2_find_locus': 'The student correctly set up the vector dot product equation and simplified it to obtain the correct locus.', 'C3_identify_perp_bisector': 'The student correctly identified that OP = OM implies O lies on the perpendicular bisector and used the slope of ON to deduce the slope of PM.', 'C4_find_line_equation': 'The student correctly derived the equation of line PM.', 'C5_compute_triangle_area': 'The student properly computed the distances and used the chord and area formulas to obtain the correct triangle area.'}",,4396
Math_ShortAns_71,"{'C1_derive_b2': 0, 'C2_derive_a2': 0, 'C3_final_ellipse_equation': 0, 'C4_setup_line_and_intersections': 0, 'C5_construct_T_and_H': 0, 'C6_prove_fixed_point': 0}",0,"{'C1_derive_b2': 'Mis-substituted point A; the student erroneously wrote 4/b² = 0 instead of 4/b² = 1, so b² is not correctly derived.', 'C2_derive_a2': 'The substitution of point B is invalid due to the error in b², and the student did not correctly derive a².', 'C3_final_ellipse_equation': 'The final ellipse equation was incorrectly given as x²+y²=1, which does not follow from the correct derivation.', 'C4_setup_line_and_intersections': 'The line through P was set up incorrectly (wrong intercept) and the substitution into the ellipse equation is mishandled; the intersection points are not properly determined.', 'C5_construct_T_and_H': 'The construction of T and the application of the vector relation to find H are incorrect, with arbitrary choices and logical errors.', 'C6_prove_fixed_point': 'No valid proof is provided to show that line HN passes through a fixed point; the final assertion contradicts the expected invariant.'}",1.0,3671
Math_ShortAns_72,"{'C1_derive_b2': 0, 'C2_derive_a2': 0, 'C3_final_ellipse_equation': 1, 'C4_setup_line_and_intersections': 2, 'C5_construct_T_and_H': 0, 'C6_prove_fixed_point': 1}",4,"{'C1_derive_b2': 'The answer gives only the final equation without showing the derivation from point A to determine b².', 'C2_derive_a2': 'No work is shown for using point B to set up and solve for a².', 'C3_final_ellipse_equation': 'The final ellipse equation is stated correctly as x²/3 + y²/4 = 1.', 'C4_setup_line_and_intersections': 'The student correctly chooses the vertical line x = 1 and computes the intersection points M and N.', 'C5_construct_T_and_H': 'There is no construction or explanation on how point T is obtained or the vector relation applied to find H.', 'C6_prove_fixed_point': 'The student only states the equation of line HN and notes its y-intercept is –2, but does not properly justify the invariant fixed point property.'}",0.9,4134
Math_ShortAns_75,"{'Q20_Part1_symmetry_identification': 0, 'Q20_Part1_parameter_determination': 0, 'Q20_Part1_final_equation': 0, 'Q20_Part2_line_assumption_and_case_analysis': 0, 'Q20_Part2_slope_relation_and_fixed_point': 0}",0,"{'Q20_Part1_symmetry_identification': 'The student did not correctly use symmetry to identify the three correct points on the ellipse. They erroneously computed b²=0 for P2.', 'Q20_Part1_parameter_determination': 'The substitution process is incorrect; the student incorrectly deduced b²=0 and arbitrarily chose a=5 and b=3, with no proper algebraic derivation.', 'Q20_Part1_final_equation': 'The final ellipse equation provided is based on incorrect parameter values and does not match the correct computation.', 'Q20_Part2_line_assumption_and_case_analysis': 'The student assumed a line form y=kx+1, which inadvertently passes through P2, violating the given condition. The intersection analysis is not properly set up.', 'Q20_Part2_slope_relation_and_fixed_point': 'No proper derivation of the slope condition or fixed point proof was provided; the explanation is vague and does not establish the required relation.'}",1.0,4008
Math_ShortAns_76,"{'Q20_Part1_symmetry_identification': 0, 'Q20_Part1_parameter_determination': 2, 'Q20_Part1_final_equation': 2, 'Q20_Part2_line_assumption_and_case_analysis': 0, 'Q20_Part2_slope_relation_and_fixed_point': 0}",4,"{'Q20_Part1_symmetry_identification': 'The answer does not correctly identify the symmetric set of three points; it unnecessarily uses P1, leading to the false conclusion that all four points lie on the ellipse.', 'Q20_Part1_parameter_determination': 'Parameters are determined correctly using P2 and P3, yielding b²=1 and a²=4.', 'Q20_Part1_final_equation': 'The final ellipse equation x²/4 + y² = 1 is correctly derived based on the computed values.', 'Q20_Part2_line_assumption_and_case_analysis': 'The student incorrectly assumes the line passes through P2 (setting it as y-1=kx), violating the condition, and does not properly set up the cases or constraints.', 'Q20_Part2_slope_relation_and_fixed_point': 'The derivation is vague and does not rigorously show how the slope condition leads to a fixed point; essential computations and justifications are missing.'}",,4483
Math_ShortAns_77,"{'Q20_Part1_symmetry_identification': 2, 'Q20_Part1_parameter_determination': 2, 'Q20_Part1_final_equation': 2, 'Q20_Part2_line_assumption_and_case_analysis': 2, 'Q20_Part2_slope_relation_and_fixed_point': 2}",10,"{'Q20_Part1_symmetry_identification': 'The student correctly identified P2, P3, and P4 as the three points on the ellipse using symmetry.', 'Q20_Part1_parameter_determination': 'Substituted the points appropriately and deduced a²=4 and b²=1 correctly.', 'Q20_Part1_final_equation': 'The final ellipse equation is correctly stated as x²/4 + y² = 1.', 'Q20_Part2_line_assumption_and_case_analysis': 'Both the vertical case and the linear case are considered with the proper form y=kx+t (t≠1), though details are brief.', 'Q20_Part2_slope_relation_and_fixed_point': 'The student outlines the method to derive the necessary relation from the slope condition and to verify the fixed point, but the derivation lacks detailed algebraic steps.'}",0.95,4031
Math_ShortAns_80,"{'P1_simplify_a0': 1, 'P2_derivative_analysis': 0, 'P3_final_sign_conclusion': 0, 'P4_setup_extremum_condition': 1, 'P5_compute_a_value': 0, 'P6_validate_extremum': 0}",2,"{'P1_simplify_a0': 'The simplified form is correct, but the student did not clearly state the domain conditions or f(0)=0.', 'P2_derivative_analysis': 'The derivative is given in part (2), but no detailed first and second derivative analysis for monotonicity is provided.', 'P3_final_sign_conclusion': 'Although the sign for -1<x<0 is correct, the conclusion for x>0 is incorrect.', 'P4_setup_extremum_condition': ""f'(0)=0 is mentioned, but the explanation for why this implies a maximum is incomplete."", 'P5_compute_a_value': 'No correct derivation is provided to compute a; the student incorrectly claims a is arbitrary.', 'P6_validate_extremum': 'There is no verification using derivative sign analysis to confirm that x=0 is a local maximum.'}",1.0,4031
Math_ShortAns_81,"{'P1_simplify_a0': 1, 'P2_derivative_analysis': 1, 'P3_final_sign_conclusion': 1, 'P4_setup_extremum_condition': 1, 'P5_compute_a_value': 1, 'P6_validate_extremum': 1}",6,"{'P1_simplify_a0': 'The simplified form is correct, but the domain restriction (-1<x) is not explicitly mentioned.', 'P2_derivative_analysis': 'There is an attempt to mention derivative computations, but the steps and detailed reasoning are missing.', 'P3_final_sign_conclusion': 'The final sign conclusions are stated without a rigorous connection to the derivative analysis.', 'P4_setup_extremum_condition': ""The answer indicates a derivative condition for an extremum but does not explicitly set up f'(0)=0 or fully justify maximum."", 'P5_compute_a_value': 'The answer provides the final value a = -1/6 but lacks clear derivation and algebraic computation.', 'P6_validate_extremum': 'There is only a vague reference to verification of x = 0 as a maximum without detailed discussion of sign changes or monotonicity.'}",0.9,3767
Math_ShortAns_84,"{'C1_derivative': 2, 'C2_monotonicity': 1, 'C3_max_value': 0, 'C4_inequality': 0}",3,"{'C1_derivative': 'The student correctly differentiated the function but did not complete the algebraic simplification to factor the derivative or mention the domain x > 0.', 'C2_monotonicity': 'The answer does not analyze the monotonicity in detail by considering the different cases for a; it merely speculates without proper case discussion.', 'C3_max_value': 'The maximum for a < 0 is not identified at x = -1/(2a); instead, the student incorrectly evaluated f(1), missing the critical point analysis.', 'C4_inequality': 'No valid proof of the inequality is provided; the student does not use the maximum value of f(x) nor perform the necessary algebraic transformations.'}",0.95,4112
Math_ShortAns_85,"{'C1_derivative': 1, 'C2_monotonicity': 0, 'C3_max_value': 0, 'C4_inequality': 0}",1,"{'C1_derivative': 'The derivative was computed correctly term-by-term, but no further correct algebraic simplification or domain specification was provided.', 'C2_monotonicity': 'The answer incorrectly concludes that f(x) is increasing for all x>0 without considering different cases for a, especially a<0.', 'C3_max_value': 'No attempt was made to identify or compute the maximum value at x = -1/(2a) for a<0.', 'C4_inequality': 'The approach to prove the inequality is incorrect, with an irrelevant evaluation at x=1 and a wrong conclusion.'}",0.95,3837
Math_ShortAns_86,"{'C1_derivative': 3, 'C2_monotonicity': 3, 'C3_max_value': 2, 'C4_inequality': 4}",12,"{'C1_derivative': 'The derivative is correctly computed and simplified to the required factorized form with the proper domain.', 'C2_monotonicity': 'The student correctly analyzed the sign of the derivative and discussed the monotonicity for all cases (a=0, a>0, a<0).', 'C3_max_value': 'The maximum value at x = -1/(2a) is correctly identified and evaluated in terms of a.', 'C4_inequality': 'The student properly set up the inequality using the maximum value, introduced the substitution t = -1/a, and analyzed the auxiliary function to conclude the inequality.'}",1.0,4913
Math_ShortAns_89,"{'Q21_C1_derivative_and_m': 3, 'Q21_C2_domain': 0, 'Q21_C3_monotonicity': 1, 'Q21_C4_positivity_proof': 0, 'Q21_C5_logical_flow_and_conclusion': 0}",4,"{'Q21_C1_derivative_and_m': ""Derivative computed and f'(0)=0 condition applied correctly, giving m=1."", 'Q21_C2_domain': 'The domain after substituting m=1 was not discussed.', 'Q21_C3_monotonicity': 'The sign analysis is ambiguous and incorrect; only a vague comparison is made without proper interval breakdown.', 'Q21_C4_positivity_proof': 'The proof for f(x) > 0 when m ≤ 2 is erroneous and incomplete; it misinterprets f(0) and lacks proper minimum value analysis.', 'Q21_C5_logical_flow_and_conclusion': 'The overall logical structure is unclear and conclusions are contradictory.'}",,3994
Math_ShortAns_90,"{'Q21_C1_derivative_and_m': 3, 'Q21_C2_domain': 1, 'Q21_C3_monotonicity': 0, 'Q21_C4_positivity_proof': 0, 'Q21_C5_logical_flow_and_conclusion': 0}",4,"{'Q21_C1_derivative_and_m': ""The derivative was correctly stated and the condition f'(0)=0 was correctly used to solve m=1."", 'Q21_C2_domain': 'The domain was correctly identified as (-1, +∞) for m=1.', 'Q21_C3_monotonicity': ""No detailed analysis or conclusions on the sign of f'(x) were provided for monotonicity."", 'Q21_C4_positivity_proof': 'The proof for f(x)>0 when m≤2 is incomplete, with only a brief mention to consider m=2.', 'Q21_C5_logical_flow_and_conclusion': 'The solution fails to provide a coherent final analysis or conclusion for part II.'}",,3314
Math_ShortAns_93,"{'C1_f_at_0': 2, 'C2_derivative_monotonicity': 0, 'C3_part1_conclusion': 0, 'C4_unique_zero_setup': 0, 'C5_analysis_G_function': 0, 'C6_final_answer_part2': 0}",2,"{'C1_f_at_0': 'Correctly computed f(0)=1 by substitution.', 'C2_derivative_monotonicity': 'Did not correctly compute or use the derivative for a=1 to establish monotonicity.', 'C3_part1_conclusion': 'The conclusion is conflicted and not justified; the student even erroneously claims f(x) is constant and ≤ 1.', 'C4_unique_zero_setup': 'Failed to set up the condition for a unique zero; no proper transformation was provided.', 'C5_analysis_G_function': 'No analysis of the function G(x)=e^x/x² was provided to find the unique parameter.', 'C6_final_answer_part2': 'The final answer a=-1 is incorrect; it does not match the required result of a=e²/4.'}",0.95,4387
Math_ShortAns_94,"{'C1_f_at_0': 2, 'C2_derivative_monotonicity': 1, 'C3_part1_conclusion': 1, 'C4_unique_zero_setup': 0, 'C5_analysis_G_function': 0, 'C6_final_answer_part2': 0}",4,"{'C1_f_at_0': 'Correctly computed f(0) = 1 by substitution.', 'C2_derivative_monotonicity': ""Computed derivative f'(x) correctly but only checked at x = 0; did not fully analyze its sign on [0, +∞)."", 'C3_part1_conclusion': 'Concluded f(x) ≥ 1 using f(0)=1 and a mention of monotonicity, but without thorough justification.', 'C4_unique_zero_setup': ""Set f'(x) = 0 as e^x = 2ax but did not properly set up the condition for a unique zero of f(x)."", 'C5_analysis_G_function': 'No analysis of the function G(x) = e^x/x^2 or its minimum was provided.', 'C6_final_answer_part2': 'Final answer a = 2 is incorrect and unsupported by proper reasoning.'}",0.9,4926
Math_ShortAns_95,"{'C1_f_at_0': 2, 'C2_derivative_monotonicity': 3, 'C3_part1_conclusion': 1, 'C4_unique_zero_setup': 1, 'C5_analysis_G_function': 1, 'C6_final_answer_part2': 0}",8,"{'C1_f_at_0': 'Correctly identifies f(0)=1 through substitution.', 'C2_derivative_monotonicity': ""Accurately computes f'(x) and uses the second derivative to justify positivity and monotonicity."", 'C3_part1_conclusion': 'Properly concludes that f(x) ≥ 1 based on monotonicity and the value at 0.', 'C4_unique_zero_setup': 'Sets up the unique zero condition by rewriting a = e^x/x², though without full analysis.', 'C5_analysis_G_function': 'Mentions the approach using graphs and an alternative via h(x), but lacks detailed derivative analysis and computation of the minimum.', 'C6_final_answer_part2': 'Does not provide a final explicit answer for a, hence no credit.'}",,5017
Math_ShortAns_98,"{'P1_derivative_analysis': 0, 'P2_conclusion_a_value': 0, 'P3_inequality_setup': 0, 'P4_determining_m_minimum': 1}",1,"{'P1_derivative_analysis': 'No derivative analysis was provided; the student only evaluated f(x) at specific points.', 'P2_conclusion_a_value': 'The student incorrectly concluded a = 0 without proper extreme point analysis and justification.', 'P3_inequality_setup': 'The student did not use the required logarithmic inequality or connect it to a geometric series sum.', 'P4_determining_m_minimum': 'The student eventually stated m = 3, but the process and justification were flawed and not rigorously established.'}",0.9,4432
Math_ShortAns_99,"{'P1_derivative_analysis': 0, 'P2_conclusion_a_value': 0, 'P3_inequality_setup': 0, 'P4_determining_m_minimum': 0}",0,"{'P1_derivative_analysis': 'The answer does not compute the derivative or analyze monotonicity; it only substitutes specific values without addressing the required cases.', 'P2_conclusion_a_value': 'The conclusion a = 2 is incorrect and lacks the logical explanation needed; the answer fails to properly justify that a must equal 1.', 'P3_inequality_setup': 'The solution does not employ the required inequality ln(1+1/2^k) < 1/2^k or properly set up the product inequality.', 'P4_determining_m_minimum': 'The estimation of the product is flawed and leads to an incorrect determination of m = 8 instead of using bounds to show the minimum integer m is 3.'}",,3774
Math_ShortAns_100,"{'P1_derivative_analysis': 2, 'P2_conclusion_a_value': 2, 'P3_inequality_setup': 3, 'P4_determining_m_minimum': 2}",9,"{'P1_derivative_analysis': 'The derivative was computed correctly and both cases (a ≤ 0 and a > 0) were clearly distinguished with discussion of monotonicity and the minimum point.', 'P2_conclusion_a_value': 'The answer correctly deduced a = 1 with an explanation based on f(1)=0 and minimum value analysis.', 'P3_inequality_setup': 'The logarithmic inequality was properly used and the geometric series concept was invoked to bound the product, though the explanation was a bit brief.', 'P4_determining_m_minimum': 'The student showed the product lies between 2 and e for n ≥ 3, but did not explicitly state that the minimum integer m is 3.'}",0.95,5070
Math_ShortAns_103,"{'Q21_domain_derivative': 0, 'Q21_unique_extremum': 0, 'Q21_sign_analysis_roots': 0, 'Q21_reciprocal_root': 0}",0,"{'Q21_domain_derivative': 'The student did not mention the domain and incorrectly computed the derivative, omitting the ln x term.', 'Q21_unique_extremum': ""Incorrectly concluded that f'(x) never equals 0 and that there are no extreme points, contrary to the expected unique extremum."", 'Q21_sign_analysis_roots': 'The sign analysis is flawed; evaluating f(1), f(2), and f(3) does not confirm the existence of a unique real root.', 'Q21_reciprocal_root': 'The solution does not address or prove the reciprocal relation between the two roots.'}",,3584
Math_ShortAns_104,"{'Q21_domain_derivative': 0, 'Q21_unique_extremum': 0, 'Q21_sign_analysis_roots': 0, 'Q21_reciprocal_root': 0}",0,"{'Q21_domain_derivative': 'The student did not specify the domain and computed the derivative incorrectly (should be ln x - 1/x, but they obtained -1/x).', 'Q21_unique_extremum': 'The monotonicity argument is flawed; the student erroneously concludes f(x) is increasing and mistakenly states there is no extremum.', 'Q21_sign_analysis_roots': 'Sign analysis is incomplete and inconsistent with requirements; the evaluation points do not clearly show a unique zero in (x₀, +∞).', 'Q21_reciprocal_root': 'There is no valid demonstration of the reciprocal relation between the two roots.'}",0.95,3875
Math_ShortAns_105,"{'Q21_domain_derivative': 2, 'Q21_unique_extremum': 2, 'Q21_sign_analysis_roots': 1, 'Q21_reciprocal_root': 1}",6,"{'Q21_domain_derivative': ""The answer correctly identifies the domain and mentions taking the derivative but does not explicitly show f'(x) = ln x - 1/x."", 'Q21_unique_extremum': 'It asserts the uniqueness of the extremum via monotonicity of the derivative without detailed justification.', 'Q21_sign_analysis_roots': 'The answer merely states there is a unique root in (x₀, +∞) without performing a clear sign analysis or evaluation.', 'Q21_reciprocal_root': 'The reciprocal relationship is mentioned without showing the symmetry or analytic steps needed to justify it.'}",,4027
Math_ShortAns_108,"{'C1_domain_and_evaluation': 1, 'C2_derivative_and_monotonicity': 0, 'C3_a_range_derivation': 0, 'C4_zero_positions_inference': 0, 'C5_inequality_setup_and_transformation': 0, 'C6_final_proof_and_conclusion': 0}",1,"{'C1_domain_and_evaluation': 'The student computed f(1) correctly as e+1-a but reversed the inequality (should be a ≤ e+1) and omitted mentioning the domain.', 'C2_derivative_and_monotonicity': 'No derivative was computed; hence, no discussion of monotonicity was provided.', 'C3_a_range_derivation': 'The derivation using the minimum f(1) is incorrect; the inequality was misapplied.', 'C4_zero_positions_inference': 'The student did not correctly identify that one zero must lie in (0,1) and the other in (1,∞), instead making an assumption about both zeros.', 'C5_inequality_setup_and_transformation': 'There is no proper setup of an inequality or transformation to lead towards proving x1·x2 < 1.', 'C6_final_proof_and_conclusion': 'The final argument contradicts the required result and is not logically complete.'}",1.0,4014
Math_ShortAns_109,"{'C1_domain_and_evaluation': 2, 'C2_derivative_and_monotonicity': 2, 'C3_a_range_derivation': 1, 'C4_zero_positions_inference': 1, 'C5_inequality_setup_and_transformation': 1, 'C6_final_proof_and_conclusion': 0}",7,"{'C1_domain_and_evaluation': 'The student correctly identified the domain as (0, +∞) and computed f(1) = e + 1 - a.', 'C2_derivative_and_monotonicity': 'The derivative was computed correctly and the monotonicity on (0,1) and (1,+∞) was accurately determined.', 'C3_a_range_derivation': 'The student used the minimum value at x = 1 to derive a ≤ e + 1 correctly.', 'C4_zero_positions_inference': 'It was correctly stated that if f(x) has two zeros then one is in (0,1) and the other in (1,+∞).', 'C5_inequality_setup_and_transformation': 'The attempt to establish the necessary transformation is present but incomplete and not fully rigorous.', 'C6_final_proof_and_conclusion': 'The final argument to prove x₁·x₂ < 1 is incomplete with missing logical steps.'}",0.9,4527
Math_ShortAns_112,"{'C1_define_M_coordinate': 0, 'C2_set_up_distance_equation': 0, 'C3_solve_for_p_and_write_parabola_eq': 0, 'C4_set_up_parameters_and_Vieta': 0, 'C5_relate_slopes_via_Vieta_and_slope_formula': 0, 'C6_optimize_angle_difference_and_find_slope_kAB': 0, 'C7_determine_line_AB_equation': 0}",0,"{'C1_define_M_coordinate': ""The student did not recognize that MD being vertical forces M's x-coordinate to equal p."", 'C2_set_up_distance_equation': ""The solution incorrectly uses |x1 - p| = 3 instead of applying the parabola's distance properties."", 'C3_solve_for_p_and_write_parabola_eq': 'No valid solution for p was derived; the resultant parabola equation was unjustifiably modified.', 'C4_set_up_parameters_and_Vieta': ""No proper parameterization of M, N, A, and B or application of Vieta's relations was provided."", 'C5_relate_slopes_via_Vieta_and_slope_formula': 'The answer fails to establish the required relationship between the slopes using Vieta’s theorem.', 'C6_optimize_angle_difference_and_find_slope_kAB': 'The method to maximize the angle difference via the tangent difference formula was not applied.', 'C7_determine_line_AB_equation': ""The derivation of the line AB's equation is unsupported and the result y = 0 is incorrect.""}",,4193
Math_ShortAns_113,"{'C1_define_M_coordinate': 0, 'C2_set_up_distance_equation': 0, 'C3_solve_for_p_and_write_parabola_eq': 0, 'C4_set_up_parameters_and_Vieta': 0, 'C5_relate_slopes_via_Vieta_and_slope_formula': 0, 'C6_optimize_angle_difference_and_find_slope_kAB': 0, 'C7_determine_line_AB_equation': 0}",0,"{'C1_define_M_coordinate': ""Student incorrectly identifies focus and does not note that MD being vertical forces M's x-coordinate to equal p."", 'C2_set_up_distance_equation': 'Student fails to use the parabola definition and directrix distance relationship to set up the correct distance equation.', 'C3_solve_for_p_and_write_parabola_eq': ""No proper solution for p is provided and the substitution into the parabola's equation is not completed."", 'C4_set_up_parameters_and_Vieta': 'The answer does not parameterize the coordinates or employ Vieta’s relations correctly for points M, N, A, B.', 'C5_relate_slopes_via_Vieta_and_slope_formula': ""There is no clear or correct derivation of the relationship between k_MN and k_AB using Vieta's theorem and slope formulas."", 'C6_optimize_angle_difference_and_find_slope_kAB': 'The optimization process using the tangent difference formula is omitted; no proper value for k_AB is derived.', 'C7_determine_line_AB_equation': 'The final equation for line AB is incorrectly given as y = 0 with no proper derivation using the indicated method.'}",0.95,3909
Math_ShortAns_114,"{'C1_define_M_coordinate': 1, 'C2_set_up_distance_equation': 1, 'C3_solve_for_p_and_write_parabola_eq': 2, 'C4_set_up_parameters_and_Vieta': 1, 'C5_relate_slopes_via_Vieta_and_slope_formula': 1, 'C6_optimize_angle_difference_and_find_slope_kAB': 1, 'C7_determine_line_AB_equation': 1}",8,"{'C1_define_M_coordinate': 'Correctly identified that M has x-coordinate p due to MD being vertical.', 'C2_set_up_distance_equation': 'Sets up the relation |MF| = p + p/2 = 3 correctly, though details are sparse.', 'C3_solve_for_p_and_write_parabola_eq': 'Accurately solved p = 2 and substituted into the parabola equation to get y² = 4x.', 'C4_set_up_parameters_and_Vieta': ""Provides a parameterization for M, N, A, and B and refers to Vieta's theorem, but lacks detailed connections."", 'C5_relate_slopes_via_Vieta_and_slope_formula': 'Mentions obtaining slopes and their relations via Vieta’s theorem but the derivation is not fully detailed.', 'C6_optimize_angle_difference_and_find_slope_kAB': 'References the use of the tangent difference formula for maximizing (a - β) but does not elaborate the optimization steps.', 'C7_determine_line_AB_equation': 'Gives the correct final answer for the line AB, though without showing complete derivation details.'}",0.9,4346
Math_ShortAns_117,"{'C1_derivative': 2, 'C2_initial_conditions': 0, 'C3_function_expression': 0, 'C4_monotonicity': 1, 'C5_inequality_setup': 0, 'C6_maximization': 0}",3,"{'C1_derivative': 'The student correctly differentiated the given expression treating k and c as constants.', 'C2_initial_conditions': ""No attempt was made to solve for f(0) and f'(1) using the given conditions."", 'C3_function_expression': 'The answer remains in terms of k and c and does not substitute the determined constants.', 'C4_monotonicity': 'Only the interval x ≥ 0 was mentioned as increasing; the decreasing interval for x < 0 was omitted.', 'C5_inequality_setup': 'The inequality is not properly reformulated; parts canceling and assumptions made are incorrect.', 'C6_maximization': 'There is no valid derivation for the maximum value; the conclusion is unfounded.'}",,3559
Math_ShortAns_118,"{'C1_derivative': 0, 'C2_initial_conditions': 0, 'C3_function_expression': 0, 'C4_monotonicity': 0, 'C5_inequality_setup': 2, 'C6_maximization': 0}",2,"{'C1_derivative': 'The answer only mentions taking the derivative without providing any computation or explicit expression.', 'C2_initial_conditions': ""No substitution or evaluation at x=0 or x=1 was performed to determine f(0) or f'(1)."", 'C3_function_expression': 'The explicit form of f(x) was not provided; only a vague procedure is described.', 'C4_monotonicity': 'The analysis of monotonicity is not carried out; no intervals are specified.', 'C5_inequality_setup': 'The inequality is correctly reformulated as h(x)=e^x-(a+1)x-b ≥ 0.', 'C6_maximization': 'No detailed computation or optimization to derive the maximum value of (a+1)b was provided.'}",0.95,3271
Math_ShortAns_121,"{'I_monotonicity': 2, 'II_b_max': 1, 'III_ln2_estimation': 0}",3,"{'I_monotonicity': ""The derivative was correctly computed as f'(x) = e^x + e^(-x) - 2, but the student incorrectly concluded f'(x) > 0 for all x and that f(x) is monotone decreasing. The proper analysis should identify f(x) as strictly increasing."", 'II_b_max': 'The student correctly expanded f(2x) and set up g(x), but failed to analyze the inequality properly. The conclusion that b has a maximum value of 0 is incorrect; a proper analysis shows b should be 2.', 'III_ln2_estimation': 'The estimation method is flawed. Using the provided bounds for √2, ln2 should be approximately 0.693, but the student erroneously estimated ln2 ≈ 2.'}",0.95,3784
Math_ShortAns_122,"{'I_monotonicity': 4, 'II_b_max': 5, 'III_ln2_estimation': 3}",12,"{'I_monotonicity': ""The derivative f'(x) is correctly computed and the inequality e^x + e^(-x) ≥ 2 is properly applied to show that f(x) is strictly increasing."", 'II_b_max': 'The expression for g(x) is correctly expanded and its derivative computed. The analysis leading to the conclusion that b must be ≤ 2, with the boundary case b = 2 verified, is correctly handled.', 'III_ln2_estimation': 'The approximate bounds of √2 are aptly used, and by substituting ln√2 = 1/2 ln2 into the expression, the student successfully derives bounds leading to the correct approximation ln2 ≈ 0.693.'}",0.95,4993
Math_ShortAns_125,"{'P1_derivative_computation': 1, 'P2_monotonicity': 0, 'P3_max_proof': 0, 'P4_product_inequality': 0}",1,"{'P1_derivative_computation': ""The student correctly applied the product rule to compute f'(x) but did not rewrite f(x) into an equivalent simpler form, factorize the derivative, or identify the critical points."", 'P2_monotonicity': ""No proper partitioning of the interval or sign analysis of f'(x) is provided. The conclusion that the function is 'not monotonic' is unjustified and incorrect."", 'P3_max_proof': 'The student incorrectly evaluated the function at x = π/2 and wrongly concluded that the maximum of |f(x)| is 0, showing a misunderstanding of the function’s behavior.', 'P4_product_inequality': 'The answer lacks any algebraic transformation or application of the bound from part (2) and incorrectly analyzes the product, resulting in a completely wrong conclusion.'}",,3877
Math_ShortAns_126,"{'P1_derivative_computation': 0, 'P2_monotonicity': 0, 'P3_max_proof': 0, 'P4_product_inequality': 0}",0,"{'P1_derivative_computation': 'The derivative was computed in part but not rewritten into an equivalent, factorized form and no critical points were identified.', 'P2_monotonicity': 'No proper sign analysis or partitioning of the interval was provided; the conclusion that f(x) is monotonically increasing is not justified.', 'P3_max_proof': 'The proof for the maximum of |f(x)| is incorrect. The student did not use periodicity or evaluate the function at the appropriate critical points.', 'P4_product_inequality': 'The approach for the product inequality is flawed. Merely bounding each term by 1 is insufficient and does not lead to the desired inequality using the bound from part (2).'}",1.0,3677
Math_ShortAns_127,"{'P1_derivative_computation': 0, 'P2_monotonicity': 0, 'P3_max_proof': 0, 'P4_product_inequality': 1}",1,"{'P1_derivative_computation': 'The answer merely states that the derivative is computed and roots are found without showing any explicit rewriting or computations.', 'P2_monotonicity': 'No partitioning of the interval or sign analysis of the derivative is provided.', 'P3_max_proof': 'The argument about periodicity and evaluation at key points is mentioned in passing without any concrete computation or reasoning.', 'P4_product_inequality': 'A transformation attempt is made but the steps are unclear and not sufficiently justified.'}",,4021
Math_ShortAns_130,"{'C1_convert_polar_to_rectangular': 0, 'C2_complete_square': 0, 'C3_establish_vector_relation': 1, 'C4_derive_parametric_equations': 0, 'C5_analyze_intersection': 0}",1,"{'C1_convert_polar_to_rectangular': 'The student attempted the conversion but made incorrect multiplications and ended up with contradictory equations.', 'C2_complete_square': ""No proper completion of the square was performed to obtain the circle's equation."", 'C3_establish_vector_relation': 'The vector relation was set up, but it lacks proper definition for point M and further elaboration.', 'C4_derive_parametric_equations': 'No valid parametric equations for point P were derived.', 'C5_analyze_intersection': 'The analysis on the intersection is incorrect with an unsubstantiated conclusion.'}",0.95,3775
Math_ShortAns_131,"{'C1_convert_polar_to_rectangular': 2, 'C2_complete_square': 2, 'C3_establish_vector_relation': 2, 'C4_derive_parametric_equations': 0, 'C5_analyze_intersection': 0}",6,"{'C1_convert_polar_to_rectangular': 'The student correctly converted the polar equation to x²+y²=2√2x.', 'C2_complete_square': 'They properly completed the square to get (x-√2)²+y²=2.', 'C3_establish_vector_relation': 'The vector relation is set up with the correct parameterization for M, though the full equation was not fully derived.', 'C4_derive_parametric_equations': 'No explicit parametric equations for P were provided.', 'C5_analyze_intersection': 'The answer claims a conclusion without showing any detailed calculations or analysis.'}",0.9,4128
Math_ShortAns_134,"{'C1_convert_C1': 0, 'C2_convert_C2': 0, 'C3_intersection_P': 0, 'C4_determine_circle_center': 0, 'C5_convert_to_polar': 0}",0,"{'C1_convert_C1': 'Used the correct identity but then incorrectly replaced 4 with 5, leading to the wrong Cartesian equation for C1.', 'C2_convert_C2': 'Elimination for C2 was incorrect; the student did not derive or reach the standard relation x² - y² = 4.', 'C3_intersection_P': 'The intersection was solved using the wrong equations (using x+y=5 instead of x+y=4) and led to wrong intersection coordinates.', 'C4_determine_circle_center': ""The circle's center determination is not addressed properly; the center was incorrectly taken as P(1,4) instead of solving for a point on the x-axis."", 'C5_convert_to_polar': 'The conversion to polar form is based on the erroneous previous results, with an incorrect polar equation provided.'}",1.0,3516
Math_ShortAns_135,"{'C1_convert_C1': 1, 'C2_convert_C2': 2, 'C3_intersection_P': 1, 'C4_determine_circle_center': 1, 'C5_convert_to_polar': 3}",8,"{'C1_convert_C1': 'The conversion for C₁ is correctly given as x + y = 4.', 'C2_convert_C2': 'The conversion for C₂ is correctly given as x² - y² = 4.', 'C3_intersection_P': 'The intersection point P is not explicitly computed, so only partial credit is awarded.', 'C4_determine_circle_center': 'The derivation of the circle center is not shown although the final answer is correct; hence partial credit.', 'C5_convert_to_polar': 'The Cartesian circle equation is appropriately converted to the polar form ρ = (17/5) cos θ.'}",,4099
Math_ShortAns_138,"{'C1_convert_C1': 1, 'C2_convert_C2': 1, 'C3_find_intersection': 0, 'C4_circle_cartesian': 0, 'C5_convert_to_polar': 0}",2,"{'C1_convert_C1': 'Identified the correct approach using the identity but made an arithmetic error, obtaining x+y=8 instead of x+y=4.', 'C2_convert_C2': 'Showed a method to eliminate t by squaring and subtracting but computed the result as 2 instead of the correct 4.', 'C3_find_intersection': 'Incorrectly solved for the intersection point using the wrong derived equations and wrongly assumed an intersection at (0,0).', 'C4_circle_cartesian': 'Did not correctly set up or solve the circle equation; the approach was to assume the intersection point, leading to an incorrect circle.', 'C5_convert_to_polar': 'Failed to convert the correct Cartesian circle equation to polar coordinates; the result r=2 is not justified.'}",,3687
Math_ShortAns_139,"{'C1_convert_C1': 2, 'C2_convert_C2': 2, 'C3_find_intersection': 0, 'C4_circle_cartesian': 0, 'C5_convert_to_polar': 2}",6,"{'C1_convert_C1': 'The student correctly presented the conversion of C1 to x+y=4.', 'C2_convert_C2': 'The student correctly eliminated the parameter for C2 to get x² - y² = 4.', 'C3_find_intersection': 'The intersection point P is not explicitly computed or stated.', 'C4_circle_cartesian': ""No derivation of the circle's Cartesian equation (using the equidistance condition) is shown."", 'C5_convert_to_polar': 'The final polar equation of the circle is correctly provided as ρ = (17/5) cos θ.'}",,3422
Math_ShortAns_142,"{'C1_part1_AMGM_app': 0, 'C2_part1_algebra_equality': 0, 'C3_part2_denominator_bound': 0, 'C4_part2_final_combination': 0}",0,"{'C1_part1_AMGM_app': 'Student did not apply the AM-GM inequality as required; they merely assumed a=b=c without justifying maximality.', 'C2_part1_algebra_equality': 'The algebraic manipulation required to deduce the bound on abc is missing; the student instead directly substituted a=b=c, leading to an incorrect value.', 'C3_part2_denominator_bound': 'No proper use of inequalities (e.g., b+c ≥ 2√(bc)) was made; the approach instead summed denominators incorrectly without bounding each term.', 'C4_part2_final_combination': 'The final combination to obtain the bound 1/(2√(abc)) was not achieved; the student concluded a different and erroneous result.'}",,3919
Math_ShortAns_143,"{'C1_part1_AMGM_app': 0, 'C2_part1_algebra_equality': 0, 'C3_part2_denominator_bound': 0, 'C4_part2_final_combination': 0}",0,"{'C1_part1_AMGM_app': 'The student did not apply the AM-GM inequality; symmetry substitution was used instead and no proper reasoning for part (1) was shown.', 'C2_part1_algebra_equality': 'The manipulation to derive abc ≤ 1/9 is incorrect, and there is no proper handling of the equality condition.', 'C3_part2_denominator_bound': 'The student failed to apply the proper inequality (such as b+c ≥ 2√(bc)) to each term, and instead stated an incorrect inequality.', 'C4_part2_final_combination': 'The final combination of bounds is missing and the equality condition is not discussed; the overall approach for part (2) is erroneous.'}",,3321
Math_ShortAns_144,"{'C1_part1_AMGM_app': 0, 'C2_part1_algebra_equality': 0, 'C3_part2_denominator_bound': 0, 'C4_part2_final_combination': 0}",0,"{'C1_part1_AMGM_app': 'The student did not apply AM-GM or power mean correctly and instead only assumed a=b=c without using the required inequality.', 'C2_part1_algebra_equality': 'The manipulation is incorrect; the student miscalculated a and abc, leading to a wrong inequality and equality condition.', 'C3_part2_denominator_bound': 'The student did not correctly use the inequality b+c ≥ 2√(bc) for each term and made incorrect summing of denominators.', 'C4_part2_final_combination': 'The combination of bounds is not correctly derived; the final inequality is reversed and the equality condition is not properly discussed.'}",,3074
Math_ShortAns_145,"{'C1_part1_AMGM_app': 3, 'C2_part1_algebra_equality': 1, 'C3_part2_denominator_bound': 3, 'C4_part2_final_combination': 3}",10,"{'C1_part1_AMGM_app': 'The student correctly identified and applied the AM-GM inequality to a^(3/2), b^(3/2), and c^(3/2).', 'C2_part1_algebra_equality': 'The manipulation to deduce (abc)^(1/2) ≤ 1/3 and the equality condition is correctly stated.', 'C3_part2_denominator_bound': 'The student properly applied the inequality b+c ≥ 2√(bc) (and similarly for other terms) to each fraction.', 'C4_part2_final_combination': 'The summation of the bounded terms correctly leads to the desired inequality, with the equality condition clearly mentioned.'}",1.0,3820
Math_ShortAns_148,"{'C1_cauchy_application': 1, 'C2_conclusion_part1': 0, 'C3_substitution_b_equals_2c': 1, 'C4_weighted_inequality_application': 0, 'C5_final_answer_and_equality_conditions': 0}",2,"{'C1_cauchy_application': 'Rewriting was attempted but the application of Cauchy-Schwarz was set up incorrectly (used weights 1,1,2 instead of 1,1,1), awarding only 1 point.', 'C2_conclusion_part1': 'The conclusion derived was incorrect (resulting in 4.24 instead of 3), so no points awarded.', 'C3_substitution_b_equals_2c': 'The substitution b = 2c was performed correctly, but the necessary deduction that a + 4c ≤ 3 was not established, so only partial credit is given.', 'C4_weighted_inequality_application': ""The weighted inequality (e.g., Titu's lemma) was not applied, resulting in 0 points."", 'C5_final_answer_and_equality_conditions': 'No clear final answer was stated and equality conditions were not discussed.'}",,4629
Math_ShortAns_149,"{'C1_cauchy_application': 1, 'C2_conclusion_part1': 0, 'C3_substitution_b_equals_2c': 1, 'C4_weighted_inequality_application': 0, 'C5_final_answer_and_equality_conditions': 0}",2,"{'C1_cauchy_application': 'The student attempted to apply Cauchy-Schwarz and rewrite the expression, but used incorrect weights (1,1,2) leading to an erroneous bound.', 'C2_conclusion_part1': 'The student derived a bound of 6 instead of 3, showing failure to conclude the desired inequality.', 'C3_substitution_b_equals_2c': 'The substitution b = 2c was correctly attempted, but the student did not deduce a+4c ≤ 3 as required.', 'C4_weighted_inequality_application': ""No proper weighted inequality (e.g., Titu's lemma) was applied to relate 1/a + 1/c to the bound from part (1)."", 'C5_final_answer_and_equality_conditions': 'The final answer was not clearly stated, and equality conditions were omitted.'}",,4341
Math_ShortAns_150,"{'C1_cauchy_application': 2, 'C2_conclusion_part1': 1, 'C3_substitution_b_equals_2c': 2, 'C4_weighted_inequality_application': 3, 'C5_final_answer_and_equality_conditions': 2}",10,"{'C1_cauchy_application': ""The student correctly rewrote a²+b²+4c² as a²+b²+(2c)² and applied Cauchy's inequality."", 'C2_conclusion_part1': 'The conclusion a+b+2c ≤ 3 was correctly deduced using the established inequality.', 'C3_substitution_b_equals_2c': 'The substitution b=2c is properly done, correctly leading to a+4c ≤ 3.', 'C4_weighted_inequality_application': ""The weighted inequality (Titu's lemma) was applied correctly to obtain 1/a + 1/c ≥ 3."", 'C5_final_answer_and_equality_conditions': 'The final answers and conditions for equality are clearly stated.'}",1.0,3666
Math_ShortAns_153,"{'C1_apply_cauchy_for_part1': 0, 'C2_simplify_and_conclude_part1': 0, 'C3_transform_identity_for_part2': 3, 'C4_apply_mean_inequality_for_part2': 0}",3,"{'C1_apply_cauchy_for_part1': 'No application of the Cauchy-Schwarz inequality; the student did not relate (a+b)(a^5+b^5) to (a^3+b^3)^2.', 'C2_simplify_and_conclude_part1': 'The final conclusion for part (1) is incorrect; the substitution a^3+b^3=2 was not correctly used to deduce (a+b)(a^5+b^5) ≥ 4.', 'C3_transform_identity_for_part2': 'The transformation of a^3+b^3=2 into 2 = s(s^2-3p) is done correctly.', 'C4_apply_mean_inequality_for_part2': 'No proper use of the mean inequality (AM-GM) to deduce a+b ≤ 2 was provided; the reasoning remains unclear and incorrect.'}",,4280
Math_ShortAns_154,"{'C1_apply_cauchy_for_part1': 0, 'C2_simplify_and_conclude_part1': 0, 'C3_transform_identity_for_part2': 0, 'C4_apply_mean_inequality_for_part2': 0}",0,"{'C1_apply_cauchy_for_part1': 'The student did not apply the Cauchy–Schwarz inequality to relate (a+b)(a⁵+b⁵) to (a³+b³)²; instead, they merely listed formulas without the needed inequality reasoning.', 'C2_simplify_and_conclude_part1': 'The deduction is unclear and does not properly use a³+b³ = 2 to conclude (a+b)(a⁵+b⁵) ≥ 4.', 'C3_transform_identity_for_part2': 'The transformation of a³+b³ into an expression involving a+b and ab is not correctly derived, and the correct identity (a+b)³ - 3ab(a+b) = 2 is not obtained.', 'C4_apply_mean_inequality_for_part2': 'There is no clear application of a mean inequality to deduce a+b ≤ 2; the argument relies on a test case rather than rigorous inequality manipulation.'}",1.0,4359
Math_ShortAns_155,"{'C1_apply_cauchy_for_part1': 2, 'C2_simplify_and_conclude_part1': 2, 'C3_transform_identity_for_part2': 3, 'C4_apply_mean_inequality_for_part2': 3}",10,"{'C1_apply_cauchy_for_part1': 'Correctly applies the Cauchy–Schwarz inequality to obtain (a+b)(a^5+b^5) ≥ (a^3+b^3)^2, and notes equality for a=b=1.', 'C2_simplify_and_conclude_part1': 'Accurately substitutes a^3+b^3 = 2 to get (a^3+b^3)^2 = 4, completing the proof for part (1).', 'C3_transform_identity_for_part2': 'Properly transforms a^3+b^3 into (a+b)[(a+b)^2-3ab] and derives (a+b)^3 - 3ab(a+b) = 2.', 'C4_apply_mean_inequality_for_part2': 'Correctly applies the AM–GM inequality to relate ab and a+b, leading to the conclusion a+b ≤ 2 with appropriate equality conditions.'}",1.0,3879
Math_ShortAns_158,"{'Q23_C1_part1_inequality': 0, 'Q23_C2_part1_substitution': 0, 'Q23_C3_part2_transformation': 2, 'Q23_C4_part2_AMGM': 0, 'Q23_C5_logical_structure_and_conclusion': 0}",2,"{'Q23_C1_part1_inequality': 'The answer fails to identify or properly apply an inequality to show (a+b)(a^5+b^5) ≥ 4 and only tests the case a=b=1.', 'Q23_C2_part1_substitution': 'The substitution of a^3+b^3=2 is not used to derive a general result; the student only verifies the condition for a specific case.', 'Q23_C3_part2_transformation': 'The student correctly factors a^3+b^3 and introduces s = a+b and p = ab, yielding s(s^2 - 3p) = 2.', 'Q23_C4_part2_AMGM': 'No application of the AM-GM inequality is provided to bound ab and deduce a+b ≤ 2.', 'Q23_C5_logical_structure_and_conclusion': 'The overall logical structure is weak; the final conclusions are incorrect and lack proper justification with respect to equality cases.'}",0.95,4268
Math_ShortAns_159,"{'Q23_C1_part1_inequality': 2, 'Q23_C2_part1_substitution': 2, 'Q23_C3_part2_transformation': 2, 'Q23_C4_part2_AMGM': 2, 'Q23_C5_logical_structure_and_conclusion': 2}",10,"{'Q23_C1_part1_inequality': 'The student correctly applied Cauchy in the intended form to show (a+b)(a^5+b^5) ≥ (a^3+b^3)^2 and noted the equality condition a = b = 1.', 'Q23_C2_part1_substitution': 'They properly substituted a^3+b^3 = 2 to obtain (a^3+b^3)^2 = 4, leading directly to the desired result.', 'Q23_C3_part2_transformation': 'The transformation of a^3+b^3 into (a+b)((a+b)^2 - 3ab) and then rewriting it as (a+b)^3-3ab(a+b)=2 is correctly executed.', 'Q23_C4_part2_AMGM': 'The student applied the AM-GM inequality on ab to bound it in terms of (a+b), eventually deducing a+b ≤ 2 with the equality case noted.', 'Q23_C5_logical_structure_and_conclusion': 'The solution is organized into clear parts with logical progression and concludes both parts correctly, including the equality cases.'}",,4002
Math_ShortAns_162,"{'C1_define_functions': 0, 'C2_solve_part1_inequality': 0, 'C3_consolidate_part1_answer': 0, 'C4_solve_part2_parameter': 0}",0,"{'C1_define_functions': 'The piecewise definition for g(x) is incorrect in two intervals. Instead of g(x)=2 for -1 ≤ x ≤ 1 and g(x)=-2x for x < -1, the student obtained 0 and -2x+2 respectively.', 'C2_solve_part1_inequality': 'The student incorrectly set up and solved the inequalities for each interval, leading to erroneous roots and case solutions.', 'C3_consolidate_part1_answer': 'The final answer for part (1) is inconsistent with the case analysis and does not match the correct solution.', 'C4_solve_part2_parameter': 'The method to determine the parameter interval is flawed. Checking f(-1) and f(1) yields an incorrect range for a.'}",,4726
Math_ShortAns_163,"{'C1_define_functions': 2, 'C2_solve_part1_inequality': 3, 'C3_consolidate_part1_answer': 2, 'C4_solve_part2_parameter': 2}",9,"{'C1_define_functions': 'f(x) and g(x) were correctly expressed in a piecewise form with only minor domain notation issues.', 'C2_solve_part1_inequality': 'The student did partition the cases but made slight reasoning inaccuracies in the interval analysis, though the final union is correct.', 'C3_consolidate_part1_answer': 'The final answer for part (1) is clearly stated and matches the intended result.', 'C4_solve_part2_parameter': 'The condition on a was properly derived by checking endpoint inequalities, leading to the correct range.'}",,5713
Math_ShortAns_166,"{'C1_convert_C1_to_Cartesian': 0, 'C2_convert_Cartesian_to_Polar_C1': 0, 'C3_convert_C2_and_SetUp_System': 0, 'C4_solve_intersection': 0, 'C5_final_answer_in_Polar': 0}",0,"{'C1_convert_C1_to_Cartesian': 'The student did not correctly eliminate the parameter; the derived expressions and conclusion are incorrect.', 'C2_convert_Cartesian_to_Polar_C1': 'The substitution to polar coordinates is flawed, leading to an erroneous polar equation.', 'C3_convert_C2_and_SetUp_System': 'The system is set up incorrectly; the student did not properly relate the equations of C1 and C2.', 'C4_solve_intersection': 'The method to solve for the intersection is incorrect and leads to nonsensical results.', 'C5_final_answer_in_Polar': 'Both the polar equation for C1 and the final intersection points are incorrect.'}",,3504
Math_ShortAns_167,"{'C1_convert_C1_to_Cartesian': 2, 'C2_convert_Cartesian_to_Polar_C1': 2, 'C3_convert_C2_and_SetUp_System': 1, 'C4_solve_intersection': 3, 'C5_final_answer_in_Polar': 2}",10,"{'C1_convert_C1_to_Cartesian': 'Correct elimination of parameter t to get (x-4)²+(y-5)²=25.', 'C2_convert_Cartesian_to_Polar_C1': 'Accurate substitution and derivation of polar form with proper coefficients.', 'C3_convert_C2_and_SetUp_System': 'Correct conversion of C2 to Cartesian and proper setup of the system.', 'C4_solve_intersection': 'System solved correctly to obtain intersection points (1,1) and (0,2).', 'C5_final_answer_in_Polar': 'Intersection points correctly converted to polar coordinates as (√2, π/4) and (2, π/2).'}",1.0,3656
Math_ShortAns_170,"{'C1_expand_identity': 0, 'C2_conclude_negative': 0, 'C3_max_assignment_and_sign_deduction': 0, 'C4_transformation_to_a_cubed': 0, 'C5_application_of_inequality': 0}",0,"{'C1_expand_identity': 'The student did not use the square expansion (a+b+c)² method required; instead, they substituted c = -a - b and computed ab+bc+ca directly.', 'C2_conclude_negative': 'There is no derivation of ab+bc+ca = -½(a²+b²+c²) nor a general argument for negativity; a single numerical example is insufficient.', 'C3_max_assignment_and_sign_deduction': 'The student did not properly assume max{a, b, c} = a or deduce the necessary sign conditions (a > 0 and b, c < 0).', 'C4_transformation_to_a_cubed': 'The required transformation to express a³ in the form (b+c)²/(bc) is not attempted; the manipulation instead leads to an unrelated expression.', 'C5_application_of_inequality': 'The inequality (b²+c²) ≥ 2bc is not applied to obtain (b+c)²/(bc) ≥ 4, failing to deduce a³ ≥ 4 and thus max{a,b,c} ≥ ∛4.'}",0.95,4032
Math_ShortAns_171,"{'C1_expand_identity': 2, 'C2_conclude_negative': 2, 'C3_max_assignment_and_sign_deduction': 2, 'C4_transformation_to_a_cubed': 2, 'C5_application_of_inequality': 2}",10,"{'C1_expand_identity': 'The student correctly expanded (a+b+c)^2 and used it to set up the argument.', 'C2_conclude_negative': 'They derived ab+bc+ca = -1/2(a^2+b^2+c^2) and explained that the sum of squares is positive, ensuring the sum is negative.', 'C3_max_assignment_and_sign_deduction': 'The student correctly assumed max{a,b,c}=a and deduced that a > 0 while b, c are negative.', 'C4_transformation_to_a_cubed': 'They transformed a = - (b+c) and expressed a³ as (b+c)²/(bc) with the necessary steps.', 'C5_application_of_inequality': 'The inequality (b²+c²) ≥ 2bc is applied to show a³ ≥ 4, leading to the required conclusion.'}",,4643
Math_ShortAns_174,"{'C1_apply_Cauchy_part1': 0, 'C2_equality_case_part1': 0, 'C3_apply_Cauchy_part2': 0, 'C4_solve_inequality': 1, 'C5_logical_flow_and_justification': 0}",1,"{'C1_apply_Cauchy_part1': 'Did not apply the Cauchy-Schwarz inequality; instead they substituted and expanded without obtaining the required bound.', 'C2_equality_case_part1': 'No identification or use of the equality condition was provided.', 'C3_apply_Cauchy_part2': 'No correct application of Cauchy-Schwarz for the second part; only expansion without proper inequality setup.', 'C4_solve_inequality': 'The student mentions boundary values a = -3 and a = -1 but does not derive or justify them adequately.', 'C5_logical_flow_and_justification': 'The solution lacks coherent logical connections and clear justifications between steps.'}",,4750
Math_ShortAns_175,"{'C1_apply_Cauchy_part1': 1, 'C2_equality_case_part1': 0, 'C3_apply_Cauchy_part2': 0, 'C4_solve_inequality': 1, 'C5_logical_flow_and_justification': 0}",2,"{'C1_apply_Cauchy_part1': 'The student correctly set up the Cauchy inequality but made an arithmetic error in summing (x-1)+(y+1)+(z+1), leading to an incorrect lower bound.', 'C2_equality_case_part1': 'No identification or derivation of the equality condition was provided.', 'C3_apply_Cauchy_part2': 'The student did not clearly apply the Cauchy-Schwarz inequality for the second part; instead, they simply stated an equality condition without proper derivation.', 'C4_solve_inequality': 'The final conclusion a ≤ -3 or a ≥ -1 is reached, but without a clear and detailed derivation, only partial recognition of the critical values is shown.', 'C5_logical_flow_and_justification': 'The overall logical flow is disorganized and lacks complete justification linking all steps.'}",,4549
Math_ShortAns_178,"{'Q23_part1_setup': 0, 'Q23_part1_equality_condition': 0, 'Q23_part2_set_up': 0, 'Q23_part2_conclusion': 1}",1,"{'Q23_part1_setup': 'The answer expanded the terms but did not use the Cauchy inequality as required, leading to a wrong lower bound.', 'Q23_part1_equality_condition': 'There is no discussion of the equality condition or its verification under x+y+z=1.', 'Q23_part2_set_up': 'The correct application of the Cauchy inequality to obtain (a+2)^2 ≥ 1 is completely missing.', 'Q23_part2_conclusion': 'Although the final answer (a ≤ -3 or a ≥ -1) is stated, the reasoning is very unclear and lacks proper justification.'}",0.95,4303
Math_ShortAns_179,"{'Q23_part1_setup': 0, 'Q23_part1_equality_condition': 0, 'Q23_part2_set_up': 1, 'Q23_part2_conclusion': 1}",2,"{'Q23_part1_setup': 'The student attempted to use Cauchy but incorrectly summed (x-1)+(y+1)+(z+1) as (x+y+z)+3 instead of (x+y+z)+1, leading to the wrong lower bound.', 'Q23_part1_equality_condition': 'No discussion of the equality condition was provided.', 'Q23_part2_set_up': 'The student applied Cauchy, but incorrectly simplified (x-2)+(y-1)+(z-a) to (x+y+z)-3a+3 instead of correctly obtaining (x+y+z) - (a+3), leading to a wrong intermediary expression.', 'Q23_part2_conclusion': 'Although the final answer matches the required result, the reasoning is flawed due to the earlier arithmetic errors.'}",,5897
Math_ShortAns_182,"{'C1_piecewise_setup': 3, 'C2_solve_inequality_part1': 0, 'C3_combine_solution_set': 0, 'C4_setup_absolute_inequality': 0, 'C5_deduce_final_a_range': 0}",3,"{'C1_piecewise_setup': 'The student correctly identified the intervals and derived the correct piecewise expressions for f(x) when a = 1.', 'C2_solve_inequality_part1': 'Errors in solving the inequalities: sign mistakes in both the x < -1 and x ≥ 2 cases lead to incorrect solution sets.', 'C3_combine_solution_set': 'The combination of intervals is incorrectly stated, resulting in a disjoint union that does not simplify to the correct final answer.', 'C4_setup_absolute_inequality': 'The setup for part (2) is flawed due to an incorrect transformation of the inequality (sign reversal error) and misuse of a = 1 instead of general a.', 'C5_deduce_final_a_range': 'The final deduced range for the parameter a is unclear and incorrect, with no proper deduction from the absolute value inequality.'}",,5226
Math_ShortAns_183,"{'C1_piecewise_setup': 3, 'C2_solve_inequality_part1': 2, 'C3_combine_solution_set': 1, 'C4_setup_absolute_inequality': 2, 'C5_deduce_final_a_range': 2}",10,"{'C1_piecewise_setup': 'The student correctly identified the intervals and derived the piecewise expressions.', 'C2_solve_inequality_part1': 'The inequality was correctly solved in each interval.', 'C3_combine_solution_set': 'The intervals were properly combined to yield the final solution.', 'C4_setup_absolute_inequality': 'The transformation to |x+a| + |x-2| ≥ 4 and the use of the triangle inequality were correctly applied.', 'C5_deduce_final_a_range': 'The final range for a, a ≤ -6 or a ≥ 2, was correctly deduced using proper notation.'}",,3756
Math_ShortAns_186,"{'C1_substitution_and_function_setup': 2, 'C2_case_analysis_part1': 1, 'C3_parameter_analysis_part2': 0, 'C4_final_answer_and_justification': 0}",3,"{'C1_substitution_and_function_setup': 'Correct substitution of a=1; function rewritten correctly.', 'C2_case_analysis_part1': 'The student splits the cases but makes significant algebraic mistakes and concludes an incorrect solution set.', 'C3_parameter_analysis_part2': ""The analysis for a's range is flawed, incorrectly simplifying the expression and deriving a wrong range."", 'C4_final_answer_and_justification': 'The final answers are incorrect and not properly justified.'}",,4450
Math_ShortAns_187,"{'C1_substitution_and_function_setup': 2, 'C2_case_analysis_part1': 3, 'C3_parameter_analysis_part2': 3, 'C4_final_answer_and_justification': 2}",10,"{'C1_substitution_and_function_setup': 'Correctly substituted a=1 and rewrote f(x) as |x-1|x + |x-2|(x-1).', 'C2_case_analysis_part1': 'Performed case analysis over the three intervals with appropriate absolute value substitutions and reached the correct conclusion for part (1).', 'C3_parameter_analysis_part2': 'Separated the cases a ≥ 1 and a < 1 and correctly concluded that only a ≥ 1 works, even though the justification for a < 1 is brief.', 'C4_final_answer_and_justification': 'Final answers are clearly stated: (-∞,1) for part (1) and [1, +∞) for part (2) with adequate explanation.'}",1.0,4729
Math_ShortAns_190,"{'P1_reciprocal_transformation': 2, 'P2_basic_inequality_part1': 0, 'P3_transform_sum_of_cubes': 0, 'P4_apply_AM_GM_part2': 0, 'P5_final_combination_and_conclusion': 0}",2,"{'P1_reciprocal_transformation': 'Correctly transformed 1/a, 1/b, 1/c into bc, ac, ab with clear justification.', 'P2_basic_inequality_part1': 'Failed to apply the basic inequality to show a²+b²+c² ≥ ab+ac+bc; only an irrelevant AM-GM application was attempted.', 'P3_transform_sum_of_cubes': 'The student expanded the cubes but did not transform the sum into the product form (a+b)(b+c)(c+a) as required.', 'P4_apply_AM_GM_part2': 'No proper AM-GM inequality was applied to bound (a+b)(b+c)(c+a) in the context of the problem.', 'P5_final_combination_and_conclusion': 'The results were not correctly combined with the substitution abc=1 to conclude the inequality; final argument is missing.'}",,4042
Math_ShortAns_191,"{'P1_reciprocal_transformation': 0, 'P2_basic_inequality_part1': 0, 'P3_transform_sum_of_cubes': 0, 'P4_apply_AM_GM_part2': 0, 'P5_final_combination_and_conclusion': 0}",0,"{'P1_reciprocal_transformation': 'The student did not use abc=1 to rewrite 1/a as bc (and similarly for the others); instead, they merely substituted variables, missing the intended transformation.', 'P2_basic_inequality_part1': 'The application of AM-GM is misused, as showing both sides are at least 3 does not establish the desired inequality.', 'P3_transform_sum_of_cubes': 'The answer does not transform the sum of cubes into an expression involving (a+b)(b+c)(c+a) and lacks the necessary detailed rationale.', 'P4_apply_AM_GM_part2': 'There is no proper application of AM-GM to bound the product (a+b)(b+c)(c+a); the student instead referred vaguely to a triangle inequality.', 'P5_final_combination_and_conclusion': 'The final combination is unsubstantiated and fails to correctly conclude (a+b)^3+(b+c)^3+(c+a)^3 ≥ 24 with appropriate substitutions and justifications.'}",1.0,4107
Math_ShortAns_192,"{'P1_reciprocal_transformation': 0, 'P2_basic_inequality_part1': 0, 'P3_transform_sum_of_cubes': 0, 'P4_apply_AM_GM_part2': 0, 'P5_final_combination_and_conclusion': 0}",0,"{'P1_reciprocal_transformation': 'The student did not use abc=1 to transform 1/a into bc (or similar) and only defined new variables without a proper connection.', 'P2_basic_inequality_part1': 'No appropriate use of the inequality a²+b²+c² ≥ ab+ac+bc was provided; the approach does not address the requirement.', 'P3_transform_sum_of_cubes': 'The student expanded the cubes but did not transform the sum into the product form (a+b)(b+c)(c+a) as required.', 'P4_apply_AM_GM_part2': 'The solution does not include any application of the AM–GM inequality to bound (a+b)(b+c)(c+a).', 'P5_final_combination_and_conclusion': 'There is no correct combination of results or substitution using abc=1, and the final conclusion is incorrectly argued.'}",1.0,4436
Math_ShortAns_193,"{'P1_reciprocal_transformation': 1, 'P2_basic_inequality_part1': 1, 'P3_transform_sum_of_cubes': 2, 'P4_apply_AM_GM_part2': 1, 'P5_final_combination_and_conclusion': 1}",6,"{'P1_reciprocal_transformation': 'The student indicates the transformation using abc=1 but does not explicitly show 1/a = bc, etc., so only partial credit is given.', 'P2_basic_inequality_part1': 'They claim use of a basic inequality to show 2(a²+b²+c²) ≥ 2(ab+ac+bc) without detailed steps; partial credit awarded.', 'P3_transform_sum_of_cubes': 'They correctly state the transformation to (a+b)³+(b+c)³+(c+a)³ ≥ 3(a+b)(b+c)(c+a) though details are brief; full points awarded.', 'P4_apply_AM_GM_part2': 'The student invokes a basic inequality to convert the expression to 24√((abc)²) but does not fully articulate the AM–GM application; hence, partial credit.', 'P5_final_combination_and_conclusion': 'They state that with consistent equality conditions the final conclusion follows, but details and substitution of abc=1 are sparse; partial credit granted.'}",0.9,3884
Math_ShortAns_196,"{'C1_part1_square': 0, 'C2_part1_conclusion': 0, 'C3_part2_direct': 0, 'C4_part2_converse': 0}",0,"{'C1_part1_square': 'The answer does not show the correct expansion of (√a+√b)² and (√c+√d)².', 'C2_part1_conclusion': 'There is no clear use of a+b=c+d to deduce the inequality, and the argument is incorrect.', 'C3_part2_direct': 'The answer fails to square the sums or relate (a-b)² to (c-d)², offering only vague and incorrect reasoning.', 'C4_part2_converse': 'The answer does not provide a correct proof for the reverse implication and makes an invalid conclusion.'}",,3923
Math_ShortAns_197,"{'C1_part1_square': 2, 'C2_part1_conclusion': 2, 'C3_part2_direct': 3, 'C4_part2_converse': 0}",7,"{'C1_part1_square': 'Both squared expressions were correctly expanded and clearly documented.', 'C2_part1_conclusion': 'The argument using a+b=c+d and ab>cd to conclude the inequality was clear and logical.', 'C3_part2_direct': 'The direct direction was correctly derived by squaring the sums and relating the differences.', 'C4_part2_converse': 'The reverse direction was not addressed, so no points awarded.'}",,3695
Math_ShortAns_200,"{'P1_substitute_a2': 1, 'P2_reduce_inequality_part1': 1, 'P3_solve_absolute_value': 1, 'P4_setup_inequality_part2': 2, 'P5_analyze_cases_for_a': 0, 'P6_final_answer_parameter_range': 0}",5,"{'P1_substitute_a2': 'Correctly substituted a = 2 and simplified to f(x) = |2x-2|+2.', 'P2_reduce_inequality_part1': 'Properly set up the inequality and isolated the absolute value term.', 'P3_solve_absolute_value': 'Correct method but error in solving case 1 (x ≤ 4 instead of x ≤ 3), hence partial credit.', 'P4_setup_inequality_part2': 'Correct expression for f(x)+g(x) and proper inequality setup.', 'P5_analyze_cases_for_a': 'Case analysis for a is flawed and lacks necessary detail; incorrect reasoning.', 'P6_final_answer_parameter_range': 'Final answer for a is incorrect.'}",0.95,4189
Math_ShortAns_201,"{'P1_substitute_a2': 1, 'P2_reduce_inequality_part1': 1, 'P3_solve_absolute_value': 2, 'P4_setup_inequality_part2': 2, 'P5_analyze_cases_for_a': 1, 'P6_final_answer_parameter_range': 2}",9,"{'P1_substitute_a2': 'Correctly substituted a=2 and simplified f(x) to |2x-2|+2.', 'P2_reduce_inequality_part1': 'Properly set up the inequality |2x-2|+2 ≤ 6 and reduced it to |2x-2| ≤ 4.', 'P3_solve_absolute_value': 'Solved the absolute inequality correctly yielding x in [-1, 3].', 'P4_setup_inequality_part2': 'Expressed f(x)+g(x) correctly as |2x-a|+a+|2x-1| and set up the inequality, though further justification would improve clarity.', 'P5_analyze_cases_for_a': 'Attempted a case analysis for a but the reasoning is not fully detailed or rigorous.', 'P6_final_answer_parameter_range': 'Final answer a ∈ [2, +∞) is correctly stated.'}",,4272
Math_ShortAns_204,"{'C1_derive_ab_bound': 0, 'C2_find_minimum_a3_b3': 0, 'C3_analyze_partII': 0, 'C4_final_answer_and_justification': 0}",0,"{'C1_derive_ab_bound': 'The student did not correctly derive the inequality ab ≥ 2; the transformation stopped prematurely and assumed ab = 1 without justification.', 'C2_find_minimum_a3_b3': 'The student computed a³ + b³ incorrectly by assuming wrong values for a+b and ab, leading to an incorrect minimum of -1.', 'C3_analyze_partII': 'The analysis of part (II) is flawed; the student assumed b = 2a and found numbers that do not align with the derived condition, without proper inequality application.', 'C4_final_answer_and_justification': 'The final answer is incorrect for both parts with poor justification and lack of proper reasoning.'}",,2773
Math_ShortAns_205,"{'C1_derive_ab_bound': 0, 'C2_find_minimum_a3_b3': 0, 'C3_analyze_partII': 0, 'C4_final_answer_and_justification': 0}",0,"{'C1_derive_ab_bound': 'The answer misapplies AM-GM and does not correctly derive the inequality ab ≥ 2.', 'C2_find_minimum_a3_b3': 'Incorrect approach leading to the false conclusion that the minimum of a³+b³ does not exist.', 'C3_analyze_partII': 'The reasoning for part II is flawed and does not properly establish a lower bound greater than 6 using AM-GM.', 'C4_final_answer_and_justification': 'Final answers are incorrect; part I is wrong and the justification is not coherent, even though part II conclusion is coincidentally correct.'}",,3733
Math_ShortAns_208,"{'C1_derive_ab_inequality': 0, 'C2_equality_conditions_and_a3b3_minimum': 0, 'C3_final_answer_part_I': 0, 'C4_inequality_for_2a_plus_3b': 0, 'C5_conclusion_part_II': 0}",0,"{'C1_derive_ab_inequality': 'No valid derivation of ab ≥ 2; multiplying by ab did not lead to an inequality.', 'C2_equality_conditions_and_a3b3_minimum': 'The student guessed a = b = 1 and computed 2 instead of deriving a = b = √2 and 4√2.', 'C3_final_answer_part_I': 'Final answer stated as 2, which is incorrect and lacks proper justification.', 'C4_inequality_for_2a_plus_3b': 'No appropriate inequality was applied to 2a+3b; the student only substituted sample values.', 'C5_conclusion_part_II': 'The conclusion is wrong; student incorrectly claims existence and does not provide rigorous reasoning.'}",,2961
Math_ShortAns_209,"{'C1_derive_ab_inequality': 0, 'C2_equality_conditions_and_a3b3_minimum': 0, 'C3_final_answer_part_I': 0, 'C4_inequality_for_2a_plus_3b': 0, 'C5_conclusion_part_II': 0}",0,"{'C1_derive_ab_inequality': 'Incorrect derivation; the student misapplied the inequality leading to ab ≥ 4 instead of the correct ab ≥ 2.', 'C2_equality_conditions_and_a3b3_minimum': 'Did not identify the equality condition a = b = √2 nor correctly use it to compute a³+b³.', 'C3_final_answer_part_I': 'Final answer for Part (I) is not stated clearly; expected answer 4√2 is missing.', 'C4_inequality_for_2a_plus_3b': 'No valid inequality manipulation is applied to the expression 2a+3b.', 'C5_conclusion_part_II': 'The conclusion regarding the non-existence of a, b such that 2a+3b=6 is not provided.'}",1.0,4739
Math_ShortAns_212,"{'C1_proof_triangle': 0, 'C2_apply_AMGM': 0, 'C3_setup_cases': 0, 'C4_solve_case1': 0, 'C5_solve_case2': 0}",0,"{'C1_proof_triangle': 'The student did not apply the triangle inequality to derive f(x) ≥ a + 1/a; instead, they only evaluated a specific point.', 'C2_apply_AMGM': 'The student failed to use the AM-GM inequality to show that a + 1/a ≥ 2.', 'C3_setup_cases': 'Although the substitution f(3) was made correctly, the case analysis is incorrect (using a < 2, not the required two cases: a > 3 and 0 < a ≤ 3).', 'C4_solve_case1': 'The student did not correctly treat the case a > 3 or derive the proper quadratic inequality.', 'C5_solve_case2': 'The student’s handling of the case for 0 < a ≤ 3 is incorrect and leads to an erroneous final interval for a.'}",,4084
Math_ShortAns_213,"{'C1_proof_triangle': 2, 'C2_apply_AMGM': 1, 'C3_setup_cases': 0, 'C4_solve_case1': 0, 'C5_solve_case2': 0}",3,"{'C1_proof_triangle': 'The student correctly indicates that f(x) is at least |a+1/a|, implicitly using the triangle inequality.', 'C2_apply_AMGM': 'The AM-GM inequality is properly applied to show a + 1/a ≥ 2.', 'C3_setup_cases': 'No substitution or case analysis for f(3)=|3+1/a|+|3-a| is provided.', 'C4_solve_case1': 'There is no detailed derivation for the case a > 3; no quadratic inequality is solved.', 'C5_solve_case2': 'The final answer is stated without any explanation or derivation for the case 0 < a ≤ 3.'}",,3783
Math_ShortAns_216,"{'I_expansion_setup': 0, 'I_basic_inequality': 0, 'I_combination': 0, 'II_inequality_application': 0, 'II_final_combination': 0}",0,"{'I_expansion_setup': 'The answer does not expand (a+b+c)² nor utilize the condition properly; it only applies a known AM-GM inequality without showing the required setup.', 'I_basic_inequality': 'No use of the basic inequality a²+b² ≥ 2ab (or its cyclic variants) is seen.', 'I_combination': 'The solution does not combine the expansion and basic inequalities to arrive at the key conclusion.', 'II_inequality_application': 'The cyclic inequalities are not correctly applied; instead an incorrect AM-GM approach is used, leading to an invalid conclusion.', 'II_final_combination': 'There is no proper summation or substitution using a+b+c=1 to conclude the desired lower bound.'}",,4017
Math_ShortAns_217,"{'I_expansion_setup': 3, 'I_basic_inequality': 0, 'I_combination': 1, 'II_inequality_application': 0, 'II_final_combination': 0}",4,"{'I_expansion_setup': 'The student correctly uses a+b+c=1 and expands to get a²+b²+c²+2(ab+bc+ca)=1.', 'I_basic_inequality': 'There is no correct application of the basic inequality a²+b² ≥ 2ab; the use of Cauchy-Schwarz here is misapplied.', 'I_combination': 'The student states the final combination 3(ab+bc+ca)≤1, though the steps to reach it are not justified.', 'II_inequality_application': 'No cyclic inequalities of the form a²/b + b ≥ 2a are applied for part (II).', 'II_final_combination': 'There is no proper summing and substitution using a+b+c=1 to reach the conclusion for (II).'}",,4918
