script_id,confidence,model_score,scores,comments,tokens_used
Math_ShortAns_2,0.95,5,"{""C1"": 2, ""C2"": 2, ""C3"": 1}","{""C1"": ""The final answer is correct and matches the reference solution."", ""C2"": ""The student used the appropriate trigonometric identities and correctly identified the maximum value despite some minor confusion in the intermediate steps."", ""C3"": ""The answer is complete, though some simplification steps were a bit unclear. Overall, the derivation was sufficient to reach the correct answer.""}",1702
Math_ShortAns_3,0.95,1,"{""C1"": 0, ""C2"": 1, ""C3"": 0}","{""C1"": ""The final answer is incorrect. The reference solution shows that after simplification the function equals sin x, whose maximum value is 1, not 2."", ""C2"": ""Although the student attempted a transformation and combined terms, several steps were executed incorrectly or inconsistently, which led to an erroneous conclusion."", ""C3"": ""The derivation is incomplete and ambiguous. The student expressed uncertainty by suggesting both 1 and 2, and eventually settled on 2, failing to meet the standard of a clear and correct solution.""}",1773
Math_ShortAns_6,1.0,2,"{""C1"": 2, ""C2"": 0, ""C3"": 0}","{""C1"": ""The student correctly set up the problem and obtained the common ratio value (r = 3), which is the most important conceptual step."", ""C2"": ""The steps to set up the equation (a4^2 = a6) were logically correct, but in cancelling the powers and solving, no error occurred. However, the error arose later."", ""C3"": ""The summation was handled incorrectly. Instead of converting each term to a common denominator (1/3, 3/3, 9/3, 27/3, 81/3) to sum to (121/3), the student made a calculation error that led to the final result of 40.""}",2582
Math_ShortAns_7,1.0,0,"{""C1"": 0, ""C2"": 0, ""C3"": 0}","{""C1"": ""The final answer is incorrect; the correct common ratio should be 3 rather than the assumed 2."", ""C2"": ""The student set up the equation correctly but then made an unjustified assumption, compromising the logical reasoning."", ""C3"": ""The work is incomplete because it abandons the proper algebraic solution and does not derive the result systematically.""}",1582
Math_ShortAns_10,1.0,0,"{""C1"": 0, ""C2"": 0, ""C3"": 0}","{""C1"": ""The student's answer is incorrect since the correct angle is 90\u00b0."", ""C2"": ""The reasoning behind the answer was not logical as the provided answer of 45\u00b0 does not match the required derivation from the given vector equation."", ""C3"": ""The answer is incomplete with respect to the derivation needed from the geometric properties of the circle and the relation given.""}",984
Math_ShortAns_11,1.0,0,"{""C1"": 0, ""C2"": 0, ""C3"": 0}","{""C1"": ""The student\u2019s final answer of 60\u00b0 is incorrect; the correct angle is 90\u00b0."", ""C2"": ""Although the student started by rewriting the given vector equation correctly, the subsequent reasoning is flawed and unsupported. The jump to an equilateral triangle and the resulting 60\u00b0 lacks justification."", ""C3"": ""The solution is incomplete as it fails to properly use the properties of circle geometry and vector relationships to arrive at the correct conclusion.""}",1692
Math_ShortAns_14,1.0,0,"{""C1"": 0, ""C2"": 0, ""C3"": 0}","{""C1"": ""The final answer is incorrect. The correct circle equation is (x-3)\u00b2+y\u00b2=2, but the student provided conflicting incorrect answers."", ""C2"": ""The logical steps are flawed. The distance condition was not properly used and the assumption that the center is vertically aligned with A is unjustified."", ""C3"": ""The solution is incomplete and inconsistent. The student first derived one circle equation, then another, without a coherent resolution leading to the correct answer.""}",1773
Math_ShortAns_15,1.0,5,"{""C1"": 2, ""C2"": 2, ""C3"": 1}","{""C1"": ""The student correctly identified the circle's center and radius, resulting in the right equation."", ""C2"": ""All logical steps were clearly laid out and properly justified, showing a correct understanding of the tangency and point conditions."", ""C3"": ""The solution is complete and includes all necessary equations and substitutions.""}",1463
Math_ShortAns_18,1.0,0,"{""C1"": 0, ""C2"": 0, ""C3"": 0}","{""C1"": ""The final answer (240) does not match the correct answer (1830) and the derivation was flawed."", ""C2"": ""The student misapplied the recurrence relation and made several unjustified assumptions, leading to an incorrect inference about the sequence."", ""C3"": ""The answer is incomplete and lacks a clear, correct reasoning path. The approach did not follow through to a valid summation of 60 terms.""}",1621
Math_ShortAns_19,0.95,0,"{""C1"": 0, ""C2"": 0, ""C3"": 0}","{""C1"": ""Correctness: The final answer is completely incorrect. The student obtained 180 instead of the correct answer 1830."", ""C2"": ""Logical reasoning: The reasoning is flawed. The student misapplied the recursive relation and mixed up the signs and coefficients, leading to an entirely wrong pattern and incorrect intermediate results."", ""C3"": ""Completeness: The solution is incomplete. The student abandoned a proper analysis and did not derive a systematic approach to compute the sum of the 60 terms.""}",1650
Math_ShortAns_22,1.0,12,"{""C1"": 4, ""C2"": 4, ""C3"": 4}","{""C1"": ""The student correctly derived the arithmetic sequence by subtracting the successive equations and obtaining a difference of 2. The steps to determine a1 and to discard the negative solution are clearly presented."", ""C2"": ""The reasoning is logically sound throughout. The student correctly uses term-by-term subtraction and telescoping series, following the correct method to find the sum of the series {b\u2099}."", ""C3"": ""The answer is complete. Both parts \u2013 finding the general term a\u2099 and the summation of {b\u2099} \u2013 are fully solved and the final expressions match the reference solution exactly.""}",2333
Math_ShortAns_23,1.0,0,"{""C1"": 0, ""C2"": 0, ""C3"": 0}","{""C1"": ""The student completely missed the correct derivation for the general term. Instead of obtaining the arithmetic sequence with a_n = 2n+1, they tried several incorrect guesses without using the recurrence properly."", ""C2"": ""For the b_n part, the student assumed an unrelated form and did not perform the necessary telescoping series derivation, leading to a completely wrong result."", ""C3"": ""The work lacks any coherent and complete reasoning. None of the required manipulations or logical steps have been adequately developed to reach the correct answer.""}",2863
Math_ShortAns_26,1.0,12,"{""C1"": 4, ""C2"": 4, ""C3"": 4}","{""C1"": ""The student correctly identified the range of angle C and used the sine theorem and trigonometric identities to deduce that cos C = 1/2, leading precisely to C = pi/3."", ""C2"": ""The work applying the cosine law and triangle area formula is executed correctly. The student correctly derived the relation (a + b)^2 - 3ab = 7 and used the area given to find ab = 6."", ""C3"": ""The subsequent steps to determine a + b = 5 and thereby the perimeter 5 + sqrt(7) are logically sound and complete. All parts of the problem are addressed accurately.""}",1790
Math_ShortAns_27,1.0,0,"{""C1"": 0, ""C2"": 0, ""C3"": 0}","{""C1"": ""For part (I), the solution is entirely incorrect. The student arbitrarily assumes a value for an expression and concludes C = 90\u00b0 instead of properly deriving cos C = 1/2 which would give C = 60\u00b0."", ""C2"": ""The logical reasoning is flawed. The student\u2019s approach ignores the necessary trigonometric manipulations and relies on unjustified substitutions."", ""C3"": ""The solution is incomplete and incorrectly extends the error from part (I) into part (II) by making arbitrary assumptions for side lengths. As a result, both answers are incorrect.""}",2025
Math_ShortAns_28,0.9,6,"{""C1"": 2, ""C2"": 2, ""C3"": 2}","{""C1"": ""The answer for part (I) is incorrect because the student erroneously assumed cos C = 0, while the correct value should be 1/2 (i.e. C = 60\u00b0). Although the final answer for part (II) (perimeter = 5 + \u221a7) is correct, this error in part (I) heavily affects the overall correctness."", ""C2"": ""The logical reasoning is weak and imprecise. The student misremembers the cosine law, makes an unjustified assumption about cos C, and the derivation is very vague. The correct process should have used the sine and cosine laws systematically."", ""C3"": ""The solution is incomplete overall. While part (II)\u2019s result is correctly stated, the explanation is minimal and part (I) lacks a proper derivation. This misses a complete and rigorous demonstration expected for full marks.""}",2698
Math_ShortAns_31,1.0,0,"{""C1"": 0, ""C2"": 0, ""C3"": 0}","{""C1"": ""The answer fails to correctly prove the required identity in Part I. Instead of subtracting the given relations and using the nonzero condition of a(n+1), the student only computed some initial terms without reaching the conclusion that a(n+2) - a(n) equals lambda."", ""C2"": ""There is no logical progression in the solution. In Part II, the student simply noted a property of arithmetic sequences without properly testing or deriving the necessary condition that leads to lambda = 4. Their reasoning does not align with the necessary steps."", ""C3"": ""The answer is incomplete for both parts. Part I does not prove the required statement and Part II does not conclude that there exists a lambda (in fact, lambda = 4) making the sequence arithmetic.""}",2904
Math_ShortAns_32,1.0,2,"{""C1"": 1, ""C2"": 1, ""C3"": 0}","{""C1"": ""Part (I) did not show the general proof that a(n+2) \u2212 a(n) = \u03bb. Instead of using the given relation between a(n) a(n+1) and S(n), the answer only computed a few initial terms and then claimed the expression was too messy. This does not meet the requirement of a general proof."", ""C2"": ""In part (II) the student assumed an arithmetic form to deduce a(n+2) \u2212 a(n) = 2d and then argued that since 2d cannot equal a constant \u03bb, no suitable \u03bb exists. This reasoning is incorrect since the correct approach shows that 2d must equal \u03bb and, under further conditions, \u03bb = 4 works. Thus, the conclusion is wrong."", ""C3"": ""Overall, the solution is incomplete. Both parts are not fully addressed: part (I) lacks a complete proof and part (II) leads to a false conclusion. The answer does not meet the problem\u2019s requirements in logical reasoning or completeness.""}",2788
Math_ShortAns_33,1.0,0,"{""C1"": 0, ""C2"": 0, ""C3"": 0}","{""C1"": ""The answer fails to correctly prove the relation a(n+2) - a(n) = lambda and makes an unsupported claim that the pattern does not hold. The required step-by-step subtraction between the equations is missing."", ""C2"": ""The logical approach is unsound. Instead of using the given recurrence to derive the relation, the answer resorts to simply computing initial terms and then rejecting the pattern without proper justification."", ""C3"": ""The answer is incomplete. It does not correctly address part (I) and fails to properly determine the value of lambda in part (II) for which the sequence would be arithmetic. The provided argument for part (II) is insufficient and contradicts the reference solution.""}",2787
Math_ShortAns_36,1.0,0,"{""C1"": 0, ""C2"": 0, ""C3"": 0}","{""C1"": ""The numerical answers are completely off. The correct probability for part (1) is 0.5, but the student obtained 0.25, and for part (2) the correct answer is 0.1, whereas the student got 0.132."", ""C2"": ""The approach does not correctly reflect the problem's conditions\u2014such as the proper handling of serve alternation and the two winning cases in part (1) \u2014 and the cases for part (2) were incorrectly identified and calculated."", ""C3"": ""The answer is incomplete and based on misinterpretations of the problem structure. The reasoning does not adequately cover all cases required by the problem.""}",2177
Math_ShortAns_37,1.0,0,"{""C1"": 0, ""C2"": 0, ""C3"": 0}","{""C1"": ""The student\u2019s numerical answers are completely off; for part (1) they computed 0.25 instead of the correct 0.5, and for part (2) they derived 0.09 when the correct probability is 0.1 by considering the wrong events."", ""C2"": ""The reasoning is flawed. The student only considered scenarios where only player A wins points, ignoring the possibility that the game can end by either player winning two consecutive points. Their interpretation of the game conditions is incorrect."", ""C3"": ""The answer is incomplete and deviates in approach from the correct solution. The student misapplies the probabilities for the points and fails to consider all necessary cases outlined in the problem, leading to wrong and incomplete answers in both parts.""}",2031
Math_ShortAns_38,1.0,0,"{""C1"": 0, ""C2"": 0, ""C3"": 0}","{""C1"": ""The answers are incorrect. For part (1) the correct probability should be 0.5, but the student obtained 0.3. In part (2) the computed probability of 0.12 is also off compared to the reference answer of 0.1."", ""C2"": ""The logical reasoning is flawed. The student misidentifies the events in both parts and incorrectly applies the probability values, leading to the wrong answers."", ""C3"": ""The solution is incomplete since it does not correctly derive or justify the probabilities based on the problem conditions.""}",2240
Math_ShortAns_41,0.95,4,"{""C1"": 3, ""C2"": 1, ""C3"": 0}","{""C1"": ""For part (1) the student correctly states that B is 60\u00b0 but their derivation is poorly motivated and contains unjustified manipulations. In part (2) the answer is entirely off since the proper process to derive the area range was not followed."", ""C2"": ""The logical steps shown are not rigorous. The student makes an invalid substitution when rewriting the sine terms and then incorrectly assumes a generic area range (0, 0.5) instead of properly applying the sine law and constraints from a proper acute triangle."", ""C3"": ""The answer is not complete. While part (1) eventually gives the correct numerical answer for B, the treatment of part (2) is superficial and omits the necessary derivation entirely, resulting in an incorrect area range.""}",4464
Math_ShortAns_42,1.0,0,"{""C1"": 0, ""C2"": 0, ""C3"": 0}","{""C1"": ""Correctness: The answer is completely incorrect. In part (1), the correct answer is B = 60\u00b0 (pi/3), but the student incorrectly manipulates the angle sum and concludes B might be 90\u00b0. In part (2), the derivation of the area range is entirely off and does not match the given conditions."", ""C2"": ""Logical Reasoning: The student misapplies the sine rules and identities. They unjustifiably claim that A + C = B and use the equality sin(B/2) = sin B, which is false except in special cases. This demonstrates a fundamental misunderstanding of trigonometric properties and triangle relations."", ""C3"": ""Completeness: Both parts of the solution are incomplete. The student does not properly use the angle sum property and the conditions for an acute triangle to determine the correct area range. The final answer does not address the requirements of the question.""}",2602
Math_ShortAns_45,1.0,0,"{""C1"": 0, ""C2"": 0, ""C3"": 0}","{""C1"": ""The answer is incorrect. The student incorrectly concluded that the sequence is not arithmetic, whereas it is."", ""C2"": ""The logical reasoning is flawed. The student stopped at an unjustified assumption about S3 and did not properly derive the formula for a_n."", ""C3"": ""The answer is incomplete, missing the essential derivation and correct use of the condition that \u221aS_n is arithmetic.""}",2253
Math_ShortAns_46,1.0,0,"{""C1"": 0, ""C2"": 0, ""C3"": 0}","{""C1"": ""The final conclusion is incorrect. The reference solution proves that the sequence is arithmetic, not non-arithmetic."", ""C2"": ""The student\u2019s logical reasoning is flawed. They incorrectly assumed values for a3 and derived inconsistent results, rather than using the given property of the transformed sequence."", ""C3"": ""The answer is incomplete. It neither correctly develops nor proves the arithmetic nature of the sequence, and contradicts the problem\u2019s requirement.""}",2023
Math_ShortAns_49,1.0,12,"{""C1"": 4, ""C2"": 4, ""C3"": 4}","{""C1"": ""The student correctly derived the fundamental relation leading to a_n - a_(n-1) = 1, affirming that the sequence is arithmetic with common difference one."", ""C2"": ""The logical progression in subtracting the equations and using the arithmetic sequence property is clear and mirrors the reference solution effectively."", ""C3"": ""The student accurately determined a1, deduced the general term, developed the sum S_n, and identified the minimum value as -78 when n equals 12 or 13, meeting all requirements of the problem.""}",1993
Math_ShortAns_50,0.95,2,"{""C1"": 1, ""C2"": 1, ""C3"": 0}","{""C1"": ""The answer contains several algebraic and conceptual errors. In Part (1) the manipulation of the given equation is incorrect and does not properly show that the difference a[n] - a[n-1] equals 1. In Part (2) the student incorrectly treats d as a free parameter and mistakenly sets d = 0, leading to an incorrect conclusion for the minimal value of S[n]."", ""C2"": ""The logical reasoning is flawed. The student\u2019s approach in both parts is based on unwarranted assumptions without a valid derivation. In Part (1) the transformation does not rigorously lead to proving the arithmetic progression, and in Part (2) the progression conditions are misapplied."", ""C3"": ""The solution is incomplete. Key steps such as the proper subtraction of consecutive equations, the correct determination of a[1] and d from the geometric progression condition, and the subsequent minimization process for S[n] are missing or incorrect.""}",3645
Math_ShortAns_53,1.0,10,"{""C1"": 5, ""C2"": 4, ""C3"": 1}","{""C1"": ""Correctness: The student correctly proves that a_n + b_n is a geometric sequence and a_n - b_n is arithmetic. However, the final formulas for a_n and b_n are completely off. The computed early terms using the recurrences are consistent with the expected values, but the proposed formulas n^2 + 1 and n - 2 do not match the computed values (for instance, a2 should be 7/4, not 5)."", ""C2"": ""Logical Reasoning: The student\u2019s approach in part (1) is valid and the step\u2010by\u2010step summation and subtraction of the recurrences is well justified. In part (2), the student makes an unjustified leap by trying to guess a pattern rather than deriving the formulas from the geometric and arithmetic sequences obtained earlier."", ""C3"": ""Completeness: The answer is incomplete. Part (2) requires explicit derivation of the formulas for a_n and b_n based on the established geometric and arithmetic sequences, but the student only gives a guess that does not satisfy the initial conditions or the recurrence relations.""}",4710
Math_ShortAns_54,1.0,0,"{""C1"": 0, ""C2"": 0, ""C3"": 0}","{""C1"": ""The student\u2019s answer miscomputes the sum c\u2099 and incorrectly derives c\u2099\u208a\u2081, leading to the wrong conclusion regarding the sequence being geometric. The derivation of d\u2099 is also mishandled, as they claim it is geometric while it should be arithmetic."", ""C2"": ""The logical reasoning is flawed. The steps for part (1) do not follow correctly from the given recurrences, and the errors in arithmetic manipulation undermine any further deductions."", ""C3"": ""The answer for part (2) is incomplete and speculative. The attempt to propose a general term for a\u2099 and b\u2099 lacks justification or consistency, and does not match the correct solution.""}",3090
Math_ShortAns_55,0.95,2,"{""C1"": 1, ""C2"": 1, ""C3"": 0}","{""C1"": ""The answer is largely incorrect. In part (1) the student incorrectly computes the recurrence for the sum of the sequences (they obtain c(n+1) = c(n)/2 + 1 instead of the correct c(n+1) = c(n)/2), leading to the wrong conclusion that the sum is not geometric, while the difference part is calculated correctly. In part (2) the final formulas for a(n) and b(n) are entirely off and do not satisfy the initial conditions or the recurrences."", ""C2"": ""The logical steps are flawed. The student makes an arithmetic mistake when combining the recurrences and then attempts an unsupported linear ansatz for the general term. The reasoning does not consistently follow from the given recurrences."", ""C3"": ""The solution is incomplete. The student fails to correctly derive and justify the explicit formulas required in part (2), and the answer obtained does not match the problem conditions.""}",3876
Math_ShortAns_58,0.95,2,"{""C1"": 0, ""C2"": 1, ""C3"": 1}","{""C1"": ""The numerical computations are entirely off. The correlation coefficient was calculated with a mistaken average for the index, leading to the absurd result of about 13.33 instead of approximately -0.18. Also, the computation of the acceptable quality range is wrong."", ""C2"": ""The logical reasoning is severely flawed. The student\u2019s incorrect handling of the index and misinterpretation of the outlier test led to a false conclusion about a systematic trend and whether the production process was abnormal."", ""C3"": ""The answer is incomplete. Although the mean after removing the outlier was coincidentally correct at 10.02, the standard deviation is computed incorrectly (0.15 instead of about 0.09) and many required steps and justifications are missing.""}",4092
Math_ShortAns_59,1.0,12,"{""C1"": 4, ""C2"": 4, ""C3"": 4}","{""C1"": ""The student correctly computed the correlation coefficient as -0.18 and correctly interpreted it against the threshold of 0.25."", ""C2"": ""The step-by-step reasoning for determining the acceptable range and identifying the outlier (13th piece) is logically sound."", ""C3"": ""The solution is complete, addressing both parts of the question, including the recalculation of mean and standard deviation after removing the outlier.""}",2626
Math_ShortAns_60,0.95,4,"{""C1"": 2, ""C2"": 1, ""C3"": 1}","{""C1"": ""The student\u2019s numerical calculations are significantly off. They used an incorrect mean (10.07 instead of 9.97), miscomputed the correlation sum (got -5 versus the correct -2.78) and hence obtained a wrong correlation coefficient. Moreover, the error in handling the variance and standard deviation raises major concerns regarding correctness."", ""C2"": ""The logical reasoning is flawed. The student wrongly computed the mean index (using 8 rather than 8.5) and misjudged the testing range for outliers. This misapplication of the method leads to an incorrect conclusion about both the trend and the presence of anomalies."", ""C3"": ""The answer is incomplete. The student neglected the detection of the outlier (the 13th measurement) and did not correctly recompute the updated estimates after its removal. Key parts of the problem remain unaddressed.""}",3477
Math_ShortAns_63,1.0,0,"{""C1"": 0, ""C2"": 0, ""C3"": 0}","{""C1"": ""In Part (1) the student correctly identified the case x = 2 and the points A and B, but made a calculation error in computing the dot product (2 * (-2) was miscomputed), leading to an erroneous conclusion that OA and OB are not perpendicular. This renders the proof invalid."", ""C2"": ""In Part (2) the student simply stated a circle with center (3,1) and radius \u221a10 without any derivation or justification for the choice of the line l. The method and reasoning to determine the line and corresponding circle are missing, so the answer is incomplete."", ""C3"": """"}",3756
Math_ShortAns_64,0.9,0,"{""C1"": 0, ""C2"": 0, ""C3"": 0}","{""C1"": ""In part (1) the student incorrectly identifies the intersection points. They assumed A and B have coordinates (1, \u221a2) and (1, -\u221a2) without proper justification and in conflict with the line through (2, 0); consequently, the proof that O lies on the circle is flawed."", ""C2"": ""In part (2) the derivation is unsound. The student incorrectly finds the circle\u2019s center and radius, and then introduces a stray line equation. The computations do not follow from the conditions of the problem and are inconsistent with a proper analysis."", ""C3"": """"}",3701
Math_ShortAns_67,1.0,1,"{""C1"": 0, ""C2"": 1, ""C3"": 0}","{""C1"": ""The answer does not yield the correct locus equation or triangle area. The student\u2019s derivation of M\u2019s coordinates and final answers are entirely off from the expected results."", ""C2"": ""There is an attempted use of the circle transformation and substitution into the line equation, but the logical steps contain serious errors and unjustified guesses, leading to an incoherent argument."", ""C3"": ""The solution is incomplete. Many parts, especially the determination of M\u2019s locus and the area of triangle POM, are left unfinished or are handled with arbitrary assertions rather than rigorous deduction.""}",3378
Math_ShortAns_68,0.95,3,"{""C1"": 3, ""C2"": 0, ""C3"": 0}","{""C1"": ""For part (1), the student starts by writing the circle and the line equations correctly and computes a parameterized form for the midpoint M. However, they do not eliminate the parameter to get the required explicit locus (which should be (x - 1)^2 + (y - 3)^2 = 2). This shows only a partial attempt and does not match the reference answer."", ""C2"": ""In part (2), the student miscomputes the distance |OP| (it should be 2\u221a2, not 2) and then assumes a particular coordinate for M, leading to an incorrect line equation and area computation. The logical steps are poorly justified and do not follow the intended reasoning."", ""C3"": ""Overall, both parts lack completeness. Part (1) remains in a parameterized form without proper elimination, and part (2) contains several critical errors that result in an incorrect final answer.""}",3867
Math_ShortAns_71,0.95,8,"{""C1"": 5, ""C2"": 3, ""C3"": 0}","{""C1"": ""The student correctly determined the equation of the ellipse by substituting the given points, arriving at x\u00b2/3 + y\u00b2/4 = 1. Despite some formatting issues, the mathematical work is right."", ""C2"": ""The student only handled the special case where the line through P is vertical (x = 1), finding the points M, N and the equation of HN that passes through (0, -2). However, the problem requires a complete proof that in all cases (including when the line through P has a defined slope) HN always passes through a fixed point. Because the general case is not addressed, the answer is incomplete."", ""C3"": """"}",2773
Math_ShortAns_72,1.0,5,"{""C1"": 5, ""C2"": 0, ""C3"": 0}","{""C1"": ""Part (1) is correct. The student correctly finds the ellipse's equation using the fact that A(0, -2) gives b\u00b2 = 4 and then determines a\u00b2 = 3 from point B. This part is complete and accurate."", ""C2"": ""Part (2) is unsatisfactory. The student merely sets up a line through P but does not carry out the necessary derivations to prove that line HN passes through a fixed point. In addition, the student incorrectly identifies the fixed point as (0, 0) rather than the correct (0, -2) as given in the reference solution. The logical reasoning and analysis required to complete the proof are missing."", ""C3"": """"}",3069
Math_ShortAns_75,0.95,0,"{""C1"": 0, ""C2"": 0, ""C3"": 0}","{""C1"": ""The answer for part (1) is completely incorrect. The student misapplied the given points, obtained a nonsensical result (b^2 = 0), and then arbitrarily chose a = 5 and b = 3, leading to an ellipse equation that does not match the requirement. The correct computation should yield a^2 = 4 and b^2 = 1."", ""C2"": ""The reasoning in part (2) is extremely vague. There is no proper derivation or manipulation to show that the line I always passes through a fixed point. The student merely claims an isosceles triangle exists and that a fixed point can be deduced without any convincing algebraic or geometric arguments."", ""C3"": ""The solution is incomplete. Both parts lack the necessary detail and correct logical steps. The answer neither correctly identifies the three points on the ellipse nor adequately proves the required property for the intersection of the line I with the ellipse.""}",3454
Math_ShortAns_76,0.9,6,"{""C1"": 4, ""C2"": 1, ""C3"": 1}","{""C1"": ""The ellipse equation in part (1) turns out correct, but the student\u2019s derivation is flawed because they improperly assumed that point P1 is on the ellipse. In part (2) the final result is stated without a valid justification, so the correctness overall is weak."", ""C2"": ""The logical steps, especially in part (2), are very incomplete. The student set up the line in a way that forces it to pass through P2 (which is forbidden) and did not develop a convincing argument to show the fixed point property."", ""C3"": ""The answer is incomplete. Although part (1) eventually produces the right ellipse, key justifications and the clear demonstration required in part (2) are missing.""}",5496
Math_ShortAns_77,0.95,8,"{""C1"": 6, ""C2"": 2, ""C3"": 0}","{""C1"": ""The student correctly identified which three points lie on the ellipse and properly substituted two of them to determine a\u00b2 = 4 and b\u00b2 = 1, arriving at the correct ellipse equation."", ""C2"": ""The approach for part (2) is only sketched. While the student outlines considering the vertical line case and then the general case y = kx + t, they do not carry out the necessary algebraic details to show that the condition on the slopes forces the line to pass through the fixed point (2, -1). The explanation is incomplete and lacks rigorous justification."", ""C3"": """"}",3798
Math_ShortAns_80,0.95,6,"{""C1"": 6, ""C2"": 0, ""C3"": 0}","{""C1"": ""In part (1) the student recognizes that when a = 0 the logarithm is negative for \u20131 < x < 0 and positive for x > 0, so that (2+x) ln(1+x) has the appropriate sign and with \u20132x the conclusion is reached. Although the explanation is informal and lacks rigorous justification via derivatives, the idea is acceptable for this part."", ""C2"": ""In part (2) the student incorrectly argues that f\u2032(0)=0 for any a and then arbitrarily selects a=1. They fail completely to analyze the necessary conditions (for instance by examining higher derivatives or studying the full behavior of f\u2032) to ensure that x = 0 is a local maximum. The correct requirement leads to a = \u20131/6, so this part of the answer is not only incomplete but entirely wrong."", ""C3"": """"}",3554
Math_ShortAns_81,0.9,3,"{""C1"": 3, ""C2"": 0, ""C3"": 0}","{""C1"": ""In part (1) you correctly noted that ln(1+x) is negative when x is between -1 and 0, which leads to f(x) being negative in that range. However, your argument for x > 0 is flawed. Although ln(1+x) and (2+x) are positive when x > 0, you failed to show that the positive contribution of (2+x) ln(1+x) outweighs the negative term -2x. The correct conclusion should be f(x) > 0 for x > 0, so your reasoning there is incorrect."", ""C2"": ""In part (2) you attempted to compute the derivative and check the behavior at x = 0, but the derivative you wrote down is not correctly obtained from the given f(x). Moreover, you did not perform the necessary analysis (such as evaluating f''(0) or other criteria) to determine the specific value of a that makes x = 0 a maximum. Concluding that a can take any value is incorrect."", ""C3"": ""Overall, your solution is incomplete. The key steps of properly analyzing the sign changes by using derivatives and determining the parameter a for a maximum at x = 0 are missing or misapplied. The answer does not demonstrate the required logical reasoning or completeness to solve the problem.""}",3880
Math_ShortAns_84,0.95,4,"{""C1"": 2, ""C2"": 1, ""C3"": 1}","{""C1"": ""The student\u2019s answer contains significant errors in computing the derivative. Instead of getting f\u2032(x) = 1/x + 2ax + (2a + 1), the student incorrectly differentiated ax\u00b2 as ax\u00b2 and then reached an incorrect conclusion that f\u2032(x) is always negative. This major computational error undermines the solution."", ""C2"": ""The logical reasoning is flawed. The student tries to find a zero of the derivative and concludes that there are no solutions, thus incorrectly asserting that the function is strictly decreasing, without properly considering the role of the parameter a and the domain. Their approach for both parts lacks proper justification."", ""C3"": ""The answer is incomplete. In part (2) the student only examines the value at x = 1, which is unrelated to the critical point that gives the maximum (namely, x = -1/(2a) for a < 0), and the transformation needed to prove the required inequality is completely missing.""}",3020
Math_ShortAns_85,1.0,12,"{""C1"": 6, ""C2"": 6, ""C3"": 0}","{""C1"": ""Your analysis for the monotonicity part is correct. You properly derived the derivative and discussed the three cases (a = 0, a > 0, a < 0) showing the correct behavior of the function on the given domain."", ""C2"": ""The proof of the inequality is complete. You identified the maximum point correctly, transformed the inequality appropriately using the substitution t = -1/a, and used the derivative of the auxiliary function to show that the maximum value achieves the desired bound."", ""C3"": """"}",3347
Math_ShortAns_86,0.95,2,"{""C1"": 1, ""C2"": 1, ""C3"": 0}","{""C1"": ""The derivative was correctly computed algebraically, but the student\u2019s subsequent manipulation is erroneous. In particular, the claim that the discriminant is always negative is incorrect, which undermines the correctness of the monotonicity analysis."", ""C2"": ""The logical reasoning is seriously flawed. Instead of considering the three distinct cases (a = 0, a > 0, a < 0), the student incorrectly concludes that the derivative is always positive. This error carries over into part (2), where the approach is not properly set up to establish the required inequality."", ""C3"": ""The answer lacks completeness. For part (1) the student fails to address the sign changes of the derivative for a < 0, and for part (2) the entire proof of the inequality is missing. Therefore, the response does not meet the problem requirements.""}",3570
Math_ShortAns_89,0.95,3,"{""C1"": 2, ""C2"": 1, ""C3"": 0}","{""C1"": ""For part (I), the student correctly computed the derivative at 0 to get m = 1 and identified the domain, but did not fully analyze the derivative to determine the monotonicity."", ""C2"": ""The logical reasoning is very skeletal. Although the student outlined that further analysis of f'(x) was needed and mentioned the idea of proving the m = 2 case for part (II), no actual details or justification were provided."", ""C3"": ""The answer is incomplete. The student\u2019s response stops before addressing the complete discussion of monotonicity in part (I) and does not provide any proof or further steps for part (II), resulting in an overall insufficient answer.""}",3174
Math_ShortAns_90,1.0,3,"{""C1"": 1, ""C2"": 1, ""C3"": 1}","{""C1"": ""For part I the student correctly found m = 1, but the rest of the derivative work is incorrect. They do not correctly derive the sign changes of f\u2032(x) and instead claim that the function might be increasing on (\u2013\u221e, 0) without proper justification."", ""C2"": ""The logical reasoning is weak. The monotonicity analysis does not follow logically from the derivative; the student fails to identify the correct intervals by using a proper auxiliary function or sign analysis. Also, in part II the jump from evaluating f(0) to concluding f(x) > 0 is unjustified."", ""C3"": ""The answer is incomplete. While the first step is partly correct, the student did not discuss the correct monotonicity intervals (decreasing on (\u20131, 0) and increasing on (0, \u221e)) and did not provide the required rigorous proof that f(x) > 0 for m \u2264 2. The justification for part II is essentially missing.""}",3604
Math_ShortAns_93,0.95,4,"{""C1"": 2, ""C2"": 1, ""C3"": 1}","{""C1"": ""The answer shows a few numerical verifications for part (1) but does not rigorously prove the monotonicity over the whole interval. In part (2), the student misinterprets the condition and obtains an incorrect value for a."", ""C2"": ""The logical reasoning is weak. The student only checks a few points and uses the derivative at x=0 to make a broad claim in part (1), and in part (2) they mistakenly focus on f'(x) instead of analyzing the zeros of f(x)."", ""C3"": ""The answer is incomplete. Part (1) lacks a full discussion using derivative analysis, and part (2) fails entirely to apply the correct method to find the unique zero condition, leading to the wrong final answer.""}",4054
Math_ShortAns_94,1.0,3,"{""C1"": 2, ""C2"": 1, ""C3"": 0}","{""C1"": ""The student\u2019s answer shows a very limited grasp of the problem. For part (1), merely checking the function at x = 0, 1, and 2 does not constitute a complete proof that f(x) \u2265 1 for all x \u2265 0. In part (2), the answer is entirely off target; the student misapplies derivative reasoning and incorrectly concludes that larger a values (e.g., 3 or 4) might be appropriate. The correct parameter should be a = e^2/4."", ""C2"": ""The logical reasoning is flawed. Instead of analyzing the monotonicity of f(x) or the associated function G(x) correctly, the student relies on isolated numerical evaluations and an incorrect claim that e^x tends toward zero for large x. This error undermines the entire argument."", ""C3"": ""The answer is incomplete. The student neither rigorously proves the required inequality for part (1) nor provides a correct derivation or justification for determining a in part (2). Key steps (such as proper derivative analysis and discussion of critical points) are missing.""}",4118
Math_ShortAns_95,0.95,5,"{""C1"": 2, ""C2"": 2, ""C3"": 1}","{""C1"": ""Correctness: In part (1) the student correctly identified f(0)=1 and the idea that e^x grows faster than x^2, but the reasoning is not fully rigorous (they did not clearly show that f\u2032(x)= e^x \u2013 2x stays positive on [0, \u221e)). In part (2) the answer is completely off because the student\u2019s argument leads to a = 1/2 instead of the correct value e^2/4."", ""C2"": ""Logical reasoning: The reasoning for part (1) is very informal and incomplete; it does not provide a detailed derivative analysis or a discussion of the minimum of the derivative as in the reference solution. Part (2) shows a misunderstanding of the method to find the unique zero, as the explanation invoking the derivative fails to correctly analyze the function's behavior."", ""C3"": ""Completeness: The student\u2019s answer for part (1) only gives a sketchy verification and fails to fully justify monotonicity, while part (2) completely omits the proper analysis by not considering the behavior of the related function or finding the critical value a = e^2/4. Overall, a significant portion of the solution (part (2)) is missing or incorrect.""}",4418
Math_ShortAns_98,0.95,6,"{""C1"": 4, ""C2"": 2, ""C3"": 0}","{""C1"": ""The answer for part (1) is correct (a = 1) but part (2) is incorrect since the student erroneously approximates the product and concludes that m = 2 instead of m = 3."", ""C2"": ""The reasoning in part (1) is rather superficial; while the border case at x = 1 is noted, the limit behavior analysis is misleading. In part (2) the estimation mistakenly simplifies the product to 1 due to inappropriate approximations and an incorrect interpretation of the behavior of the product."", ""C3"": ""The solution is incomplete. Although part (1) obtains the right answer, the lack of correct derivation and comprehensive justification in part (2) results in a significant omission of required analysis.""}",3804
Math_ShortAns_99,1.0,0,"{""C1"": 0, ""C2"": 0, ""C3"": 0}","{""C1"": ""The answer for part (1) is incorrect. The correct value of a is 1, but the student concluded a = -1. Similarly, for part (2), the student\u2019s reasoning is flawed and led to the wrong answer."", ""C2"": ""The logical reasoning is unsound. In part (1), the student mixes up sign implications and fails to find the minimum of f(x). In part (2), the student misinterprets the product and incorrectly states that it tends to 0."", ""C3"": ""The solution is incomplete, as neither part addresses the proper analysis or correct computation. Both parts fail to meet the requirements of the problem.""}",2444
Math_ShortAns_100,0.95,12,"{""C1"": 6, ""C2"": 4, ""C3"": 2}","{""C1"": ""The answer to part (1) is completely correct and the analysis is in complete agreement with the reference solution. In part (2) the derivation is essentially correct."", ""C2"": ""The logical reasoning and use of derivative analysis in part (1) are sound. In part (2) the student correctly shows that the product is bounded by e and greater than 2, but the final step comparing with m is only implicit."", ""C3"": ""The answer is largely complete; however, in part (2) the student fails to explicitly state the minimal integer m = 3. This omission affects completeness.""}",3232
Math_ShortAns_103,1.0,0,"{""C1"": 0, ""C2"": 0, ""C3"": 0}","{""C1"": ""The derivative is computed incorrectly. The student omitted the ln x term, leading to a false derivative expression and an incorrect conclusion on the function\u2019s monotonicity."", ""C2"": ""The student miscomputed the function values at key points (for example, f(1) is incorrectly calculated) and thus fails to correctly argue the existence of a unique extremum."", ""C3"": ""Because of the errors in computing the derivative and in the evaluation of f(x), the conclusion about the number and reciprocal relationship of the roots is completely unsupported.""}",2262
Math_ShortAns_104,0.95,12,"{""C1"": 4, ""C2"": 4, ""C3"": 4}","{""C1"": ""Correctness: The student correctly identifies the domain, takes the derivative, and uses the monotonicity as well as the relationship between the roots to conclude that f(x)=0 has exactly two real roots that are reciprocals. The mathematical claims are correct."", ""C2"": ""Logical reasoning: The answer follows the logical structure needed to prove the result. It first establishes the existence and uniqueness of the critical point, then uses it to split the domain and prove the existence of two distinct roots that are reciprocals. The reasoning is clear."", ""C3"": ""Completeness: The student\u2019s answer touches on all required parts of the proof, including the analysis of the derivative and the conclusion on the roots. Although the answer is succinct and omits some computational details seen in the reference solution, it still sufficiently covers the key steps.""}",2110
Math_ShortAns_105,0.9,7,"{""C1"": 5, ""C2"": 1, ""C3"": 1}","{""C1"": ""For part (1) the student correctly computes the derivative and notes its monotonicity, which is essential to prove the uniqueness of the extreme point. However, there is a minor error when computing f(1) (they obtained \u20131 instead of \u20132)."", ""C2"": ""The logical reasoning in part (2) is flawed. The student shows some sign checking (e.g. f(2) and f(3) are negative and f(0.5) is positive) but fails to properly locate a sign change for a root greater than 1. In addition, the crucial step showing that the two roots are reciprocals is missing."", ""C3"": ""The answer is incomplete. While part (1) is nearly complete despite the minor arithmetic slip, part (2) lacks both a correct demonstration of the existence of the second root and the argument that the two roots are mutual inverses.""}",3733
Math_ShortAns_108,1.0,0,"{""C1"": 0, ""C2"": 0, ""C3"": 0}","{""C1"": ""The answer for part (1) is incorrect. Instead of showing that f(1)=e+1-a \u2265 0 and concluding a \u2264 e+1, the student wrongly states a \u2265 e+1 and then concludes a range of [0, +\u221e), which is completely mistaken."", ""C2"": ""For part (2), the student\u2019s reasoning is flawed. The assumption that both roots lie in [1,2] has no basis in the analysis of f(x), and the subsequent calculation leading to x1*x2 > 1 contradicts the required proof."", ""C3"": ""Overall, the solution is incomplete and does not address the key steps from the official solution. Both parts lack the correct logical deductions and rigorous argumentation needed to fully answer the problem.""}",3159
Math_ShortAns_109,0.95,7,"{""C1"": 5, ""C2"": 2, ""C3"": 0}","{""C1"": ""The student correctly identified the domain, derived the derivative, and properly concluded that f(1) = e + 1 - a, leading to a <= e + 1. This part fully matches the reference solution."", ""C2"": ""The answer for the second part is incomplete, with several typographical and structural errors. The attempt to show the inequality is only partially developed and fails to rigorously prove that x1x2 < 1 as required."", ""C3"": """"}",3536
Math_ShortAns_112,0.95,10,"{""C1"": 6, ""C2"": 4, ""C3"": 0}","{""C1"": ""For part (1) the student correctly identified the focus, set up the condition |MF| = p + p/2 = 3 and deduced p = 2, thereby obtaining the correct equation y^2 = 4x. The explanation is brief but adequate."", ""C2"": ""For part (2) the student correctly stated the final answer (line AB: x = \u221a2 y + 4) and mentioned the key steps (using coordinate representations, applying Vieta\u2019s formulas, and the tangent difference formula). However, the derivation is very sketchy and lacks enough detailed reasoning to show how the maximum of a \u2013 \u03b2 is obtained. In a strict evaluation, this incomplete explanation warrants a deduction even though the final answer is correct."", ""C3"": """"}",3466
Math_ShortAns_113,0.9,2,"{""C1"": 1, ""C2"": 1, ""C3"": 0}","{""C1"": ""The answer for part (1) is incorrect. The student misinterprets the geometric condition by equating the horizontal distance from M to the focus with 3 instead of properly using |MF| = p + p/2 to deduce p = 2. The student leaves the parabola in its original form rather than simplifying to y\u00b2 = 4x."", ""C2"": ""The logical reasoning is very unclear. The student sets up cases and relationships that are not justified, and the treatment of the intersections of the lines with the parabola is confusing and misleading."", ""C3"": ""The answer is incomplete. For part (2), there is no derivation of the required final equation of the line AB. The response does not correctly use the given conditions nor does it establish the necessary relationships between the slopes.""}",3638
Math_ShortAns_114,1.0,0,"{""C1"": 0, ""C2"": 0, ""C3"": 0}","{""C1"": ""The answer to part (1) is incorrect. The student misidentifies the focus (confusing F with D) and sets up an erroneous distance condition. They do not deduce that p must equal 2, nor do they obtain the proper equation y\u00b2 = 4x."", ""C2"": ""The work for part (2) shows no clear logical progression. The student improperly handles the vertical line condition, misdefines slopes and fails to properly apply any of the expected methods. The final answer given (line y = 0) does not match the correct derivation."", ""C3"": ""Overall, the answer is incomplete and lacks the necessary correct details. Both parts demonstrate conceptual misunderstandings and computational errors, leading to an entirely incorrect solution.""}",3222
Math_ShortAns_117,0.95,3,"{""C1"": 2, ""C2"": 1, ""C3"": 0}","{""C1"": ""The answer fails to determine the specific values for f(0) and f'(1) and leaves the function in terms of arbitrary constants k and c. Consequently, the explicit form f(x) = e^x - x + 1/2 x\u00b2 is never obtained. Also, the derivative analysis is incomplete and incorrect since the monotonic intervals should show a decreasing part for x < 0 and an increasing part for x > 0."", ""C2"": ""The student\u2019s logical reasoning is weak. Instead of using the given conditions (such as setting x = 1 and x = 0) to compute k and c, the answer merely restates the original equation. The faulty assumption that f'(x) > 0 for all x > 0 without proper justification undermines the reasoning."", ""C3"": ""The solution for part (2) is essentially missing. The student incorrectly concludes that (a+1)b has maximum -1 with no derivation or proper analysis of the inequality. This part is completely incomplete relative to the reference solution, which finds a maximum of e/2.""}",2757
Math_ShortAns_118,0.95,2,"{""C1"": 0, ""C2"": 1, ""C3"": 1}","{""C1"": ""The answer does not provide the explicit final expressions required (such as f(x) = e^x - x + 1/2 x^2 and the computed maximum value of (a+1)b). It only outlines a procedure without showing any concrete calculations or results."", ""C2"": ""The student describes a general method \u2013 differentiating, substituting x = 1, and transforming the inequality \u2013 but fails to actually execute these steps to arrive at a valid solution."", ""C3"": ""The answer is incomplete overall. Important details, final expressions, and verification of monotonicity, as well as the complete analysis for part (2), are missing.""}",2805
Math_ShortAns_121,1.0,0,"{""C1"": 0, ""C2"": 0, ""C3"": 0}","{""C1"": ""In Part I, the student correctly computed the derivative f'(x) but then wrongly claimed it is always positive and deduced that f is decreasing, whereas in fact f'(0) = 0 and f is increasing. This mistake in sign completely undermines the solution."", ""C2"": ""For Part II, the student wrote down the expressions for f(2x) and g(x) but provided no correct reasoning or calculations to determine b. The conclusion that the maximum b is 0 is unfounded and contradicts the required condition g(x) > 0 for x > 0."", ""C3"": ""In Part III, the student\u2019s estimation of ln 2 as around 2 (or 2.1) is entirely off. Instead of using the provided approximation of sqrt(2) to estimate ln 2, the student\u2019s approach is incorrect and does not align with the required precision.""}",3204
Math_ShortAns_122,0.95,4,"{""C1"": 2, ""C2"": 1, ""C3"": 1}","{""C1"": ""The answer shows major errors in the computation of the derivative in part (I) (using a wrong sign) and does not correctly determine monotonicity. In part (II), while the final answer b = 2 is given by assumption, no proper justification is provided. Part (III) gives the correct numerical value but with an unclear method."", ""C2"": ""The logical reasoning is weak. The solution for part (I) incorrectly concludes the derivative's sign, and the discussion in part (II) lacks a systematic argument. The estimation in part (III) is more a guess than a supported derivation."", ""C3"": ""The response is incomplete. Key steps and detailed computations are missing for all parts, especially the rigorous arguments required to show b = 2 and to justify the estimation of ln 2.""}",3609
Math_ShortAns_125,0.95,1,"{""C1"": 1, ""C2"": 0, ""C3"": 0}","{""C1"": ""Part (1) starts off by writing the derivative correctly but then concludes without a proper sign analysis. The claim that the function is monotonic decreasing over (0, \u03c0) is plainly false given the known critical points at \u03c0/3 and 2\u03c0/3."", ""C2"": ""For part (2) the student attempts to rewrite the function but then incorrectly identifies the maximum at x = \u03c0/4. This is not the point where |f(x)| attains its maximum. The argument does not justify the given bound of (3\u221a3)/8."", ""C3"": ""In part (3) the approach is oversimplified. The student merely uses the trivial bound sin^2(2^k x) \u2264 1 to conclude the product is \u2264 1, which does not prove the sharper bound of (3/4)^n. The necessary transformation and use of part (2)\u2019s result is entirely missing.""}",4642
Math_ShortAns_126,1.0,2,"{""C1"": 0, ""C2"": 2, ""C3"": 0}","{""C1"": ""For part (1), the student derived an expression for f'(x) that is incomplete and incorrectly analyzed the sign changes. The student wrongly claimed that sin\u00b2x can be negative and concluded that f(x) is increasing on (0, \u03c0), which contradicts the correct analysis showing it increases then decreases then increases."", ""C2"": ""In part (2), although the student obtained the correct numerical bound 3\u221a3/8 for |f(x)|, the reasoning was flawed. The maximum was incorrectly located at \u03c0/6 rather than at \u03c0/3 or 2\u03c0/3, and critical details about periodicity and proper verification were missing."", ""C3"": ""For part (3), the student simply used the trivial bound sin\u00b2(2^k x) \u2264 1, resulting in the conclusion that the product is \u2264 1, which does not match the required inequality. The answer lacks the necessary transformation and use of the earlier parts to correctly scale and prove the desired bound.""}",4020
Math_ShortAns_127,0.95,0,"{""C1"": 0, ""C2"": 0, ""C3"": 0}","{""C1"": ""The answer\u2019s correctness is entirely flawed. In part (1) the student incorrectly computed and interpreted the derivative, falsely claiming the function is monotonically increasing without proper analysis. Parts (2) and (3) also do not obtain the correct maximum value or provide the correct transformation needed for the inequality."", ""C2"": ""The reasoning is unsound throughout. The derivative is miscalculated and misinterpreted in part (1), the bound in part (2) is based on an oversimplification, and in part (3) the argument merely substitutes an inequality without addressing the structure of the product."", ""C3"": ""The answer is incomplete. It lacks necessary detailed steps and proper justifications as shown in the model solution. None of the three parts meets the required standard for a complete solution.""}",3478
Math_ShortAns_130,1.0,3,"{""C1"": 3, ""C2"": 0, ""C3"": 0}","{""C1"": ""The student correctly derived the intermediate transformation from polar to Cartesian form (obtaining x\u00b2 + y\u00b2 = 2\u221a2 x) but stopped there without completing the square to show the circle's center and radius. This omission leaves the answer incomplete."", ""C2"": ""The student did not derive a correct or general parameterization for point P. Instead of following the vector relation to express P in terms of the parameter \u03b8, they made an arbitrary assumption and did not provide a complete derivation for the locus C1 or a proper determination of the existence of intersection points between C and C1."", ""C3"": """"}",2567
Math_ShortAns_131,0.95,3,"{""C1"": 2, ""C2"": 1, ""C3"": 0}","{""C1"": ""Part (1) attempts to convert the polar equation to a Cartesian form but contains significant calculation errors. The student incorrectly squares and misapplies the substitution, leading to wrong coefficients and a wrong form of the circle. The correct approach involves obtaining x\u00b2 + y\u00b2 = 2\u221a2 x and completing the square."", ""C2"": ""Part (2) has an unclear method for finding the locus of P. The student did not correctly derive the parameter equations from the vector relationship and misinterpreted the relation between the circles. The final conclusion\u2014that the curves have common points\u2014is incorrect according to the proper analysis."", ""C3"": """"}",2502
Math_ShortAns_134,1.0,0,"{""C1"": 0, ""C2"": 0, ""C3"": 0}","{""C1"": """", ""C2"": """", ""C3"": """"}",2314
Math_ShortAns_135,1.0,10,"{""C1"": 5, ""C2"": 5, ""C3"": 0}","{""C1"": ""The student correctly eliminated the parameters to produce the standard equations x+y=4 for the first curve and x^2-y^2=4 for the second curve."", ""C2"": ""Even though the working details were sketched rather than fully displayed, the student correctly determined the intersection point and derived the polar equation \u03c1 = (17/5) cos \u03b8 for the circle, which is in full agreement with the reference solution."", ""C3"": """"}",1932
Math_ShortAns_138,0.95,2,"{""C1"": 2, ""C2"": 0, ""C3"": 0}","{""C1"": ""The conversion for the first curve is correct. The student correctly eliminated the parameter and obtained x + y = 4."", ""C2"": ""The elimination for the second curve is attempted but not completed. The reference answer shows that the proper elimination leads to x^2 - y^2 = 4, which the student did not achieve."", ""C3"": """"}",3209
Math_ShortAns_139,0.95,4,"{""C1"": 4, ""C2"": 0, ""C3"": 0}","{""C1"": ""The student correctly converted both parametric equations into their Cartesian forms: x+y=4 for C1 and x\u00b2-y\u00b2=4 for C2. This part is correct."", ""C2"": ""The student\u2019s work on the second part is incorrect. They incorrectly solved for the intersection point P, obtaining extraneous points (4, 0) and (3, 1) rather than the unique correct intersection (5/2, 3/2). Moreover, the derivation of the circle\u2019s equation is not properly executed. The final polar equation provided is unjustified and does not match the correct result."", ""C3"": """"}",2586
Math_ShortAns_142,1.0,0,"{""C1"": 0, ""C2"": 0, ""C3"": 0}","{""C1"": ""The student\u2019s answer is mathematically incorrect. In part (1), setting a = b = c, they miscompute a and obtain abc = 1/27, then claim abc must be greater than or equal to 1/9, which directly contradicts the correct result."", ""C2"": ""The logical steps are flawed. Instead of using the mean inequality correctly, the student misapplies the equalities and incorrectly reverses the inequality signs, showing a misunderstanding of the method required."", ""C3"": ""The answer is incomplete and does not follow the proper proof structure. Both parts are wrongly derived, and the final conclusions are opposite to the intended inequalities.""}",2328
Math_ShortAns_143,1.0,0,"{""C1"": 0, ""C2"": 0, ""C3"": 0}","{""C1"": ""Part (1) is completely incorrect. The student misapplies the AM-GM inequality and derives a wrong bound (1/8 or 1/3) instead of the correct result 1/9. The reasoning is confused and fails to correctly use the condition given."", ""C2"": ""Part (2) shows a similarly confused approach. The student manipulates the expressions arbitrarily and concludes an inequality that is not equivalent to the one required. There is no logical or rigorous proof provided; the result quoted (1/3) is not in line with the correct inequality."", ""C3"": """"}",2129
Math_ShortAns_144,1.0,30,"{""C1"": 10, ""C2"": 10, ""C3"": 10}","{""C1"": ""The answer correctly applies the AM-GM inequality to obtain (abc)^(1/2) \u2264 1/3 and hence abc \u2264 1/9, matching the reference solution."", ""C2"": ""The logical reasoning is sound, using proper lower bound estimates for sums in part (2) and arriving at the intended inequality without error."", ""C3"": ""The solution is complete for both parts, including demonstration of the equality conditions, and mirrors the provided reference solution exactly.""}",2706
Math_ShortAns_145,0.95,0,"{""C1"": 0, ""C2"": 0, ""C3"": 0}","{""C1"": ""For part (1), the student misapplied the AM-GM inequality by using the cube root instead of the proper exponent, which led to the incorrect bound (1/27 instead of 1/9)."", ""C2"": ""The logical reasoning is flawed: the student\u2019s steps in part (1) contain a critical error and in part (2) the method is confused and inconsistent, not following a valid chain of inequalities."", ""C3"": ""The solution is incomplete. Both parts fail to correctly demonstrate the required inequalities, and the reasoning does not arrive at the claimed results.""}",2515
Math_ShortAns_148,0.95,5,"{""C1"": 5, ""C2"": 0, ""C3"": 0}","{""C1"": ""Part (1) is correctly handled. The student correctly applies an inequality (though they casually call it the triangle inequality instead of the Cauchy\u2013Schwarz inequality) and obtains a+b+2c \u2264 3 as required."", ""C2"": ""Part (2) is completely flawed. After substituting b = 2c, the proper approach is to use the result of part (1) along with a weighted inequality to deduce 1/a + 1/c \u2265 3. Instead, the student incorrectly transforms the equation, and their subsequent reasoning fails to establish the inequality. The conclusion that the inequality is false is incorrect according to the provided correct solution."", ""C3"": """"}",3644
Math_ShortAns_149,0.95,5,"{""C1"": 3, ""C2"": 2, ""C3"": 0}","{""C1"": ""For correctness, the student correctly proves part (1), but in part (2) the derivation is erroneous. After substituting b = 2c, the student mismanages the inequality manipulation and concludes that 1/a + 1/c < 3, contradicting the given result."", ""C2"": ""The logical reasoning in part (1) is acceptable using the rms-am inequality. However, in part (2) the student\u2019s approach becomes unclear and deviates from the proper strategy (using weighted AM-HM or Cauchy inequality); the attempt fails to logically reach the required conclusion."", ""C3"": ""The answer is incomplete because it does not correctly address part (2). Although part (1) is fully solved, the incomplete and wrong treatment of part (2) means the student does not entirely answer the question.""}",3751
Math_ShortAns_150,1.0,0,"{""C1"": 0, ""C2"": 0, ""C3"": 0}","{""C1"": ""The answer did not establish the correct inequality for part (1) since the student applied Cauchy-Schwarz with the wrong coefficients and ended up with a bound (4.24) that is far off the correct answer (3)."", ""C2"": ""The logical reasoning is flawed. The student\u2019s attempt does not follow through with a proper justification for either part and includes computational errors leading to an impossible scenario."", ""C3"": ""The solution is incomplete as neither part reaches the correct result. The student fails to use the correct approach or any valid alternative method to reach the desired conclusions.""}",2205
Math_ShortAns_153,0.9,4,"{""C1"": 2, ""C2"": 1, ""C3"": 1}","{""C1"": ""The answer shows an attempt to use factorizations and substitutions, but it fails to correctly derive (a+b)(a^5+b^5) \u2265 4. In addition, the handling of the relevant identities is confused and leads to an incorrect final claim in part (2)."", ""C2"": ""The logical reasoning is very unclear. The student makes unfounded substitutions (mixing up the roles of s = a+b and p = ab), writes down formulas without proper justification, and even uses an approach that seems to check only the special case a = b = 1 rather than a general proof."", ""C3"": ""The solution is far from complete. It omits many necessary steps and fails to rigorously prove both parts. Furthermore, it contradicts the required outcome in part (2) by implying a+b might be \u22652 instead of \u22642.""}",2899
Math_ShortAns_154,0.9,5,"{""C1"": 2, ""C2"": 2, ""C3"": 1}","{""C1"": ""The answer attempts to derive relations using algebraic identities, but the factorization for a^5+b^5 is incorrect and the connection with the desired inequality is not rigorously established."", ""C2"": ""The logical flow is weak. The student introduces variables and relations but does not complete the inequality proof in part (1) and simply asserts the result in part (2) without a clear justification."", ""C3"": ""The answer is incomplete since it does not fully prove the two required inequalities in a rigorous fashion and relies on unsound manipulations.""}",3214
Math_ShortAns_155,0.9,4,"{""C1"": 2, ""C2"": 1, ""C3"": 1}","{""C1"": ""The answer employs an incorrect and unjustified formula for a^5 + b^5. The use of algebraic identities is mishandled and does not accurately reproduce the intended transformation. Standard approaches (for example using the Cauchy inequality as in the reference) are missing."", ""C2"": ""The logical flow is very vague. The derivation for (a+b)(a^5+b^5) is not properly continued to establish the lower bound, and the argument for a+b \u2264 2 is not made rigorous. Key steps in the reasoning are skipped or based on unjustified assumptions."", ""C3"": ""The solution is incomplete. While some attempts are made to rewrite expressions in terms of s = a+b and p = ab, neither part is fully proved. The answer does not provide the comprehensive, rigorous argument required for full marks.""}",3605
Math_ShortAns_158,0.9,6,"{""C1"": 3, ""C2"": 2, ""C3"": 1}","{""C1"": ""While the student correctly verifies the equality case (a = b = 1) and states the final results, the answer does not rigorously prove the inequality for all positive a and b. The derivation for a^5 + b^5 is not well supported."", ""C2"": ""The logical reasoning attempts to use symmetry and substitution by introducing s = a + b and p = ab, but the steps are muddled and incomplete. The argument relying on plugging in numbers does not substitute a proper algebraic proof."", ""C3"": ""The solution is incomplete. Key parts of the proof, especially the justification using Cauchy\u2019s inequality or mean inequalities, are missing. The transformation from a^3 + b^3 to the inequality condition for a + b is not sufficiently detailed for a full solution.""}",2847
Math_ShortAns_159,0.95,2,"{""C1"": 1, ""C2"": 1, ""C3"": 0}","{""C1"": ""The answer misapplies the approach and only checks the equality case a = b = 1 rather than proving the inequality for all a, b. This results in an incorrect conclusion for the first part."", ""C2"": ""The logical reasoning is flawed. In part (2) the student\u2019s argument is unclear and contradicts the expected result by suggesting that a + b might exceed 2 without a proper justification."", ""C3"": ""The solution is incomplete. It does not provide a complete, general proof using the given condition and fails to demonstrate the general case for both inequalities.""}",2729
Math_ShortAns_162,1.0,0,"{""C1"": 0, ""C2"": 0, ""C3"": 0}","{""C1"": ""The student\u2019s answer for part (1) is completely incorrect. They incorrectly solved the inequality in each interval, obtaining an incorrect union of solutions ([-2, 2]) instead of the proper answer [-1, (sqrt(17)-1)/2]. In part (2), they erroneously conclude that a can be any real number, while the correct answer is a in [-1, 1]."", ""C2"": ""The logical steps used in setting up the inequalities are flawed. The student misapplies the piecewise definitions of g(x) by not respecting the proper interval conditions, leading to incorrect solutions in each case."", ""C3"": ""The overall solution is incomplete, as neither the case-by-case analysis nor the final answer for either part aligns with the reference answer. Critical checks on the boundary conditions and intervals are missing.""}",2767
Math_ShortAns_163,1.0,10,"{""C1"": 4, ""C2"": 3, ""C3"": 3}","{""C1"": ""The student correctly computed f(x) and g(x) and accurately determined the solution intervals for both parts. The piecewise definitions were properly applied."", ""C2"": ""The reasoning is logically sound with a clear case analysis based on the domain of x and the behavior of f(x) and g(x)."", ""C3"": ""The solution is complete as it addresses both parts of the question fully and arrives at the correct parameter range for a.""}",2922
Math_ShortAns_166,1.0,0,"{""C1"": 0, ""C2"": 0, ""C3"": 0}","{""C1"": ""The student\u2019s answer for converting C1 to polar form is incorrect. Instead of eliminating the parameter and arriving at the correct polar equation rho^2 - 8 rho cos theta - 10 rho sin theta + 16 = 0, the student incorrectly claimed the form rho = 4 + 5 cos theta based solely on the circle's center and radius. This shows a misunderstanding of how to convert the entire equation into polar form."", ""C2"": ""For the intersection points, the student wrongly substituted and simplified to get 5 cos theta = -2 sin theta + 4, which led to a single solution tan theta = -5/2, and then incorrectly claimed an infinite number of intersections with theta = -pi/6. The reference solution clearly shows that there are two distinct intersections with different polar coordinates. The student's method and result are both incorrect."", ""C3"": """"}",2202
Math_ShortAns_167,1.0,10,"{""C1"": 5, ""C2"": 5, ""C3"": 0}","{""C1"": ""The student correctly derived the circle\u2019s equation and transformed it into the required polar form. All details match the reference solution."", ""C2"": ""The student correctly transformed the second curve's equation to Cartesian coordinates, solved the system, and provided the correct polar coordinates for the intersection points. The answer is complete and accurate."", ""C3"": """"}",1669
Math_ShortAns_170,1.0,10,"{""C1"": 5, ""C2"": 3, ""C3"": 2}","{""C1"": ""The student's answer is mathematically correct and mirrors the reference solution accurately, with proper derivations and conclusions."", ""C2"": ""The logical reasoning is solid; each step proceeds clearly from the previous one, ensuring the result follows logically."", ""C3"": ""The answer is complete, addressing both parts of the question with appropriate detail and justification.""}",3566
Math_ShortAns_171,0.95,2,"{""C1"": 1, ""C2"": 1, ""C3"": 0}","{""C1"": ""The answer\u2019s computations are problematic. In part (1) the algebraic manipulation leads to the form \u2013a\u00b2\u2013b\u00b2\u2013ab, but no general argument is given to ensure this expression is negative; instead, a numerical example is used which does not even satisfy abc = 1. In part (2) the derivation is disconnected from the target inequality and contains unjustified assumptions."", ""C2"": ""The logical reasoning is flawed. Instead of proving the inequality in a general and rigorous way, the student uses an incorrect, non-generalized example and a weak manipulation in part (2) that does not lead to proving max{a, b, c} \u2265 the cube root of 4."", ""C3"": ""The answer is incomplete. It does not provide a complete chain of reasoning for either part. Both proofs are insufficiently developed to meet the requirements of the problem.""}",2941
Math_ShortAns_174,0.95,2,"{""C1"": 0, ""C2"": 1, ""C3"": 1}","{""C1"": ""The answer for part (1) is incorrect. The student wrongly deduced that the minimum value is 4 (achieved by setting x = y = z = 1/3), while the correct value is 4/3. In part (2), although the final answer is stated correctly, the reasoning is vague and lacks proper justification through the use of the Cauchy inequality and the conditions for equality."", ""C2"": ""While part (2) attains the correct conclusion (a <= -3 or a >= -1), the logical flow is not clearly linked to the rigorous method shown in the reference solution. The derivation in part (1) does not arrive at the correct extremum through a systematic analysis."", ""C3"": ""The answer is incomplete. In part (1) the student attempted to use an expansion and derivative method but did not carry it to a properly justified minimum. The argument in part (2) is superficial and does not fully verify the necessary conditions or boundary cases.""}",2935
Math_ShortAns_175,0.95,2,"{""C1"": 1, ""C2"": 1, ""C3"": 0}","{""C1"": ""The answer is not correct. In part (1) the minimal value should be 4/3 but the student obtained 2, and in part (2) the approach is incorrect with a flawed conclusion regarding the constraints on a."", ""C2"": ""The logical reasoning is weak. The student merely expanded the expressions and substituted without using the proper inequality techniques (such as the Cauchy inequality) that are required for a rigorous solution."", ""C3"": ""The answer is incomplete. The student does not correctly justify the necessary conditions for equality in part (1) and fails to develop a correct argument for part (2), leading to contradictions and an incorrect final result.""}",3123
Math_ShortAns_178,1.0,1,"{""C1"": 0, ""C2"": 1, ""C3"": 0}","{""C1"": ""The final numerical answers are incorrect. In part (1) the student mistakenly assumed x+y+z=2 instead of 1, leading to an entirely wrong minimum value. Part (2) also fails to properly derive the required parameter condition."", ""C2"": ""The student attempted to expand the squares and use algebra, but their reasoning lacks proper application of the Cauchy inequality and leads to inconsistent results. The logical flow is disjointed."", ""C3"": ""The answer is incomplete as it does not correctly show when and how the equality cases hold, nor properly address the conditions of the inequality for parameter a.""}",2890
Math_ShortAns_179,0.9,5,"{""C1"": 2, ""C2"": 2, ""C3"": 1}","{""C1"": ""The answer is largely incorrect. In part (1) the student erroneously computes the minimum value as 0, while in fact the minimum is 4/3. In part (2) the final conclusion (a <= -3 or a >= -1) is stated correctly but the derivation is muddled and lacks proper justification."", ""C2"": ""The logical reasoning is unsound. The expansion of the squares and the subsequent substitution incorrectly manipulate the equation with the given constraint. The use of the Cauchy inequality is omitted, leading to a weak argument."", ""C3"": ""The solution is incomplete. Part (1) fails to derive or even correctly set up the minimization problem, and part (2) does not clearly show how the constraint forces the parameter range, despite arriving at the correct answer.""}",3088
Math_ShortAns_182,1.0,10,"{""C1"": 4, ""C2"": 3, ""C3"": 3}","{""C1"": ""The student correctly derived the piecewise definition and solved the inequality in part (1) to obtain the interval [-2, 3]."", ""C2"": ""The logical steps, including the transformation using absolute value properties in part (2), are sound and well justified."", ""C3"": ""The answer is complete as both parts are fully addressed and match the reference solution.""}",2164
Math_ShortAns_183,0.95,10,"{""C1"": 4, ""C2"": 3, ""C3"": 3}","{""C1"": ""The student correctly handled part (1) with proper piecewise functions and obtained the correct solution, but completely failed in part (2) by not analyzing the parameter a and arriving at an incorrect answer."", ""C2"": ""The logical reasoning for part (1) is sound. However, the approach in part (2) is flawed \u2014 instead of treating a as an unknown parameter, the student mistakenly fixed a=1, leading to a misdirected analysis."", ""C3"": ""While part (1) is complete, the overall solution is incomplete because part (2) has neglected the proper analysis of a, resulting in an erroneous conclusion.""}",3112
Math_ShortAns_186,1.0,0,"{""C1"": 0, ""C2"": 0, ""C3"": 0}","{""C1"": ""The final answers are completely incorrect. For part (1) the correct solution should be (-infinity, 1), but the student erroneously obtained (1, 2). For part (2) the correct answer is a in [1, infinity), yet the student concluded a in (-infinity, 3)."", ""C2"": ""The reasoning shows attempts to break the problem into cases, but the algebraic expansions and derivations are miscalculated. The student\u2019s approach to each case is flawed, leading to wrong inequalities and invalid conclusions."", ""C3"": ""The answer is incomplete and lacks consistency with the required logical steps. Both parts fail to meet the criteria for correctness and proper justification.""}",2515
Math_ShortAns_187,1.0,10,"{""C1"": 3, ""C2"": 3, ""C3"": 4}","{""C1"": ""The answer is correct. The student correctly transformed the inequality and obtained the same solution set as the reference."", ""C2"": ""The logical reasoning is clear and step-by-step. All cases (x<1, 1<=x<2, x>=2) are handled correctly."", ""C3"": ""The solution is complete and addresses both parts of the problem with the correct conditions on parameter a.""}",1816
Math_ShortAns_190,1.0,10,"{""C1"": 5, ""C2"": 3, ""C3"": 2}","{""C1"": ""The student correctly transformed the original inequalities and used the fact that abc = 1 to reduce the proofs for both parts."", ""C2"": ""The logical reasoning is valid, with proper use of the basic inequalities. The steps are coherent and the connection between equivalent forms is sound."", ""C3"": ""The answer is complete as it addresses both parts of the question thoroughly, mirroring the reference solution in its approach.""}",2423
Math_ShortAns_191,1.0,0,"{""C1"": 0, ""C2"": 0, ""C3"": 0}","{""C1"": ""Correctness: The student misinterprets the substitutions and reverses the inequality in part (1) while misapplying the expansion and AM-GM in part (2), completely missing the correct path."", ""C2"": ""Logical Reasoning: The reasoning is flawed. The student incorrectly concludes that the given inequalities might be reversed and makes unjustified inferences when using the AM-GM inequality."", ""C3"": ""Completeness: The answer is incomplete. The student does not provide a proper, rigorous derivation for either part and ends with a contradictory conclusion.""}",2970
Math_ShortAns_192,0.9,4,"{""C1"": 2, ""C2"": 1, ""C3"": 1}","{""C1"": ""The answer contains significant errors in the computations. In part (1) the student misapplies AM-GM by concluding that bc + ac + ab is bounded by 3, but then fails to relate this to a\u00b2 + b\u00b2 + c\u00b2, and for part (2) the argument only checks a special case (a = b = c = 1) rather than proving the inequality in general."", ""C2"": ""The logical reasoning is weak. The steps do not rigorously connect the properties of the terms to the needed inequalities. The student\u2019s approach stops short of a full derivation and incorrectly uses average arguments."", ""C3"": ""The answer is incomplete. It does not develop the necessary steps to convert the given conditions into a full proof for either inequality, and the overall justification is insufficient.""}",3413
Math_ShortAns_193,1.0,0,"{""C1"": 0, ""C2"": 0, ""C3"": 0}","{""C1"": ""Correctness: The answer is incorrect on both parts. The student misinterprets the conditions by suggesting the possibility of negative values although a, b, c are positive, and they erroneously claim the given inequalities do not hold."", ""C2"": ""Logical reasoning: The student's reasoning is flawed. In part (1), rewriting 1/a + 1/b + 1/c as x+y+z is acceptable, but then the argument fails by incorrectly suggesting that a sum of reciprocals might be greater than the sum of squares. In part (2), the expansion and subsequent argument about a, b, c tending to 0 contradicts the condition abc = 1."", ""C3"": ""Completeness: The answer does not address the core aspects of the proofs and does not provide a valid argument to support or prove either inequality. The solution is incomplete and misses key logical steps.""}",2401
Math_ShortAns_196,1.0,0,"{""C1"": 0, ""C2"": 0, ""C3"": 0}","{""C1"": ""The answer is incorrect because the student reverses the desired inequality in part (1) and does not arrive at the intended conclusion. Instead of proving that the square root sum is larger, the student\u2019s argument leads to the opposite inequality."", ""C2"": ""Logical reasoning is severely flawed. The student misuses the AM-GM inequality without proper justification and fails to effectively incorporate the condition that a + b = c + d. Their argument does not logically support the required conclusions."", ""C3"": ""The answer is incomplete. It neither provides a valid proof for part (1) nor establishes the equivalence required in part (2). The student\u2019s deductions and assumptions do not align with the given conditions and lead to the wrong final result.""}",2145
Math_ShortAns_197,0.9,10,"{""C1"": 4, ""C2"": 3, ""C3"": 3}","{""C1"": ""Correctness: The answer is correct for part (1) where the student properly shows that (sqrt(a)+sqrt(b))^2 = a+b+2sqrt(ab) leads to the desired inequality. However, in part (2) the student incorrectly deduces that sqrt(a)+sqrt(b)>sqrt(c)+sqrt(d) implies a+b>c+d, which contradicts the given a+b = c+d. This error shows a significant flaw in the proof."", ""C2"": ""Logical Reasoning: The reasoning for part (1) is valid and clear. In part (2), the logical flow breaks down by misapplying the conditions; the student fails to properly use the identities (a-b)^2=(a+b)^2-4ab and (c-d)^2=(c+d)^2-4cd in forming the equivalence with |a-b|<|c-d|."", ""C3"": ""Completeness: The solution for part (1) covers the required steps fully. However, part (2) is incomplete since it does not correctly establish the necessary equivalence, missing a proper analysis of both directions of the proof.""}",2717
Math_ShortAns_200,0.95,10,"{""C1"": 5, ""C2"": 5, ""C3"": 0}","{""C1"": ""The student correctly solved both parts. In part (1) the solution for x is exactly as expected."", ""C2"": ""The reasoning in part (2) follows the absolute value properties correctly and reaches the proper range for a. The answer is complete and logically sound."", ""C3"": """"}",1909
Math_ShortAns_201,0.95,10,"{""C1"": 5, ""C2"": 3, ""C3"": 2}","{""C1"": ""Part (1) is completely correct, obtaining the right inequality manipulation and final solution. However, part (2) is answered incorrectly. The student\u2019s method incorrectly splits into x\u2010regions and concludes a union of a <= -2 or a >= 2, which does not guarantee the inequality holds for all x in R."", ""C2"": ""The logical reasoning for part (1) is correct and clearly justified. For part (2), the reasoning is flawed since the approach does not properly find the minimum of the expression over all x; instead, it incorrectly divides into cases without ensuring the condition holds universally."", ""C3"": ""The answer is incomplete because while part (1) is well solved, part (2) does not match the reference answer. The student failed to analyze the function\u2019s minimum correctly and missed the required reasoning to restrict a to [2, +\u221e).""}",3510
Math_ShortAns_204,1.0,2,"{""C1"": 1, ""C2"": 1, ""C3"": 0}","{""C1"": ""The answer is mathematically incorrect. The student misapplied the AM-GM inequality and concluded that a^3+b^3 has no minimum, whereas the correct minimum is 4\u221a2 when a = b = \u221a2."", ""C2"": ""The logical reasoning is flawed. The student\u2019s steps lead to contradictory inequalities and misinterpret the conditions given in the problem."", ""C3"": ""The solution is incomplete. Neither part (I) nor part (II) is properly addressed. Although part (II) should conclude there is no solution for 2a+3b = 6, the justification is incorrect and based on faulty arguments.""}",2981
Math_ShortAns_205,0.95,0,"{""C1"": 0, ""C2"": 0, ""C3"": 0}","{""C1"": ""The student's final answers for both parts are incorrect. Their result of -1 for part (I) and the claimed existence of a solution for part (II) contradict the correct derivation."", ""C2"": ""The logical reasoning is flawed. The student incorrectly transformed the original equation, misassumed ab = 1 without justification, and used the wrong substitution in part (II)."", ""C3"": ""The solution is incomplete and does not address the necessary inequality analysis required for both parts. Key steps are missing, and the derivation does not lead to the correct minimum or the correct conclusion regarding the existence of a solution for 2a + 3b = 6.""}",2139
Math_ShortAns_208,1.0,0,"{""C1"": 0, ""C2"": 0, ""C3"": 0}","{""C1"": ""The student\u2019s answer is completely incorrect. For (I) the minimal value of a^3 + b^3 should be 4\u221a2, not 2, and the method used (simply assuming a = b = 1) is unjustified. For (II) the conclusion is wrong since there are no a, b satisfying 2a + 3b = 6 under the given condition."", ""C2"": ""The student\u2019s approach lacks proper logical reasoning and misuse of algebraic manipulation. Instead of using inequalities and a systematic analysis, the student has made unwarranted assumptions by plugging in arbitrary numbers, which does not yield the correct result."", ""C3"": """"}",2215
Math_ShortAns_209,0.9,3,"{""C1"": 2, ""C2"": 1, ""C3"": 0}","{""C1"": ""The answer for part (I) is incorrect because the minimum value of a^3 + b^3 must be 4\u221a2 when a = b = \u221a2, not 1. Although the student\u2019s part (II) conclusion that no a, b satisfy 2a + 3b = 6 is in agreement with the reference answer, the overall numerical results are wrong."", ""C2"": ""The logical reasoning is flawed. The student\u2019s multiplication and rearrangement of the original equation are not justified, and the transition to using standard identities is confused."", ""C3"": ""The solution is incomplete. There is no proper justification through inequalities, and the student incorrectly assumes a = b = 1 without verifying necessary conditions.""}",2584
Math_ShortAns_212,0.95,2,"{""C1"": 1, ""C2"": 1, ""C3"": 0}","{""C1"": ""For part (I) the student did notice that f(a) = a + 1/a yields a minimal value when a = 1, but then incorrectly concluded that f(x) is at least 1 rather than 2. This shows an incorrect handling of the minimum and misuse of the absolute value inequality."", ""C2"": ""In part (II) the student\u2019s reasoning is flawed. They split the case wrongly and arrive at an inconsistent inequality, ultimately giving an answer that does not match the intended procedure of removing the absolute values correctly and solving the resulting inequalities."", ""C3"": ""The answer is incomplete, as the student fails to properly analyze the different cases required in part (II) and does not combine results correctly. Overall, the solution misses key steps and contains critical mistakes.""}",2877
Math_ShortAns_213,1.0,4,"{""C1"": 2, ""C2"": 2, ""C3"": 0}","{""C1"": ""The answer\u2019s correctness is very poor. While the student attempts to use absolute value properties to show that f(x) \u2265 2 in part (I), they mistakenly claim the minimum is min{a + 1/a, 0} (which is nonsensical because a + 1/a is always positive) and eventually appeal to the inequality a + 1/a \u2265 2. In part (II) the student only considers the case when both expressions inside the absolute values are nonnegative and then erroneously concludes the range for a is (1, +\u221e), completely missing the necessary case analysis."", ""C2"": ""The logical reasoning is flawed since the student fails to break the problem into the required cases (a > 3 and 0 < a \u2264 3) and derives a condition from an incomplete analysis. The deduction a \u2013 1/a > 1 does not lead to the correct range because the reasoning ignores the differences in the expression for f(3) when a > 3."", ""C3"": ""The answer is incomplete because it ignores a major portion of the required analysis. The proper solution must consider both cases for a and combine their solution sets, but the student only handles one scenario. Important details are missing and the final answer does not match the correct range.""}",3560
Math_ShortAns_216,1.0,2,"{""C1"": 1, ""C2"": 1, ""C3"": 0}","{""C1"": ""The answer does not correctly prove the statements. For part (I) the student misapplies the Cauchy\u2010Schwarz inequality and his substitution is flawed, while for part (II) no proper proof is given \u2013 it merely repeats the argument for (I) without addressing the needed inequality."", ""C2"": ""The logical reasoning is very weak. The repeated use of the same (incorrect) steps muddles the argument, and the overall reasoning does not properly justify the conclusions."", ""C3"": ""The solution is very incomplete. The answer fails to provide a coherent proof for the second inequality and only offers a redundant, unclear attempt for the first part.""}",4042
Math_ShortAns_217,0.95,5,"{""C1"": 3, ""C2"": 1, ""C3"": 1}","{""C1"": ""The solution of Part I is correct \u2013 the student correctly identifies that the maximum occurs at a = b = c and shows ab + bc + ca equals 1/3. However, Part II is entirely incorrect. The student misuses AM-GM to conclude that the sum is less than 1, which is opposite to what needs to be proved."", ""C2"": ""For logical reasoning, the argument in Part I is straightforward and acceptable. In contrast, the reasoning for Part II is flawed: the application of AM-GM leads to an incorrect intermediate expression and a false conclusion. This shows a misunderstanding of the inequality\u2019s structure."", ""C3"": ""The answer is incomplete because it addresses both parts but only Part I is handled correctly; Part II is not only improperly justified but also reaches a result contrary to the claim. This omission of a valid proof for Part II significantly reduces the overall quality.""}",3718
