script_id,scores,model_score,comments,confidence,tokens_used
Math_ShortAns_2,"{'C1_function_transformation': 1, 'C2_apply_trig_identities': 1, 'C3_simplify_expression': 0, 'C4_max_value_analysis': 0, 'C5_final_answer': 1}",3,"{'C1_function_transformation': 'The student correctly identified the need to use trigonometric identities and expanded the terms.', 'C2_apply_trig_identities': 'The identities were applied appropriately to expand sin(x+2φ) and cos(x+φ).', 'C3_simplify_expression': 'The combination of terms contains a sign error (the cosine term should have a minus), which affects the simplification.', 'C4_max_value_analysis': 'The analysis for the maximum value was not executed properly; the amplitude formula was set up incorrectly and the conclusion lacked proper justification.', 'C5_final_answer': 'The final answer of 1 is correct, even though previous steps contained errors.'}",0.9,3150
Math_ShortAns_3,"{'C1_function_transformation': 1, 'C2_apply_trig_identities': 1, 'C3_simplify_expression': 1, 'C4_max_value_analysis': 1, 'C5_final_answer': 1}",5,"{'C1_function_transformation': 'Correctly rewrote sin(x+2φ) using the sine addition formula.', 'C2_apply_trig_identities': 'Applied the identity for sin(x+2φ) and combined with the cosine term properly.', 'C3_simplify_expression': 'Simplified the expression towards sin x, albeit with minimal explanation.', 'C4_max_value_analysis': 'Identified that the maximum of sin x is 1 correctly.', 'C5_final_answer': 'Final answer is 1, which is correct.'}",,2750
Math_ShortAns_6,"{'C1_define_common_ratio': 1, 'C2_solve_for_q': 1, 'C3_calculate_individual_terms': 1, 'C4_calculate_sum_S5': 0, 'C5_final_answer': 0}",3,"{'C1_define_common_ratio': 'Correctly defined the common ratio and geometric sequence terms.', 'C2_solve_for_q': 'Properly set up and solved the equation to get r = 3.', 'C3_calculate_individual_terms': 'The first five terms are correctly calculated.', 'C4_calculate_sum_S5': 'The sum was computed incorrectly; summing fractions led to an error.', 'C5_final_answer': 'The final answer is wrong; the correct sum S5 should be 121/3.'}",,3358
Math_ShortAns_7,"{'C1_define_common_ratio': 0, 'C2_solve_for_q': 0, 'C3_calculate_individual_terms': 0, 'C4_calculate_sum_S5': 0, 'C5_final_answer': 0}",0,"{'C1_define_common_ratio': 'No explanation or definition of the common ratio was provided.', 'C2_solve_for_q': 'The student did not show any work in solving for q.', 'C3_calculate_individual_terms': 'No calculation of the individual terms is demonstrated.', 'C4_calculate_sum_S5': 'The student did not show how the sum S5 was computed.', 'C5_final_answer': 'The final answer is incorrect; it should be 121/3, not 121/9.'}",,2485
Math_ShortAns_10,"{'C1_rewrite_equation': 1, 'C2_geometric_interpretation': 0, 'C3_rectangle_inference': 0, 'C4_perpendicular_vectors': 0, 'C5_final_angle': 0}",1,"{'C1_rewrite_equation': 'The student correctly rewrote the equation as 2AO = AB + AC.', 'C2_geometric_interpretation': 'The student did not clearly identify the key geometric relationship involving the diameter of the circle.', 'C3_rectangle_inference': 'There is no clear inference that AB and AC form a rectangle based on the given information.', 'C4_perpendicular_vectors': 'The student mentioned a 90° possibility but did not correctly justify that AB is perpendicular to AC.', 'C5_final_angle': 'The final answer of 30° is incorrect; the correct angle should be 90°.'}",,2669
Math_ShortAns_11,"{'C1_rewrite_equation': 0, 'C2_geometric_interpretation': 0, 'C3_rectangle_inference': 0, 'C4_perpendicular_vectors': 0, 'C5_final_angle': 0}",0,"{'C1_rewrite_equation': 'The student did not rewrite the vector equation.', 'C2_geometric_interpretation': 'No geometric interpretation was provided regarding the diameter relationship.', 'C3_rectangle_inference': 'The answer did not include any inference related to a rectangle.', 'C4_perpendicular_vectors': 'No discussion of perpendicularity between AB and AC was presented.', 'C5_final_angle': 'The final answer is incorrect; 90° was expected, not 45°.'}",1.0,1977
Math_ShortAns_14,"{'C1_define_circle_equation': 1, 'C2_tangent_condition': 1, 'C3_use_point_A': 0, 'C4_solve_system': 0, 'C5_final_answer': 0}",2,"{'C1_define_circle_equation': 'The student correctly set up the general circle equation using point B.', 'C2_tangent_condition': 'The distance condition for tangency is correctly applied using the formula.', 'C3_use_point_A': 'Although point A was mentioned and substituted with y0 = 1, the approach quickly became inconsistent and did not lead to a valid equation.', 'C4_solve_system': 'The student made several assumptions without properly solving the system; the method is disorganized and does not yield the correct center and radius.', 'C5_final_answer': 'The final circle equation (x-3)^2+(y-2)^2=1 is incorrect and does not match the expected result of (x-3)^2+y^2=2.'}",,3906
Math_ShortAns_15,"{'C1_define_circle_equation': 1, 'C2_tangent_condition': 1, 'C3_use_point_A': 1, 'C4_solve_system': 1, 'C5_final_answer': 1}",5,"{'C1_define_circle_equation': 'Correctly sets up the general equation for the circle and uses point B.', 'C2_tangent_condition': 'Correctly applies the tangent condition using the distance from the center to the line.', 'C3_use_point_A': 'Correctly uses point A to substitute into the circle equation.', 'C4_solve_system': 'Correctly solves the system to obtain center (3,0) and radius sqrt(2).', 'C5_final_answer': 'Final answer is correctly stated as (x-3)^2 + y^2 = 2.'}",,2641
Math_ShortAns_18,"{'C1_identify_recurrence_relation': 1, 'C2_calculate_initial_terms': 1, 'C3_identify_pattern': 0, 'C4_calculate_sum': 0, 'C5_final_answer': 0}",2,"{'C1_identify_recurrence_relation': 'The student correctly stated the recurrence relation and began analysis.', 'C2_calculate_initial_terms': 'The student computed several initial terms correctly using the recurrence.', 'C3_identify_pattern': 'The pattern is not clearly or correctly identified; the recognition of alternating behavior was vague.', 'C4_calculate_sum': 'The sum was set up incorrectly and the arithmetic was miscalculated.', 'C5_final_answer': 'The final answer of 180 is incorrect.'}",,3385
Math_ShortAns_19,"{'C1_identify_recurrence_relation': 0, 'C2_calculate_initial_terms': 0, 'C3_identify_pattern': 0, 'C4_calculate_sum': 0, 'C5_final_answer': 1}",1,"{'C1_identify_recurrence_relation': 'No analysis or mention of the recurrence relation was provided.', 'C2_calculate_initial_terms': 'No initial terms were calculated.', 'C3_identify_pattern': 'The required pattern recognition for odd/even terms was not shown.', 'C4_calculate_sum': 'No calculation of the sum of the first 60 terms was demonstrated.', 'C5_final_answer': 'The final answer is correct.'}",,2221
Math_ShortAns_22,"{'C1_establish_recurrence_relation': 1, 'C2_solve_for_an': 0, 'C3_define_bn': 1, 'C4_calculate_sum_bn': 0, 'C5_final_answer': 0}",2,"{'C1_establish_recurrence_relation': 'The student set up the initial equation and substituted Sₙ = Sₙ₋₁ + aₙ, but did not derive the proper recurrence relation (aₙ₊₁ - aₙ = 2).', 'C2_solve_for_an': 'No correct derivation of aₙ was provided; the guesses made (n, n+1, 2ⁿ) do not resolve the recurrence.', 'C3_define_bn': 'There is an attempt to define bₙ and express it in telescoping form, but the definition relies on an incorrect aₙ.', 'C4_calculate_sum_bn': 'Although a telescoping series is mentioned, the summation process is flawed and the final sum is not correctly computed.', 'C5_final_answer': 'Final answers for both sequences are incorrect and lack coherent justification.'}",0.95,4383
Math_ShortAns_23,"{'C1_establish_recurrence_relation': 2, 'C2_solve_for_an': 2, 'C3_define_bn': 2, 'C4_calculate_sum_bn': 3, 'C5_final_answer': 3}",12,"{'C1_establish_recurrence_relation': 'Subtracted the equations properly to obtain (aₙ₊₁ - aₙ) leading to the recurrence; meets full criteria.', 'C2_solve_for_an': 'Identified aₙ₊₁ - aₙ = 2, used a₁ = 3, and correctly derived aₙ = 2n + 1.', 'C3_define_bn': 'Correctly defined bₙ as 1/(aₙaₙ₊₁) and used partial fractions to express it in telescoping form.', 'C4_calculate_sum_bn': 'Set up the telescoping series accurately and simplified it to obtain Tₙ = ½(1/3 - 1/(2n+3)) = n/(3(2n+3)).', 'C5_final_answer': 'Both the general term and the sum of bₙ are correctly stated.'}",,4479
Math_ShortAns_26,"{'C1_use_sine_rule': 0, 'C2_solve_for_cosC': 0, 'C3_find_angle_C': 0, 'C4_apply_cosine_rule': 0, 'C5_calculate_perimeter': 0}",0,"{'C1_use_sine_rule': 'The student did not correctly apply the sine rule; they made an unjustified assumption in setting x = c/2.', 'C2_solve_for_cosC': 'The rearrangement to solve for cos C was flawed, leading to an incorrect expression (cos C = c/4) with no proper derivation.', 'C3_find_angle_C': 'The angle C was guessed as 60° without proper justification from the previously obtained expression.', 'C4_apply_cosine_rule': 'The cosine rule was mentioned but not applied properly to establish the necessary relationship between the sides.', 'C5_calculate_perimeter': 'The perimeter was calculated by arbitrarily assigning values to a and b rather than using the given area to establish the relationship; the method is unsound.'}",,3258
Math_ShortAns_27,"{'C1_use_sine_rule': 0, 'C2_solve_for_cosC': 0, 'C3_find_angle_C': 0, 'C4_apply_cosine_rule': 0, 'C5_calculate_perimeter': 0}",0,"{'C1_use_sine_rule': 'The student did not correctly apply the sine rule and instead wrongly used the cosine rule with an arbitrary assignment x=1.', 'C2_solve_for_cosC': 'The equation was not properly rearranged to solve for cosC; the arbitrary choice led to an incorrect deduction.', 'C3_find_angle_C': 'Incorrect angle deduced (90° instead of the expected π/3) due to the faulty setup in previous steps.', 'C4_apply_cosine_rule': 'The cosine rule was misapplied and the necessary algebraic relationship was not correctly derived.', 'C5_calculate_perimeter': 'The perimeter was computed by making unjustified assumptions (choosing a=3 and b=1) which do not satisfy ab=3√3; the method is invalid.'}",1.0,3017
Math_ShortAns_28,"{'C1_use_sine_rule': 2, 'C2_solve_for_cosC': 2, 'C3_find_angle_C': 1, 'C4_apply_cosine_rule': 2, 'C5_calculate_perimeter': 2}",9,"{'C1_use_sine_rule': 'The student correctly identified the use of the sine rule and applied it to transform the given equation.', 'C2_solve_for_cosC': 'They correctly isolated cosine and derived cos C = 1/2.', 'C3_find_angle_C': 'The student correctly determined angle C as π/3 from the cosine value.', 'C4_apply_cosine_rule': 'The cosine rule was correctly applied and simplified to obtain (a+b)^2 - 3ab = 7.', 'C5_calculate_perimeter': 'Using the area formula led correctly to ab = 6, and the perimeter was correctly computed as 5 + √7.'}",1.0,3125
Math_ShortAns_31,"{'C1_use_given_equations': 1, 'C2_assume_arithmetic_sequence': 1, 'C3_calculate_lambda_conditions': 0, 'C4_conclusion': 0}",2,"{'C1_use_given_equations': 'The student stated the given equations but failed to set up the correct subtraction and derive a_{n+2} - a_n = λ.', 'C2_assume_arithmetic_sequence': 'The student mentioned the arithmetic sequence form but did not correctly derive the condition λ = 2d.', 'C3_calculate_lambda_conditions': 'No valid calculation or conditions for λ ensuring the arithmetic nature of the sequence were provided.', 'C4_conclusion': 'The conclusion was not correct; the student did not identify the necessary λ (namely λ = 4) for an arithmetic sequence.'}",0.9,3966
Math_ShortAns_32,"{'C1_use_given_equations': 0, 'C2_assume_arithmetic_sequence': 0, 'C3_calculate_lambda_conditions': 0, 'C4_conclusion': 0}",0,"{'C1_use_given_equations': 'The student did not correctly use the given equations to derive aₙ₊₂ - aₙ = λ, and instead performed irrelevant computations without reaching the required result.', 'C2_assume_arithmetic_sequence': 'The student did not assume an arithmetic sequence with a common difference nor express λ in terms of the difference.', 'C3_calculate_lambda_conditions': 'No conditions for λ were calculated from the assumption of an arithmetic sequence; the derivation was incomplete.', 'C4_conclusion': 'The conclusion is incorrect: the student claims no suitable λ exists, contrary to the correct value λ = 4.'}",,3287
Math_ShortAns_33,"{'C1_use_given_equations': 2, 'C2_assume_arithmetic_sequence': 2, 'C3_calculate_lambda_conditions': 1, 'C4_conclusion': 2}",7,"{'C1_use_given_equations': 'Student states the given equations and attempts subtraction but misapplies the subtraction step, leading to an error in the factor (using aₙ₊₁ instead of the correct grouping).', 'C2_assume_arithmetic_sequence': 'Correctly assumes an arithmetic sequence and deduces that λ = 2d, so this part is handled properly.', 'C3_calculate_lambda_conditions': 'The derivation for λ Sₙ and the subsequent condition is unclear and flawed, though the correct value λ = 4 is obtained.', 'C4_conclusion': 'The solution correctly concludes λ = 4 and identifies the resulting sequence aₙ = 2n - 1.'}",,4611
Math_ShortAns_36,"{'C1_identify_event_X2': 0, 'C2_calculate_PX2': 0, 'C3_identify_event_X4': 0, 'C4_calculate_PX4': 0, 'C5_final_answer': 0}",0,"{'C1_identify_event_X2': 'The student only identified one scenario (甲 wins then 乙 wins) instead of both (甲 winning two in a row or 乙 winning two in a row).', 'C2_calculate_PX2': 'The calculation is incorrect; the student computed 0.5×0.5 = 0.25 instead of summing the probabilities of both cases.', 'C3_identify_event_X4': 'The required event was not correctly identified; the student’s sequences do not match the required pattern of one point each in the first two balls followed by two consecutive points by 甲.', 'C4_calculate_PX4': 'The probability calculation based on the misidentified events is erroneous and does not match the correct method.', 'C5_final_answer': 'Both final answers are incorrect compared to the correct values required.'}",,4664
Math_ShortAns_37,"{'C1_identify_event_X2': 0, 'C2_calculate_PX2': 0, 'C3_identify_event_X4': 0, 'C4_calculate_PX4': 0, 'C5_final_answer': 0}",0,"{'C1_identify_event_X2': 'The student only considered one scenario (甲得分 then 乙得分) and failed to identify both winning scenarios.', 'C2_calculate_PX2': 'The calculation for P(X=2) is incorrect; the student computed 0.3 then mentioned 0.2 without the proper derivation.', 'C3_identify_event_X4': 'The event for X=4 was not correctly identified; the required sequence was not recognized.', 'C4_calculate_PX4': 'The calculation for P(X=4 and 甲获胜) is incorrect and based on an unsound method.', 'C5_final_answer': 'Both final answers provided do not match the correct solution.'}",,3993
Math_ShortAns_38,"{'C1_identify_event_X2': 1, 'C2_calculate_PX2': 1, 'C3_identify_event_X4': 1, 'C4_calculate_PX4': 1, 'C5_final_answer': 1}",5,"{'C1_identify_event_X2': 'Correctly identified the two winning scenarios for X=2.', 'C2_calculate_PX2': 'Accurately computed P(X=2) = 0.5.', 'C3_identify_event_X4': ""Identified the event as '前两球甲乙各得1分, 后两球均为甲得分' (despite redundant labeling), which is acceptable."", 'C4_calculate_PX4': 'Correctly calculated the probability for the event producing P(X=4) = 0.1.', 'C5_final_answer': 'Both final answers are provided correctly.'}",0.95,4767
Math_ShortAns_41,"{'C1_apply_sine_rule': 0, 'C2_solve_for_B': 0, 'C3_area_formula': 0, 'C4_area_range': 0, 'C5_final_answer': 0}",0,"{'C1_apply_sine_rule': 'The student incorrectly manipulated A+C and misapplied the sine rule, leading to an erroneous relation.', 'C2_solve_for_B': 'The derived equation was solved incorrectly, leading to B = 90° instead of the correct π/3.', 'C3_area_formula': 'The student used an incorrect area formula (using a and b with sin C) and did not apply the condition c = 1 correctly.', 'C4_area_range': 'The analysis for the area range is flawed, with inconsistent reasoning and incorrect bounds.', 'C5_final_answer': 'Both the final value for B and the area range are incorrect.'}",,3250
Math_ShortAns_42,"{'C1_apply_sine_rule': 1, 'C2_solve_for_B': 1, 'C3_area_formula': 1, 'C4_area_range': 1, 'C5_final_answer': 1}",5,"{'C1_apply_sine_rule': 'The student mentions using the sine rule to simplify the equation, adequately indicating the intended method.', 'C2_solve_for_B': 'The student correctly deduces that B = π/3.', 'C3_area_formula': 'The student refers to the use of the triangle area formula and sine relation, hinting at expressing area as a function, which is acceptable.', 'C4_area_range': 'The student provides the correct area range as (√3/8, √3/2) under the given conditions.', 'C5_final_answer': 'The final answers for both parts are correctly stated.'}",0.95,3756
Math_ShortAns_45,"{'C1_define_Sn_and_S2': 1, 'C2_find_common_difference': 0, 'C3_express_Sn': 0, 'C4_derive_an_formula': 0, 'C5_conclude_arithmetic_sequence': 0}",1,"{'C1_define_Sn_and_S2': 'Correct definition of S_n and calculation of S_2 as 4a_1.', 'C2_find_common_difference': ""The student misapplied the property of an arithmetic sequence (using '≠' instead of '=') and did not correctly find the common difference."", 'C3_express_Sn': 'The expression for √S_n in terms of n and a_1 was not properly established.', 'C4_derive_an_formula': 'The derivation of the general term a_n is incorrect; the assumption a_3 = 2a_1 is unjustified.', 'C5_conclude_arithmetic_sequence': 'The final conclusion directly contradicts the required result and lacks correct justification.'}",,3144
Math_ShortAns_46,"{'C1_define_Sn_and_S2': 0, 'C2_find_common_difference': 0, 'C3_express_Sn': 0, 'C4_derive_an_formula': 1, 'C5_conclude_arithmetic_sequence': 1}",2,"{'C1_define_Sn_and_S2': 'The answer does not explicitly define Sₙ or compute S₂ as a₁ + 3a₁ = 4a₁.', 'C2_find_common_difference': 'Although the student states d = √S₂ - √S₁, they do not simplify it to √a₁ as required.', 'C3_express_Sn': 'The expression provided for √Sₙ is incorrect; the correct form should be √Sₙ = n√a₁.', 'C4_derive_an_formula': 'The derivation using Sₙ - Sₙ₋₁ to get aₙ = 2a₁n - a₁ is correctly obtained.', 'C5_conclude_arithmetic_sequence': 'The final conclusion is reached based on the linear form aₙ = 2a₁n - a₁, which shows a constant difference.'}",,5269
Math_ShortAns_49,"{'C1_equation_manipulation': 0, 'C2_difference_method': 0, 'C3_arithmetic_sequence_proof': 0, 'C4_geometric_sequence_condition': 0, 'C5_sum_formula_and_minimum': 0}",0,"{'C1_equation_manipulation': 'The student rewrote the given equation incorrectly, losing the factor of n for aₙ.', 'C2_difference_method': 'There is no proper use of a difference method to derive aₙ - aₙ₋₁ = 1.', 'C3_arithmetic_sequence_proof': 'The student does not provide a valid logical argument to prove the sequence is arithmetic.', 'C4_geometric_sequence_condition': 'The setup for the geometric sequence condition is incorrect, with wrong expressions for a₉.', 'C5_sum_formula_and_minimum': 'The sum formula is quoted but then used incorrectly, leading to an incorrect minimum value.'}",1.0,4177
Math_ShortAns_50,"{'C1_equation_manipulation': 1, 'C2_difference_method': 1, 'C3_arithmetic_sequence_proof': 1, 'C4_geometric_sequence_condition': 1, 'C5_sum_formula_and_minimum': 1}",5,"{'C1_equation_manipulation': 'Correctly manipulated the given equation into 2Sₙ+n²=2naₙ+n.', 'C2_difference_method': 'Properly applied the difference technique and derived aₙ - aₙ₋₁ = 1.', 'C3_arithmetic_sequence_proof': 'Concluded that the sequence is arithmetic with a common difference of 1.', 'C4_geometric_sequence_condition': 'Correctly set up and solved (a₁+6)²=(a₁+3)(a₁+8) to get a₁ = -12.', 'C5_sum_formula_and_minimum': 'Accurately derived Sₙ and computed its minimum value to be -78.'}",1.0,4495
Math_ShortAns_53,"{'C1_define_sequences': 1, 'C2_prove_geometric_sequence': 0, 'C3_prove_arithmetic_sequence': 0, 'C4_find_general_terms': 0}",1,"{'C1_define_sequences': 'The student correctly defined cₙ and dₙ, though they did not mention the initial terms explicitly.', 'C2_prove_geometric_sequence': 'The derivation for cₙ is incorrect; instead of showing it is geometric, they erroneously concluded it is arithmetic.', 'C3_prove_arithmetic_sequence': 'The proof for dₙ as an arithmetic sequence is flawed; the recurrence was derived with an incorrect common difference.', 'C4_find_general_terms': 'The general term formulas obtained for aₙ and bₙ are not derived correctly and do not match the expected results.'}",,4098
Math_ShortAns_54,"{'C1_define_sequences': 1, 'C2_prove_geometric_sequence': 2, 'C3_prove_arithmetic_sequence': 2, 'C4_find_general_terms': 0}",5,"{'C1_define_sequences': 'Correctly defined c_n and d_n.', 'C2_prove_geometric_sequence': 'Correct derivation of c_{n+1} = c_n/2 and identification of the ratio.', 'C3_prove_arithmetic_sequence': 'Correct derivation of d_{n+1} = d_n + 2.', 'C4_find_general_terms': 'The final general term formulas are incorrect and not justified.'}",,3511
Math_ShortAns_55,"{'C1_define_sequences': 1, 'C2_prove_geometric_sequence': 1, 'C3_prove_arithmetic_sequence': 1, 'C4_find_general_terms': 1}",4,"{'C1_define_sequences': 'The answer implicitly uses the sum and difference of aₙ and bₙ and gets the correct initial term, though not explicitly defining the sequences.', 'C2_prove_geometric_sequence': 'The student correctly combined the recurrences to show aₙ+bₙ is scaled by 1/2, but the algebraic justification is minimal.', 'C3_prove_arithmetic_sequence': ""The subtraction yields aₙ-bₙ incremented by 2, proving it's arithmetic; however, the explanation lacks detailed derivation."", 'C4_find_general_terms': 'The student derived equations for aₙ and bₙ from the sum and difference but presented messy expressions with extra factors and parentheses, leading to an incorrect final form.'}",,3826
Math_ShortAns_58,"{'C1_calculate_correlation_coefficient': 1, 'C2_interpret_correlation_coefficient': 2, 'C3_identify_outliers': 1, 'C4_decide_on_process_check': 0, 'C5_recalculate_mean_and_std_dev': 0}",4,"{'C1_calculate_correlation_coefficient': 'The student attempted the calculation by subtracting means and multiplying differences, but used an incorrect mean for i and obtained an incorrect denominator; only a minimal partial attempt is evident.', 'C2_interpret_correlation_coefficient': 'The student correctly compared |r| with 0.25 and concluded there is no systematic change, though the explanation is minimal and based on an imprecise r value.', 'C3_identify_outliers': 'The acceptable range was calculated correctly, but the student failed to identify the actual outlier (9.22) and incorrectly stated that all values lie within the range.', 'C4_decide_on_process_check': 'Since an outlier exists, the process should be checked; the student incorrectly claimed no check was needed.', 'C5_recalculate_mean_and_std_dev': 'No outlier removal was performed, and the recalculated statistics are not based on the correct trimmed dataset.'}",0.95,5019
Math_ShortAns_59,"{'C1_calculate_correlation_coefficient': 0, 'C2_interpret_correlation_coefficient': 3, 'C3_identify_outliers': 0, 'C4_decide_on_process_check': 0, 'C5_recalculate_mean_and_std_dev': 0}",3,"{'C1_calculate_correlation_coefficient': 'The computation of r is incorrect due to using a wrong mean and erroneous sums; the expected value of r (-0.18) was not achieved.', 'C2_interpret_correlation_coefficient': 'The student correctly compares the absolute value of r with 0.25 and concludes that sizes do not change systematically, despite the numerical error in r.', 'C3_identify_outliers': 'The range was calculated incorrectly (using s=0.3 instead of the given value) and the outlier (9.22) was not identified.', 'C4_decide_on_process_check': 'The decision is based on the incorrect outlier identification; thus, no process check is recommended incorrectly.', 'C5_recalculate_mean_and_std_dev': 'The recalculation of statistics after outlier removal was not performed; a random guess was provided instead.'}",0.95,5192
Math_ShortAns_60,"{'C1_calculate_correlation_coefficient': 3, 'C2_interpret_correlation_coefficient': 3, 'C3_identify_outliers': 2, 'C4_decide_on_process_check': 1, 'C5_recalculate_mean_and_std_dev': 3}",12,"{'C1_calculate_correlation_coefficient': 'The student correctly computed the correlation coefficient as -0.18 using the given data.', 'C2_interpret_correlation_coefficient': 'The interpretation is appropriate: since |r| < 0.25, it indicates no systematic trend in the part sizes.', 'C3_identify_outliers': 'The acceptable range (9.334, 10.606) is correctly calculated and the outlier (part 13) is properly identified.', 'C4_decide_on_process_check': 'The student correctly concluded that a process check is needed due to the identified outlier.', 'C5_recalculate_mean_and_std_dev': 'After excluding the outlier, the new mean (10.02) and standard deviation (approx. 0.09) are correctly recalculated.'}",1.0,4425
Math_ShortAns_63,"{'C1_setup_equations': 1, 'C2_find_intersection_points': 0, 'C3_prove_origin_on_circle': 0, 'C4_find_circle_equation': 0, 'C5_find_line_equation': 0}",1,"{'C1_setup_equations': 'The student correctly set up the line equation through (2, 0) but then erroneously ignored the quadratic term when substituting into the parabola.', 'C2_find_intersection_points': 'The intersection points are incorrectly assumed (e.g., A(1,√2) and B(1,−√2)) without proper solution of the quadratic.', 'C3_prove_origin_on_circle': 'The proof that the origin lies on the circle is flawed due to miscomputed intersection points and an incorrect derivation of the circle’s properties.', 'C4_find_circle_equation': 'The circle’s equation is derived using a miscalculated center and radius. The use of the point P(4, −2) is not correctly incorporated to adjust the circle.', 'C5_find_line_equation': 'The tangent line equation is given without proper justification or derivation and does not follow from the earlier, flawed computations.'}",0.9,4274
Math_ShortAns_64,"{'C1_setup_equations': 2, 'C2_find_intersection_points': 2, 'C3_prove_origin_on_circle': 0, 'C4_find_circle_equation': 0, 'C5_find_line_equation': 0}",4,"{'C1_setup_equations': 'The student correctly set up the line (vertical x = 2) and substituted into the parabola equation.', 'C2_find_intersection_points': 'The intersection points (2,2) and (2,-2) were found correctly.', 'C3_prove_origin_on_circle': 'The dot product was miscalculated (should be 0) leading to an incorrect proof that O lies on M.', 'C4_find_circle_equation': ""The student incorrectly determined the circle's center as (3,1) and did not derive the proper equation."", 'C5_find_line_equation': 'No correct work was provided to find the required line equation tangent to or associated with circle M.'}",0.9,4368
Math_ShortAns_67,"{'C1_identify_circle_properties': 2, 'C2_formulate_M_trajectory': 1, 'C3_condition_OP_equals_OM': 0, 'C4_calculate_distances': 0, 'C5_area_of_triangle_POM': 1}",4,"{'C1_identify_circle_properties': 'Correctly converted the circle to standard form and identified center (0,4) and radius 4.', 'C2_formulate_M_trajectory': 'Started derivation using the line equation but then abandoned correct method and provided an arbitrary trajectory equation.', 'C3_condition_OP_equals_OM': 'No valid derivation using the condition |OP| = |OM| was provided (no perpendicular bisector or slope condition used).', 'C4_calculate_distances': 'No correct distances from O to the derived line (line I) were calculated to further determine PM.', 'C5_area_of_triangle_POM': 'An area formula was applied, but the chosen coordinates for M and resulting area are inconsistent and incorrect.'}",0.9,3847
Math_ShortAns_68,"{'C1_identify_circle_properties': 2, 'C2_formulate_M_trajectory': 3, 'C3_condition_OP_equals_OM': 2, 'C4_calculate_distances': 2, 'C5_area_of_triangle_POM': 3}",12,"{'C1_identify_circle_properties': ""Correctly identified the circle's center as (0,4) and radius as 4."", 'C2_formulate_M_trajectory': 'Set up the vectors and dot product correctly and derived the trajectory equation (x-1)²+(y-3)²=2.', 'C3_condition_OP_equals_OM': 'Identified that O lies on the perpendicular bisector and correctly derived the line equation (slope -1/3).', 'C4_calculate_distances': 'Accurately computed the distances from O and N to the line and used the chord length relationship correctly.', 'C5_area_of_triangle_POM': 'The area of triangle POM is correctly calculated as 16/5 using the appropriate formula.'}",1.0,4854
Math_ShortAns_71,"{'C1_formulate_ellipse_equation': 0, 'C2_correct_ellipse_equation': 0, 'C3_line_through_P': 0, 'C4_intersection_points_MN': 0, 'C5_prove_HN_through_fixed_point': 0}",0,"{'C1_formulate_ellipse_equation': 'Incorrect substitution at point A yields 4/b² = 0 instead of 4/b² = 1, so no proper formulation.', 'C2_correct_ellipse_equation': 'The final ellipse equation is wrong; the student claimed x²+y²=1 instead of the correct equation.', 'C3_line_through_P': 'The line through P is set up incorrectly (wrong intercept and arbitrary choice of slope) and does not properly use point P(1, -2).', 'C4_intersection_points_MN': 'The intersection step is flawed as the substitution into the incorrect ellipse leads to inconsistent coordinates for M and N.', 'C5_prove_HN_through_fixed_point': 'The proof for line HN is not provided correctly; the vector relation is mishandled and the fixed point criterion is not met.'}",0.9,3487
Math_ShortAns_72,"{'C1_formulate_ellipse_equation': 1, 'C2_correct_ellipse_equation': 1, 'C3_line_through_P': 1, 'C4_intersection_points_MN': 1, 'C5_prove_HN_through_fixed_point': 0}",4,"{'C1_formulate_ellipse_equation': 'The final ellipse equation is correct, though no substitution details were shown.', 'C2_correct_ellipse_equation': 'The derived ellipse equation is correctly simplified as required.', 'C3_line_through_P': 'The student correctly picked the vertical line x = 1 through P, which is acceptable.', 'C4_intersection_points_MN': 'The intersection points M and N are correctly computed by substituting x = 1.', 'C5_prove_HN_through_fixed_point': 'The answer provides a specific case and final line equation that passes through (0, -2) but does not account for the general case or show the derivation involving points T and H.'}",,4141
Math_ShortAns_75,"{'C1_identify_points_on_ellipse': 0, 'C2_substitute_points_and_solve': 0, 'C3_write_ellipse_equation': 0, 'C4_analyze_slope_conditions': 1, 'C5_prove_fixed_point': 0}",1,"{'C1_identify_points_on_ellipse': 'The student did not correctly identify the three points on the ellipse; instead, they misinterpreted the conditions.', 'C2_substitute_points_and_solve': 'The substitution process is flawed and does not lead to a correct solution for a² and b².', 'C3_write_ellipse_equation': 'The ellipse equation derived (x²/5 + y²/3 = 1) is incorrect.', 'C4_analyze_slope_conditions': 'A line equation was set, and the slope condition was stated, but the analysis is incomplete.', 'C5_prove_fixed_point': 'No valid proof or derivation for the fixed point was provided.'}",0.9,3516
Math_ShortAns_76,"{'C1_identify_points_on_ellipse': 0, 'C2_substitute_points_and_solve': 2, 'C3_write_ellipse_equation': 1, 'C4_analyze_slope_conditions': 1, 'C5_prove_fixed_point': 0}",4,"{'C1_identify_points_on_ellipse': 'The answer fails to correctly identify exactly three points on the ellipse; it incorrectly assumes all four lie on the ellipse.', 'C2_substitute_points_and_solve': 'The student correctly substituted points (P2, P3, and P4) and solved for a²=4 and b²=1, despite the initial incorrect inclusion of P1.', 'C3_write_ellipse_equation': 'The ellipse equation is correctly written as x²/4 + y² = 1.', 'C4_analyze_slope_conditions': 'The line equation is set up improperly (using P2 even though I should not pass through P2), and the slope condition is barely mentioned without detailed analysis.', 'C5_prove_fixed_point': 'No rigorous proof or derivation is provided to show the line passes through a fixed point.'}",0.9,4931
Math_ShortAns_77,"{'C1_identify_points_on_ellipse': 2, 'C2_substitute_points_and_solve': 2, 'C3_write_ellipse_equation': 1, 'C4_analyze_slope_conditions': 2, 'C5_prove_fixed_point': 1}",8,"{'C1_identify_points_on_ellipse': 'Correctly identified the three points (P2, P3, P4) on the ellipse.', 'C2_substitute_points_and_solve': 'Substituted points P2 and P3 into the ellipse equation and correctly solved for a² and b².', 'C3_write_ellipse_equation': 'Wrote the correct equation of the ellipse.', 'C4_analyze_slope_conditions': 'Set up the line equation and invoked the slope sum condition, but details are lacking.', 'C5_prove_fixed_point': 'Outlined the approach by substituting x=2 to verify the fixed point but did not fully prove it.'}",,3609
Math_ShortAns_80,"{'C1_function_formulation': 2, 'C2_monotonicity_analysis': 1, 'C3_conclusion_for_part1': 0, 'C4_derivative_for_extremum': 1, 'C5_determination_of_a': 0, 'C6_final_answer': 0}",4,"{'C1_function_formulation': 'Correctly stated the function form for a = 0 and identified the intervals.', 'C2_monotonicity_analysis': 'Attempted sign analysis for ln(1+x) but did not properly use derivative methods; conclusion for x > 0 is flawed.', 'C3_conclusion_for_part1': 'Incorrect conclusion; the answer states f(x) < 0 for both intervals instead of f(x) > 0 for x > 0.', 'C4_derivative_for_extremum': ""Computed f'(0) correctly but did not further verify the extremum condition (second derivative test missing)."", 'C5_determination_of_a': 'Failed to determine the correct value of a; no analysis leading to a = -1/6 provided.', 'C6_final_answer': 'Final answers do not match the requirements of the problem for either part.'}",,3654
Math_ShortAns_81,"{'C1_function_formulation': 2, 'C2_monotonicity_analysis': 1, 'C3_conclusion_for_part1': 1, 'C4_derivative_for_extremum': 0, 'C5_determination_of_a': 1, 'C6_final_answer': 2}",7,"{'C1_function_formulation': 'Correctly simplified the function for a=0 and identified the relevant intervals.', 'C2_monotonicity_analysis': 'Mentions taking the derivative and analyzing monotonicity but no explicit calculations or sign analysis is provided.', 'C3_conclusion_for_part1': 'Final conclusion for f(x) on the given intervals is correctly stated.', 'C4_derivative_for_extremum': ""The answer mentions derivative steps for extremum but fails to clearly or correctly establish f'(0)=0 or justify the extremum condition."", 'C5_determination_of_a': 'While the final result a = -1/6 is correctly stated, the reasoning is insufficiently detailed.', 'C6_final_answer': 'Final answers for both parts are clearly provided and correct.'}",0.9,3185
Math_ShortAns_84,"{'C1_calculate_derivative': 2, 'C2_analyze_monotonicity': 0, 'C3_identify_critical_points': 0, 'C4_prove_inequality_for_a_negative': 0, 'C5_final_conclusion': 0}",2,"{'C1_calculate_derivative': 'The derivative was computed correctly and is equivalent to the expected form.', 'C2_analyze_monotonicity': 'The analysis is incomplete; no clear discussion of the cases a = 0, a > 0, and a < 0 is provided.', 'C3_identify_critical_points': 'The student set up an equation but failed to solve it or identify the critical point explicitly.', 'C4_prove_inequality_for_a_negative': 'The inequality was not proved; the attempt with f(1) and subsequent discussion does not establish the required result.', 'C5_final_conclusion': 'No coherent final conclusion was reached; the answer remains inconclusive and contradictory.'}",,3828
Math_ShortAns_85,"{'C1_calculate_derivative': 2, 'C2_analyze_monotonicity': 1, 'C3_identify_critical_points': 1, 'C4_prove_inequality_for_a_negative': 0, 'C5_final_conclusion': 0}",4,"{'C1_calculate_derivative': 'The derivative is correctly computed and is equivalent to the expected form.', 'C2_analyze_monotonicity': 'There is an attempt at monotonicity analysis, but the discriminant argument is misapplied and lacks proper case discussion.', 'C3_identify_critical_points': ""The student set up the equation f'(x)=0 but failed to correctly identify the specific critical point x = -1/(2a)."", 'C4_prove_inequality_for_a_negative': 'The inequality proof is not addressed properly; evaluating at x=1 and concluding the inequality may not hold does not meet the rubric criteria.', 'C5_final_conclusion': 'The final conclusion is incoherent and does not summarize the monotonicity analysis or establish the required inequality.'}",0.95,4370
Math_ShortAns_86,"{'C1_calculate_derivative': 2, 'C2_analyze_monotonicity': 3, 'C3_identify_critical_points': 2, 'C4_prove_inequality_for_a_negative': 3, 'C5_final_conclusion': 2}",12,"{'C1_calculate_derivative': ""The derivative was correctly computed as f'(x) = ((2ax+1)(x+1))/x with proper domain consideration."", 'C2_analyze_monotonicity': 'The monotonicity analysis is correctly split into cases for a = 0, a > 0, and a < 0 with accurate reasoning.', 'C3_identify_critical_points': ""The critical point x = -1/(2a) for a < 0 is correctly identified from f'(x) = 0."", 'C4_prove_inequality_for_a_negative': 'The maximum value computation and transformation to the inequality involving g(t) is properly executed.', 'C5_final_conclusion': 'A clear final summary of the monotonicity and the inequality result for a < 0 is provided.'}",1.0,4680
Math_ShortAns_89,"{'C1_calculate_derivative': 1, 'C2_find_m_value': 1, 'C3_analyze_monotonicity': 0, 'C4_prove_inequality': 0, 'C5_conclusion': 0}",2,"{'C1_calculate_derivative': 'The derivative is computed correctly as e^x - 1/(x+m).', 'C2_find_m_value': ""Setting f'(0)=0 gives m=1 correctly."", 'C3_analyze_monotonicity': 'The analysis of monotonicity is incorrect and inconclusive; the intervals were not properly determined.', 'C4_prove_inequality': 'The proof for f(x)>0 when m≤2 is flawed and does not follow a valid logical argument.', 'C5_conclusion': 'The final conclusion is inconsistent with the earlier parts and does not correctly summarize the analysis.'}",,3640
Math_ShortAns_90,"{'C1_calculate_derivative': 1, 'C2_find_m_value': 1, 'C3_analyze_monotonicity': 0, 'C4_prove_inequality': 0, 'C5_conclusion': 0}",2,"{'C1_calculate_derivative': 'The derivative form was stated correctly (minor typographical error is acceptable).', 'C2_find_m_value': ""m=1 was correctly determined by setting f'(0)=0."", 'C3_analyze_monotonicity': ""No further analysis of the derivative's sign or intervals was provided."", 'C4_prove_inequality': 'The inequality proof is incomplete and lacks detailed argumentation.', 'C5_conclusion': 'No concluding remarks or summary were given.'}",,3119
Math_ShortAns_93,"{'C1_correct_function_substitution': 1, 'C2_derivative_calculation': 1, 'C3_monotonicity_analysis': 0, 'C4_zero_point_analysis': 0, 'C5_final_value_of_a': 0}",2,"{'C1_correct_function_substitution': 'The student correctly substituted a = 1 and computed f(0), f(1), and f(2), though later reasoning is contradictory.', 'C2_derivative_calculation': ""The derivative f'(x) = e^x - 2ax was correctly computed."", 'C3_monotonicity_analysis': 'No valid monotonicity analysis was provided; the claim that the function is constant is incorrect.', 'C4_zero_point_analysis': 'The analysis of the condition for a single zero was flawed and lacks proper justification.', 'C5_final_value_of_a': 'The final value of a was incorrectly deduced as a negative number, which does not match the correct analysis.'}",0.95,4083
Math_ShortAns_94,"{'C1_correct_function_substitution': 1, 'C2_derivative_calculation': 1, 'C3_monotonicity_analysis': 0, 'C4_zero_point_analysis': 0, 'C5_final_value_of_a': 0}",2,"{'C1_correct_function_substitution': 'The student correctly substitutes a=1 and computes f(0), f(1), and f(2).', 'C2_derivative_calculation': ""The derivative f'(x) = e^x - 2ax is correctly computed."", 'C3_monotonicity_analysis': 'Only a brief remark at x=0 is given; no proper interval analysis is provided.', 'C4_zero_point_analysis': 'The analysis for the unique zero is flawed and does not use the required approach.', 'C5_final_value_of_a': 'The final answer a=2 is incorrect; the correct value was not determined.'}",1.0,3882
Math_ShortAns_95,"{'C1_correct_function_substitution': 1, 'C2_derivative_calculation': 1, 'C3_monotonicity_analysis': 1, 'C4_zero_point_analysis': 1, 'C5_final_value_of_a': 0}",4,"{'C1_correct_function_substitution': 'Correctly substitutes a=1 and sets up f(x)=e^x-x^2.', 'C2_derivative_calculation': ""The derivative f'(x)=e^x-2x is computed correctly."", 'C3_monotonicity_analysis': 'Monotonicity is deduced properly using the derivative and its sign changes.', 'C4_zero_point_analysis': 'The student attempts two methods and relates a to e^x/x^2, but does not fully analyze or derive the condition.', 'C5_final_value_of_a': 'No explicit final value of a is provided; the answer remains incomplete.'}",,4639
Math_ShortAns_98,"{'C1_derivative_analysis': 0, 'C2_boundary_condition': 0, 'C3_logarithmic_inequality': 0, 'C4_product_inequality': 1, 'C5_final_answer': 1}",2,"{'C1_derivative_analysis': ""No derivative analysis was provided; the student did not compute or discuss f'(x)."", 'C2_boundary_condition': 'Although f(1)=0 was noted, the student misused it and incorrectly concluded a=0 instead of a=1.', 'C3_logarithmic_inequality': 'The required logarithmic inequality was neither derived nor applied.', 'C4_product_inequality': 'The product was rewritten but the estimation is flawed; minimal credit given for attempting manipulation.', 'C5_final_answer': ""Final answer for part (1) is incorrect (a=0 instead of a=1) though part (2)'s m=3 is correctly stated.""}",1.0,4484
Math_ShortAns_99,"{'C1_derivative_analysis': 0, 'C2_boundary_condition': 0, 'C3_logarithmic_inequality': 0, 'C4_product_inequality': 0, 'C5_final_answer': 0}",0,"{'C1_derivative_analysis': ""The student did not analyze the derivative at all; no discussion of f'(x)=1-a/x was provided."", 'C2_boundary_condition': 'Although f(1)=0 was noted, the student failed to use this condition to properly determine a, incorrectly concluding a=2.', 'C3_logarithmic_inequality': 'No derivation or application of the key logarithmic inequality ln(x) ≤ x - 1 was made.', 'C4_product_inequality': 'The product was re-expressed but the estimation was not based on the proper inequality; the reasoning was flawed and led to the incorrect m=8.', 'C5_final_answer': 'The final answers provided (a=2 and m=8) are incorrect; the correct answers are a=1 and m=3.'}",1.0,3882
Math_ShortAns_100,"{'C1_derivative_analysis': 3, 'C2_boundary_condition': 2, 'C3_logarithmic_inequality': 2, 'C4_product_inequality': 1, 'C5_final_answer': 1}",9,"{'C1_derivative_analysis': 'The student correctly computed the derivative and analyzed the function behavior for both cases, reaching the conclusion that a must be positive and then establishing a=1.', 'C2_boundary_condition': 'The student used f(1)=0 to impose the boundary condition and deduced a=1, meeting the requirement.', 'C3_logarithmic_inequality': 'The student derived ln x ≤ x−1 for a=1 and applied the inequality to ln(1+1/2^k), satisfying the criterion.', 'C4_product_inequality': 'The student cited that the product is less than e and greater than 2, but the steps lack a detailed derivation and explicit conclusion regarding m.', 'C5_final_answer': 'The answer for a is given as 1, but the minimal m is not explicitly stated, so only partial credit is awarded.'}",,4598
Math_ShortAns_103,"{'C1_calculate_derivative': 0, 'C2_analyze_derivative_behavior': 0, 'C3_conclude_unique_extrema': 0, 'C4_find_roots': 0, 'C5_final_conclusion': 0}",0,"{'C1_calculate_derivative': 'The derivative was calculated incorrectly; the ln x term was omitted.', 'C2_analyze_derivative_behavior': 'Based on the wrong derivative, the monotonicity analysis is incorrect.', 'C3_conclude_unique_extrema': 'The conclusion regarding the extrema is wrong due to the incorrect derivative analysis.', 'C4_find_roots': 'The root analysis is flawed and does not show two reciprocal roots; sample values were misinterpreted.', 'C5_final_conclusion': 'The final conclusion is completely opposite to the correct answer.'}",,3560
Math_ShortAns_104,"{'C1_calculate_derivative': 0, 'C2_analyze_derivative_behavior': 0, 'C3_conclude_unique_extrema': 0, 'C4_find_roots': 0, 'C5_final_conclusion': 0}",0,"{'C1_calculate_derivative': 'The derivative is computed incorrectly. The student did not apply the product rule properly, missing the ln x term.', 'C2_analyze_derivative_behavior': ""The student misinterprets the sign of the derivative (f'(x) is always negative) and incorrectly concludes about monotonicity."", 'C3_conclude_unique_extrema': 'The conclusion on the uniqueness of the extremum is confused and inconsistent.', 'C4_find_roots': 'The evaluation of function values is mistaken and fails to demonstrate that the two roots are reciprocals.', 'C5_final_conclusion': 'The final conclusion is incorrect; the answer does not prove that f(x)=0 has exactly two real roots that are reciprocals.'}",1,3751
Math_ShortAns_105,"{'C1_calculate_derivative': 0, 'C2_analyze_derivative_behavior': 1, 'C3_conclude_unique_extrema': 1, 'C4_find_roots': 2, 'C5_final_conclusion': 1}",5,"{'C1_calculate_derivative': ""The student mentioned taking the derivative but did not explicitly calculate or state f'(x) = ln x - 1/x."", 'C2_analyze_derivative_behavior': ""The student noted that by analyzing the derivative's monotonicity there is a unique x0 where f'(x)=0, which meets the criterion."", 'C3_conclude_unique_extrema': ""They correctly concluded the existence of a unique extremum based on the derivative's behavior."", 'C4_find_roots': 'The answer correctly identifies two intervals where the roots lie and shows they are reciprocals, although details are minimal.', 'C5_final_conclusion': 'The final conclusion clearly states that there are exactly two real roots and they are reciprocals.'}",,3470
Math_ShortAns_108,"{'C1_domain_and_derivative': 0, 'C2_monotonicity_and_extrema': 0, 'C3_value_of_a': 0, 'C4_zero_points_condition': 0, 'C5_proof_of_product_less_than_one': 0}",0,"{'C1_domain_and_derivative': 'The student did not identify the domain (should be (0,∞)) nor compute the derivative.', 'C2_monotonicity_and_extrema': 'No proper analysis of monotonicity or location of extrema was provided.', 'C3_value_of_a': 'The condition f(1) ≥ 0 was misinterpreted (should yield a ≤ e+1, not a ≥ e+1) and the final answer for a is incorrect.', 'C4_zero_points_condition': 'The student assumed arbitrary intervals for zeros without setting up the proper condition x1 < 1 < x2.', 'C5_proof_of_product_less_than_one': 'No valid transformation or rigorous proof was provided; the argument contradicts the desired inequality.'}",1.0,2896
Math_ShortAns_109,"{'C1_domain_and_derivative': 1, 'C2_monotonicity_and_extrema': 1, 'C3_value_of_a': 1, 'C4_zero_points_condition': 1, 'C5_proof_of_product_less_than_one': 0}",4,"{'C1_domain_and_derivative': 'Correctly identified the domain and computed the derivative in an equivalent form.', 'C2_monotonicity_and_extrema': 'Correctly analyzed monotonicity and located the minimum at x = 1.', 'C3_value_of_a': 'Correct derivation from f(1) leading to a ≤ e + 1.', 'C4_zero_points_condition': 'Properly set up the condition x1 < 1 < x2, though the analysis is a bit unclear.', 'C5_proof_of_product_less_than_one': 'The attempted proof is incomplete and does not convincingly show x1 * x2 < 1.'}",,4015
Math_ShortAns_112,"{'C1_identify_focus_directrix': 0, 'C2_calculate_p_value': 0, 'C3_parabola_equation': 0, 'C4_slope_relationship': 0, 'C5_max_angle_difference': 0}",0,"{'C1_identify_focus_directrix': 'Incorrect focus identification; the correct focus is (p/2, 0), not (p, 0).', 'C2_calculate_p_value': 'The student did not correctly set up or solve for p using the condition |MF| = 3.', 'C3_parabola_equation': 'The student incorrectly altered the parabola equation to y^2 = 3px instead of substituting the correct p value.', 'C4_slope_relationship': 'No valid relationship between the slopes of MN and AB was established.', 'C5_max_angle_difference': 'The reasoning on maximum angle difference is unclear and leads to an incorrect line equation.'}",1.0,2816
Math_ShortAns_113,"{'C1_identify_focus_directrix': 0, 'C2_calculate_p_value': 0, 'C3_parabola_equation': 0, 'C4_slope_relationship': 0, 'C5_max_angle_difference': 0}",0,"{'C1_identify_focus_directrix': 'Incorrect identification of focus; it should be (p/2, 0) with directrix x = -p/2.', 'C2_calculate_p_value': 'The student incorrectly equated |MF| with |x1 - p|, failing to use the correct focus location, so p was not properly calculated.', 'C3_parabola_equation': 'The parabola equation was left in general form without substituting the correct value of p.', 'C4_slope_relationship': 'No proper analysis of slopes using Vieta’s formulas was provided; the relationship between MN and AB slopes is missing.', 'C5_max_angle_difference': ""The maximum angle difference part is incorrect and the final line's equation is wrongly given as y = 0.""}",,3027
Math_ShortAns_114,"{'C1_identify_focus_directrix': 0, 'C2_calculate_p_value': 1, 'C3_parabola_equation': 1, 'C4_slope_relationship': 0, 'C5_max_angle_difference': 1}",3,"{'C1_identify_focus_directrix': 'Focus is correctly identified as (p/2, 0) but the directrix is not mentioned.', 'C2_calculate_p_value': 'p=2 is obtained by setting up |p + p/2| = 3, matching rubric requirements despite non-standard reasoning.', 'C3_parabola_equation': 'Substituting p=2 into y²=2px to obtain y²=4x is correct.', 'C4_slope_relationship': 'The solution mentions slope relations but fails to explicitly establish the required relation (k_MN = 2k_AB).', 'C5_max_angle_difference': 'The final equation of line AB, x = √2y + 4, is correctly provided for the maximum angle difference case.'}",0.95,4312
Math_ShortAns_117,"{'C1_derivative_calculation': 1, 'C2_function_expression': 0, 'C3_monotonic_intervals': 1, 'C4_inequality_analysis': 0, 'C5_maximum_value': 0}",2,"{'C1_derivative_calculation': 'The derivative form is correct, but the student failed to substitute x = 1 to deduce f(0) = 1.', 'C2_function_expression': 'The function remains in terms of arbitrary constants; no substitution was performed to get the explicit form.', 'C3_monotonic_intervals': 'Only the increasing interval for x > 0 is mentioned; the decreasing interval for x < 0 is omitted.', 'C4_inequality_analysis': 'The inequality was not properly set up or analyzed as required by the rubric.', 'C5_maximum_value': 'No correct derivation or analysis was provided; the answer is given without supporting reasoning.'}",1.0,4407
Math_ShortAns_118,"{'C1_derivative_calculation': 0, 'C2_function_expression': 0, 'C3_monotonic_intervals': 0, 'C4_inequality_analysis': 1, 'C5_maximum_value': 0}",1,"{'C1_derivative_calculation': 'The student only mentioned taking the derivative and substituting x=1 without showing any calculations or the specific result.', 'C2_function_expression': 'No explicit expression for f(x) was derived; the answer only outlines steps.', 'C3_monotonic_intervals': 'The answer states that monotonicity will be analyzed but does not provide the intervals or any analysis.', 'C4_inequality_analysis': 'The student correctly set up the transformed inequality h(x)=e^x-(a+1)x-b≥0 but did not further analyze it, earning a partial point.', 'C5_maximum_value': 'No computation or reasoning was provided for finding the maximum value of (a+1)b.'}",,3334
Math_ShortAns_121,"{'C1_derivative_calculation': 1, 'C2_monotonicity_analysis': 0, 'C3_gx_expression': 1, 'C4_b_max_value': 0, 'C5_ln2_estimation': 0}",2,"{'C1_derivative_calculation': ""The derivative f'(x) was correctly calculated, although the comment about its value at x = 0 was mistaken."", 'C2_monotonicity_analysis': ""The student incorrectly concluded that f(x) is decreasing, even though f'(x) > 0 indicates it is increasing."", 'C3_gx_expression': 'The expression for g(x) was correctly set up and expanded.', 'C4_b_max_value': 'The maximum value of b was incorrectly determined; the analysis leading to b = 0 is flawed.', 'C5_ln2_estimation': 'The estimation of ln2 is far off, using incorrect reasoning and numerical values.'}",0.95,3505
Math_ShortAns_122,"{'C1_derivative_calculation': 1, 'C2_monotonicity_analysis': 1, 'C3_gx_expression': 1, 'C4_b_max_value': 1, 'C5_ln2_estimation': 1}",5,"{'C1_derivative_calculation': ""The derivative f'(x) = e^x + e^(-x) - 2 is correctly computed."", 'C2_monotonicity_analysis': 'Monotonicity is correctly deduced using the inequality and the critical point x = 0 is identified.', 'C3_gx_expression': 'g(x) = f(2x) - 4b f(x) is expanded correctly into the appropriate expression.', 'C4_b_max_value': 'The analysis leads correctly to the maximum b being 2.', 'C5_ln2_estimation': 'The estimation of ln 2 approximated to 0.693 is correctly obtained using the given range for √2.'}",1.0,3909
Math_ShortAns_125,"{'C1_derivative_calculation': 1, 'C2_monotonicity_analysis': 0, 'C3_periodicity_and_bounds': 0, 'C4_inequality_proof_part2': 0, 'C5_inequality_proof_part3': 0}",1,"{'C1_derivative_calculation': 'The student correctly applied the product rule to compute the derivative, although they abandoned further analysis.', 'C2_monotonicity_analysis': 'The analysis is vague and incorrect; no proper use of the derivative to determine increasing/decreasing intervals was provided.', 'C3_periodicity_and_bounds': 'The student incorrectly cited periodicity and chose an erroneous candidate (x = π/2) for the maximum, leading to a wrong conclusion.', 'C4_inequality_proof_part2': 'The inequality proof is flawed; the student mistakenly computed the maximum |f(x)| as 0 using false reasoning.', 'C5_inequality_proof_part3': 'No valid transformation or bounding technique was provided to prove the product inequality; the reasoning is incorrect.'}",0.95,3650
Math_ShortAns_126,"{'C1_derivative_calculation': 1, 'C2_monotonicity_analysis': 0, 'C3_periodicity_and_bounds': 0, 'C4_inequality_proof_part2': 0, 'C5_inequality_proof_part3': 0}",1,"{'C1_derivative_calculation': 'The derivative was computed correctly using the product rule.', 'C2_monotonicity_analysis': ""The student incorrectly concluded the monotonicity without proper analysis of the derivative's sign and critical points."", 'C3_periodicity_and_bounds': 'The answer lacks a discussion of periodicity and correct identification of maximum and minimum values to prove the bound.', 'C4_inequality_proof_part2': 'The student did not rigorously prove the inequality |f(x)| ≤ 3√3/8; only a weak and incorrect bound was given.', 'C5_inequality_proof_part3': 'The approach of replacing each term by 1 is insufficient and does not properly prove the stated inequality.'}",0.9,3711
Math_ShortAns_127,"{'C1_derivative_calculation': 0, 'C2_monotonicity_analysis': 0, 'C3_periodicity_and_bounds': 0, 'C4_inequality_proof_part2': 0, 'C5_inequality_proof_part3': 0}",0,"{'C1_derivative_calculation': 'The answer only states that differentiation is performed but does not show any correct derivative calculation.', 'C2_monotonicity_analysis': 'No actual analysis or critical point determination is provided to conclude monotonicity.', 'C3_periodicity_and_bounds': 'Although the period is mentioned, the maximum/minimum values are not properly derived or justified.', 'C4_inequality_proof_part2': 'The proof for the inequality |f(x)| ≤ (3√3)/8 is only asserted with reference to part (1) without detailed reasoning.', 'C5_inequality_proof_part3': 'The transformation and bounding steps for the product inequality are incomplete and incorrect.'}",,3515
Math_ShortAns_130,"{'C1_convert_polar_to_cartesian': 0, 'C2_complete_cartesian_equation': 0, 'C3_find_parametric_equation': 0, 'C4_compare_circles': 0}",0,"{'C1_convert_polar_to_cartesian': 'The conversion was inconsistent and incorrect; the student ended up with conflicting equations.', 'C2_complete_cartesian_equation': 'The student did not properly complete the square or convert the equation into the standard circle form.', 'C3_find_parametric_equation': 'The approach to derive the parametric equations for P was incomplete and led to an arbitrary example rather than a general derivation.', 'C4_compare_circles': 'The student incorrectly concluded that the circles have common points, which contradicts the expected analysis.'}",1.0,3301
Math_ShortAns_131,"{'C1_convert_polar_to_cartesian': 1, 'C2_complete_cartesian_equation': 1, 'C3_find_parametric_equation': 0, 'C4_compare_circles': 0}",2,"{'C1_convert_polar_to_cartesian': 'The conversion from polar to Cartesian was correctly done, yielding x² + y² = 2√2 x.', 'C2_complete_cartesian_equation': 'The completion of the square to obtain (x - √2)² + y² = 2 is correctly achieved.', 'C3_find_parametric_equation': ""The answer does not provide the required parametric equations for P's trajectory."", 'C4_compare_circles': 'The conclusion that C and C1 have no common points is stated without detailed analysis of centers and radii.'}",0.95,3335
Math_ShortAns_134,"{'C1_eliminate_theta': 0, 'C2_eliminate_t': 0, 'C3_find_intersection': 0, 'C4_cartesian_to_polar': 0, 'C5_final_answer': 0}",0,"{'C1_eliminate_theta': 'Student initially obtained x+y=4 but then erroneously wrote x+y=5, so the correct elimination is lost.', 'C2_eliminate_t': 'The elimination process for C2 is not correctly executed and the derived equation is incorrect.', 'C3_find_intersection': 'The system set up leads to wrong quadratic and yields incorrect intersection points.', 'C4_cartesian_to_polar': 'Conversion to polar form is done arbitrarily; the derived polar equation does not follow from the correct circle parameters.', 'C5_final_answer': 'The final polar equation is incorrect and does not match the required answer.'}",,3293
Math_ShortAns_135,"{'C1_eliminate_theta': 1, 'C2_eliminate_t': 1, 'C3_find_intersection': 1, 'C4_cartesian_to_polar': 1, 'C5_final_answer': 1}",5,"{'C1_eliminate_theta': 'Correctly eliminated the parameter to obtain x+y=4.', 'C2_eliminate_t': 'Correctly obtained x²-y²=4.', 'C3_find_intersection': 'Intersections were solved correctly implicitly leading to the correct circle equation.', 'C4_cartesian_to_polar': 'The conversion to polar is correctly captured in the final answer.', 'C5_final_answer': 'The final polar equation ρ = (17/5) cos θ is correct.'}",,2872
Math_ShortAns_138,"{'C1_eliminate_theta': 0, 'C2_eliminate_t': 0, 'C3_find_intersection': 0, 'C4_cartesian_to_polar': 0, 'C5_circle_equation': 0}",0,"{'C1_eliminate_theta': 'Incorrect elimination of θ; derived equation x+y=8 instead of x+y=4.', 'C2_eliminate_t': 'Incorrect manipulation leading to x²-y²=2 instead of the correct equation x²-y²=4.', 'C3_find_intersection': 'Mistakenly concluded there is no real intersection and arbitrarily assumed P=(0,0).', 'C4_cartesian_to_polar': 'No proper conversion from Cartesian to polar coordinates for the circle was performed.', 'C5_circle_equation': 'Incorrect approach and result for the circle with center on the polar axis; final answer r=2 is unjustified.'}",,3082
Math_ShortAns_139,"{'C1_eliminate_theta': 1, 'C2_eliminate_t': 1, 'C3_find_intersection': 0, 'C4_cartesian_to_polar': 1, 'C5_circle_equation': 1}",4,"{'C1_eliminate_theta': 'Correct elimination of the parameter for C1 yielding x+y=4.', 'C2_eliminate_t': 'Correctly eliminated t for C2 to obtain x² - y² = 4.', 'C3_find_intersection': 'Did not show the intersection point P = (5/2, 3/2).', 'C4_cartesian_to_polar': 'Final polar form is correctly given as ρ = (17/5) cos θ.', 'C5_circle_equation': 'Derived the appropriate circle equation indirectly with the correct polar result.'}",0.95,2846
Math_ShortAns_142,"{'C1_apply_AM_GM_inequality': 0, 'C2_conclude_abc_inequality': 0, 'C3_use_basic_inequalities': 0, 'C4_conclude_fraction_inequality': 0, 'C5_equality_conditions': 0}",0,"{'C1_apply_AM_GM_inequality': 'The answer does not apply the AM-GM inequality as required, relying instead on the special case a = b = c.', 'C2_conclude_abc_inequality': 'Using a = b = c to conclude abc = 1/27 only shows the inequality holds in that case, not the general case required to prove abc ≤ 1/9.', 'C3_use_basic_inequalities': 'No use of inequalities like b+c ≥ 2√(bc) is observed; the approach to the second part is flawed.', 'C4_conclude_fraction_inequality': 'The provided derivation for the second inequality is incorrect and leads to an unrelated bound (1/2 instead of 1/(2√(abc))).', 'C5_equality_conditions': 'No proper discussion of the equality conditions for either inequality is given.'}",1.0,3367
Math_ShortAns_143,"{'C1_apply_AM_GM_inequality': 0, 'C2_conclude_abc_inequality': 0, 'C3_use_basic_inequalities': 0, 'C4_conclude_fraction_inequality': 0, 'C5_equality_conditions': 0}",0,"{'C1_apply_AM_GM_inequality': 'The student did not correctly apply the AM-GM inequality; only a substitution (assuming a=b=c) was used.', 'C2_conclude_abc_inequality': 'The student incorrectly concluded with abc = 1/27 and did not derive abc ≤ 1/9 as required.', 'C3_use_basic_inequalities': 'The student did not use basic inequalities (like b+c ≥ 2√(bc)) to transform the fraction expression.', 'C4_conclude_fraction_inequality': 'The student mistakenly derived the reverse inequality (≥ 1) and did not conclude the required upper bound.', 'C5_equality_conditions': 'No equality conditions were identified for either inequality.'}",1.0,3641
Math_ShortAns_144,"{'C1_apply_AM_GM_inequality': 0, 'C2_conclude_abc_inequality': 0, 'C3_use_basic_inequalities': 0, 'C4_conclude_fraction_inequality': 0, 'C5_equality_conditions': 0}",0,"{'C1_apply_AM_GM_inequality': 'No proper application of the AM-GM inequality; the student simply set a=b=c and miscomputed.', 'C2_conclude_abc_inequality': 'Incorrect conclusion; the student arrived at abc >= 1/9 instead of the required abc <= 1/9.', 'C3_use_basic_inequalities': 'Did not correctly use inequalities like b+c >= 2√(bc) to transform the expression.', 'C4_conclude_fraction_inequality': 'The transformed expression was not properly concluded; the inequality sign was reversed.', 'C5_equality_conditions': 'No discussion of the conditions for equality was provided.'}",,3125
Math_ShortAns_145,"{'C1_apply_AM_GM_inequality': 1, 'C2_conclude_abc_inequality': 1, 'C3_use_basic_inequalities': 1, 'C4_conclude_fraction_inequality': 1, 'C5_equality_conditions': 1}",5,"{'C1_apply_AM_GM_inequality': 'Correctly applied AM-GM to a^(3/2)+b^(3/2)+c^(3/2) = 1 and derived (abc)^(1/2) <= 1/3.', 'C2_conclude_abc_inequality': 'Accurately concluded abc <= 1/9 from the manipulated inequality.', 'C3_use_basic_inequalities': 'Properly used the inequalities b+c>=2√(bc), etc., to rewrite the fractions.', 'C4_conclude_fraction_inequality': 'Correctly summed the transformed expressions to obtain the desired inequality.', 'C5_equality_conditions': 'Correctly identified the equality cases for both parts (a=b=c and a = b = c = cube_root(1/9)).'}",1.0,3576
Math_ShortAns_148,"{'C1_apply_cauchy_schwarz': 0, 'C2_conclude_part1': 0, 'C3_substitute_b_equals_2c': 0, 'C4_apply_am_gm_inequality': 0, 'C5_conclude_part2': 0}",0,"{'C1_apply_cauchy_schwarz': 'The student set up the Cauchy-Schwarz inequality incorrectly by using (1^2+1^2+2^2) instead of the correct coefficients.', 'C2_conclude_part1': 'The conclusion obtained was a+b+2c ≤ 4.24, which does not match the desired result of 3.', 'C3_substitute_b_equals_2c': 'Although b=2c was substituted, the simplification resulting in a^2+8c^2=3 does not lead to the needed form a+4c≤3.', 'C4_apply_am_gm_inequality': 'The AM-GM inequality was not applied at all to bound 1/a + 1/c.', 'C5_conclude_part2': 'No correct conclusion for the inequality 1/a + 1/c ≥ 3 was reached.'}",,3577
Math_ShortAns_149,"{'C1_apply_cauchy_schwarz': 0, 'C2_conclude_part1': 0, 'C3_substitute_b_equals_2c': 1, 'C4_apply_am_gm_inequality': 0, 'C5_conclude_part2': 0}",1,"{'C1_apply_cauchy_schwarz': 'Incorrect application: used wrong coefficients in Cauchy-Schwarz setup.', 'C2_conclude_part1': 'Conclusion derived was a+b+2c ≤ 6 instead of ≤ 3. Incorrect reasoning.', 'C3_substitute_b_equals_2c': 'Substitution of b=2c was done correctly, yielding a^2+8c^2=3.', 'C4_apply_am_gm_inequality': 'Did not apply the AM-GM inequality as required.', 'C5_conclude_part2': 'Failed to conclude the desired inequality 1/a + 1/c ≥ 3.'}",1.0,3766
Math_ShortAns_150,"{'C1_apply_cauchy_schwarz': 1, 'C2_conclude_part1': 1, 'C3_substitute_b_equals_2c': 1, 'C4_apply_am_gm_inequality': 1, 'C5_conclude_part2': 1}",5,"{'C1_apply_cauchy_schwarz': 'Applied Cauchy-Schwarz correctly by setting up the inequality (a^2+b^2+(2c)^2)(1^2+1^2+1^2) ≥ (a+b+2c)^2.', 'C2_conclude_part1': 'Correctly deduced from the inequality that a+b+2c ≤ 3.', 'C3_substitute_b_equals_2c': 'Properly substituted b=2c and simplified to a+4c ≤ 3.', 'C4_apply_am_gm_inequality': 'Used the weighted form effectively to obtain 1/a+1/c ≥ (1+2)^2/(a+4c).', 'C5_conclude_part2': 'Correctly concluded that 1/a+1/c ≥ 3 with proper equality conditions.'}",,3456
Math_ShortAns_153,"{'C1_use_cauchy_inequality': 0, 'C2_transform_equation': 1, 'C3_apply_AM_GM_inequality': 0, 'C4_conclude_inequality_1': 0, 'C5_conclude_inequality_2': 0}",1,"{'C1_use_cauchy_inequality': 'The solution did not apply the Cauchy-Schwarz inequality at all.', 'C2_transform_equation': 'The student correctly transformed a³+b³ into s(s²-3p)=2, albeit without fully exploiting it.', 'C3_apply_AM_GM_inequality': 'No application of the AM-GM inequality was observed.', 'C4_conclude_inequality_1': 'The conclusion for (1) is incorrect; the student ended up with the opposite inequality.', 'C5_conclude_inequality_2': 'The conclusion for (2) is also incorrect; the student did not correctly show that a+b ≤ 2.'}",1.0,3758
Math_ShortAns_154,"{'C1_use_cauchy_inequality': 0, 'C2_transform_equation': 0, 'C3_apply_AM_GM_inequality': 0, 'C4_conclude_inequality_1': 0, 'C5_conclude_inequality_2': 0}",0,"{'C1_use_cauchy_inequality': 'The answer does not apply Cauchy–Schwarz at all; it merely tests a specific case (a = b = 1) rather than proving the inequality in general.', 'C2_transform_equation': 'Although the factorization a³+b³=(a+b)(a²-ab+b²) is mentioned, no proper transformation using a³+b³=2 into a relation between a+b and ab is achieved.', 'C3_apply_AM_GM_inequality': 'There is no clear application of the AM–GM inequality to derive the needed relation between a+b and ab.', 'C4_conclude_inequality_1': 'The proof for (1) is non-rigorous and involves unclear or incorrect algebraic manipulations that do not properly conclude the inequality.', 'C5_conclude_inequality_2': 'The answer attempts to conclude (2) by example, but ultimately contradicts itself by not correctly proving a+b ≤ 2.'}",1.0,4323
Math_ShortAns_155,"{'C1_use_cauchy_inequality': 0, 'C2_transform_equation': 1, 'C3_apply_AM_GM_inequality': 1, 'C4_conclude_inequality_1': 0, 'C5_conclude_inequality_2': 1}",3,"{'C1_use_cauchy_inequality': 'The student attempted to apply Cauchy-Schwarz but misapplied it, leading to an incorrect simplification.', 'C2_transform_equation': 'Correctly transformed a³ + b³ using the factorization identity.', 'C3_apply_AM_GM_inequality': 'Correct application of the AM-GM inequality to relate ab and (a+b).', 'C4_conclude_inequality_1': 'The conclusion for (1) is unjustified due to the flawed application of Cauchy-Schwarz.', 'C5_conclude_inequality_2': 'The student correctly derived the inequality a+b ≤ 2 from the established equations.'}",,4286
Math_ShortAns_158,"{'C1_apply_cauchy_inequality': 0, 'C2_evaluate_equality_condition': 1, 'C3_transform_expression': 2, 'C4_apply_am_gm_inequality': 0, 'C5_evaluate_equality_condition_part2': 0, 'C6_consider_alternative_methods': 0}",3,"{'C1_apply_cauchy_inequality': 'The student did not apply the Cauchy-Schwarz inequality as required; a numerical example was provided instead.', 'C2_evaluate_equality_condition': 'The student identified the equality case a = b = 1, so partial credit was given.', 'C3_transform_expression': 'The student correctly rewrote a^3+b^3 and transformed it using s and p.', 'C4_apply_am_gm_inequality': 'No use of the AM-GM inequality was observed in the proof for part (2).', 'C5_evaluate_equality_condition_part2': 'The student did not determine the equality condition for part (2).', 'C6_consider_alternative_methods': 'No alternative valid approaches were presented.'}",,3303
Math_ShortAns_159,"{'C1_apply_cauchy_inequality': 2, 'C2_evaluate_equality_condition': 1, 'C3_transform_expression': 2, 'C4_apply_am_gm_inequality': 2, 'C5_evaluate_equality_condition_part2': 1, 'C6_consider_alternative_methods': 0}",8,"{'C1_apply_cauchy_inequality': 'Correctly set up the Cauchy-Schwarz inequality showing (a+b)(a^5+b^5) ≥ (a^3+b^3)^2 and used the given condition.', 'C2_evaluate_equality_condition': 'Equality condition is accurately identified as a = b = 1.', 'C3_transform_expression': 'Successfully transformed a^3 + b^3 = 2 into (a+b)^3 - 3ab(a+b) = 2.', 'C4_apply_am_gm_inequality': 'Applied AM-GM inequality correctly to relate ab to ((a+b)/2)^2 and deduced the desired inequality.', 'C5_evaluate_equality_condition_part2': 'Equality condition for part (2) is correctly noted as a = b = 1.', 'C6_consider_alternative_methods': 'No alternative methods were considered.'}",1.0,3691
Math_ShortAns_162,"{'C1_function_definition': 0.5, 'C2_inequality_solution_x_gt_1': 0, 'C3_inequality_solution_x_between_neg1_and_1': 0, 'C4_inequality_solution_x_lt_neg1': 0, 'C5_solution_set_combination': 0, 'C6_value_range_of_a': 0}",0.5,"{'C1_function_definition': 'f(x) is correctly defined but the piecewise conditions for g(x) are miscomputed (errors in both the expressions for x < -1 and -1 ≤ x < 1).', 'C2_inequality_solution_x_gt_1': 'The inequality for x ≥ 1 is set up but not solved correctly; the solution is not properly determined.', 'C3_inequality_solution_x_between_neg1_and_1': 'The value of g(x) is incorrectly taken as 0 instead of 2, leading to an erroneous inequality solution.', 'C4_inequality_solution_x_lt_neg1': 'The inequality for x < -1 is set up with the wrong expression for g(x) and algebraic mistakes in solving it.', 'C5_solution_set_combination': 'The final solution set is combined incorrectly and does not logically follow from the individual interval analyses.', 'C6_value_range_of_a': 'The value range of a is determined by checking endpoints only, using the wrong piecewise function for g(x), hence the condition ensuring [-1,1] is contained is flawed.'}",1.0,6083
Math_ShortAns_163,"{'C1_function_definition': 1, 'C2_inequality_solution_x_gt_1': 1, 'C3_inequality_solution_x_between_neg1_and_1': 0.5, 'C4_inequality_solution_x_lt_neg1': 0.5, 'C5_solution_set_combination': 1, 'C6_value_range_of_a': 1}",5.0,"{'C1_function_definition': 'Correctly defined f(x) for a=1 and provided correct piecewise definitions for g(x).', 'C2_inequality_solution_x_gt_1': 'Solved the inequality correctly for x > 1, yielding [1, (√17-1)/2].', 'C3_inequality_solution_x_between_neg1_and_1': 'Identified that g(x)=2 in this range, but incorrectly restricted the solution to [-1, (√17-1)/2] instead of [-1, 1].', 'C4_inequality_solution_x_lt_neg1': 'While the monotonic behavior was noted, the resulting solution set for x < -1 is incorrect.', 'C5_solution_set_combination': 'Combined the intervals into a final solution set that matches the expected answer despite internal range errors.', 'C6_value_range_of_a': 'Correctly derived the condition for a, obtaining a ∈ [-1, 1].'}",,5865
Math_ShortAns_166,"{'C1_convert_parametric_to_cartesian': 0, 'C2_convert_cartesian_to_polar': 0, 'C3_convert_C2_to_cartesian': 0, 'C4_find_intersection_points': 0, 'C5_convert_intersection_to_polar': 0, 'C6_final_answer': 0}",0,"{'C1_convert_parametric_to_cartesian': 'The student did not correctly eliminate the parameter t to obtain the standard circle equation.', 'C2_convert_cartesian_to_polar': 'The conversion to polar form is not performed correctly; the student incorrectly retained the parameter and introduced an erroneous expression.', 'C3_convert_C2_to_cartesian': 'No valid conversion of C2 from polar to Cartesian coordinates is provided.', 'C4_find_intersection_points': 'The intersection process is flawed; the substitution and subsequent equation are incorrect.', 'C5_convert_intersection_to_polar': 'The student did not correctly convert any computed intersection points to polar coordinates.', 'C6_final_answer': 'The final answers for both the polar form of C1 and the intersection points are incorrect.'}",,3531
Math_ShortAns_167,"{'C1_convert_parametric_to_cartesian': 1, 'C2_convert_cartesian_to_polar': 1, 'C3_convert_C2_to_cartesian': 1, 'C4_find_intersection_points': 1, 'C5_convert_intersection_to_polar': 1, 'C6_final_answer': 1}",6,"{'C1_convert_parametric_to_cartesian': 'Eliminated t correctly to obtain (x-4)^2 + (y-5)^2 = 25.', 'C2_convert_cartesian_to_polar': 'Substituted x = ρ cosθ and y = ρ sinθ correctly resulting in ρ² - 8ρ cosθ - 10ρ sinθ + 16 = 0.', 'C3_convert_C2_to_cartesian': 'Converted ρ = 2 sinθ to Cartesian form correctly as x² + y² - 2y = 0.', 'C4_find_intersection_points': 'Correctly solved the system to find intersection points (1,1) and (0,2).', 'C5_convert_intersection_to_polar': 'Converted the Cartesian points to polar coordinates accurately: (√2, π/4) and (2, π/2).', 'C6_final_answer': 'Final answer is precisely the expected polar coordinates.'}",,3396
Math_ShortAns_170,"{'C1_setup_conditions': 1, 'C2_proof_part1': 1, 'C3_assumption_max': 0, 'C4_proof_part2': 0, 'C5_final_conclusion': 0}",2,"{'C1_setup_conditions': 'The student correctly used a+b+c=0 to express c and acknowledged abc=1 later, satisfying setup.', 'C2_proof_part1': 'The substitution to obtain ab+bc+ca in terms of a and b is correct, but using a single numerical example does not constitute a general proof.', 'C3_assumption_max': 'The answer does not assume max{a,b,c}=a or properly identify the signs of a, b, and c.', 'C4_proof_part2': 'The derivation in part (2) is flawed; it incorrectly attempts to relate a^2b+ab^2=1 to conclude max{a,b,c} ≥ ∛4.', 'C5_final_conclusion': 'The final conclusion is stated without a coherent, logically complete justification for both parts.'}",0.9,3952
Math_ShortAns_171,"{'C1_setup_conditions': 1, 'C2_proof_part1': 2, 'C3_assumption_max': 1, 'C4_proof_part2': 2, 'C5_final_conclusion': 1}",7,"{'C1_setup_conditions': 'The student correctly uses the given conditions a+b+c=0 and abc=1 to set up the proof.', 'C2_proof_part1': 'The derivation using (a+b+c)^2 and concluding that ab+bc+ca = -1/2(a^2+b^2+c^2) < 0 is correctly done.', 'C3_assumption_max': 'The student duly assumes max{a, b, c} = a and correctly identifies the signs of a, b, and c.', 'C4_proof_part2': 'The derivation of a^3 in terms of b and c, leading to a^3 ≥ 4, is executed properly with valid inequality reasoning.', 'C5_final_conclusion': 'The final conclusion effectively summarizes the results for both parts of the problem.'}",,4040
Math_ShortAns_174,"{'C1_use_cauchy_inequality': 0, 'C2_solve_for_minimum_value': 0, 'C3_set_up_inequality_part2': 1, 'C4_analyze_equality_conditions': 0, 'C5_conclude_on_a_range': 0}",1,"{'C1_use_cauchy_inequality': 'The student did not apply Cauchy-Schwarz inequality at all; only substitution and expansion were attempted.', 'C2_solve_for_minimum_value': 'The minimum value was determined incorrectly using test values instead of correct analysis.', 'C3_set_up_inequality_part2': 'The substitution z = 1-x-y was correctly performed, but the subsequent setup and expansion are flawed.', 'C4_analyze_equality_conditions': 'No clear analysis of equality conditions was provided.', 'C5_conclude_on_a_range': 'The final conclusion on the range of a is inconsistent and not properly justified.'}",1.0,4607
Math_ShortAns_175,"{'C1_use_cauchy_inequality': 0, 'C2_solve_for_minimum_value': 0, 'C3_set_up_inequality_part2': 0, 'C4_analyze_equality_conditions': 0, 'C5_conclude_on_a_range': 1}",1,"{'C1_use_cauchy_inequality': 'The student incorrectly applied the Cauchy-Schwarz inequality, with errors in handling the constant terms.', 'C2_solve_for_minimum_value': 'The minimum value was computed incorrectly; the expected result (4/3) was not obtained and equality conditions were not verified.', 'C3_set_up_inequality_part2': 'The substitution using x+y+z=1 was not properly executed, and the set-up for part (2) is incomplete.', 'C4_analyze_equality_conditions': 'Although the equality condition x-2 = y-1 = z-a was mentioned, it was not effectively analyzed to derive the range for a.', 'C5_conclude_on_a_range': 'The final conclusion a ≤ -3 or a ≥ -1 is stated, which is correct, but without adequate justification.'}",,5233
Math_ShortAns_178,"{'C1_expand_expression': 1, 'C2_apply_cauchy_inequality': 0, 'C3_equality_condition': 0, 'C4_expand_second_expression': 1, 'C5_prove_inequality': 0}",2,"{'C1_expand_expression': 'The expansion and substitution using x+y+z=1 are done correctly, even though the final minimal value is incorrectly concluded.', 'C2_apply_cauchy_inequality': 'No use of Cauchy-Schwarz inequality to deduce the minimum was observed.', 'C3_equality_condition': 'There is no discussion of when equality holds for the minimum.', 'C4_expand_second_expression': 'The expansion of (x-2)^2+(y-1)^2+(z-a)^2 is correctly executed and set up.', 'C5_prove_inequality': 'The derivation of the range for a is not properly established or proved.'}",,4071
Math_ShortAns_179,"{'C1_expand_expression': 0, 'C2_apply_cauchy_inequality': 1, 'C3_equality_condition': 0, 'C4_expand_second_expression': 0, 'C5_prove_inequality': 0}",1,"{'C1_expand_expression': 'The student did not expand and simplify (x-1)²+(y+1)²+(z+1)² as required.', 'C2_apply_cauchy_inequality': 'The student applied the Cauchy-Schwarz inequality correctly for part (1).', 'C3_equality_condition': 'No discussion or determination of the equality condition was provided.', 'C4_expand_second_expression': 'The student’s set-up for (x-2)²+(y-1)²+(z-a)² is flawed; the expression was not correctly expanded or arranged.', 'C5_prove_inequality': 'The derivation of the parameter condition is incorrect and the reasoning is flawed.'}",,5645
Math_ShortAns_182,"{'C1_setup_function_a1': 1, 'C2_solve_inequality_a1': 0, 'C3_setup_inequality_a': 0, 'C4_analyze_inequality_a': 0, 'C5_final_answer_a': 0}",1,"{'C1_setup_function_a1': 'Correctly set up the function for a=1 and identified the breakpoints.', 'C2_solve_inequality_a1': 'Errors in solving the inequality segments and improper combination of the solution set.', 'C3_setup_inequality_a': 'Incorrect transformation of the inequality; the sign was reversed.', 'C4_analyze_inequality_a': 'No proper geometric interpretation or valid analysis was provided.', 'C5_final_answer_a': 'Final answer for a is incorrect and does not match the required solution.'}",,4228
Math_ShortAns_183,"{'C1_setup_function_a1': 1, 'C2_solve_inequality_a1': 1, 'C3_setup_inequality_a': 1, 'C4_analyze_inequality_a': 1, 'C5_final_answer_a': 1}",5,"{'C1_setup_function_a1': 'Correctly set up the function as f(x)=5-|x+1|-|x-2| and identified the breakpoints at x=-1 and x=2.', 'C2_solve_inequality_a1': 'Solved each segment correctly and combined the intervals to give [-2,3].', 'C3_setup_inequality_a': 'Accurately transformed the inequality to |x+a| + |x-2| ≥ 4.', 'C4_analyze_inequality_a': 'Proper geometric interpretation was used to deduce |a+2| ≥ 4.', 'C5_final_answer_a': 'The final range for a was correctly stated as (-∞, -6] ∪ [2, +∞).'}",1.0,3823
Math_ShortAns_186,"{'C1_substitute_a': 1, 'C2_case_analysis_x': 1, 'C3_solve_inequality': 1, 'C4_analyze_a_range': 0}",3,"{'C1_substitute_a': 'Substitution a=1 was done correctly, yielding |x-1|x + |x-2|(x-1).', 'C2_case_analysis_x': 'The student attempted a piecewise analysis and correctly computed expressions in each case but misinterpreted the sign for the x<1 case, losing full marks.', 'C3_solve_inequality': 'While the expressions were derived correctly, the final solution set was combined incorrectly, leading to an erroneous overall answer.', 'C4_analyze_a_range': 'The analysis for the range of a is flawed; the student’s simplification erroneously removed the parameter a and concluded (2, ∞) instead of the correct range.'}",0.9,5079
Math_ShortAns_187,"{'C1_substitute_a': 1, 'C2_case_analysis_x': 2, 'C3_solve_inequality': 2, 'C4_analyze_a_range': 2}",7,"{'C1_substitute_a': 'Correctly substituted a=1 and simplified the expression as required.', 'C2_case_analysis_x': 'Appropriate case analysis for x < 1, 1 ≤ x < 2, and x ≥ 2 was performed with acceptable simplifications.', 'C3_solve_inequality': 'Solved the inequality correctly in each case and combined the solution sets accurately.', 'C4_analyze_a_range': 'Properly analyzed the range for a and correctly concluded that a ∈ [1, +∞).'}",,4217
Math_ShortAns_190,"{'C1_transform_inequality': 1, 'C2_apply_inequality_1': 0, 'C3_conclude_part_1': 0, 'C4_expand_and_transform_part_2': 1, 'C5_apply_inequality_2': 0, 'C6_conclude_part_2': 0}",2,"{'C1_transform_inequality': 'The transformation using abc=1 is correctly performed.', 'C2_apply_inequality_1': 'Incorrect/irrelevant use of AM-GM; the proper inequality was not applied to compare a²+b²+c² with bc+ac+ab.', 'C3_conclude_part_1': 'The final conclusion for part (1) was not properly reached; the argument fails.', 'C4_expand_and_transform_part_2': 'The expansion of (a+b)³, etc., is correctly done.', 'C5_apply_inequality_2': 'No appropriate inequality was applied beyond just checking the equality case.', 'C6_conclude_part_2': 'The final claim for part (2) is based solely on the case a=b=c=1 and lacks a complete proof.'}",,3788
Math_ShortAns_191,"{'C1_transform_inequality': 0, 'C2_apply_inequality_1': 0, 'C3_conclude_part_1': 0, 'C4_expand_and_transform_part_2': 0, 'C5_apply_inequality_2': 0, 'C6_conclude_part_2': 0}",0,"{'C1_transform_inequality': 'The student did not correctly transform 1/a+1/b+1/c into bc+ac+ab; the substitution with x, y, z is insufficient.', 'C2_apply_inequality_1': 'They applied the AM-GM separately to both sides, which only yields lower bounds and does not establish the desired inequality.', 'C3_conclude_part_1': 'The conclusion x+y+z ≤ a²+b²+c² is not logically derived from the provided inequalities.', 'C4_expand_and_transform_part_2': 'The expansion is attempted but not clearly or correctly transformed as required.', 'C5_apply_inequality_2': 'No proper inequality (like AM-GM or other) is correctly applied to bound the sum for part (2).', 'C6_conclude_part_2': ""The final conclusion is vague and unsubstantiated, relying on an incorrect reference to a 'triangle inequality'.""}",,4036
Math_ShortAns_192,"{'C1_transform_inequality': 0, 'C2_apply_inequality_1': 0, 'C3_conclude_part_1': 0, 'C4_expand_and_transform_part_2': 1, 'C5_apply_inequality_2': 0, 'C6_conclude_part_2': 0}",1,"{'C1_transform_inequality': 'The student did not transform 1/a + 1/b + 1/c into bc+ac+ab using abc=1.', 'C2_apply_inequality_1': 'No appropriate inequality was applied to show a²+b²+c² ≥ bc+ac+ab.', 'C3_conclude_part_1': 'The student incorrectly concluded that the inequality does not hold.', 'C4_expand_and_transform_part_2': 'The expansion of the cubic expressions is done correctly, though further transformation is missing.', 'C5_apply_inequality_2': 'No suitable inequality was applied to reach the lower bound of 24.', 'C6_conclude_part_2': 'The conclusion for part (2) is incorrectly stated as the inequality failing.'}",0.95,4237
Math_ShortAns_193,"{'C1_transform_inequality': 1, 'C2_apply_inequality_1': 1, 'C3_conclude_part_1': 1, 'C4_expand_and_transform_part_2': 1, 'C5_apply_inequality_2': 1, 'C6_conclude_part_2': 1}",6,"{'C1_transform_inequality': 'Correctly transformed 1/a+1/b+1/c into bc+ac+ab using abc=1.', 'C2_apply_inequality_1': 'Applied a basic inequality (doubling both sides) to show a^2+b^2+c^2 ≥ bc+ac+ab.', 'C3_conclude_part_1': 'Concluded the inequality for part (1) correctly.', 'C4_expand_and_transform_part_2': 'Transformed the expression for part (2) to an equivalent form using a basic inequality, though expansion details are minimal.', 'C5_apply_inequality_2': 'Applied a basic inequality to bound (a+b)^3+(b+c)^3+(c+a)^3 via 3(a+b)(b+c)(c+a) and then used abc=1 to lead to 24, which is acceptable.', 'C6_conclude_part_2': 'Concluded the proof for part (2) by noting the equality condition and deriving the result.'}",,3822
Math_ShortAns_196,"{'C1_establish_conditions': 2, 'C2_apply_inequality_properties': 0, 'C3_conclude_part_1': 0, 'C4_prove_necessity': 0, 'C5_prove_sufficiency': 0, 'C6_final_conclusion': 0}",2,"{'C1_establish_conditions': 'The student correctly stated the given conditions a+b=c+d and ab>cd.', 'C2_apply_inequality_properties': 'The student did not correctly expand the squares nor correctly use the inequality properties to derive the required result.', 'C3_conclude_part_1': 'The student failed to conclude √a+√b > √c+√d; instead, they argued the opposite.', 'C4_prove_necessity': 'No valid derivation was provided for showing that √a+√b > √c+√d implies |a-b| < |c-d|.', 'C5_prove_sufficiency': 'The sufficiency part was not demonstrated; the student rejected the required implication.', 'C6_final_conclusion': 'The final equivalence claim was not established; the student concluded it does not hold.'}",,3234
Math_ShortAns_197,"{'C1_establish_conditions': 2, 'C2_apply_inequality_properties': 2, 'C3_conclude_part_1': 1, 'C4_prove_necessity': 2, 'C5_prove_sufficiency': 0, 'C6_final_conclusion': 0}",7,"{'C1_establish_conditions': 'The student correctly states that a+b=c+d and ab>cd.', 'C2_apply_inequality_properties': 'The expansion of the squares and the use of √ab > √cd are correctly applied.', 'C3_conclude_part_1': 'The conclusion from the squared inequality is correctly obtained.', 'C4_prove_necessity': 'The derivation from (√a+√b)² > (√c+√d)² to (a-b)² < (c-d)² is valid.', 'C5_prove_sufficiency': 'The student did not prove the converse (that |a-b| < |c-d| implies √a+√b > √c+√d).', 'C6_final_conclusion': 'Although the final statement asserts equivalence, without the sufficiency proof it is incomplete.'}",,3943
Math_ShortAns_200,"{'C1_substitute_a': 1, 'C2_solve_inequality_part1': 1, 'C3_find_solution_set_part1': 0, 'C4_setup_inequality_part2': 1, 'C5_solve_inequality_part2': 0, 'C6_find_solution_set_part2': 0}",3,"{'C1_substitute_a': 'Correct substitution of a = 2 into f(x).', 'C2_solve_inequality_part1': 'Subtraction step is correctly done to get |2x-2| ≤ 4, but the subsequent case analysis is flawed.', 'C3_find_solution_set_part1': 'The resulting solution set [-1, 4] is incorrect; the proper answer is [-1, 3].', 'C4_setup_inequality_part2': 'The inequality for f(x) + g(x) is set up correctly.', 'C5_solve_inequality_part2': 'The approach and analysis for solving the inequality with respect to a is incorrect.', 'C6_find_solution_set_part2': 'The final range for a is wrongly given as (-∞, 1) instead of the correct range.'}",0.95,3940
Math_ShortAns_201,"{'C1_substitute_a': 1, 'C2_solve_inequality_part1': 2, 'C3_find_solution_set_part1': 1, 'C4_setup_inequality_part2': 1, 'C5_solve_inequality_part2': 1, 'C6_find_solution_set_part2': 1}",7,"{'C1_substitute_a': 'Correctly substituted a = 2 to obtain f(x) = |2x-2|+2.', 'C2_solve_inequality_part1': 'Properly simplified the inequality to |2x-2| ≤ 4 and solved it correctly.', 'C3_find_solution_set_part1': 'Resulting solution set [-1, 3] is correctly identified.', 'C4_setup_inequality_part2': 'The inequality for f(x)+g(x) ≥ 3 is set up correctly.', 'C5_solve_inequality_part2': 'The student attempted to break into cases for a but the reasoning is unclear and incomplete, warranting partial credit.', 'C6_find_solution_set_part2': 'The final answer for the range of a, [2, +∞), is correct.'}",,4047
Math_ShortAns_204,"{'C1_inequality_transformation': 0, 'C2_minimum_value_a3_b3': 0, 'C3_correct_minimum_value': 0, 'C4_existence_condition': 0, 'C5_correct_existence_conclusion': 0}",0,"{'C1_inequality_transformation': 'The student did not use the AM-GM inequality and incorrectly assumed ab=1 instead of deriving ab ≥ 2.', 'C2_minimum_value_a3_b3': 'The student failed to derive a proper inequality method and assumed a wrong value, leading to an incorrect expression for a^3 + b^3.', 'C3_correct_minimum_value': 'The minimum value was incorrectly stated as -1, rather than the correct value 4√2.', 'C4_existence_condition': 'The analysis for the existence of a, b satisfying 2a+3b=6 is flawed and does not use the derived condition from the given equation.', 'C5_correct_existence_conclusion': 'The conclusion is improperly reached; the student asserts existence while the correct analysis shows no such a and b exist.'}",1.0,2832
Math_ShortAns_205,"{'C1_inequality_transformation': 0, 'C2_minimum_value_a3_b3': 0, 'C3_correct_minimum_value': 0, 'C4_existence_condition': 0, 'C5_correct_existence_conclusion': 1}",1,"{'C1_inequality_transformation': 'The student’s attempt to apply AM-GM to derive ab ≥ 2 was incorrect and led to a contradiction instead of the correct inequality.', 'C2_minimum_value_a3_b3': 'The solution for finding the minimum value of a³+b³ is flawed and does not use the derived inequality correctly.', 'C3_correct_minimum_value': 'The student concludes that the minimum value does not exist instead of the correct answer 4√2.', 'C4_existence_condition': 'The analysis for the existence of a and b such that 2a+3b=6 misapplies AM-GM and does not properly use the condition ab ≥ 2.', 'C5_correct_existence_conclusion': 'Although the logical process is flawed, the student does conclude that no such a and b exist, matching the correct final answer.'}",,3869
Math_ShortAns_208,"{'C1_use_inequality': 0, 'C2_min_value_a3_b3': 0, 'C3_analyze_2a_3b': 0, 'C4_conclusion_existence': 0}",0,"{'C1_use_inequality': 'The student did not use an inequality to show that ab ≥ 2.', 'C2_min_value_a3_b3': 'They guessed a minimal value by arbitrarily setting a = b = 1, leading to an incorrect minimum of 2.', 'C3_analyze_2a_3b': 'The analysis of the condition 2a + 3b = 6 is incomplete and lacks proper inequality application.', 'C4_conclusion_existence': 'The conclusion falsely asserts the existence of a solution, without proper justification.'}",1.0,2755
Math_ShortAns_209,"{'C1_use_inequality': 0, 'C2_min_value_a3_b3': 0, 'C3_analyze_2a_3b': 0, 'C4_conclusion_existence': 0}",0,"{'C1_use_inequality': 'Incorrectly applied the inequality; result ab ≥ 4 is wrong compared to expected ab ≥ 2.', 'C2_min_value_a3_b3': 'No clear calculation or numeric answer provided for the minimum value of a³+b³.', 'C3_analyze_2a_3b': 'Condition 2a+3b=6 was not analyzed at all.', 'C4_conclusion_existence': 'No conclusion regarding the existence of a, b satisfying 2a+3b=6 was given.'}",,4307
Math_ShortAns_212,"{'C1_analyze_fx': 0, 'C2_prove_inequality': 0, 'C3_setup_condition': 0, 'C4_solve_inequalities': 0, 'C5_final_answer': 0}",0,"{'C1_analyze_fx': 'The student identified f(a) = a + 1/a but did not correctly assess the minimization nor recognize the alternative critical point; the conclusion was flawed.', 'C2_prove_inequality': 'The student did not prove a + 1/a ≥ 2 using AM-GM or any proper argument; the proof is missing.', 'C3_setup_condition': ""The student set up f(3) improperly by considering only a < 2 and neglecting the required case analysis based on a's value."", 'C4_solve_inequalities': 'The algebraic manipulation from f(3) < 5 is incorrect and the inequalities were not solved correctly.', 'C5_final_answer': 'The final answer for the range of a is incorrect and does not follow from a proper combination of the cases.'}",,3869
Math_ShortAns_213,"{'C1_analyze_fx': 1, 'C2_prove_inequality': 1, 'C3_setup_condition': 0, 'C4_solve_inequalities': 0, 'C5_final_answer': 1}",3,"{'C1_analyze_fx': 'Identified the minimal value as a + 1/a, though without specifying x-values; meets criterion.', 'C2_prove_inequality': 'Correctly applied the AM-GM inequality to show a + 1/a ≥ 2.', 'C3_setup_condition': 'No case analysis or clear setup of f(3) was provided, so no credit awarded.', 'C4_solve_inequalities': 'Did not show any solving steps for the inequalities from f(3) < 5.', 'C5_final_answer': 'Final answer is correctly stated as ((1+√5)/2, (5+√21)/2).'}",,3631
Math_ShortAns_216,"{'C1_setup_equation': 1, 'C2_apply_inequality_I': 1, 'C3_conclude_part_I': 1, 'C4_apply_inequality_II': 0, 'C5_conclude_part_II': 0}",3,"{'C1_setup_equation': 'Student correctly stated a+b+c=1 and used it to obtain (a+b+c)^2=1 implicitly via substitution.', 'C2_apply_inequality_I': 'Student used the known inequality ab+bc+ca <= (a+b+c)^2/3, which is equivalent to the expected argument.', 'C3_conclude_part_I': 'Student correctly concluded that ab+bc+ca <= 1/3.', 'C4_apply_inequality_II': 'Student incorrectly applied AM-GM, arriving at 3(abc)^(1/3), and did not use the intended inequality (a^2/b+b >= 2a etc.).', 'C5_conclude_part_II': 'Student concluded the wrong inequality (< 1) instead of proving (a^2)/b+(b^2)/c+(c^2)/a >= 1.'}",0.95,4745
Math_ShortAns_217,"{'C1_setup_equation': 1, 'C2_apply_inequality_I': 0, 'C3_conclude_part_I': 1, 'C4_apply_inequality_II': 0, 'C5_conclude_part_II': 0}",2,"{'C1_setup_equation': 'The student correctly used a+b+c=1 to obtain (a+b+c)^2=1.', 'C2_apply_inequality_I': 'The student failed to correctly apply the inequality a^2+b^2+c^2 ≥ ab+bc+ca; the Cauchy-Schwarz approach was misapplied.', 'C3_conclude_part_I': 'The student stated the conclusion ab+bc+ca ≤ 1/3, but without correct justification.', 'C4_apply_inequality_II': 'No appropriate application of the inequality (a^2)/b + b ≥ 2a (and analogous ones) is provided for part II.', 'C5_conclude_part_II': 'The student did not conclude or show the derivation of (a^2)/b+(b^2)/c+(c^2)/a ≥ 1.'}",,5106
