script_id,scores,model_score,comments,confidence,tokens_used
Math_ShortAns_2,"{'S1_expand_sin_addition': 0, 'S2_combine_terms': 0, 'S3_simplify_to_basic_function': 0, 'S4_identify_maximum_value': 0, 'S5_final_answer_consistency': 0}",0,"{'S1_expand_sin_addition': 'Incorrect expansion: the student used sin(x+2φ)= sin x cos2φ + cos x sin2φ instead of the required expansion in terms of sin(x+φ).', 'S2_combine_terms': 'The grouping and cancellation were not correctly executed; the cos(x+φ) term was not canceled as needed.', 'S3_simplify_to_basic_function': 'The expression was not simplified to the basic function sin x.', 'S4_identify_maximum_value': 'The maximum value was not correctly identified from the proper simplification; the amplitude formula was misapplied.', 'S5_final_answer_consistency': 'Although the final answer of 1 was stated, it does not follow correctly from the derivation provided.'}",0.95,3724
Math_ShortAns_3,"{'S1_expand_sin_addition': 1, 'S2_combine_terms': 0, 'S3_simplify_to_basic_function': 1, 'S4_identify_maximum_value': 1, 'S5_final_answer_consistency': 1}",4,"{'S1_expand_sin_addition': 'Correct expansion of sin(x+2φ) using the sine addition formula.', 'S2_combine_terms': 'The answer mentions using trigonometric identities but does not show the explicit grouping or cancellation where cos(x+φ) terms combine.', 'S3_simplify_to_basic_function': 'The answer claims the expression reduces to sin x, which is the intended simplification.', 'S4_identify_maximum_value': 'Correctly notes that the maximum value of sin x is 1.', 'S5_final_answer_consistency': 'Final answer of 1 is consistent with the simplified function.'}",1.0,3079
Math_ShortAns_6,"{'R1_define_terms': 1, 'R2_set_equation': 1, 'R3_solve_for_r': 1, 'R4_calculate_sum': 0, 'R5_final_answer': 0}",3,"{'R1_define_terms': 'The student correctly defined the sequence terms (aₙ = 1/3 · r^(n-1)), although they did not explicitly mention the sum formula.', 'R2_set_equation': 'They set up the equation (1/3 · r³)² = 1/3 · r⁵ correctly.', 'R3_solve_for_r': 'The equation was simplified correctly to obtain r = 3.', 'R4_calculate_sum': 'While the student correctly substituted r = 3 and listed the terms, the arithmetic for summing the series was carried out incorrectly.', 'R5_final_answer': 'The final answer was computed as 40, which is incorrect; the correct sum should be 121/3.'}",,4395
Math_ShortAns_7,"{'R1_define_terms': 0, 'R2_set_equation': 0, 'R3_solve_for_r': 0, 'R4_calculate_sum': 0, 'R5_final_answer': 0}",0,"{'R1_define_terms': 'The student did not define the general term or the sum formula.', 'R2_set_equation': 'No equation based on a₄² = a₆ was set up.', 'R3_solve_for_r': 'There is no work shown to solve for the common ratio r.', 'R4_calculate_sum': 'No substitution into the sum formula was performed.', 'R5_final_answer': 'The final answer provided is incorrect; it should be 121/3, not 121/9.'}",1.0,2461
Math_ShortAns_10,"{'Q15_C1_rewrite_equation': 1, 'Q15_C2_identify_diameter': 0, 'Q15_C3_geometry_implication': 0, 'Q15_C4_final_answer': 0}",1,"{'Q15_C1_rewrite_equation': 'The student correctly rewrote the vector equation as 2·AO = AB + AC.', 'Q15_C2_identify_diameter': ""The answer does not properly deduce that the vector sum implies a diameter; the student mentioned a relation with the circle's diameter but did not conclude the correct geometric alignment."", 'Q15_C3_geometry_implication': 'There is an incorrect application of circle geometry; the student’s reasoning about the angle resulting from the setup is confused.', 'Q15_C4_final_answer': 'The final answer given as 30° is incorrect. The correct answer should be 90°.'}",0.95,3330
Math_ShortAns_11,"{'Q15_C1_rewrite_equation': 0, 'Q15_C2_identify_diameter': 0, 'Q15_C3_geometry_implication': 0, 'Q15_C4_final_answer': 0}",0,"{'Q15_C1_rewrite_equation': 'The student did not rewrite the vector equation at all.', 'Q15_C2_identify_diameter': 'The student did not identify or mention the diameter property implied by the vector equation.', 'Q15_C3_geometry_implication': 'The student did not apply any circle geometry reasoning such as the inscribed angle theorem.', 'Q15_C4_final_answer': 'The final answer provided is incorrect; the correct angle should be 90° rather than 45°.'}",,1979
Math_ShortAns_14,"{'C1_setup_circle_equation': 0, 'C2_point_B_on_circle': 1, 'C3_tangent_condition': 1, 'C4_solving_center_coordinates': 0, 'C5_final_answer': 0}",2,"{'C1_setup_circle_equation': 'The student did not clearly set up the general circle equation with proper substitution of point A; the process is not clearly stated.', 'C2_point_B_on_circle': 'The substitution of point B into the circle equation is done correctly.', 'C3_tangent_condition': 'The use of the distance formula for tangency (center-to-line equals r) is correctly applied.', 'C4_solving_center_coordinates': 'The student made arbitrary choices (like setting y₀ = 1 and y₀ = 0) and displayed inconsistent computations, failing to properly solve for the center.', 'C5_final_answer': 'The final answer is inconsistent and incorrect; it does not match the correct circle equation.'}",0.95,4903
Math_ShortAns_15,"{'C1_setup_circle_equation': 1, 'C2_point_B_on_circle': 1, 'C3_tangent_condition': 1, 'C4_solving_center_coordinates': 1, 'C5_final_answer': 1}",5,"{'C1_setup_circle_equation': 'Correctly set up the circle equation and substituted point A.', 'C2_point_B_on_circle': 'Accurately substituted point B into the circle equation.', 'C3_tangent_condition': 'Properly applied the tangency condition using the distance from the center to the line.', 'C4_solving_center_coordinates': 'Solved the system correctly to find the center (3,0) and radius √2.', 'C5_final_answer': 'Final circle equation is correctly expressed as (x-3)²+y²=2.'}",1.0,2936
Math_ShortAns_18,"{'C1_recurrence_setup': 1, 'C2_grouping_terms': 0, 'C3_calculate_group_sums': 0, 'C4_final_answer': 0}",1,"{'C1_recurrence_setup': '正确定义了递推公式和前几项方程，识别出交替符号。', 'C2_grouping_terms': '没有正确进行奇数项和偶数项的分组，缺少关键的分组讨论。', 'C3_calculate_group_sums': '没有正确计算每一组的和，也未使用算术级数公式。', 'C4_final_answer': '最终答案错误，未得1830。'}",,3562
Math_ShortAns_19,"{'C1_recurrence_setup': 0, 'C2_grouping_terms': 0, 'C3_calculate_group_sums': 0, 'C4_final_answer': 1}",1,"{'C1_recurrence_setup': 'The solution does not show any derivation or listing of the recurrence relations.', 'C2_grouping_terms': 'There is no evidence of grouping the terms into subsequences as required.', 'C3_calculate_group_sums': 'The student does not display any work on summing the groups or using the arithmetic series formula.', 'C4_final_answer': 'The final answer is correctly stated as 1830.'}",0.9,2471
Math_ShortAns_22,"{'C1_difference_equation': 0, 'C2_determining_initial_condition_and_general_term': 0, 'C3_expressing_bn': 1, 'C4_partial_fraction_and_telescoping_sum': 1, 'C5_final_sum_and_consistency': 0}",2,"{'C1_difference_equation': 'The student did not derive the needed difference equation; they only substituted Sₙ = Sₙ₋₁ + aₙ without obtaining aₙ₊₁ - aₙ = 2.', 'C2_determining_initial_condition_and_general_term': 'No correct determination of the initial condition a₁ = 3 or the explicit formula aₙ = 2n + 1 was provided.', 'C3_expressing_bn': 'The student assumed aₙ = n + 1 to express bₙ as 1/((n+1)(n+2)), partially matching the requirement though based on an incorrect aₙ.', 'C4_partial_fraction_and_telescoping_sum': 'Partial fraction decomposition was attempted and a telescoping form was set up, but the final cancellation and result were incorrect.', 'C5_final_sum_and_consistency': 'The final sum was not correctly computed and the overall results are inconsistent with the conditions.'}",,4697
Math_ShortAns_23,"{'C1_difference_equation': 3, 'C2_determining_initial_condition_and_general_term': 2, 'C3_expressing_bn': 2, 'C4_partial_fraction_and_telescoping_sum': 3, 'C5_final_sum_and_consistency': 2}",12,"{'C1_difference_equation': 'Correctly derived the difference equation and deduced aₙ₊₁ − aₙ = 2 with clear justification.', 'C2_determining_initial_condition_and_general_term': 'Accurately solved for a₁ and obtained the explicit formula aₙ = 2n + 1.', 'C3_expressing_bn': 'Properly expressed bₙ in terms of aₙ and aₙ₊₁, correctly substituting the explicit formula.', 'C4_partial_fraction_and_telescoping_sum': 'Successfully applied partial fractions to bₙ and set up the telescoping sum.', 'C5_final_sum_and_consistency': 'Final telescoping sum was correctly simplified, yielding an equivalent expression for Tₙ.'}",,4104
Math_ShortAns_26,"{'C1_trig_simplification': 0, 'C2_angle_deduction': 0, 'C3_cosine_rule_application': 0, 'C4_area_relation': 0, 'C5_perimeter_calculation': 1}",1,"{'C1_trig_simplification': 'The student did not perform a correct trigonometric simplification using identities; the substitution and manipulation were not valid.', 'C2_angle_deduction': 'No valid deduction was made from the manipulation; the guess of 60° was unjustified.', 'C3_cosine_rule_application': 'The cosine rule was not properly applied to establish the required relation among a, b, and c.', 'C4_area_relation': 'The area formula was not used correctly to deduce the product ab; arbitrary values were assumed instead.', 'C5_perimeter_calculation': 'Although the final numeric answer (5 + √7) is correct, it was reached without proper derivation, so only minimal credit is given.'}",0.9,4107
Math_ShortAns_27,"{'C1_trig_simplification': 0, 'C2_angle_deduction': 0, 'C3_cosine_rule_application': 0, 'C4_area_relation': 0, 'C5_perimeter_calculation': 0}",0,"{'C1_trig_simplification': 'The student did not perform a proper trigonometric simplification; instead, they arbitrarily assumed x = 1.', 'C2_angle_deduction': 'The student incorrectly deduced C = 90° instead of using the simplified equation to obtain cos C = 1/2 and C = π/3.', 'C3_cosine_rule_application': ""The student's solution did not use the cosine rule to establish any relation among the sides."", 'C4_area_relation': 'The area was computed using S = (1/2)ab, which applies only when C = 90°, and does not reflect the given condition for the correct angle.', 'C5_perimeter_calculation': 'The perimeter was obtained by arbitrarily choosing side lengths (a = 3, b = 1) without a proper derivation, leading to the final answer 4 + √7, which is incorrect.'}",,3308
Math_ShortAns_28,"{'C1_trig_simplification': 2, 'C2_angle_deduction': 2, 'C3_cosine_rule_application': 3, 'C4_area_relation': 2, 'C5_perimeter_calculation': 3}",12,"{'C1_trig_simplification': 'Correctly used the sine law and trig identities to simplify the given expression to 2 cos C sin C = sin C.', 'C2_angle_deduction': 'Properly deduced cos C = 1/2 and concluded that C = π/3.', 'C3_cosine_rule_application': 'Correctly applied the cosine rule with cos C = 1/2 and c = √7 to derive the relation (a+b)² - 3ab = 7.', 'C4_area_relation': 'Correctly used the area formula with sin C = √3/2 to find that ab = 6.', 'C5_perimeter_calculation': 'Accurately solved for a+b = 5 and computed the perimeter as 5 + √7.'}",1.0,3362
Math_ShortAns_31,"{'P1_Setup_Part_I': 0, 'P2_Conclusion_Part_I': 0, 'P3_Assuming_AP': 0, 'P4_Deriving_Sn_and_Condition': 0, 'P5_Final_Conclusion': 0}",0,"{'P1_Setup_Part_I': 'The answer only states the definition of S_n and the recurrence a_n a_(n+1) = λS_n - 1 without writing the second recurrence and the subtraction approach.', 'P2_Conclusion_Part_I': 'There is no derivation leading to a_(n+2) - a_n = λ by dividing out a nonzero term.', 'P3_Assuming_AP': 'The arithmetic progression assumption is not properly introduced (i.e., a_n = 1 + (n-1)d) nor is any deduction of a_(n+2) - a_n = 2d = λ provided.', 'P4_Deriving_Sn_and_Condition': 'There is no substitution of the AP form into S_n or a comparison of coefficients to derive any condition.', 'P5_Final_Conclusion': 'The final conclusion on λ is absent; the answer does not determine any λ for which the sequence is arithmetic.'}",1.0,4384
Math_ShortAns_32,"{'P1_Setup_Part_I': 0, 'P2_Conclusion_Part_I': 0, 'P3_Assuming_AP': 0, 'P4_Deriving_Sn_and_Condition': 0, 'P5_Final_Conclusion': 0}",0,"{'P1_Setup_Part_I': 'The student only wrote the recurrence for aₙaₙ₊₁ and did not state the corresponding relation for aₙ₊₁aₙ₊₂ nor mention subtracting them.', 'P2_Conclusion_Part_I': 'The student did not derive aₙ₊₂ - aₙ = λ; instead, they computed specific cases and dismissed the result without proper justification.', 'P3_Assuming_AP': 'The student assumed an arithmetic progression but did not set up the relation aₙ₊₂ - aₙ = 2d or deduce d = λ/2.', 'P4_Deriving_Sn_and_Condition': 'The student did not substitute the arithmetic form into Sₙ or equate coefficients to derive any necessary condition.', 'P5_Final_Conclusion': 'The final answer was incorrect; the student concluded no λ exists to yield an AP, contrary to the proper derivation leading to λ = 4.'}",1.0,4359
Math_ShortAns_33,"{'P1_Setup_Part_I': 1, 'P2_Conclusion_Part_I': 1, 'P3_Assuming_AP': 3, 'P4_Deriving_Sn_and_Condition': 1, 'P5_Final_Conclusion': 2}",8,"{'P1_Setup_Part_I': 'The student correctly states the two recurrences and mentions subtracting them, but the subtraction has an index error (using aₙ₊₂ - aₙ₊₁ instead of aₙ₊₂ - aₙ).', 'P2_Conclusion_Part_I': 'They divide by aₙ₊₁ and note aₙ₊₁ ≠ 0, but the deduction is flawed since it leads to aₙ₊₂ - aₙ₊₁ = λ instead of the required aₙ₊₂ - aₙ = λ.', 'P3_Assuming_AP': 'The assumption of an arithmetic progression is set up properly, and correctly deduces that 2d = λ and hence d = λ/2.', 'P4_Deriving_Sn_and_Condition': 'The student attempts to substitute the arithmetic progression form into Sₙ and compare coefficients, but the derivation is unclear and the substitution is not properly executed.', 'P5_Final_Conclusion': 'The final conclusion, obtaining λ = 4 with the corresponding sequence aₙ = 2n - 1, is correctly stated.'}",,6020
Math_ShortAns_36,"{'C1_identify_PX2_event': 1, 'C2_compute_PX2': 0, 'C3_identify_PX4_Awin_event': 0, 'C4_compute_PX4_Awin': 0}",1,"{'C1_identify_PX2_event': 'The student only identified a single scenario (A scores then B scores) instead of the two disjoint cases required.', 'C2_compute_PX2': 'The multiplication is incorrect; the student used 0.5×0.5 instead of 0.5×0.4 for one case and neglected the second disjoint case.', 'C3_identify_PX4_Awin_event': 'The student misidentifies the events for X=4 and A’s win; the required scenario is tied score after two balls followed by two wins by A, which was not correctly stated.', 'C4_compute_PX4_Awin': 'The computed probabilities and sum (0.132) do not match the correct computation (expected to be 0.1).'}",0.95,4401
Math_ShortAns_37,"{'C1_identify_PX2_event': 1, 'C2_compute_PX2': 0, 'C3_identify_PX4_Awin_event': 1, 'C4_compute_PX4_Awin': 0}",2,"{'C1_identify_PX2_event': 'The student mentioned one event (A winning on first ball then the next ball, though it was incorrectly framed) but did not identify both disjoint cases.', 'C2_compute_PX2': 'The multiplication and resulting value are incorrect; the student’s computation did not correctly account for the two possible cases.', 'C3_identify_PX4_Awin_event': 'An attempt was made to describe a sequence for X = 4 and A winning, but the ordering and events are misidentified and incomplete.', 'C4_compute_PX4_Awin': 'The computation performed is flawed and yields an incorrect result.'}",,4419
Math_ShortAns_38,"{'C1_identify_PX2_event': 2, 'C2_compute_PX2': 3, 'C3_identify_PX4_Awin_event': 1, 'C4_compute_PX4_Awin': 3}",9,"{'C1_identify_PX2_event': 'The student correctly identifies the two disjoint events (A winning both or B winning both) for ending in 2 balls.', 'C2_compute_PX2': 'They correctly compute the respective probabilities (0.5×0.4 and 0.5×0.6) and sum them to get 0.5.', 'C3_identify_PX4_Awin_event': 'The student mentions the event that the first two balls result in one point each and then A wins the next two, but they list the same sub-event twice instead of the two distinct orders. Partial credit awarded.', 'C4_compute_PX4_Awin': 'The computations for both sub-events are correctly performed and summed to obtain 0.1.'}",0.95,4597
Math_ShortAns_41,"{'C1_equation_manipulation': 0, 'C2_solve_for_B': 0, 'C3_area_expression': 0, 'C4_area_range': 0}",0,"{'C1_equation_manipulation': 'The student incorrectly replaces (A+C)/2 with B/2 and then erroneously assumes sin(B/2) = sin B, showing a fundamental error in applying the sine law and transforming the relation.', 'C2_solve_for_B': 'Instead of deducing B = π/3 using the triangle angle sum, the student concludes B = 90° due to a flawed manipulation, so no credit is given.', 'C3_area_expression': 'The area expression is set up as S = 1/2 ab sin C without proper substitution using c = 1 and the sine law; the derivation lacks logical connection and correct formulation.', 'C4_area_range': 'The student provides an arbitrary range (first (0,1) then (0, 1/2)) with no valid derivation from the acute triangle conditions and the correct expression for area, showing a significant flaw in reasoning.'}",,2989
Math_ShortAns_42,"{'C1_equation_manipulation': 1, 'C2_solve_for_B': 2, 'C3_area_expression': 2, 'C4_area_range': 3}",8,"{'C1_equation_manipulation': 'The answer mentions using the sine law to obtain a trig equation in terms of B but does not show detailed manipulation.', 'C2_solve_for_B': 'The answer correctly states B = π/3 using triangle angle properties.', 'C3_area_expression': 'The answer alludes to expressing the area in terms of angle C using the sine law and c=1, but the derivation is very sketchy.', 'C4_area_range': 'The stated area range (√3/8, √3/2) is correct, though the reasoning is briefly mentioned without detailed justification.'}",,3556
Math_ShortAns_45,"{'R1_common_diff': 1, 'R2_sqrt_sn_term': 0, 'R3_sum_formula': 0, 'R4_an_expression': 0, 'R5_final_conclusion': 0}",1,"{'R1_common_diff': 'The student computed S1 and S2 and found √S2 - √S1 = √a₁, but then contradictorily claimed the differences are not equal, so only partial credit.', 'R2_sqrt_sn_term': 'Did not derive the general term √Sₙ = n√a₁ as required.', 'R3_sum_formula': 'Did not square the general term to correctly obtain Sₙ = a₁n².', 'R4_an_expression': 'The expression for aₙ was not correctly derived from Sₙ - Sₙ₋₁ and was based on an unsupported assumption.', 'R5_final_conclusion': 'The final conclusion was opposite to the required result and lacks correct justification.'}",0.9,3784
Math_ShortAns_46,"{'R1_common_diff': 1, 'R2_sqrt_sn_term': 0, 'R3_sum_formula': 0, 'R4_an_expression': 3, 'R5_final_conclusion': 1}",5,"{'R1_common_diff': 'The student correctly sets up d = √S₂ – √S₁ but does not complete the substitution using a₂ = 3a₁ to show d = √a₁.', 'R2_sqrt_sn_term': 'The derived general term for √Sₙ is incorrect, as it introduces an extra quadratic term instead of simplifying to n√a₁.', 'R3_sum_formula': 'The step of squaring the general term to obtain Sₙ = a₁n² is simply assumed without correct derivation.', 'R4_an_expression': 'The student correctly finds aₙ by computing Sₙ – Sₙ₋₁ and simplifying to obtain aₙ = 2a₁n – a₁.', 'R5_final_conclusion': 'The final conclusion is stated without explicitly showing that aₙ – aₙ₋₁ is constant, though the form of aₙ implies it.'}",,4173
Math_ShortAns_49,"{'C1_transform_equation': 0, 'C2_recurrence_relation': 0, 'C3_geometric_condition': 0, 'C4_minimum_Sn': 0}",0,"{'C1_transform_equation': 'The equation was rewritten incorrectly; the factor n multiplying aₙ was dropped.', 'C2_recurrence_relation': 'No valid derivation of the recurrence relation was provided; an incorrect assumption about aₙ being constant was made.', 'C3_geometric_condition': 'Expressions for a₄, a₇, a₉ were set up incorrectly (a₉ should use (n-1)=8) and the geometric condition was misapplied.', 'C4_minimum_Sn': 'The arithmetic series sum formula was stated but the minimization was not correctly executed, leading to an incorrect minimum value.'}",,4453
Math_ShortAns_50,"{'C1_transform_equation': 3, 'C2_recurrence_relation': 3, 'C3_geometric_condition': 3, 'C4_minimum_Sn': 3}",12,"{'C1_transform_equation': 'Correctly rewrote the original equation and set up the corresponding equation for n and n-1.', 'C2_recurrence_relation': 'Accurately subtracted the two equations to derive aₙ - aₙ₋₁ = 1, confirming the arithmetic nature.', 'C3_geometric_condition': 'Expressed a₄, a₇, a₉ in terms of a₁ correctly, applied the geometric condition, and solved for a₁.', 'C4_minimum_Sn': 'Derived the proper formula for Sₙ using the arithmetic sequence formula, completed the square, and correctly identified Sₙ(min) = -78.'}",1,4582
Math_ShortAns_53,"{'C1_sum_sequence': 0, 'C2_difference_sequence': 1, 'C3_general_term_derivation': 0, 'C4_final_answer_presentation': 0}",1,"{'C1_sum_sequence': 'The student incorrectly added the recurrences; they obtained cₙ₊₁ = cₙ + 1 instead of the correct geometric relation.', 'C2_difference_sequence': 'While the student set dₙ = aₙ - bₙ, the subtraction step yielded dₙ₊₁ = dₙ + 4 instead of the correct dₙ₊₁ = dₙ + 2, earning only a partial point.', 'C3_general_term_derivation': 'The student attempted to guess linear forms but the derivation is inconsistent and not based on the correct expressions using cₙ and dₙ.', 'C4_final_answer_presentation': 'The final answer is unclear and inconsistent, failing to clearly state the correct forms as required.'}",,3936
Math_ShortAns_54,"{'C1_sum_sequence': 2, 'C2_difference_sequence': 2, 'C3_general_term_derivation': 0, 'C4_final_answer_presentation': 0}",4,"{'C1_sum_sequence': 'The student correctly set up cₙ = aₙ + bₙ and derived cₙ₊₁ = cₙ/2, but did not clearly state the closed form with initial term and common ratio.', 'C2_difference_sequence': ""The derivation for dₙ = aₙ - bₙ was correctly computed as dₙ₊₁ = dₙ + 2, establishing an arithmetic sequence, though the closed form wasn't explicitly stated."", 'C3_general_term_derivation': 'The student attempted to derive a_N term but ended up with formulas (aₙ = n²+1, bₙ = n-2) that contradict the computed initial values and are inconsistent with the earlier results.', 'C4_final_answer_presentation': 'The final answer is provided but is not clearly or correctly justified; the general term formulas do not satisfy the recurrence or initial conditions.'}",0.9,5919
Math_ShortAns_55,"{'C1_sum_sequence': 3, 'C2_difference_sequence': 3, 'C3_general_term_derivation': 3, 'C4_final_answer_presentation': 1}",10,"{'C1_sum_sequence': 'Correctly derived the sum sequence recursion and identified it as geometric with first term 1 and ratio 1/2.', 'C2_difference_sequence': 'Correctly obtained the difference recursion and established that it is an arithmetic sequence with first term 1 and common difference 2.', 'C3_general_term_derivation': 'Properly expressed aₙ and bₙ in terms of the sum and difference, and derived the correct general formulas despite some notational inconsistencies.', 'C4_final_answer_presentation': 'Final answer is clearly stated with proper connections between steps.'}",0.95,4431
Math_ShortAns_58,"{'C1_compute_r': 1, 'C2_interpret_r': 1, 'C3_detect_outlier': 0, 'C4_recompute_mean': 0, 'C5_recompute_std': 0}",2,"{'C1_compute_r': 'The student attempted the correlation computation, but used the wrong mean for i and obtained an incorrect r value.', 'C2_interpret_r': 'The interpretation is appropriate given the (incorrectly computed) r value, so partial credit is awarded.', 'C3_detect_outlier': 'The student computed the acceptable range roughly but failed to identify the outlier (9.22) correctly.', 'C4_recompute_mean': 'Since the outlier was not properly excluded, the new mean was not recalculated correctly.', 'C5_recompute_std': 'No correct recalculation of the standard deviation after outlier removal was provided.'}",0.95,4984
Math_ShortAns_59,"{'C1_compute_r': 0, 'C2_interpret_r': 1, 'C3_detect_outlier': 0, 'C4_recompute_mean': 0, 'C5_recompute_std': 0}",1,"{'C1_compute_r': 'The student used incorrect mean values and summed differences, yielding r ≈ -0.019 instead of the correct -0.18.', 'C2_interpret_r': 'The interpretation that |r| < 0.25 means no systematic trend is correct, despite the miscalculation.', 'C3_detect_outlier': 'Incorrect standard deviation (used 0.3 instead of 0.212) led to wrong range boundaries and failure to identify the outlier.', 'C4_recompute_mean': 'No proper computation was done; the student arbitrarily guessed a mean without excluding the outlier.', 'C5_recompute_std': 'The standard deviation was not recalculated correctly after removing the outlier.'}",,5243
Math_ShortAns_60,"{'C1_compute_r': 3, 'C2_interpret_r': 1, 'C3_detect_outlier': 3, 'C4_recompute_mean': 2, 'C5_recompute_std': 3}",12,"{'C1_compute_r': 'Correctly computed the correlation coefficient as -0.18 using the given values.', 'C2_interpret_r': 'Correctly interpreted that since |r| < 0.25, there is no systematic change in size.', 'C3_detect_outlier': 'Properly calculated the acceptable range (approximately (9.334, 10.606)) and identified the outlier.', 'C4_recompute_mean': 'Correctly computed the new mean after removing the outlier (10.02).', 'C5_recompute_std': 'Correctly recalculated the new standard deviation after excluding the outlier (approximately 0.09).'}",,3836
Math_ShortAns_63,"{'Q20_C1_line_setup_substitution': 1, 'Q20_C2_dot_product_proof': 0, 'Q20_C3_relation_for_k': 0, 'Q20_C4_final_equations': 0}",1,"{'Q20_C1_line_setup_substitution': 'The student correctly sets up the line as y = k(x-2) and substitutes it into the parabola, but then incorrectly dismisses the quadratic term by simplifying it improperly.', 'Q20_C2_dot_product_proof': 'There is no valid application of Vieta’s formulas or dot product computation to prove that the origin lies on circle M.', 'Q20_C3_relation_for_k': 'The necessary relation using AP · BP = 0 with P(4, -2) is not derived; the student does not set up the proper equation to solve for k.', 'Q20_C4_final_equations': 'The final circle and line equations are inconsistent and incorrectly computed, with an incorrect radius and an unjustified final line equation.'}",0.9,4147
Math_ShortAns_64,"{'Q20_C1_line_setup_substitution': 3, 'Q20_C2_dot_product_proof': 0, 'Q20_C3_relation_for_k': 0, 'Q20_C4_final_equations': 0}",3,"{'Q20_C1_line_setup_substitution': 'The student correctly handled the vertical line case by using x = 2, substituting into y² = 2x and obtaining the intersection points.', 'Q20_C2_dot_product_proof': 'Although the student attempted to compute the dot product of OA and OB, they made an arithmetic error (2×(-2) was miscalculated), leading to an incorrect conclusion that O is not on circle M.', 'Q20_C3_relation_for_k': 'The solution for part (2) did not set up the relation involving k using the condition with P, so no credit is awarded here.', 'Q20_C4_final_equations': 'The student’s answer for part (2) is incomplete; the center and radius of the circle were arbitrarily stated without correct derivation, and the final equations are not properly established.'}",0.95,4433
Math_ShortAns_67,"{'Q1_rewrite_circle': 1, 'Q2_locus_derivation': 0, 'Q3_use_condition_OP_OM': 0, 'Q4_line_equation_and_area': 0, 'Q5_final_answer_justification': 0}",1,"{'Q1_rewrite_circle': 'Correctly rewrote the circle equation and identified the center and radius.', 'Q2_locus_derivation': ""The student set up the line but did not properly eliminate the parameter to derive M's locus; the derivation is incomplete."", 'Q3_use_condition_OP_OM': 'Only computed distances without establishing the necessary geometric relation; no proper use of the condition |OP| = |OM|.', 'Q4_line_equation_and_area': 'The line equation and area derivation are incorrect and based on arbitrary substitutions rather than rigorous reasoning.', 'Q5_final_answer_justification': 'Final answers are inconsistent with the derivations and lack proper justification.'}",0.95,4469
Math_ShortAns_68,"{'Q1_rewrite_circle': 1, 'Q2_locus_derivation': 3, 'Q3_use_condition_OP_OM': 3, 'Q4_line_equation_and_area': 3, 'Q5_final_answer_justification': 2}",12,"{'Q1_rewrite_circle': ""Correctly completed the square and identified the circle's center (0,4) and radius 4."", 'Q2_locus_derivation': 'Proper definition of M, correct vector expressions, and dot product set to zero lead to the accurate locus equation.', 'Q3_use_condition_OP_OM': ""The answer uses |OP| = |OM| to conclude that O lies on the perpendicular bisector of PM and correctly infers the perpendicularity (using slope of ON) to derive the line's slope."", 'Q4_line_equation_and_area': ""Correct derivation of the line PM's equation and accurate computations for distances, chord length, and triangle area."", 'Q5_final_answer_justification': 'Final answers are clearly stated and consistent with the derived results.'}",1.0,4726
Math_ShortAns_71,"{'C1_ellipse_equation': 0, 'C2_line_AB_equation': 0, 'C3_line_through_P_and_intersections': 0, 'C4_determination_of_T_and_H': 0, 'C5_fixed_point_proof': 0}",0,"{'C1_ellipse_equation': 'The substitution of point A is handled incorrectly (4/b² = 0) and the final ellipse equation x²+y²=1 is unjustified.', 'C2_line_AB_equation': 'No attempt to find or derive the equation of line AB using points A and B.', 'C3_line_through_P_and_intersections': 'The line through point P is formulated incorrectly (wrong sign and arbitrary choice of k) and the intersection with the (incorrect) ellipse is flawed.', 'C4_determination_of_T_and_H': 'The procedure for finding T and using the vector relationship to locate H is confused and arbitrary; no correct application is shown.', 'C5_fixed_point_proof': 'There is no valid proof or argument establishing that the line HN passes through a fixed point; the conclusion is incorrect.'}",1.0,3484
Math_ShortAns_72,"{'C1_ellipse_equation': 1, 'C2_line_AB_equation': 0, 'C3_line_through_P_and_intersections': 2, 'C4_determination_of_T_and_H': 0, 'C5_fixed_point_proof': 1}",4,"{'C1_ellipse_equation': 'Final ellipse equation is correct but no working or substitution details are provided.', 'C2_line_AB_equation': 'The equation of line AB was not addressed at all.', 'C3_line_through_P_and_intersections': 'The vertical line x = 1 was correctly used and the intersection points M and N were computed correctly.', 'C4_determination_of_T_and_H': 'No details on determining point T or using the vector relation to find H were provided.', 'C5_fixed_point_proof': 'The final line equation for HN shows the fixed point (0, -2), but the reasoning behind its derivation is missing.'}",1.0,4400
Math_ShortAns_75,"{'C1_identify_and_select_points': 0, 'C2_compute_parameters': 0, 'C3_final_ellipse_equation': 0, 'C4_line_case_analysis': 0, 'C5_fixed_point_derivation': 0}",0,"{'C1_identify_and_select_points': 'The student incorrectly rejected P2 and did not clearly identify the three correct points.', 'C2_compute_parameters': 'Parameters were not correctly computed; the student arbitrarily set a=5 and b=3 without proper solving.', 'C3_final_ellipse_equation': 'The final ellipse equation given is incorrect; it should be based on a²=4 and b²=1.', 'C4_line_case_analysis': 'The analysis of the line I cases is incomplete and the vertical (undefined slope) case is not properly addressed.', 'C5_fixed_point_derivation': 'No valid algebraic derivation is provided to show that the fixed point is (2, -1).'}",,4176
Math_ShortAns_76,"{'C1_identify_and_select_points': 0, 'C2_compute_parameters': 3, 'C3_final_ellipse_equation': 1, 'C4_line_case_analysis': 1, 'C5_fixed_point_derivation': 0}",5,"{'C1_identify_and_select_points': 'The student did not correctly identify that only P2, P3, and P4 lie on the ellipse and incorrectly used P1, leading to a failure to explain the exclusion.', 'C2_compute_parameters': 'Substitution using P2 and P3 was correctly executed to obtain b²=1 and a²=4.', 'C3_final_ellipse_equation': 'The final ellipse equation is clearly stated as x²/4 + y² = 1.', 'C4_line_case_analysis': 'The student set up the line correctly but did not properly analyze the two cases (existence and nonexistence of slope), providing only a vague mention.', 'C5_fixed_point_derivation': 'There is no proper derivation showing that the line passes through the fixed point (2, -1); the explanation is too brief and lacks algebraic justification.'}",,4441
Math_ShortAns_77,"{'C1_identify_and_select_points': 2, 'C2_compute_parameters': 3, 'C3_final_ellipse_equation': 1, 'C4_line_case_analysis': 1, 'C5_fixed_point_derivation': 2}",9,"{'C1_identify_and_select_points': 'Correctly identified P2, P3, and P4 as the points on the ellipse, though the exclusion explanation for P1 is brief.', 'C2_compute_parameters': 'Substituted points and solved correctly for a² and b².', 'C3_final_ellipse_equation': 'The final ellipse equation is stated correctly.', 'C4_line_case_analysis': 'Distinguished between undefined and defined slope cases, but the justification for rejecting the vertical line is not fully developed.', 'C5_fixed_point_derivation': 'Outlined the method and mentioned verifying (2, -1), but the algebraic derivation is missing necessary details.'}",0.9,3835
Math_ShortAns_80,"{'P1_rewrite_a0': 2, 'P2_monotonicity': 1, 'P3_setup_maximum': 2, 'P4_find_a': 0}",5,"{'P1_rewrite_a0': 'Correct rewriting of f(x) as (2+x)*ln(1+x)-2x and implicit acknowledgment of domain x > -1.', 'P2_monotonicity': 'The answer attempts a sign analysis but gives a contradictory conclusion for x > 0 and lacks a proper derivative-based monotonicity argument.', 'P3_setup_maximum': ""The derivative at 0 is computed correctly (f'(0)=0), satisfying the necessary condition setup, though further analysis is missing."", 'P4_find_a': 'No correct derivation was made for a; instead, the answer incorrectly asserts that a can be arbitrary.'}",,3495
Math_ShortAns_81,"{'P1_rewrite_a0': 1, 'P2_monotonicity': 1, 'P3_setup_maximum': 1, 'P4_find_a': 2}",5,"{'P1_rewrite_a0': 'The answer rewrites the function for a=0 but does not explicitly state the domain x > -1.', 'P2_monotonicity': 'Derivative analysis is mentioned in vague terms with no concrete calculations, only a generic outline.', 'P3_setup_maximum': ""The setup for the maximum condition at x=0 is referenced but not shown with proper justification (e.g., f'(0)=0)."", 'P4_find_a': 'While the final value a = -1/6 is correctly mentioned, the derivation using second derivative or detailed arguments is missing.'}",0.9,3806
Math_ShortAns_84,"{'CN_Q21_C1_derivative': 1, 'CN_Q21_C2_monotonicity': 0, 'CN_Q21_C3_maximum_value': 0, 'CN_Q21_C4_inequality_transformation': 0}",1,"{'CN_Q21_C1_derivative': 'The student correctly applied the differentiation for ln x, ax², and (2a+1)x but failed to combine terms into a single rational expression and to factorize.', 'CN_Q21_C2_monotonicity': 'The analysis of monotonicity is incomplete; only a vague claim of increasing function is made without splitting into cases a=0, a>0, and a<0.', 'CN_Q21_C3_maximum_value': 'The candidate maximum value for a<0 is not properly identified; the student incorrectly uses f(1) without finding the critical point x=-1/(2a).', 'CN_Q21_C4_inequality_transformation': 'No correct transformation or analysis was provided to prove the inequality; the student’s argument is unclear and does not follow the required steps.'}",,3725
Math_ShortAns_85,"{'CN_Q21_C1_derivative': 2, 'CN_Q21_C2_monotonicity': 0, 'CN_Q21_C3_maximum_value': 0, 'CN_Q21_C4_inequality_transformation': 0}",2,"{'CN_Q21_C1_derivative': 'The student correctly differentiated and partially combined terms but did not factorize the numerator or mention the domain x > 0.', 'CN_Q21_C2_monotonicity': 'No proper case-by-case analysis was provided (a = 0, a > 0, a < 0); the student incorrectly assumed f(x) is always increasing.', 'CN_Q21_C3_maximum_value': 'For a < 0, the student did not identify the correct critical point x = -1/(2a) or substitute it to obtain the maximum value.', 'CN_Q21_C4_inequality_transformation': 'The transformation and substitution steps necessary to prove the inequality were not performed; the student incorrectly attempted evaluation at x = 1.'}",1.0,4365
Math_ShortAns_86,"{'CN_Q21_C1_derivative': 3, 'CN_Q21_C2_monotonicity': 3, 'CN_Q21_C3_maximum_value': 3, 'CN_Q21_C4_inequality_transformation': 3}",12,"{'CN_Q21_C1_derivative': 'The derivative is computed and factorized correctly, matching the rubric requirements.', 'CN_Q21_C2_monotonicity': 'The monotonicity analysis is properly divided into the three cases (a = 0, a > 0, a < 0) with correct sign analysis.', 'CN_Q21_C3_maximum_value': 'The critical point x = -1/(2a) is correctly identified and substituted into f(x) with proper simplification.', 'CN_Q21_C4_inequality_transformation': 'The inequality is transformed using the substitution t = -1/a, and the analysis of the function g(t) via its derivative is correctly executed.'}",,4770
Math_ShortAns_89,"{'C1_find_m': 3, 'C2_domain_and_rewrite': 1, 'C3_monotonicity_analysis': 0, 'C4_prove_f_positive': 0}",4,"{'C1_find_m': ""Correctly differentiates and uses f'(0)=0 to obtain m=1."", 'C2_domain_and_rewrite': ""Fails to explicitly state the domain (x > -1) and does not rewrite f'(x) in a form conducive to monotonicity analysis."", 'C3_monotonicity_analysis': 'No proper analysis of the sign of the derivative; claims uncertainty regarding monotonicity.', 'C4_prove_f_positive': 'The proof for f(x) > 0 when m ≤ 2 is flawed and contradicts earlier computation; no rigorous argument provided.'}",0.95,4049
Math_ShortAns_90,"{'C1_find_m': 3, 'C2_domain_and_rewrite': 2, 'C3_monotonicity_analysis': 0, 'C4_prove_f_positive': 0}",5,"{'C1_find_m': 'Correctly computed derivative at x=0 and solved for m = 1.', 'C2_domain_and_rewrite': ""Identified the correct domain after substituting m = 1, but did not fully rewrite or analyze f'(x) clearly."", 'C3_monotonicity_analysis': ""No detailed analysis of the sign of f'(x) or monotonicity intervals was provided."", 'C4_prove_f_positive': 'Proof for f(x) > 0 when m ≤ 2 was initiated but not developed, lacking necessary details.'}",0.95,3292
Math_ShortAns_93,"{'C1_calculate_f0': 2, 'C2_prove_monotonicity': 0, 'C3_formulate_condition': 0, 'C4_solve_parameter': 0}",2,"{'C1_calculate_f0': 'f(0) is correctly computed and clearly stated.', 'C2_prove_monotonicity': 'The student did not prove monotonicity properly; instead, they made incorrect assertions about f(x) being constant and even contradicted their claim.', 'C3_formulate_condition': 'The necessary uniqueness condition for the zero of f(x) was not established; the approach does not relate a to the minimum of e^x/x².', 'C4_solve_parameter': 'The derivation for the parameter a is incorrect; suggesting a negative value (e.g., -1) is not justified or aligned with the correct method.'}",1.0,3836
Math_ShortAns_94,"{'C1_calculate_f0': 2, 'C2_prove_monotonicity': 2, 'C3_formulate_condition': 1, 'C4_solve_parameter': 0}",5,"{'C1_calculate_f0': 'f(0) is correctly computed as 1.', 'C2_prove_monotonicity': 'The derivative was computed, but the student did not rigorously prove that it is nonnegative over [0, +∞).', 'C3_formulate_condition': 'There is an attempt to set up a condition using the derivative, but it is imprecise and does not properly establish the uniqueness condition.', 'C4_solve_parameter': 'The derivation for parameter a is incorrect; stating a=2 instead of deriving the correct value.'}",,3942
Math_ShortAns_95,"{'C1_calculate_f0': 2, 'C2_prove_monotonicity': 4, 'C3_formulate_condition': 1, 'C4_solve_parameter': 0}",7,"{'C1_calculate_f0': 'The answer implicitly uses f(0) = 1 correctly, so full credit is given.', 'C2_prove_monotonicity': 'The student correctly computes the derivative and shows its minimum is positive, establishing monotonicity.', 'C3_formulate_condition': 'The condition for a unique zero is only partially formulated by discussing the graph intersection without an explicit condition.', 'C4_solve_parameter': 'No explicit derivation of a = e²/4 was provided; the answer stops at referencing the graph.'}",0.95,4774
Math_ShortAns_98,"{'C1_derivative_analysis': 1, 'C2_monotonicity_and_sign': 0, 'C3_conclude_a_value': 0, 'C4_log_product_inequality': 0, 'C5_minimum_m_value': 1, 'C6_final_presentation': 0}",2,"{'C1_derivative_analysis': 'Only f(1)=0 is computed; derivative and domain are not addressed.', 'C2_monotonicity_and_sign': 'No analysis of monotonicity or identification of the minimum at x=a is provided.', 'C3_conclude_a_value': 'The conclusion a=0 is reached instead of a=1, with no valid contradiction argument.', 'C4_log_product_inequality': 'The logarithmic inequality and proper series summation are missing; the approach is incorrect.', 'C5_minimum_m_value': 'While the final answer m=3 is stated, the reasoning is confused and does not use the proper bound.', 'C6_final_presentation': 'The answer lacks coherent and correctly justified steps linking the reasoning to the final answers.'}",,5035
Math_ShortAns_99,"{'C1_derivative_analysis': 0, 'C2_monotonicity_and_sign': 0, 'C3_conclude_a_value': 0, 'C4_log_product_inequality': 0, 'C5_minimum_m_value': 0, 'C6_final_presentation': 0}",0,"{'C1_derivative_analysis': ""The answer does not mention the domain (x > 0) or compute the derivative f'(x)=1-a/x, and fails to identify the critical point."", 'C2_monotonicity_and_sign': ""There is no analysis of monotonicity or discussion of the sign of f'(x); the approach using sample x-values is insufficient."", 'C3_conclude_a_value': 'The student incorrectly concludes that a=2 without employing the necessary contradiction or proper analysis.', 'C4_log_product_inequality': 'The solution does not use logarithmic inequalities to bound the product; the proper estimation method is absent.', 'C5_minimum_m_value': 'The student arrives at m=8 by inappropriate reasoning, failing to use the established bound that leads to m=3.', 'C6_final_presentation': 'The final answer is incoherent and does not clearly justify the steps, with both parts resulting in incorrect conclusions.'}",1,4386
Math_ShortAns_100,"{'C1_derivative_analysis': 3, 'C2_monotonicity_and_sign': 2, 'C3_conclude_a_value': 1, 'C4_log_product_inequality': 3, 'C5_minimum_m_value': 1, 'C6_final_presentation': 0}",10,"{'C1_derivative_analysis': 'Correctly computed the derivative, implicitly acknowledged the domain (x > 0), identified f(1)=0 and the critical point x = a; full credit.', 'C2_monotonicity_and_sign': 'Properly analyzed the monotonicity of the function using the derivative, noting the decrease on (0, a) and increase on (a, ∞), so full marks.', 'C3_conclude_a_value': 'Concluded a = 1 by noting f(a) < f(1) if a ≠ 1; full credit.', 'C4_log_product_inequality': 'Used the inequality ln(1+1/2^k) < 1/2^k and bounded the product by e, meeting the requirement; full credit.', 'C5_minimum_m_value': 'Noted the product is between 2 and e, but did not explicitly state the minimal integer m as 3; partial credit.', 'C6_final_presentation': 'Final answers lack explicit clarity for part (2); no clear concluding statement for m; thus no credit awarded.'}",,5063
Math_ShortAns_103,"{'C1_derivative_calc': 1, 'C2_monotonicity_and_extremum': 0, 'C3_root_existence': 0, 'C4_reciprocal_relationship': 0, 'C5_logical_presentation': 1}",2,"{'C1_derivative_calc': 'The student attempted to apply the product rule but omitted the ln x term, so only partial credit is given.', 'C2_monotonicity_and_extremum': 'The student incorrectly concluded that the derivative is always negative, hence no unique extremum point exists.', 'C3_root_existence': 'The analysis of the sign changes was incorrect; the student evaluated points that did not lead to a proper demonstration of a unique root.', 'C4_reciprocal_relationship': 'No attempt was made to establish the reciprocal relation between the roots.', 'C5_logical_presentation': 'The answer has some organization but the logical flow is flawed and conclusions are incorrect.'}",,4123
Math_ShortAns_104,"{'C1_derivative_calc': 0, 'C2_monotonicity_and_extremum': 0, 'C3_root_existence': 0, 'C4_reciprocal_relationship': 0, 'C5_logical_presentation': 0}",0,"{'C1_derivative_calc': 'The derivative is computed incorrectly; the ln x term is dropped, yielding an incorrect result.', 'C2_monotonicity_and_extremum': 'The student incorrectly deduced monotonicity and failed to establish a unique critical point.', 'C3_root_existence': 'The sign analysis is inconsistent and does not properly show that f(x)=0 has exactly one real root in the required interval.', 'C4_reciprocal_relationship': 'No demonstration is provided to show that the two roots are reciprocals.', 'C5_logical_presentation': 'The overall argument is disorganized and does not lead to a correct or coherent conclusion.'}",0.95,4403
Math_ShortAns_105,"{'C1_derivative_calc': 1, 'C2_monotonicity_and_extremum': 2, 'C3_root_existence': 1, 'C4_reciprocal_relationship': 1, 'C5_logical_presentation': 1}",6,"{'C1_derivative_calc': ""The answer mentions differentiating f(x) but does not show the detailed computation or correct simplification to f'(x)=lnx - 1/x."", 'C2_monotonicity_and_extremum': ""The student asserts that analyzing the derivative's monotonicity yields a unique critical point, which is noted but not fully detailed."", 'C3_root_existence': 'The existence of a unique real root on (x₀, +∞) is stated without performing a concrete sign analysis or value evaluation.', 'C4_reciprocal_relationship': 'The reciprocal relationship between the roots is claimed but not explicitly demonstrated by showing f(1/a)=0.', 'C5_logical_presentation': 'The overall argument is organized in two parts and reaches the final conclusion, but lacks detailed explanation and rigorous linking of steps.'}",0.9,3907
Math_ShortAns_108,"{'C1_domain_monotonicity': 0, 'C2_a_range': 0, 'C3_zero_location': 0, 'C4_zero_product_inequality': 0}",0,"{'C1_domain_monotonicity': 'The answer does not mention the correct domain or use derivative analysis to establish monotonicity.', 'C2_a_range': 'While f(1) was computed correctly, the inequality sign is reversed. It should lead to a ≤ e+1, not a ≥ e+1.', 'C3_zero_location': 'The answer incorrectly assumes both zeros lie in [1,2] instead of arguing one must be less than 1 and the other greater than 1.', 'C4_zero_product_inequality': 'The proof is flawed; the student concludes x1·x2 > 1, contradicting the required result.'}",1.0,3432
Math_ShortAns_109,"{'C1_domain_monotonicity': 3, 'C2_a_range': 3, 'C3_zero_location': 2, 'C4_zero_product_inequality': 1}",9,"{'C1_domain_monotonicity': 'Correctly identified the domain and used derivative analysis to establish decreasing on (0,1) and increasing on (1,∞).', 'C2_a_range': 'Accurately computed f(1)=e+1-a and deduced a ≤ e+1.', 'C3_zero_location': 'Clearly stated that if two zeros exist then one is less than 1 and the other is greater than 1.', 'C4_zero_product_inequality': 'Attempted to prove x₁x₂ < 1 and outlined a strategy, but the argument is incomplete and lacks full rigor.'}",,3607
Math_ShortAns_112,"{'C1_determine_parameter': 0, 'C2_write_parabola_equation': 0, 'C3_setup_coordinates_and_relations': 0, 'C4_analyze_slope_relationship': 0, 'C5_find_final_line_equation': 0}",0,"{'C1_determine_parameter': 'The student misidentifies the focus as (p, 0) instead of (p/2, 0) and sets up the wrong condition for |MF|, leading to an incorrect parameter reasoning.', 'C2_write_parabola_equation': 'The parabola equation is incorrectly altered to y² = 3px without properly determining the parameter p.', 'C3_setup_coordinates_and_relations': ""The student does not assign correct coordinates to M and N or set up the proper quadratic relations and use Vieta's formulas."", 'C4_analyze_slope_relationship': 'The slope analysis is confused; the student incorrectly concludes MD is vertical and does not correctly relate the slopes of MN and AB.', 'C5_find_final_line_equation': 'The final line equation is incorrectly given as y = 0, which does not follow from any correct substitution or derivation.'}",,3718
Math_ShortAns_113,"{'C1_determine_parameter': 0, 'C2_write_parabola_equation': 0, 'C3_setup_coordinates_and_relations': 0, 'C4_analyze_slope_relationship': 0, 'C5_find_final_line_equation': 0}",0,"{'C1_determine_parameter': 'The student misidentifies the focus as (p, 0) and incorrectly sets up the condition for |MF|, completely deviating from the correct logic.', 'C2_write_parabola_equation': 'The student does not determine the parameter p and leaves the parabola equation in its original form without proper justification.', 'C3_setup_coordinates_and_relations': ""There is a lack of a correct coordinate assignment and derivation of intersection relations using Vieta's formulas."", 'C4_analyze_slope_relationship': 'The relationship between slopes is misinterpreted; the student confuses verticality with slope analysis and does not derive the needed maximum condition.', 'C5_find_final_line_equation': 'The final answer for the line AB is completely incorrect (y = 0) and does not follow from any proper substitutions or discriminant analysis.'}",,3910
Math_ShortAns_114,"{'C1_determine_parameter': 4, 'C2_write_parabola_equation': 2, 'C3_setup_coordinates_and_relations': 1, 'C4_analyze_slope_relationship': 1, 'C5_find_final_line_equation': 2}",10,"{'C1_determine_parameter': 'Correctly identified focus and used the vertical line argument to set up and solve p + p/2 = 3, yielding p = 2.', 'C2_write_parabola_equation': 'With p = 2, the parabola equation y² = 4x is correctly provided.', 'C3_setup_coordinates_and_relations': ""Coordinates for points M, N (and A, B) are given in the proper form and reference is made to using Vieta's formulas, though details are sparse."", 'C4_analyze_slope_relationship': 'The answer mentions the relationship between slopes and using the tangent difference formula, but lacks detailed derivation.', 'C5_find_final_line_equation': 'The final line equation x = √2y + 4 is correctly stated.'}",,4278
Math_ShortAns_117,"{'C1_derivative_setup': 1, 'C2_explicit_function': 0, 'C3_monotonic_intervals': 0, 'C4_inequality_setup': 0, 'C5_maximum_value': 0}",1,"{'C1_derivative_setup': ""The student correctly differentiated to obtain f'(x) = k e^(x-1) - c + x, earning the basic point, but did not use x=0 and x=1 to set up relations for k and c."", 'C2_explicit_function': ""No attempt was made to substitute x = 0 or x = 1 to determine f(0) and f'(1), nor to derive the explicit analytic form."", 'C3_monotonic_intervals': 'The analysis of the monotonic intervals is incomplete and incorrect; the student only vaguely argued for x > 0 being increasing without complete sign analysis.', 'C4_inequality_setup': 'The inequality was not properly transformed into a function inequality; the student did not set up h(x) or the corresponding conditions.', 'C5_maximum_value': 'The student provided an incorrect conclusion for (a+1)b and did not perform the necessary analysis to obtain the maximum value.'}",,3568
Math_ShortAns_118,"{'C1_derivative_setup': 1, 'C2_explicit_function': 0, 'C3_monotonic_intervals': 0, 'C4_inequality_setup': 1, 'C5_maximum_value': 0}",2,"{'C1_derivative_setup': 'The student mentions differentiating and using x=1 but does not show the explicit derivative expression.', 'C2_explicit_function': ""No explicit calculation or substitution to determine f(0) and f'(1) is provided, nor the final form of f(x)."", 'C3_monotonic_intervals': 'No explicit expression or interval analysis is given for the monotonicity.', 'C4_inequality_setup': 'The setup of the inequality is stated correctly, but lacks further analysis.', 'C5_maximum_value': 'There is no actual computation or optimization to determine the maximum value of (a+1)b.'}",,3132
Math_ShortAns_121,"{'C1_monotonicity': 2, 'C2_max_b': 2, 'C3_ln2_estimate': 0}",4,"{'C1_monotonicity': 'The differentiation was done correctly and the inequality was mentioned, but the student mistakenly concluded that f(x) is decreasing and did not properly identify that equality holds only at x = 0.', 'C2_max_b': 'The expression for f(2x) and g(x) was computed correctly, but no derivative or proper sign analysis was performed, leading to an incorrect conclusion (b = 0).', 'C3_ln2_estimate': 'The student misused the given bounds for √2 and ended up with an entirely incorrect approximation for ln2.'}",1.0,4060
Math_ShortAns_122,"{'C1_monotonicity': 4, 'C2_max_b': 5, 'C3_ln2_estimate': 3}",12,"{'C1_monotonicity': 'Correct derivative computed and inequality applied properly; identified equality point at x=0 and concluded monotonicity.', 'C2_max_b': 'Accurately derived f(2x), set up and simplified g(x), computed and factorized its derivative, and logically concluded b must be ≤2 with maximum b=2.', 'C3_ln2_estimate': 'Used the relationship ln(√2)=½ ln2, substituted b=2 to derive bounds for ln2, and arrived at the correct estimation.'}",0.95,5087
Math_ShortAns_125,"{'Q21_M1_derivative_computation': 1, 'Q21_M2_monotonicity_intervals': 0, 'Q21_M3_bound_proof': 0, 'Q21_M4_product_inequality': 0}",1,"{'Q21_M1_derivative_computation': 'The student correctly applied the product rule to compute the derivative but did not simplify or solve for the critical points.', 'Q21_M2_monotonicity_intervals': 'The answer does not provide a clear analysis of the intervals where f(x) is increasing or decreasing.', 'Q21_M3_bound_proof': 'The approach to prove the bound is flawed; the student incorrectly identifies the maximum at x = π/2 and misapplies the substitution.', 'Q21_M4_product_inequality': 'The solution merely notes that each sine square is between 0 and 1 and does not use a valid transformation or the previous bound to reach the required inequality.'}",0.95,3946
Math_ShortAns_126,"{'Q21_M1_derivative_computation': 0, 'Q21_M2_monotonicity_intervals': 0, 'Q21_M3_bound_proof': 0, 'Q21_M4_product_inequality': 0}",0,"{'Q21_M1_derivative_computation': 'The derivative is computed but not simplified correctly, and no valid critical points in (0,π) are identified.', 'Q21_M2_monotonicity_intervals': 'The conclusion that f(x) is increasing on (0,π) is unjustified without proper sign analysis of the derivative.', 'Q21_M3_bound_proof': 'The proof for the bound incorrectly argues using maximum values of sine functions, arriving at a trivial |f(x)| ≤ 1 instead of the given bound.', 'Q21_M4_product_inequality': 'The product inequality is handled by merely bounding each term by 1, without utilizing the improved bound from (2), leading to an incorrect argument.'}",0.95,3637
Math_ShortAns_127,"{'Q21_M1_derivative_computation': 0, 'Q21_M2_monotonicity_intervals': 0, 'Q21_M3_bound_proof': 2, 'Q21_M4_product_inequality': 2}",4,"{'Q21_M1_derivative_computation': 'The answer only outlines the idea of differentiating without showing any concrete derivative computation or identification of critical points.', 'Q21_M2_monotonicity_intervals': 'No explicit analysis of the intervals is provided; it merely refers to results from part (1) without detailing the increasing/decreasing intervals.', 'Q21_M3_bound_proof': 'The answer mentions periodicity and the idea of computing extreme values, but does not explicitly calculate f(π/3) or f(2π/3). Partial outline but incomplete.', 'Q21_M4_product_inequality': 'A transformation is attempted and a bound is applied, but the algebraic steps are not clearly justified and the manipulation is messy.'}",,3963
Math_ShortAns_130,"{'C1_convert_to_rectangular': 0, 'C2_complete_square': 0, 'C3_parametric_M_and_vector_relation': 2, 'C4_derivation_of_parametric_equation': 0, 'C5_intersection_analysis': 0}",2,"{'C1_convert_to_rectangular': 'Attempted a conversion by squaring but obtained inconsistent and incorrect equations.', 'C2_complete_square': 'No proper completion of the square into the standard circle form was provided.', 'C3_parametric_M_and_vector_relation': 'The vector relation was set up correctly, though the parameterization of M was missing.', 'C4_derivation_of_parametric_equation': 'No final parametric equations for P were derived.', 'C5_intersection_analysis': 'The analysis of the intersection was incorrect; the conclusion contradicts the expected result.'}",0.9,3768
Math_ShortAns_131,"{'C1_convert_to_rectangular': 2, 'C2_complete_square': 2, 'C3_parametric_M_and_vector_relation': 1, 'C4_derivation_of_parametric_equation': 0, 'C5_intersection_analysis': 1}",6,"{'C1_convert_to_rectangular': 'The conversion from polar to rectangular form was correctly executed.', 'C2_complete_square': 'The equation was successfully rearranged into the standard form of a circle.', 'C3_parametric_M_and_vector_relation': ""M's coordinates are expressed correctly and the vector relation is mentioned, but the manipulation needed to solve for P is missing."", 'C4_derivation_of_parametric_equation': 'No explicit final parametric equations for the locus of P were derived.', 'C5_intersection_analysis': 'A conclusion about non-intersection is stated without showing the detailed computation of centers and radii.'}",0.9,5085
Math_ShortAns_134,"{'C1_C1_standard': 1, 'C2_C2_standard': 1, 'C3_intersection': 0, 'C4_circle_polar': 0}",2,"{'C1_C1_standard': 'The student shows awareness of the Pythagorean identity but mistakenly obtains x+y=5 instead of x+y=4.', 'C2_C2_standard': 'An elimination process is attempted, but the result is incorrect; partial credit for attempting the method.', 'C3_intersection': 'The simultaneous equations are set up using the wrong standard forms, leading to an incorrect intersection point.', 'C4_circle_polar': ""The circle's center and polar equation are derived erroneously; the process does not yield the correct result.""}",0.95,3835
Math_ShortAns_135,"{'C1_C1_standard': 2, 'C2_C2_standard': 2, 'C3_intersection': 1, 'C4_circle_polar': 3}",8,"{'C1_C1_standard': 'Correctly derived the standard form x + y = 4 for C₁.', 'C2_C2_standard': 'Correctly provided the standard form x² - y² = 4 for C₂.', 'C3_intersection': 'The answer mentions solving for intersection but does not show the computed intersection point P = (5/2, 3/2); minimal credit for acknowledging the step.', 'C4_circle_polar': 'The final polar equation ρ = (17/5) cosθ is correct, indicating a proper derivation of the circle.'}",0.95,3963
Math_ShortAns_138,"{'CR1_C1_conversion': 0, 'CR2_C2_conversion': 0, 'CR3_intersection_point': 0, 'CR4_circle_derivation': 0, 'CR5_polar_conversion': 0}",0,"{'CR1_C1_conversion': 'The conversion of C1 is attempted but the student erroneously derives x + y = 8 instead of x + y = 4.', 'CR2_C2_conversion': 'The student squares and subtracts but incorrectly obtains x² - y² = 2 instead of the correct equation x² - y² = 4.', 'CR3_intersection_point': 'The system solution is not correctly performed; the student ends up with no real intersection and arbitrarily assumes P = (0, 0).', 'CR4_circle_derivation': ""The derivation of the circle's equation is flawed; the student does not correctly set up or solve for the center on the polar axis."", 'CR5_polar_conversion': 'The conversion to polar form is handled incorrectly, yielding an unjustified and incorrect polar equation.'}",,3606
Math_ShortAns_139,"{'CR1_C1_conversion': 2, 'CR2_C2_conversion': 2, 'CR3_intersection_point': 0, 'CR4_circle_derivation': 0, 'CR5_polar_conversion': 2}",6,"{'CR1_C1_conversion': ""The student correctly stated C1's Cartesian equation as x+y=4."", 'CR2_C2_conversion': ""The student correctly stated C2's Cartesian equation as x²-y²=4."", 'CR3_intersection_point': 'The student did not explicitly determine the intersection point P.', 'CR4_circle_derivation': 'There is no derivation for the circle’s Cartesian equation or center determination; only the final polar form is given.', 'CR5_polar_conversion': 'The final polar equation ρ = (17/5) cos θ is correctly provided.'}",,4031
Math_ShortAns_142,"{'P1_AMGM_application_part1': 0, 'P2_Algebraic_manipulation_part1': 0, 'P3_Conclusion_and_equality_condition_part1': 0, 'P4_Inequality_setup_part2': 0, 'P5_Summing_and_substitution_part2': 0, 'P6_Conclusion_and_equality_condition_part2': 0}",0,"{'P1_AMGM_application_part1': 'The student did not apply the AM-GM inequality to the terms a^(3/2), b^(3/2), and c^(3/2) as required.', 'P2_Algebraic_manipulation_part1': 'The substitution and algebraic manipulation were done by assuming a = b = c and then incorrectly computing x. The process does not follow the prescribed approach.', 'P3_Conclusion_and_equality_condition_part1': 'While the student states abc ≤ 1/9 by comparing with 1/27, the conclusion is reached through flawed reasoning and without identifying the correct equality condition.', 'P4_Inequality_setup_part2': 'For part (2), the student did not use the appropriate denominator bound (b+c ≥ 2√(bc)) but instead summed the denominators incorrectly.', 'P5_Summing_and_substitution_part2': 'The summing and subsequent substitution are handled incorrectly, leading to a wrong bound that does not match the required 1/(2√(abc)).', 'P6_Conclusion_and_equality_condition_part2': 'The final conclusion for part (2) is incorrect (stated as 1/2) and the equality condition is not addressed.'}",1.0,4157
Math_ShortAns_143,"{'P1_AMGM_application_part1': 0, 'P2_Algebraic_manipulation_part1': 0, 'P3_Conclusion_and_equality_condition_part1': 0, 'P4_Inequality_setup_part2': 0, 'P5_Summing_and_substitution_part2': 0, 'P6_Conclusion_and_equality_condition_part2': 0}",0,"{'P1_AMGM_application_part1': 'The student did not apply the AM-GM inequality to a^(3/2), b^(3/2), c^(3/2) as required.', 'P2_Algebraic_manipulation_part1': 'No proper substitution or algebraic manipulation using the given sum is presented.', 'P3_Conclusion_and_equality_condition_part1': 'The student does not clearly state or justify that abc ≤ 1/9, nor mention the equality condition.', 'P4_Inequality_setup_part2': 'For part (2), the student fails to correctly bound each term using b+c ≥ 2√(bc).', 'P5_Summing_and_substitution_part2': 'There is no proper summation and substitution process leading to the bound 1/(2√(abc)).', 'P6_Conclusion_and_equality_condition_part2': 'The final inequality for part (2) is incorrectly stated, and no equality condition is identified.'}",1.0,3255
Math_ShortAns_144,"{'P1_AMGM_application_part1': 0, 'P2_Algebraic_manipulation_part1': 0, 'P3_Conclusion_and_equality_condition_part1': 0, 'P4_Inequality_setup_part2': 0, 'P5_Summing_and_substitution_part2': 0, 'P6_Conclusion_and_equality_condition_part2': 0}",0,"{'P1_AMGM_application_part1': 'The solution does not use AM-GM inequality at all; only assumes a = b = c.', 'P2_Algebraic_manipulation_part1': 'No proper substitution of the given sum or algebraic manipulation was attempted.', 'P3_Conclusion_and_equality_condition_part1': 'The conclusion is incorrect (abc is stated as ≥ 1/9 instead of ≤ 1/9) and the equality case is not correctly identified.', 'P4_Inequality_setup_part2': 'There is no correct setup using the inequality b+c ≥ 2√(bc) for each term.', 'P5_Summing_and_substitution_part2': 'The summing and substitution step is missing; the argument does not lead to the stated bound.', 'P6_Conclusion_and_equality_condition_part2': 'The final inequality is reversed and the equality condition is not correctly stated.'}",,3442
Math_ShortAns_145,"{'P1_AMGM_application_part1': 2, 'P2_Algebraic_manipulation_part1': 2, 'P3_Conclusion_and_equality_condition_part1': 1, 'P4_Inequality_setup_part2': 2, 'P5_Summing_and_substitution_part2': 2, 'P6_Conclusion_and_equality_condition_part2': 1}",10,"{'P1_AMGM_application_part1': 'Correctly identified positivity and applied AM-GM to a^(3/2), b^(3/2), c^(3/2).', 'P2_Algebraic_manipulation_part1': 'Proper substitution of the given sum and correct manipulation to derive abc ≤ 1/9.', 'P3_Conclusion_and_equality_condition_part1': 'Correct final conclusion with equality condition stated as a^(3/2) equal for all variables (i.e., a = b = c).', 'P4_Inequality_setup_part2': 'Accurately used the inequality b+c ≥ 2√(bc) for all pairs to bound each term.', 'P5_Summing_and_substitution_part2': 'Correct summing and substitution using the given sum equals 1 to obtain the desired bound.', 'P6_Conclusion_and_equality_condition_part2': 'Clearly stated the final inequality with the correct equality condition a = b = c.'}",,4828
Math_ShortAns_148,"{'C1_rewriting_equation': 1, 'C2_apply_cauchy_part1': 0, 'C3_equality_condition_part1': 0, 'C4_substitution_and_rearrangement_part2': 2, 'C5_apply_weighted_inequality_part2': 0}",3,"{'C1_rewriting_equation': 'The answer mentions the given equation and implicitly uses the rewriting (2c squared becomes 4c²).', 'C2_apply_cauchy_part1': 'The student incorrectly set up the Cauchy application by using (1,1,2) instead of (1,1,1), leading to the wrong bound.', 'C3_equality_condition_part1': 'No discussion of the equality condition was provided.', 'C4_substitution_and_rearrangement_part2': 'The substitution b=2c and the simplification to a²+8c²=3 were done correctly, though the use of the derived bound was not fully developed.', 'C5_apply_weighted_inequality_part2': 'No appropriate inequality was applied to deduce 1/a + 1/c ≥ 3.'}",,4727
Math_ShortAns_149,"{'C1_rewriting_equation': 0, 'C2_apply_cauchy_part1': 0, 'C3_equality_condition_part1': 0, 'C4_substitution_and_rearrangement_part2': 2, 'C5_apply_weighted_inequality_part2': 0}",2,"{'C1_rewriting_equation': 'The student did not clearly rewrite a²+b²+4c² as a²+b²+(2c)², so no points.', 'C2_apply_cauchy_part1': 'The Cauchy-Schwarz inequality setup is incorrect: the student used incorrect sequences and obtained an incorrect bound.', 'C3_equality_condition_part1': 'No discussion of the equality condition (a = b = 2c) is given.', 'C4_substitution_and_rearrangement_part2': 'The substitution b = 2c and simplification to a²+8c²=3 are correct, but the necessary bound on a+4c is not deduced.', 'C5_apply_weighted_inequality_part2': 'No proper weighted inequality was applied to deduce 1/a + 1/c ≥ 3; the attempt is flawed.'}",0.95,4785
Math_ShortAns_150,"{'C1_rewriting_equation': 1, 'C2_apply_cauchy_part1': 3, 'C3_equality_condition_part1': 1, 'C4_substitution_and_rearrangement_part2': 2, 'C5_apply_weighted_inequality_part2': 2}",9,"{'C1_rewriting_equation': 'The student correctly rewrote (2c)^2 to set up the application of Cauchy inequality.', 'C2_apply_cauchy_part1': 'The student correctly applied Cauchy with sequences (a, b, 2c) and (1,1,1) and deduced a+b+2c <= 3.', 'C3_equality_condition_part1': 'They properly identified the equality condition with a = b = 2c = 1.', 'C4_substitution_and_rearrangement_part2': 'Substitution b=2c is correctly done and the student uses a+4c ≤ 3 from part (1), but the explicit derivation of a²+8c²=3 is missing.', 'C5_apply_weighted_inequality_part2': ""Titu's lemma (weighted inequality) is correctly applied and the equality condition is properly identified.""}",1.0,3810
Math_ShortAns_153,"{'Q23_Part1_Cauchy': 0, 'Q23_Part1_Substitution': 0, 'Q23_Part2_Factorization': 1, 'Q23_Part2_AM_Inequality': 0, 'Q23_Part2_Conclusion': 0}",1,"{'Q23_Part1_Cauchy': 'No use of Cauchy–Schwarz was found; the answer simply started with factorization.', 'Q23_Part1_Substitution': 'The substitution a³+b³=2 is mentioned but not used to properly derive (a+b)(a⁵+b⁵) ≥ 4.', 'Q23_Part2_Factorization': 'The factorization of a³+b³ into (a+b)(a²-ab+b²) was set up and s³ = 2+3ps stated, but without a complete argument.', 'Q23_Part2_AM_Inequality': 'No proper use of the AM inequality was made to bound ab and conclude (a+b) ≤ 2.', 'Q23_Part2_Conclusion': 'The final conclusions contradict the intended results; the answer states the reverse inequalities.'}",0.95,4357
Math_ShortAns_154,"{'Q23_Part1_Cauchy': 0, 'Q23_Part1_Substitution': 0, 'Q23_Part2_Factorization': 1, 'Q23_Part2_AM_Inequality': 0, 'Q23_Part2_Conclusion': 0}",1,"{'Q23_Part1_Cauchy': 'The answer does not use the Cauchy–Schwarz inequality at all; it only mentions a factorization.', 'Q23_Part1_Substitution': 'There is a trivial check with a = b = 1, but no proper substitution into an inequality derived from Cauchy–Schwarz.', 'Q23_Part2_Factorization': 'The factorization a³+b³ = (a+b)(a²-ab+b²) is noted but not fully developed into the required cubic relation; partial credit awarded.', 'Q23_Part2_AM_Inequality': 'No application of the AM inequality or proper bounding of ab is provided to derive (a+b) ≤ 2.', 'Q23_Part2_Conclusion': 'The final conclusion is contradictory (it claims a+b ≥ 2 instead of a+b ≤ 2) and does not clearly state the equality condition.'}",1.0,4232
Math_ShortAns_155,"{'Q23_Part1_Cauchy': 3, 'Q23_Part1_Substitution': 2, 'Q23_Part2_Factorization': 2, 'Q23_Part2_AM_Inequality': 2, 'Q23_Part2_Conclusion': 1}",10,"{'Q23_Part1_Cauchy': 'The answer correctly uses the Cauchy–Schwarz inequality and writes the inequality in the form (a+b)(a⁵+b⁵) ≥ (a³+b³)².', 'Q23_Part1_Substitution': 'The substitution a³+b³ = 2 is implicitly used to simplify (a³+b³)² to 4; this meets the requirement.', 'Q23_Part2_Factorization': 'The factorization a³+b³ = (a+b)[(a+b)²-3ab] is correctly set up and simplified.', 'Q23_Part2_AM_Inequality': 'The AM inequality is properly applied to bound ab and transform the cubic relation to get (a+b) ≤ 2.', 'Q23_Part2_Conclusion': 'The final conclusions and equality conditions (a = b = 1) are clearly stated.'}",,4258
Math_ShortAns_158,"{'C1_cauchy_application': 0, 'C2_conclusion_part1': 0, 'C3_transformation_part2': 2, 'C4_application_AM_GM': 0}",2,"{'C1_cauchy_application': 'No proper use of the Cauchy inequality; the student simply substituted a = b = 1 instead of setting up the general Cauchy inequality.', 'C2_conclusion_part1': 'Failed to deduce the inequality using a³ + b³ = 2; only a single case was verified rather than a general proof.', 'C3_transformation_part2': 'Correctly transformed a³ + b³ = 2 into s(s² - 3p) = 2.', 'C4_application_AM_GM': 'Did not apply the AM-GM inequality; the argument for a + b ≤ 2 is vague and not supported by a proper inequality.'}",0.9,3539
Math_ShortAns_159,"{'C1_cauchy_application': 1, 'C2_conclusion_part1': 1, 'C3_transformation_part2': 2, 'C4_application_AM_GM': 2}",6,"{'C1_cauchy_application': 'The student attempted to apply Cauchy, but incorrectly combined the terms into a single square root instead of writing √(a·a⁵)+√(b·b⁵).', 'C2_conclusion_part1': 'The substitution of a³+b³=2 to obtain (a+b)(a⁵+b⁵)≥4 with the equality condition a=b=1 is correctly deduced.', 'C3_transformation_part2': 'The transformation of a³+b³ into (a+b)[(a+b)²-3ab] and the subsequent rewriting is correct.', 'C4_application_AM_GM': 'The AM-GM inequality is applied appropriately to deduce a+b ≤ 2, although the derivation could be more detailed.'}",,4219
Math_ShortAns_162,"{'C1_piecewise_g': 0, 'C2_property_f_for_a1': 1, 'C3_solve_part1': 0, 'C4_range_a': 0}",1,"{'C1_piecewise_g': 'The piecewise definition of g(x) is incorrect: both the case for x < -1 and for -1 ≤ x < 1 are wrong.', 'C2_property_f_for_a1': 'f(x) is correctly identified for a = 1, but no discussion of its vertex or monotonicity is provided.', 'C3_solve_part1': 'The inequality is solved incorrectly in all intervals and the final solution set is wrong.', 'C4_range_a': 'The derivation of the parameter range is incorrect; the evaluation at endpoints and inequality setup are flawed.'}",0.9,5123
Math_ShortAns_163,"{'C1_piecewise_g': 2, 'C2_property_f_for_a1': 2, 'C3_solve_part1': 1, 'C4_range_a': 3}",8,"{'C1_piecewise_g': 'Correctly expressed g(x) in the three cases with proper formulas.', 'C2_property_f_for_a1': 'Identified f(x) as a downward-opening parabola with symmetry axis x=1/2, but reasoning on monotonicity is somewhat inconsistent.', 'C3_solve_part1': 'The final answer is correct, but case analysis and interval descriptions contain inconsistencies.', 'C4_range_a': 'Properly set up inequalities and correctly derived the range a ∈ [-1, 1].'}",,4662
Math_ShortAns_166,"{'C1_parameter_elimination': 0, 'C2_convert_to_polar': 0, 'C3_convert_C2_equation': 0, 'C4_solve_intersections_and_convert': 0}",0,"{'C1_parameter_elimination': 'The student did not eliminate the parameter correctly; no proper rectangular equation was obtained.', 'C2_convert_to_polar': 'Substitution was attempted but the conversion from Cartesian to polar form was incorrectly executed.', 'C3_convert_C2_equation': ""No correct conversion of C2's polar equation to rectangular form was provided."", 'C4_solve_intersections_and_convert': 'The setup for solving intersections is incorrect and the resulting equations do not yield valid intersection points.'}",,3193
Math_ShortAns_167,"{'C1_parameter_elimination': 3, 'C2_convert_to_polar': 2, 'C3_convert_C2_equation': 2, 'C4_solve_intersections_and_convert': 3}",10,"{'C1_parameter_elimination': 'The student correctly eliminated the parameter and derived the complete rectangular equation (x-4)²+(y-5)²=25.', 'C2_convert_to_polar': 'The student correctly substituted x=ρcosθ and y=ρsinθ to get ρ²-8ρcosθ-10ρsinθ+16=0.', 'C3_convert_C2_equation': 'The conversion of ρ=2sinθ to x²+y²-2y=0 was correctly executed.', 'C4_solve_intersections_and_convert': 'The student correctly solved the system to find intersection points (1,1) and (0,2) and converted them to polar coordinates as (√2, π/4) and (2, π/2).'}",,3522
Math_ShortAns_170,"{'Q23_Part1_Identity': 1, 'Q23_Part1_Conclusion': 0, 'Q23_Part2_Setup': 0, 'Q23_Part2_Inequality': 0}",1,"{'Q23_Part1_Identity': 'The student substituted c = -a - b and obtained an expression for ab+bc+ca, but did not expand (a+b+c)² to isolate ab+bc+ca as -½(a²+b²+c²) as required.', 'Q23_Part1_Conclusion': 'They used only a specific numerical example rather than the general argument that a²+b²+c² > 0, so the general conclusion is not established.', 'Q23_Part2_Setup': 'The student did not assume WLOG that max{a, b, c} = a or deduce the necessary sign conditions from a+b+c=0 and abc=1.', 'Q23_Part2_Inequality': 'The required derivation relating a³ to (b, c) and the application of an inequality to conclude a³ ≥ 4 was not provided.'}",0.95,4134
Math_ShortAns_171,"{'Q23_Part1_Identity': 2, 'Q23_Part1_Conclusion': 2, 'Q23_Part2_Setup': 3, 'Q23_Part2_Inequality': 3}",10,"{'Q23_Part1_Identity': 'The student correctly expanded (a+b+c)² and isolated ab+bc+ca as -½(a²+b²+c²).', 'Q23_Part1_Conclusion': 'They noted that a²+b²+c² > 0 since the variables are nonzero, and thus concluded ab+bc+ca < 0.', 'Q23_Part2_Setup': 'They assumed without loss of generality that max{a, b, c} = a and deduced a > 0 with b, c < 0 correctly.', 'Q23_Part2_Inequality': 'The expression for a³ was derived correctly and the appropriate inequality was applied to conclude a³ ≥ 4 and hence a ≥ ∛4.'}",1.0,4525
Math_ShortAns_174,"{'P1_cauchy_part1': 0, 'P2_equality_conditions_part1': 0, 'P3_cauchy_part2': 0, 'P4_parameter_extraction': 0, 'P5_overall_logic_and_justification': 0}",0,"{'P1_cauchy_part1': 'No application of the Cauchy inequality; the student instead substituted and expanded expressions without deriving a lower bound of 4/3.', 'P2_equality_conditions_part1': 'The student made no attempt to use or identify the equality condition needed to confirm the minimum value.', 'P3_cauchy_part2': ""There is no proper application of Cauchy's inequality to transform the expression in part (2)."", 'P4_parameter_extraction': 'The parameter extraction is incorrect. The final result stated (a ≥ -3 or a ≤ -1) does not correctly reflect the required condition a ≤ -3 or a ≥ -1.', 'P5_overall_logic_and_justification': 'The solution lacks overall clarity and logical justification, failing to connect the steps or properly address the problem requirements.'}",0.95,4209
Math_ShortAns_175,"{'P1_cauchy_part1': 2, 'P2_equality_conditions_part1': 0, 'P3_cauchy_part2': 1, 'P4_parameter_extraction': 1, 'P5_overall_logic_and_justification': 0}",4,"{'P1_cauchy_part1': 'Used the Cauchy inequality but miscalculated the sum (should be (x+y+z+1) not (x+y+z+3)) leading to an incorrect lower bound.', 'P2_equality_conditions_part1': 'Did not properly state or use the equality condition for part (1).', 'P3_cauchy_part2': 'Stated the equality condition (x-2=y-1=z-a) but failed to transform the sum into the desired inequality involving (a+2)².', 'P4_parameter_extraction': 'The final parameter condition (a ≤ -3 or a ≥ -1) is stated correctly but without proper justification from the inequality.', 'P5_overall_logic_and_justification': 'The overall logical flow is disjointed and does not adequately justify the steps taken.'}",,5628
Math_ShortAns_178,"{'P1_cauchy_application_part1': 0, 'P2_equality_conditions_part1': 0, 'P3_cauchy_application_part2': 0, 'P4_final_conclusion_part2': 1}",1,"{'P1_cauchy_application_part1': 'The answer failed to apply the Cauchy-Schwarz inequality and instead used an incorrect expansion with a false minimization.', 'P2_equality_conditions_part1': 'No attempt was made to establish the equality condition; the approach is not aligned with the rubric.', 'P3_cauchy_application_part2': 'The student did not properly set up or apply the Cauchy-Schwarz inequality to derive the condition on a; the algebraic manipulation is flawed.', 'P4_final_conclusion_part2': 'The final answer for a is correctly stated but is not justified by a proper derivation.'}",0.95,4379
Math_ShortAns_179,"{'P1_cauchy_application_part1': 2, 'P2_equality_conditions_part1': 0, 'P3_cauchy_application_part2': 1, 'P4_final_conclusion_part2': 1}",4,"{'P1_cauchy_application_part1': 'The student set up the Cauchy-Schwarz inequality but made an algebra error in summing (x-1)+(y+1)+(z+1); the sum should equal (x+y+z+1)=2, not 4.', 'P2_equality_conditions_part1': 'No discussion on the equality conditions was provided.', 'P3_cauchy_application_part2': 'Attempted to apply Cauchy-Schwarz to the second expression, but the algebraic simplification of (x-2)+(y-1)+(z-a) was mishandled.', 'P4_final_conclusion_part2': 'Although the final parameter range is correct, the derivation is flawed and the inequality manipulation is incorrect.'}",,4936
Math_ShortAns_182,"{'C1_piecewise_function': 3, 'C2_solve_f_ge_0': 0, 'C3_transform_inequality': 0, 'C4_solve_a_condition': 0, 'C5_final_answer': 0}",3,"{'C1_piecewise_function': 'The student correctly identified the intervals and derived the correct piecewise expressions, despite later errors.', 'C2_solve_f_ge_0': 'The inequalities on the intervals were solved incorrectly (sign errors in two parts), so no credit was awarded.', 'C3_transform_inequality': 'The transformation of f(x) ≤ 1 was flawed; the sign was reversed, leading to an incorrect inequality.', 'C4_solve_a_condition': 'There was no correct application of the triangle inequality to deduce the condition on a.', 'C5_final_answer': 'The final answers provided for both parts are incorrect and not clearly stated.'}",,4878
Math_ShortAns_183,"{'C1_piecewise_function': 3, 'C2_solve_f_ge_0': 2, 'C3_transform_inequality': 2, 'C4_solve_a_condition': 2, 'C5_final_answer': 1}",10,"{'C1_piecewise_function': 'The student correctly segmented the domain and provided the correct piecewise expressions.', 'C2_solve_f_ge_0': 'The student solved the inequality in each segment correctly and combined the results to obtain [-2, 3].', 'C3_transform_inequality': 'The transformation of f(x) ≤ 1 into |x+a|+|x-2| ≥ 4 is correctly done.', 'C4_solve_a_condition': 'The triangle inequality was applied correctly, leading to |a+2| ≥ 4 and the correct solution for a.', 'C5_final_answer': 'Both final answers for parts (1) and (2) are clearly and correctly stated.'}",1.0,3731
Math_ShortAns_186,"{'C1_substitution_and_rewriting': 2, 'C2_case_partition_part1': 2, 'C3_analysis_and_conclusion_part1': 0, 'C4_analysis_a_ge_1': 0, 'C5_analysis_a_lt_1': 0, 'C6_final_answer_part2': 0}",4,"{'C1_substitution_and_rewriting': 'Correct substitution a = 1 and rewriting of the function.', 'C2_case_partition_part1': 'Correctly partitioned the real line into the required intervals.', 'C3_analysis_and_conclusion_part1': 'The analysis led to an incorrect final solution set (should be (-∞, 1), not (-∞, 2)).', 'C4_analysis_a_ge_1': 'Faulty analysis for a ≥ 1; the conclusion that a > 2 is unjustified.', 'C5_analysis_a_lt_1': 'No proper analysis provided for the case a < 1.', 'C6_final_answer_part2': 'Final answer for a is incorrect; it should be [1, +∞) rather than (2, ∞).'}",1.0,4476
Math_ShortAns_187,"{'C1_substitution_and_rewriting': 2, 'C2_case_partition_part1': 2, 'C3_analysis_and_conclusion_part1': 1, 'C4_analysis_a_ge_1': 2, 'C5_analysis_a_lt_1': 1, 'C6_final_answer_part2': 2}",10,"{'C1_substitution_and_rewriting': 'Successfully substituted a=1 and rewrote f(x) correctly.', 'C2_case_partition_part1': 'Correctly partitioned the domain into x<1, 1≤x<2, and x≥2.', 'C3_analysis_and_conclusion_part1': 'Accurately analyzed each case and concluded the solution set (-∞,1).', 'C4_analysis_a_ge_1': 'Provided a clear analysis for a≥1, showing f(x)<0 holds for all x in (-∞,1).', 'C5_analysis_a_lt_1': 'Addressed the a<1 case and explained that the inequality cannot hold throughout (-∞,1).', 'C6_final_answer_part2': 'Final answer is clearly and correctly stated as [1,+∞).'}",1.0,3538
Math_ShortAns_190,"{'R1_rewrite_reciprocals': 2, 'R2_establish_face_ineq': 0, 'R3_apply_cubic_ineq': 0, 'R4_am_gm_application': 0, 'R5_clarity_and_logical_conclusion': 0}",2,"{'R1_rewrite_reciprocals': 'Correctly rewrote the reciprocals using abc = 1.', 'R2_establish_face_ineq': 'Failed to establish the required inequality a²+b²+c² ≥ ab+ac+bc; the AM-GM attempt is misapplied.', 'R3_apply_cubic_ineq': 'Did not identify or use the inequality (a+b)³+(b+c)³+(c+a)³ ≥ 3(a+b)(b+c)(c+a).', 'R4_am_gm_application': 'No proper AM-GM application on (a+b), (b+c), (c+a) to derive the lower bound; only testing at a=b=c=1.', 'R5_clarity_and_logical_conclusion': 'Overall reasoning is unclear and incomplete; final conclusions are not rigorously justified.'}",1.0,4050
Math_ShortAns_191,"{'R1_rewrite_reciprocals': 0, 'R2_establish_face_ineq': 0, 'R3_apply_cubic_ineq': 0, 'R4_am_gm_application': 0, 'R5_clarity_and_logical_conclusion': 0}",0,"{'R1_rewrite_reciprocals': 'The answer does not correctly use abc=1 to rewrite 1/a+1/b+1/c as ab+bc+ca.', 'R2_establish_face_ineq': 'There is no proper derivation or justification for a^2+b^2+c^2 ≥ ab+ac+bc.', 'R3_apply_cubic_ineq': 'The answer does not identify or apply the key inequality (a+b)^3+(b+c)^3+(c+a)^3 ≥ 3(a+b)(b+c)(c+a).', 'R4_am_gm_application': 'AM-GM is not applied to (a+b), (b+c), and (c+a) to obtain the necessary lower bound.', 'R5_clarity_and_logical_conclusion': 'The solution lacks a logical and coherent argument to conclude the proofs for both parts.'}",,4140
Math_ShortAns_192,"{'R1_rewrite_reciprocals': 0, 'R2_establish_face_ineq': 0, 'R3_apply_cubic_ineq': 0, 'R4_am_gm_application': 0, 'R5_clarity_and_logical_conclusion': 0}",0,"{'R1_rewrite_reciprocals': 'The student did not correctly rewrite 1/a+1/b+1/c as ab+ac+bc using abc=1; instead, they only introduced new variables without proper substitution.', 'R2_establish_face_ineq': 'No proper derivation or justification is provided for a²+b²+c² ≥ ab+ac+bc; the attempt using RMS-AM is irrelevant.', 'R3_apply_cubic_ineq': 'The student does not identify or apply the required inequality (a+b)³+(b+c)³+(c+a)³ ≥ 3(a+b)(b+c)(c+a).', 'R4_am_gm_application': 'There is no application of AM-GM to obtain the needed bound; the argument regarding a, b, c tending to 0 is incorrect.', 'R5_clarity_and_logical_conclusion': 'The overall explanation is disorganized and incorrectly concludes that the given inequalities do not hold.'}",1.0,4266
Math_ShortAns_193,"{'R1_rewrite_reciprocals': 2, 'R2_establish_face_ineq': 2, 'R3_apply_cubic_ineq': 2, 'R4_am_gm_application': 2, 'R5_clarity_and_logical_conclusion': 2}",10,"{'R1_rewrite_reciprocals': 'Correctly rewrote 1/a+1/b+1/c as bc+ac+ab using abc = 1.', 'R2_establish_face_ineq': 'Established a²+b²+c² ≥ ab+ac+bc by indicating the use of the basic inequality.', 'R3_apply_cubic_ineq': 'Identified and applied the inequality (a+b)³+(b+c)³+(c+a)³ ≥ 3(a+b)(b+c)(c+a).', 'R4_am_gm_application': 'Applied AM-GM to subsequently derive the inequality reaching the bound of 24 using abc = 1.', 'R5_clarity_and_logical_conclusion': 'The explanation is concise and logically completes both parts with correct transformation and conclusion.'}",,3637
Math_ShortAns_196,"{'C1_conditions_and_identity': 0, 'C2_proof_part1': 0, 'C3_proof_part2_forward': 0, 'C4_proof_part2_reverse': 0, 'C5_overall_logic_and_conclusion': 0}",0,"{'C1_conditions_and_identity': 'The answer does not clearly state the conditions or correctly write the squared identities.', 'C2_proof_part1': 'The proof for part (1) is not correctly developed; it uses unfounded arguments and fails to show the proper inequality.', 'C3_proof_part2_forward': 'The forward direction of the equivalence is not properly proved, with no correct use of squaring or connecting ab and cd.', 'C4_proof_part2_reverse': 'The reverse direction is not addressed appropriately; the argument is unclear and incorrect.', 'C5_overall_logic_and_conclusion': 'The final conclusion is opposite to what needs to be proved and the logical flow is disorganized.'}",1.0,3481
Math_ShortAns_197,"{'C1_conditions_and_identity': 1, 'C2_proof_part1': 3, 'C3_proof_part2_forward': 3, 'C4_proof_part2_reverse': 0, 'C5_overall_logic_and_conclusion': 0}",7,"{'C1_conditions_and_identity': 'The answer states that a+b=c+d and writes the correct squared identities for both sums.', 'C2_proof_part1': 'The proof for part (1) is correctly executed by comparing the squared forms and using a+b=c+d to deduce the inequality.', 'C3_proof_part2_forward': 'The forward direction is handled properly through squaring and simplifying to obtain |a-b| < |c-d|.', 'C4_proof_part2_reverse': 'The reverse direction is not shown; the answer does not prove that |a-b| < |c-d| implies √a+√b > √c+√d.', 'C5_overall_logic_and_conclusion': 'The final conclusion claims equivalence but fails to include the reverse proof, so the overall logical conclusion is incomplete.'}",0.95,3763
Math_ShortAns_200,"{'P1_substitution_and_transformation': 2, 'P2_solving_part1': 1, 'P3_setup_of_part2': 2, 'P4_analysis_of_absolute_inequality': 0, 'P5_final_answer': 0}",5,"{'P1_substitution_and_transformation': 'The substitution of a = 2 and rewriting of the function is completely correct.', 'P2_solving_part1': 'The inequality was correctly set up, but in the case analysis the student incorrectly obtained x ≤ 4 instead of x ≤ 3.', 'P3_setup_of_part2': 'The expression for f(x) + g(x) is set up correctly.', 'P4_analysis_of_absolute_inequality': 'The case analysis for the inequality is flawed and does not lead to the correct condition on a.', 'P5_final_answer': 'The final answers are incorrect for both parts.'}",,3999
Math_ShortAns_201,"{'P1_substitution_and_transformation': 2, 'P2_solving_part1': 2, 'P3_setup_of_part2': 2, 'P4_analysis_of_absolute_inequality': 2, 'P5_final_answer': 1}",9,"{'P1_substitution_and_transformation': 'Substitution a=2 and rewriting f(x) is completely correct.', 'P2_solving_part1': 'The inequality is correctly reduced and solved to x ∈ [–1, 3].', 'P3_setup_of_part2': 'The expression f(x)+g(x) is set up correctly as |2x-1| + |2x-a| + a ≥ 3.', 'P4_analysis_of_absolute_inequality': 'The case analysis is attempted by transforming the inequality and splitting into cases, but the reasoning is not fully rigorous; partial credit is given.', 'P5_final_answer': 'Both final answers are correct and clearly stated.'}",,4449
Math_ShortAns_204,"{'C1_ab_inequality': 1, 'C2_a3b3_minimum': 0, 'C3_2a3b_inequality': 0, 'C4_final_presentation': 0}",1,"{'C1_ab_inequality': 'The student attempts a transformation but ends up making an unjustified assumption (ab = 1) instead of deriving ab ≥ 2.', 'C2_a3b3_minimum': 'The student sets up the formula for a³+b³ but uses the incorrect value (ab = 1) and computes a nonsensical negative value, failing to obtain 4√2.', 'C3_2a3b_inequality': 'The approach for 2a+3b is flawed; the student assumes a relation (b = 2a) and finds a solution, not establishing any lower bound via inequalities.', 'C4_final_presentation': 'Although final answers are stated, they are not correct nor properly justified.'}",0.9,3328
Math_ShortAns_205,"{'C1_ab_inequality': 0, 'C2_a3b3_minimum': 0, 'C3_2a3b_inequality': 0, 'C4_final_presentation': 0}",0,"{'C1_ab_inequality': 'The student’s application of AM-GM is flawed. They incorrectly transform the equation and derive a contradiction instead of establishing ab ≥ 2.', 'C2_a3b3_minimum': 'The setup using AM-GM for a³+b³ is attempted, but the student mishandles the inequality and wrongly concludes that no minimum exists.', 'C3_2a3b_inequality': 'The student’s approach using AM-GM to bound 2a+3b is incorrect and leads to a false contradiction, failing to demonstrate that 2a+3b > 6.', 'C4_final_presentation': 'The final answers are not correctly presented; the student concludes nonexistence for both parts, which does not match the correct reasoning and results.'}",0.95,3928
Math_ShortAns_208,"{'C1_derive_constraint': 0, 'C2_minimum_value_I': 0, 'C3_final_answer_I': 0, 'C4_argument_partII': 0, 'C5_clarity_and_presentation': 1}",1,"{'C1_derive_constraint': 'The student multiplied both sides by ab but did not derive the required constraint (ab ≥ 2) using AM-GM or any other method.', 'C2_minimum_value_I': 'No valid use of the derived constraint appears; the student merely guessed a = b = 1 leading to an incorrect minimal value.', 'C3_final_answer_I': 'The final answer for Part (I) is stated but is incorrect.', 'C4_argument_partII': 'The reasoning for Part (II) is unsupported and incorrect; the student incorrectly concludes that a solution exists.', 'C5_clarity_and_presentation': 'Although a final answer is provided, the overall argument lacks clarity and proper organization.'}",1.0,3604
Math_ShortAns_209,"{'C1_derive_constraint': 1, 'C2_minimum_value_I': 0, 'C3_final_answer_I': 0, 'C4_argument_partII': 0, 'C5_clarity_and_presentation': 0}",1,"{'C1_derive_constraint': 'The student attempted to derive a constraint using the AM-GM inequality but computed ab ≥ 4 (instead of the correct ab ≥ 2), showing a partial idea with a significant error.', 'C2_minimum_value_I': 'The student’s approach to minimize a³+b³ is incomplete and repetitive with no correct computation or clearly presented equality condition.', 'C3_final_answer_I': 'No clear final answer for Part (I) is provided.', 'C4_argument_partII': 'Part (II) is not addressed at all, so no argument is presented regarding 2a+3b=6.', 'C5_clarity_and_presentation': 'The response is disorganized and unclear, with repeated expressions and lacking separation between parts.'}",0.95,5307
Math_ShortAns_212,"{'C1_proof_lower_bound': 0, 'C2_apply_AMGM': 0, 'C3_case_analysis_f3': 1, 'C4_solve_and_combine': 0}",1,"{'C1_proof_lower_bound': 'The student did not correctly apply the triangle inequality; instead of establishing f(x) ≥ |a + 1/a|, they incorrectly concluded a lower bound of 1.', 'C2_apply_AMGM': 'The AM–GM inequality was not applied to show a + 1/a ≥ 2; the argument only used a test value.', 'C3_case_analysis_f3': 'Only one case (a < 2) is mentioned and it is not the correct splitting (should consider a > 3 and 0 < a ≤ 3), so the analysis is incomplete.', 'C4_solve_and_combine': 'The ensuing inequality was manipulated incorrectly leading to an incorrect combined interval for a.'}",0.95,4138
Math_ShortAns_213,"{'C1_proof_lower_bound': 1, 'C2_apply_AMGM': 1, 'C3_case_analysis_f3': 0, 'C4_solve_and_combine': 0}",2,"{'C1_proof_lower_bound': 'The answer states the lower bound |a+1/a| but does not explicitly apply the triangle inequality.', 'C2_apply_AMGM': 'The AM–GM inequality is correctly mentioned and applied.', 'C3_case_analysis_f3': 'No case analysis is provided for the expression f(3)=|3+1/a|+|3-a|.', 'C4_solve_and_combine': 'The final interval is stated without showing the necessary steps to solve and combine the cases.'}",0.95,4720
Math_ShortAns_216,"{'I1_use_identity': 0, 'I2_apply_basic_inequality': 0, 'I3_conclude_partI': 1, 'II1_setup_inequalities': 0, 'II2_sum_and_finalize': 0}",1,"{'I1_use_identity': 'The student did not use the expansion (a+b+c)^2 = a^2+b^2+c^2+2(ab+bc+ca) as required, instead relying solely on AM-GM.', 'I2_apply_basic_inequality': 'No basic inequalities (such as a^2+b^2≥2ab) were applied to deduce a^2+b^2+c^2 ≥ ab+bc+ca.', 'I3_conclude_partI': 'While the student correctly obtained ab+bc+ca ≤ 1/3 via AM-GM, they did not follow the required substitution method from the expansion.', 'II1_setup_inequalities': 'The student failed to set up the individual inequalities (e.g., a^2/b + b ≥ 2a, etc.) as outlined in the rubric.', 'II2_sum_and_finalize': 'The summing and final deduction for part II is incorrect; the student incorrectly concludes the inequality goes the wrong direction.'}",1.0,4390
Math_ShortAns_217,"{'I1_use_identity': 2, 'I2_apply_basic_inequality': 0, 'I3_conclude_partI': 1, 'II1_setup_inequalities': 0, 'II2_sum_and_finalize': 0}",3,"{'I1_use_identity': 'The student correctly states the expansion (a+b+c)² = 1 and writes a²+b²+c²+2(ab+bc+ca)=1.', 'I2_apply_basic_inequality': 'Instead of applying the basic inequality (a²+b² ≥ 2ab), the student inappropriately uses the Cauchy-Schwarz inequality with unclear justification; this step does not correctly lead to a²+b²+c² ≥ ab+bc+ca.', 'I3_conclude_partI': 'The final conclusion ab+bc+ca ≤ 1/3 is stated, but the derivation is flawed and not adequately justified.', 'II1_setup_inequalities': 'The student fails to set up the necessary individual inequalities (e.g., a²/b + b ≥ 2a) required for part II.', 'II2_sum_and_finalize': ""There is no summation or final deduction for part II; the answer merely repeats part I's argument.""}",0.95,5463
