script_id,scores,model_score,comments,confidence,tokens_used
Math_ShortAns_2,"{'C1_simplification': 1, 'C2_identification': 0, 'C3_maximum_value': 1}",2,"{'C1_simplification': 'The student correctly applied the addition formulas but stopped at a combined expression and did not fully simplify it into a clear single sine function.', 'C2_identification': 'The answer does not clearly state that the simplified expression is equivalent to sin x, missing an explicit identification.', 'C3_maximum_value': 'While the final answer of 1 is correct, the reasoning for finding the maximum value is undeveloped and lacks a rigorous link to the simplified form.'}",0.9,3629
Math_ShortAns_3,"{'C1_simplification': 1, 'C2_identification': 0, 'C3_maximum_value': 0}",1,"{'C1_simplification': 'The student correctly expanded the functions using addition formulas but made an arithmetic error in the simplification (mis-evaluated cos2φ+2sin²φ), so only partial credit is awarded.', 'C2_identification': 'The student did not correctly identify that the simplified expression is sin x or an equivalent form, so no points were given.', 'C3_maximum_value': 'The student incorrectly computed the maximum value, concluding 2 instead of 1, resulting in no credit for this part.'}",0.95,3228
Math_ShortAns_6,"{'C1_sequence_setup': 1, 'C2_deriving_common_ratio': 2, 'C3_sum_calculation': 1}",4,"{'C1_sequence_setup': 'The student correctly expressed the sequence with a1 = 1/3 and a_n = (1/3)r^(n-1), earning full marks.', 'C2_deriving_common_ratio': 'The student correctly substituted and simplified (1/9)r^6 = (1/3)r^5 to obtain r = 3, earning full marks.', 'C3_sum_calculation': 'The student correctly listed the terms and set up the sum but made an arithmetic mistake in the final evaluation, so only partial credit is awarded.'}",0.95,3333
Math_ShortAns_7,"{'C1_sequence_setup': 1, 'C2_deriving_common_ratio': 1, 'C3_sum_calculation': 0}",2,"{'C1_sequence_setup': 'The student correctly expressed the sequence with a1 = 1/3 and a_n = (1/3)·r^(n-1), including a4 and a6.', 'C2_deriving_common_ratio': 'They correctly set up the equation (1/9)r^6 = (1/3)r^5 and simplified it to r^6 = 3r^5, but then wrongly assumed r = 2 instead of solving for r = 3.', 'C3_sum_calculation': 'Using the incorrect common ratio (r = 2), the student computed S5 as 31/3; thus, the sum was not correctly calculated.'}",1.0,3778
Math_ShortAns_10,"{'C1_rewrite_equation': 0, 'C2_geometric_interpretation': 0, 'C3_inference_right_angle': 0, 'C4_final_answer': 0}",0,"{'C1_rewrite_equation': 'The student did not rewrite the vector equation.', 'C2_geometric_interpretation': 'No geometric interpretation or reference to the diameter was provided.', 'C3_inference_right_angle': 'The student did not infer the right angle relation between AB and AC.', 'C4_final_answer': 'The final answer provided (45°) is incorrect; it should be 90°.'}",1.0,1863
Math_ShortAns_11,"{'C1_rewrite_equation': 1, 'C2_geometric_interpretation': 0, 'C3_inference_right_angle': 0, 'C4_final_answer': 0}",1,"{'C1_rewrite_equation': 'Correctly rewrote the equation as 2AO = AB + AC.', 'C2_geometric_interpretation': 'Did not interpret the vector sum as indicating a diameter of the circle.', 'C3_inference_right_angle': 'No inference made to show that AB is perpendicular to AC.', 'C4_final_answer': 'Final answer given as 60°, which is incorrect.'}",0.95,2492
Math_ShortAns_14,"{'C1_set_up_equations': 1, 'C2_apply_tangency_condition': 0, 'C3_solve_for_center': 0, 'C4_compute_radius_and_final_equation': 0}",1,"{'C1_set_up_equations': ""The student correctly set up the circle's standard form and substituted points A and B."", 'C2_apply_tangency_condition': 'The student did not derive the necessary perpendicular condition (b-1)/(a-2) = -1; instead, they used the distance formula.', 'C3_solve_for_center': 'The elimination process is incorrect. The student incorrectly assumed x₀ = 4 and did not obtain the correct center (3,0).', 'C4_compute_radius_and_final_equation': 'The computed radius and final circle equation are inconsistent and do not match the correct answer.'}",,3580
Math_ShortAns_15,"{'C1_set_up_equations': 1, 'C2_apply_tangency_condition': 0, 'C3_solve_for_center': 1, 'C4_compute_radius_and_final_equation': 1}",3,"{'C1_set_up_equations': 'The student correctly set up the circle equation and substituted A and B.', 'C2_apply_tangency_condition': 'The student used the distance from the center to the line instead of the required perpendicular slope condition (b-1)/(a-2) = -1.', 'C3_solve_for_center': 'The student solved the system correctly to obtain h = 3 and k = 0, but did not explicitly use the tangency condition relation.', 'C4_compute_radius_and_final_equation': 'The student correctly computed the radius and provided the final correct circle equation.'}",,4135
Math_ShortAns_18,"{'C1_recognition': 0, 'C2_grouping': 0, 'C3_sum_odd_pairs': 0, 'C4_sum_even_pairs': 0, 'C5_final_computation': 0}",0,"{'C1_recognition': 'The student attempted to separate cases but reversed the signs, resulting in a major error.', 'C2_grouping': 'The student did not correctly group the sequence into odd and even indexed terms.', 'C3_sum_odd_pairs': 'There is no correct identification or summing of the odd-indexed term pairs.', 'C4_sum_even_pairs': 'The even-indexed terms were not grouped into an arithmetic series as required.', 'C5_final_computation': 'The final sum was arbitrarily guessed (240) and does not match the correct answer (1830).'}",0.95,3565
Math_ShortAns_19,"{'C1_recognition': 0, 'C2_grouping': 0, 'C3_sum_odd_pairs': 0, 'C4_sum_even_pairs': 0, 'C5_final_computation': 0}",0,"{'C1_recognition': 'The student misinterpreted the recurrence; for n = 1 the correct form should have been a2 - a1 = 1, but they wrote a2 + a1 = 1.', 'C2_grouping': 'The answer does not identify or separate the sequence into odd-indexed and even-indexed groupings.', 'C3_sum_odd_pairs': 'There is no attempt to find the constant sum from pairs of odd-indexed terms.', 'C4_sum_even_pairs': 'The student does not recognize or calculate an arithmetic series from the even-indexed terms.', 'C5_final_computation': 'The final computation is a guess (3*60 = 180) rather than a correct summation based on proper grouping.'}",1.0,3614
Math_ShortAns_22,"{'C1_subtract_equations': 2, 'C2_initial_value': 2, 'C3_general_term': 2, 'C4_b_n_expression': 3, 'C5_partial_sum': 3}",12,"{'C1_subtract_equations': 'Correct subtraction of equations leading to aₙ₊₁ - aₙ = 2.', 'C2_initial_value': 'Correctly substituted n=1 and selected a₁=3 after rejecting the negative solution.', 'C3_general_term': 'Determined the arithmetic sequence form with initial term 3 and common difference 2, yielding aₙ = 2n+1.', 'C4_b_n_expression': 'Substituted aₙ correctly and decomposed bₙ into partial fractions as required.', 'C5_partial_sum': 'Used the telescoping nature to correctly sum the series and simplified to the required final form.'}",0.95,3696
Math_ShortAns_23,"{'C1_subtract_equations': 0, 'C2_initial_value': 0, 'C3_general_term': 0, 'C4_b_n_expression': 0, 'C5_partial_sum': 0}",0,"{'C1_subtract_equations': 'No attempt to subtract consecutive equations to establish the relation aₙ₊₁ - aₙ = 2.', 'C2_initial_value': 'The initial term a₁ was not determined by substituting n = 1 into the equation.', 'C3_general_term': 'The general term was not correctly derived; several incorrect guesses were made.', 'C4_b_n_expression': 'The expression for bₙ was incorrectly assumed (using aₙ = n+1) and the partial fraction decomposition was not properly set up.', 'C5_partial_sum': 'The telescoping series was not correctly identified or summed; the final sum is incorrect.'}",0.95,4116
Math_ShortAns_26,"{'C1_determine_angle_C': 4, 'C2_cosine_law_relation': 3, 'C3_area_relation_and_side_sum': 2, 'C4_final_perimeter_calculation': 3}",12,"{'C1_determine_angle_C': 'Correctly used the sine theorem and verified sin C ≠ 0; properly deduced cos C = 1/2 and C = π/3.', 'C2_cosine_law_relation': 'Correct application of the cosine law to set up the relation and rearrangement to (a+b)² - 3ab = 7.', 'C3_area_relation_and_side_sum': 'Accurately used the area formula to obtain ab = 6 and substituted into the cosine law relation to find a+b = 5.', 'C4_final_perimeter_calculation': 'Correctly combined a+b = 5 with c = √7 to obtain the final perimeter of 5 + √7.'}",1.0,3267
Math_ShortAns_27,"{'C1_determine_angle_C': 0, 'C2_cosine_law_relation': 0, 'C3_area_relation_and_side_sum': 0, 'C4_final_perimeter_calculation': 0}",0,"{'C1_determine_angle_C': 'Incorrect manipulation; the student arbitrarily set x=1 leading to an incorrect conclusion (C=90° instead of π/3).', 'C2_cosine_law_relation': 'No valid application of the cosine law was provided to set up the required relation between the sides.', 'C3_area_relation_and_side_sum': 'The area formula was used with the wrong angle (90°) and did not yield the correct product or side sum relation.', 'C4_final_perimeter_calculation': 'The perimeter was computed by arbitrary assumptions without connecting to a correctly derived side sum; the final answer is therefore incorrect.'}",,3041
Math_ShortAns_28,"{'C1_determine_angle_C': 0, 'C2_cosine_law_relation': 0, 'C3_area_relation_and_side_sum': 0, 'C4_final_perimeter_calculation': 1}",1,"{'C1_determine_angle_C': 'Student incorrectly uses cosine law and assumes cos C = 0 leading to C = 90°, instead of deriving cos C = 1/2 and C = π/3.', 'C2_cosine_law_relation': 'No valid application or derivation using the cosine law was presented.', 'C3_area_relation_and_side_sum': 'The student arbitrarily assumed a+b = 5 without deriving it from the area relation.', 'C4_final_perimeter_calculation': 'Although the final perimeter P = 5 + √7 is correct, the justification is entirely assumed without proper derivation.'}",0.95,3664
Math_ShortAns_31,"{'P1_part_I_subtraction': 0, 'P2_part_I_conclusion': 0, 'P3_part_II_assumption': 1, 'P4_part_II_coefficient_comparison': 0, 'P5_part_II_final_conclusion': 0}",1,"{'P1_part_I_subtraction': 'The student did not set up the required two relations or perform the subtraction to obtain the key identity.', 'P2_part_I_conclusion': 'No explicit conclusion that aₙ₊₂ - aₙ = λ is provided; the student did not use the nonzero condition on aₙ₊₁.', 'P3_part_II_assumption': 'The student mentions the arithmetic sequence form but does not derive aₙ₊₂ - aₙ = 2d, giving only minimal partial credit.', 'P4_part_II_coefficient_comparison': 'There is no substitution of the arithmetic form into Sₙ or coefficient comparison performed.', 'P5_part_II_final_conclusion': 'The student fails to solve the necessary condition to conclude λ = 4 or provide the final arithmetic sequence form.'}",0.9,4592
Math_ShortAns_32,"{'P1_part_I_subtraction': 0, 'P2_part_I_conclusion': 0, 'P3_part_II_assumption': 1, 'P4_part_II_coefficient_comparison': 0, 'P5_part_II_final_conclusion': 0}",1,"{'P1_part_I_subtraction': 'The student did not set up the required relations and subtract them to reach a_{n+1}(a_{n+2} - a_n) = λa_{n+1}.', 'P2_part_I_conclusion': 'The student did not conclude that a_{n+2} - a_n = λ using the nonzero property of a_{n+1}.', 'P3_part_II_assumption': 'The student assumed an arithmetic form and computed a_{n+2} - a_n = 2d, but failed to correctly equate it to λ.', 'P4_part_II_coefficient_comparison': 'No substitution into the Sₙ sum or coefficient comparison was performed.', 'P5_part_II_final_conclusion': 'The final conclusion is incorrect; the student wrongly stated that no λ exists for the sequence to be arithmetic.'}",,4165
Math_ShortAns_33,"{'P1_part_I_subtraction': 0, 'P2_part_I_conclusion': 0, 'P3_part_II_assumption': 1, 'P4_part_II_coefficient_comparison': 0, 'P5_part_II_final_conclusion': 0}",1,"{'P1_part_I_subtraction': 'The student did not correctly set up and subtract the required relations; instead, special cases were computed without the necessary subtraction step.', 'P2_part_I_conclusion': 'The student failed to recognize or derive that aₙ₊₂ − aₙ = λ, and incorrectly dismissed this result.', 'P3_part_II_assumption': 'The student assumed an arithmetic sequence with aₙ = 1 + (n − 1)d but did not derive that aₙ₊₂ − aₙ = 2d or equate it with λ.', 'P4_part_II_coefficient_comparison': 'There was no substitution into the expression for Sₙ or coefficient comparison to extract the condition on λ.', 'P5_part_II_final_conclusion': 'No necessary condition was solved and no final conclusion about λ was reached; the student incorrectly concluded that no such λ exists.'}",0.95,4122
Math_ShortAns_36,"{'C1_identify_PX2_events': 1, 'C2_compute_PX2': 0, 'C3_identify_PX4_events': 0, 'C4_compute_PX4': 0, 'C5_final_presentation': 0}",1,"{'C1_identify_PX2_events': 'Only one event (甲得分 then 乙得分) is identified, missing the alternative event where 乙 scores both.', 'C2_compute_PX2': ""The computation is incorrect; the student used 0.5 for both serves instead of using 0.4 for the second ball on乙's serve."", 'C3_identify_PX4_events': 'The proper identification of events (a split in the first two balls with two orderings) is not provided, and the sequences given are inconsistent.', 'C4_compute_PX4': 'The computed probabilities for the sequences are incorrect and do not match the proper multiplication using the correct serve probabilities.', 'C5_final_presentation': 'The final answers (0.25 and 0.132) are inconsistent with the proper logical steps and are incorrect.'}",,3980
Math_ShortAns_37,"{'C1_identify_PX2_events': 0, 'C2_compute_PX2': 0, 'C3_identify_PX4_events': 0, 'C4_compute_PX4': 0, 'C5_final_presentation': 0}",0,"{'C1_identify_PX2_events': 'The answer did not identify the two mutually exclusive events (甲连续得分 and 乙连续得分). Only one event chain (甲 two consecutive scores) was considered.', 'C2_compute_PX2': ""The computation is incorrect; it wrongly uses 0.5 for both balls instead of 0.5 and 0.4, neglecting the proper probability on 乙's serve."", 'C3_identify_PX4_events': 'The required sequence (a split in the first two balls with two orderings followed by two consecutive wins by 甲) was misidentified. The provided sequences do not reflect the correct event structure.', 'C4_compute_PX4': 'The calculation is in error: the student computed wrong probabilities and sums (0.06+0.03=0.09), using incorrect sequences.', 'C5_final_presentation': 'The final answers (P(X=2)=0.25 and P(X=4且甲获胜)=0.09) are inconsistent with the correct reasoning and do not properly justify the solutions.'}",1.0,4777
Math_ShortAns_38,"{'C1_identify_PX2_events': 0, 'C2_compute_PX2': 0, 'C3_identify_PX4_events': 0, 'C4_compute_PX4': 0, 'C5_final_presentation': 0}",0,"{'C1_identify_PX2_events': 'The student failed to correctly identify the two mutually exclusive cases. They misstate the events required for P(X=2).', 'C2_compute_PX2': 'The computation is incorrect; they computed only one case (0.5×0.6) instead of summing the two correct cases.', 'C3_identify_PX4_events': 'The identification for X=4 and 甲获胜 is flawed. The student did not correctly specify the necessary split in the first two balls and the two winning points by 甲.', 'C4_compute_PX4': 'The multiplication and summation of probabilities are incorrect as the chosen sequences do not correctly represent the event required.', 'C5_final_presentation': 'Final answers are inconsistent with the required logical steps and do not match the correct answers.'}",1.0,4071
Math_ShortAns_41,"{'P1_simplify_trig_equation': 0, 'P2_solve_for_B': 1, 'P3_express_area_in_terms_of_C': 0, 'P4_determine_area_range': 0}",1,"{'P1_simplify_trig_equation': 'The student incorrectly simplified sin((180°-B)/2) as sin(B/2) and lost the proper relation, failing to obtain the needed sine relation.', 'P2_solve_for_B': 'Although the student concludes B = 60° (which is equivalent to π/3), the reasoning is flawed and insufficient.', 'P3_express_area_in_terms_of_C': 'There is no valid derivation to express the area in terms of angle C using the sine law; the student only quoted the area formula.', 'P4_determine_area_range': 'The student simply guessed a range (0, 0.5) without applying the correct constraints and analysis for an acute triangle.'}",1.0,3606
Math_ShortAns_42,"{'P1_simplify_trig_equation': 0, 'P2_solve_for_B': 0, 'P3_express_area_in_terms_of_C': 0, 'P4_determine_area_range': 0}",0,"{'P1_simplify_trig_equation': 'The student incorrectly deduced A+C = B and wrongly claimed sin(B/2)=sinB, failing to apply proper trigonometric identities.', 'P2_solve_for_B': 'The student concluded B=90° without correctly using the triangle’s angle sum property; the correct step should yield B=60°.', 'P3_express_area_in_terms_of_C': 'The student just stated an area formula and did not relate the area to angle C via the sine law as required.', 'P4_determine_area_range': 'The student gave an unsupported and incorrect range for the area, not deriving it from the proper restrictions for an acute triangle.'}",,2977
Math_ShortAns_45,"{'R1_common_difference': 3, 'R2_general_term_sqrtSn': 0, 'R3_sum_formula': 0, 'R4_formula_for_an': 0, 'R5_final_conclusion': 0}",3,"{'R1_common_difference': 'Correctly computed S₂ and determined the common difference d = √a₁ using the given a₂ = 3a₁.', 'R2_general_term_sqrtSn': 'Did not derive or state the general term for √Sₙ.', 'R3_sum_formula': 'Failed to square the expression to derive Sₙ = a₁n².', 'R4_formula_for_an': 'No derivation of the general term for aₙ using Sₙ - Sₙ₋₁ or its simplification.', 'R5_final_conclusion': 'Incorrect final conclusion; the answer incorrectly states that {aₙ} is not arithmetic.'}",,3075
Math_ShortAns_46,"{'R1_common_difference': 0, 'R2_general_term_sqrtSn': 0, 'R3_sum_formula': 0, 'R4_formula_for_an': 0, 'R5_final_conclusion': 0}",0,"{'R1_common_difference': ""The student computed S1 and S2 correctly but misapplied the arithmetic sequence property by writing '≠' instead of '=' and did not deduce d = √a₁."", 'R2_general_term_sqrtSn': 'No attempt was made to express the general term √Sₙ in the required arithmetic sequence form.', 'R3_sum_formula': 'The solution did not derive Sₙ by squaring the expression for √Sₙ.', 'R4_formula_for_an': 'The student did not correctly set up aₙ = Sₙ - Sₙ₋₁ to obtain the general term of the sequence.', 'R5_final_conclusion': 'Instead of proving that {aₙ} is arithmetic, the student concluded the opposite, failing to show a constant difference.'}",1.0,3899
Math_ShortAns_49,"{'R1_prove_arithmetic': 4, 'R2_geometric_condition': 3, 'R3_derive_Sn_formula': 3, 'R4_find_minimum_Sn': 2}",12,"{'R1_prove_arithmetic': 'The student correctly rewrote the equation and emerged with the difference aₙ - aₙ₋₁ = 1, proving the sequence is arithmetic with common difference 1.', 'R2_geometric_condition': 'The student properly expressed a₄, a₇, a₉ in terms of a₁, set up the GP condition a₇² = a₄·a₉, and solved to obtain a₁ = -12.', 'R3_derive_Sn_formula': 'Using the arithmetic sum formula, the student derived Sₙ correctly by substituting a₁ = -12 and d = 1.', 'R4_find_minimum_Sn': 'The student completed the square accurately and identified the minimum value of Sₙ as -78, attained when n = 12 or n = 13.'}",,4480
Math_ShortAns_50,"{'R1_prove_arithmetic': 0, 'R2_geometric_condition': 1, 'R3_derive_Sn_formula': 1, 'R4_find_minimum_Sn': 0}",2,"{'R1_prove_arithmetic': 'The student failed to correctly transform the given relation and did not derive the required difference (aₙ - aₙ₋₁ = 1). Merely stating the arithmetic formula is insufficient.', 'R2_geometric_condition': 'The expressions for a₄, a₇, a₉ in terms of a₁ and d are correct, but the student stops short by claiming both sides are identical without solving for a₁.', 'R3_derive_Sn_formula': 'The student correctly wrote the sum formula Sₙ = n/2(2a₁ + (n–1)d) but did not substitute the found values to obtain an explicit expression.', 'R4_find_minimum_Sn': 'The minimum of Sₙ was not correctly determined; the student incorrectly set d = 0 and concluded incorrectly that the minimum is 0.'}",0.9,4708
Math_ShortAns_53,"{'C1_define_auxiliary_sequences': 1, 'C2_prove_geometric': 3, 'C3_prove_arithmetic': 2, 'C4_find_general_terms': 0}",6,"{'C1_define_auxiliary_sequences': 'The student defined cₙ and dₙ but did not specify the correct initial values.', 'C2_prove_geometric': 'The addition of the recurrences was carried out correctly, showing that cₙ is geometric with ratio 1/2.', 'C3_prove_arithmetic': 'The subtraction to obtain dₙ was correctly performed, identifying an arithmetic progression with common difference 2.', 'C4_find_general_terms': 'The derivation for the general terms is flawed; the final formulas do not satisfy the initial conditions or computed values.'}",0.9,4760
Math_ShortAns_54,"{'C1_define_auxiliary_sequences': 1, 'C2_prove_geometric': 0, 'C3_prove_arithmetic': 0, 'C4_find_general_terms': 0}",1,"{'C1_define_auxiliary_sequences': 'The student defined cₙ and dₙ but did not state the initial conditions, resulting in partial credit.', 'C2_prove_geometric': 'The recurrence for cₙ was incorrectly derived; the constant term was erroneously introduced, so no credit is given.', 'C3_prove_arithmetic': 'The derivation for dₙ is flawed; the necessary constant 2 was omitted and the conclusion is confused.', 'C4_find_general_terms': 'The approach to combine the sequences is attempted but the assumed forms and final expressions for aₙ and bₙ are incorrect.'}",,4441
Math_ShortAns_55,"{'C1_define_auxiliary_sequences': 1, 'C2_prove_geometric': 0, 'C3_prove_arithmetic': 2, 'C4_find_general_terms': 0}",3,"{'C1_define_auxiliary_sequences': 'Auxiliary sequences c_n and d_n are defined but initial conditions are omitted.', 'C2_prove_geometric': 'The derivation for c_n is incorrect; an extra +1 is introduced resulting in a wrong conclusion that the sequence is not geometric.', 'C3_prove_arithmetic': 'The recurrence for d_n is correctly derived, showing that it is arithmetic.', 'C4_find_general_terms': 'The method to obtain the general terms is unclear and the final formulas do not satisfy the given initial conditions.'}",,4586
Math_ShortAns_58,"{'Q1_correlation': 0, 'Q2_outlier_detection': 0, 'Q3_recalculation': 2}",2,"{'Q1_correlation': 'The student’s computation of the correlation coefficient is entirely flawed: incorrect mean for i, arbitrary and inconsistent calculation steps, and an absurd final value.', 'Q2_outlier_detection': 'The acceptable range was computed incorrectly (using an approximate value for 3s) and the outlier (9.22) was misinterpreted, leading to a wrong conclusion regarding production inspection.', 'Q3_recalculation': 'Though the recalculated mean after excluding the outlier is correct, the standard deviation is incorrectly computed, so only partial credit is awarded.'}",1.0,5676
Math_ShortAns_59,"{'Q1_correlation': 2, 'Q2_outlier_detection': 4, 'Q3_recalculation': 4}",10,"{'Q1_correlation': 'The final correlation coefficient and conclusion are correct, but the answer omits explicit mention of the mean values and details of the calculation process.', 'Q2_outlier_detection': 'The acceptable range was correctly computed and the outlier (13th part) was correctly identified.', 'Q3_recalculation': 'Both the recalculated mean and standard deviation after removing the outlier are computed correctly with the required precision.'}",0.9,4761
Math_ShortAns_60,"{'Q1_correlation': 1, 'Q2_outlier_detection': 0, 'Q3_recalculation': 0}",1,"{'Q1_correlation': 'The student correctly reported x̄ but miscomputed ī and the numerator/denom, leading to a wrong value for r (≈ -0.25 instead of ≈ -0.18); only the conclusion is partially correct.', 'Q2_outlier_detection': 'The acceptable range was roughly computed, but the student failed to recognize the outlier (9.22) which falls outside the correct range.', 'Q3_recalculation': 'Since no outlier was identified, the student simply recomputed the overall mean and standard deviation, rather than excluding the outlier and recalculating the statistics.'}",1.0,4667
Math_ShortAns_63,"{'Q20_Part1': 2, 'Q20_Part2': 0}",2,"{'Q20_Part1': 'The student correctly substituted the vertical line (x=2) into the parabola and found the intersection points, earning 2 marks. However, the dot product was computed incorrectly (should have been 0) and the conclusion was reversed.', 'Q20_Part2': 'No valid approach was provided to set up the extra condition or solve for the parameter of the line. The derived center and radius do not match the correct construction from the intersection data, and no proper line equation was provided.'}",,4121
Math_ShortAns_64,"{'Q20_Part1': 1, 'Q20_Part2': 0}",1,"{'Q20_Part1': 'The student correctly sets up the substitution of the line into the parabola, earning 1 point. However, the intersections A and B are incorrectly determined and no proper dot product check is provided, so the remainder of the criterion is not met.', 'Q20_Part2': 'The answer completely fails to set up the extra condition relating to point P(4, -2), does not solve for the line parameter, and incorrectly assumes the circle’s center. The derived equations for the circle and line are not justified.'}",0.9,4536
Math_ShortAns_67,"{'C1_circle_properties': 2, 'C2_locus_derivation': 0, 'C3_line_equation': 0, 'C4_triangle_area': 0}",2,"{'C1_circle_properties': 'The student correctly rewrote the circle equation and identified the center and radius.', 'C2_locus_derivation': 'The derivation is confused and incomplete; the final locus is incorrectly given as y = 2x + 1 without proper justification.', 'C3_line_equation': 'No valid reasoning was provided for determining the line equation under the given condition; the answer is a guess.', 'C4_triangle_area': 'The area calculation is inconsistent and based on assumed coordinates rather than proper derivation.'}",0.95,3992
Math_ShortAns_68,"{'C1_circle_properties': 2, 'C2_locus_derivation': 0, 'C3_line_equation': 0, 'C4_triangle_area': 0}",2,"{'C1_circle_properties': 'The student correctly rewrote the circle equation and identified the center and radius.', 'C2_locus_derivation': 'The student only gave a parameter representation without applying the perpendicularity (dot product) condition and did not simplify to the correct final locus.', 'C3_line_equation': 'No valid derivation for the line equation under the condition |OP| = |OM| was provided.', 'C4_triangle_area': 'The student incorrectly chose M = (4,2) and computed the triangle area wrongly.'}",1.0,3893
Math_ShortAns_71,"{'E1_derive_ellipse_equation': 2, 'L1_setup_line_and_intersections': 2, 'V1_compute_T_and_H': 0, 'P1_prove_fixed_point': 0}",4,"{'E1_derive_ellipse_equation': 'The final ellipse equation is correct but no derivation or substitution steps are shown.', 'L1_setup_line_and_intersections': 'The student properly chose x = 1 as the line through P and correctly computed its intersections with the ellipse.', 'V1_compute_T_and_H': 'There is no computation or discussion regarding the determination of T and H using the vector relation.', 'P1_prove_fixed_point': 'The answer merely states the fixed point from a specific case without a general proof or proper justification.'}",0.9,4507
Math_ShortAns_72,"{'E1_derive_ellipse_equation': 4, 'L1_setup_line_and_intersections': 1, 'V1_compute_T_and_H': 0, 'P1_prove_fixed_point': 0}",5,"{'E1_derive_ellipse_equation': 'The ellipse equation was correctly derived using the given points.', 'L1_setup_line_and_intersections': 'The line through P is set up correctly, and substitution into the ellipse is indicated, but the intersections were not explicitly solved.', 'V1_compute_T_and_H': 'There is no proper computation for point T and H; the argument misuses symmetry and does not follow the prescribed vector relation.', 'P1_prove_fixed_point': 'The answer merely asserts that the line HN passes through (0,0) without a clear, rigorous demonstration.'}",0.9,4167
Math_ShortAns_75,"{'C1_identify_points': 1, 'C2_compute_parameters': 0, 'C3_final_ellipse_equation': 0, 'C4_setup_line_conditions': 0, 'C5_prove_fixed_point': 0, 'C6_final_verification': 0}",1,"{'C1_identify_points': 'The student attempted checking each point but incorrectly concluded from P2 and did not clearly identify the correct three points.', 'C2_compute_parameters': 'The computation is wrong; b² was miscomputed and the parameters were arbitrarily chosen without proper derivation.', 'C3_final_ellipse_equation': 'The final ellipse equation derived is incorrect (x²/5 + y²/3 = 1 instead of the correct one).', 'C4_setup_line_conditions': 'The student set the line as y = kx + 1, which incorrectly forces the line to go through P2, violating the problem condition.', 'C5_prove_fixed_point': 'The answer lacks the necessary derivation of the slope relationship and the resulting fixed point.', 'C6_final_verification': 'There is no clear verification that the line passes through a fixed point; the explanation is vague.'}",0.9,3867
Math_ShortAns_76,"{'C1_identify_points': 0, 'C2_compute_parameters': 2, 'C3_final_ellipse_equation': 2, 'C4_setup_line_conditions': 0, 'C5_prove_fixed_point': 0, 'C6_final_verification': 0}",4,"{'C1_identify_points': 'The answer fails to correctly identify the three points that should lie on the ellipse and incorrectly states that all four do.', 'C2_compute_parameters': 'The substitutions using P2 and P3 correctly yield b² = 1 and a² = 4.', 'C3_final_ellipse_equation': 'The final ellipse equation x²/4 + y² = 1 is correctly derived.', 'C4_setup_line_conditions': 'The setup for the line is incorrect; the line is given through P2, which contradicts the condition that it must not pass through P2.', 'C5_prove_fixed_point': 'The necessary relationship (e.g., t = -2k - 1) to prove the fixed point is not derived.', 'C6_final_verification': 'The final verification of the fixed point is missing; the answer merely states the conclusion without proper proof.'}",0.9,4481
Math_ShortAns_77,"{'C1_identify_points': 2, 'C2_compute_parameters': 2, 'C3_final_ellipse_equation': 2, 'C4_setup_line_conditions': 2, 'C5_prove_fixed_point': 1, 'C6_final_verification': 1}",10,"{'C1_identify_points': 'Correctly identified that P2, P3, and P4 lie on the ellipse.', 'C2_compute_parameters': 'Correct substitution and derivation of a² = 4 and b² = 1.', 'C3_final_ellipse_equation': 'Ellipse equation is correctly written as x²/4 + y² = 1.', 'C4_setup_line_conditions': 'Properly set up the line I and its substitution into the ellipse equation (including the vertical case).', 'C5_prove_fixed_point': 'Mentions using the slope sum condition to solve for k and t but does not fully derive the relation.', 'C6_final_verification': 'Mentions verifying by substituting x = 2 to show passage through (2, -1), though details are minimal.'}",,3372
Math_ShortAns_80,"{'Q21_Part1_Substitution': 1, 'Q21_Part1_Monotonicity_Analysis': 1, 'Q21_Part2_Derivation_for_Extremum': 0, 'Q21_Part2_Final_Answer_and_Justification': 0}",2,"{'Q21_Part1_Substitution': 'The substitution a=0 is correctly performed, but the required explicit statement of the domain (x > -1) is missing.', 'Q21_Part1_Monotonicity_Analysis': 'A heuristic argument based on the sign of ln(1+x) is provided, but no proper derivative or rigorous analysis is used.', 'Q21_Part2_Derivation_for_Extremum': ""The answer incorrectly stops at computing f'(0)=0 without properly deriving a value for a using the second derivative or an equivalent method."", 'Q21_Part2_Final_Answer_and_Justification': 'The final answer is given as a=1, which is incorrect and lacks proper justification; the correct answer is a = -1/6.'}",,3489
Math_ShortAns_81,"{'Q21_Part1_Substitution': 2, 'Q21_Part1_Monotonicity_Analysis': 1, 'Q21_Part2_Derivation_for_Extremum': 0, 'Q21_Part2_Final_Answer_and_Justification': 0}",3,"{'Q21_Part1_Substitution': 'The student correctly substituted a = 0 and used the interval condition (-1 < x < 0 and x > 0) which implicitly identifies the domain.', 'Q21_Part1_Monotonicity_Analysis': 'The analysis used heuristic sign arguments, but the conclusion for x > 0 is incorrect.', 'Q21_Part2_Derivation_for_Extremum': ""The student attempted to use f'(0)=0 but did not derive the necessary condition (second derivative or otherwise) to show a = -1/6."", 'Q21_Part2_Final_Answer_and_Justification': 'No valid final answer for a is provided; the student incorrectly concludes that a can be arbitrary.'}",0.95,3584
Math_ShortAns_84,"{'C1_derivative_and_monotonicity': 1, 'C2_maximum_value_determination': 1, 'C3_inequality_proof': 0}",2,"{'C1_derivative_and_monotonicity': 'The student attempted to compute the derivative but made a significant mistake by writing a·x² instead of 2ax; the discussion on monotonicity is incomplete and incorrect.', 'C2_maximum_value_determination': 'The student incorrectly identified x = 1 as the critical point and computed f(1) = 3a+1; minimal credit is given for attempting to discuss a maximum.', 'C3_inequality_proof': 'No proper substitution or transformation was performed to prove the inequality; the required derivative analysis and substitution steps are absent.'}",,3477
Math_ShortAns_85,"{'C1_derivative_and_monotonicity': 5, 'C2_maximum_value_determination': 4, 'C3_inequality_proof': 3}",12,"{'C1_derivative_and_monotonicity': 'The derivative was correctly computed as ((2ax+1)(x+1))/x and the case analysis for a = 0, a > 0, and a < 0 was properly done.', 'C2_maximum_value_determination': 'The critical point x = -1/(2a) was correctly identified for a < 0 and f(x) evaluated at that point matches the required expression.', 'C3_inequality_proof': 'The inequality was transformed appropriately using t = -1/a, and the derivative test on g(t) was correctly applied to show the inequality.'}",,4307
Math_ShortAns_86,"{'C1_derivative_and_monotonicity': 1, 'C2_maximum_value_determination': 0, 'C3_inequality_proof': 0}",1,"{'C1_derivative_and_monotonicity': 'The derivative was computed (albeit with some algebraic rearrangement), but the analysis is flawed: the student incorrectly claims D < 0 always and concludes f is increasing without proper case distinction.', 'C2_maximum_value_determination': 'The student did not identify the correct critical point (x = -1/(2a)) or evaluate f(x) at that point; instead, they incorrectly computed f(1).', 'C3_inequality_proof': 'There is no proper transformation or derivative analysis using t = -1/a; the student’s argument does not address the required inequality proof.'}",,4391
Math_ShortAns_89,"{'C1_compute_derivative_and_find_m': 3, 'C2_identify_domain_and_monotonicity': 1, 'C3_prove_f_greater_than_zero_for_m_le_2': 0, 'C4_overall_reasoning_and_conclusion': 1}",5,"{'C1_compute_derivative_and_find_m': ""The derivative was correctly computed and f'(0)=0 was used to get m=1."", 'C2_identify_domain_and_monotonicity': 'The domain was correctly identified as (-1, +∞), but the analysis of monotonicity was not carried out.', 'C3_prove_f_greater_than_zero_for_m_le_2': 'No detailed proof is provided for f(x)>0 when m ≤ 2.', 'C4_overall_reasoning_and_conclusion': 'The solution is incomplete with no clear final conclusion, especially for part II.'}",,3402
Math_ShortAns_90,"{'C1_compute_derivative_and_find_m': 3, 'C2_identify_domain_and_monotonicity': 1, 'C3_prove_f_greater_than_zero_for_m_le_2': 0, 'C4_overall_reasoning_and_conclusion': 0}",4,"{'C1_compute_derivative_and_find_m': ""The derivative was correctly computed and f'(0) correctly set to 0 to deduce m = 1."", 'C2_identify_domain_and_monotonicity': ""The student did not clearly identify the domain or correctly analyze the sign of f'(x); the monotonicity discussion is vague and leads to incorrect conclusions."", 'C3_prove_f_greater_than_zero_for_m_le_2': 'The argument does not correctly reduce to the case m = 2 nor properly prove that f(x) > 0; the reasoning around f(0) is flawed.', 'C4_overall_reasoning_and_conclusion': 'The overall presentation and final conclusion are unclear and contain logical errors, making the answer incomplete.'}",1,3679
Math_ShortAns_93,"{'C1_f0_value': 1, 'C2_monotonicity_proof': 1, 'C3_unique_zero_condition': 0, 'C4_final_value_a': 0}",2,"{'C1_f0_value': 'The student correctly computed f(0)=1 for a=1.', 'C2_monotonicity_proof': ""While the derivative f'(x)=e^x - 2x is correctly computed at x=0, the monotonicity argument is incomplete as it only checks at x=0 and does not prove f(x) is non-decreasing for all x ≥ 0."", 'C3_unique_zero_condition': 'The condition for uniqueness of the zero was not properly established; the approach using the derivative was misapplied without adequate reasoning for uniqueness.', 'C4_final_value_a': 'The student incorrectly concludes a=2 without rigorous analysis or correct justification. The proper deduction leading to a = e²/4 is missing.'}",,3844
Math_ShortAns_94,"{'C1_f0_value': 1, 'C2_monotonicity_proof': 0, 'C3_unique_zero_condition': 0, 'C4_final_value_a': 0}",1,"{'C1_f0_value': 'Correct computation of f(0) yielding 1.', 'C2_monotonicity_proof': 'The answer did not use a derivative analysis or establish monotonicity; instead, it relied on sample evaluations.', 'C3_unique_zero_condition': 'The student incorrectly set up the condition and misinterpreted the behavior of e^x, failing to relate the uniqueness of zero to a parameter condition.', 'C4_final_value_a': 'The final answer for a is not justified and is incorrect (suggesting a=3 or similar), rather than deriving a = e²/4.'}",,3483
Math_ShortAns_95,"{'C1_f0_value': 1, 'C2_monotonicity_proof': 1, 'C3_unique_zero_condition': 0, 'C4_final_value_a': 0}",2,"{'C1_f0_value': 'f(0) was computed correctly as 1.', 'C2_monotonicity_proof': 'The derivative was computed correctly, but the monotonicity argument is incomplete and only verified at x = 0.', 'C3_unique_zero_condition': 'The condition for a unique zero was not properly established and the derivative argument is misapplied.', 'C4_final_value_a': 'The final value of a is incorrect; the correct value should be e²/4, but the answer given was 1/2.'}",,3738
Math_ShortAns_98,"{'P1_derivative_analysis': 0, 'P2_a_conclusion': 1, 'P3_product_inequality': 0, 'P4_m_conclusion': 0}",1,"{'P1_derivative_analysis': ""No derivative analysis or discussion of f'(x) was provided; the student skipped the required monotonicity analysis."", 'P2_a_conclusion': 'While the student concludes a = 1, the justification is flawed and incomplete, warranting only partial credit.', 'P3_product_inequality': 'The student’s estimation of the product is incorrect, misapplying approximations and misinterpreting the inequality required to bound the product.', 'P4_m_conclusion': 'The conclusion m = 2 is incorrect; proper analysis shows m should be 3, and the reasoning is entirely flawed.'}",0.95,4310
Math_ShortAns_99,"{'P1_derivative_analysis': 0, 'P2_a_conclusion': 0, 'P3_product_inequality': 0, 'P4_m_conclusion': 0}",0,"{'P1_derivative_analysis': 'The student did not perform any correct derivative analysis and relied on incorrect substitution, leading to a flawed understanding of f(x).', 'P2_a_conclusion': 'The conclusion a = -1 is incorrect; the student completely missed the proper reasoning that forces a = 1.', 'P3_product_inequality': 'The student misapplied the inequality and incorrectly assessed the behavior of the product, erroneously deducing it tends to 0.', 'P4_m_conclusion': ""Due to the incorrect evaluation of the product, the student's conclusion that m = 1 is unjustified.""}",1.0,3862
Math_ShortAns_100,"{'P1_derivative_analysis': 4, 'P2_a_conclusion': 2, 'P3_product_inequality': 4, 'P4_m_conclusion': 1}",11,"{'P1_derivative_analysis': 'Derivative was correctly computed and the monotonicity analysis using the cases a <= 0 and a > 0 was sound, including the evaluation at x = 1.', 'P2_a_conclusion': 'The answer correctly concludes that a must equal 1, with a logical argument based on the behavior of f(x).', 'P3_product_inequality': 'The student applied the inequality ln(1+1/2^k) < 1/2^k and used the geometric series to bound the product appropriately.', 'P4_m_conclusion': 'The answer implies the product lies in (2, e) and hints at the comparison, but does not explicitly state m = 3. Partial credit awarded.'}",0.9,4879
Math_ShortAns_103,"{'Q21_C1_derivative': 0, 'Q21_C2_monotonicity_extremum': 0, 'Q21_C3_root_existence': 0, 'Q21_C4_reciprocal_relation': 0}",0,"{'Q21_C1_derivative': 'The derivative is computed incorrectly; the ln x term is missing and the domain is not properly discussed.', 'Q21_C2_monotonicity_extremum': ""The monotonicity analysis is flawed; the student incorrectly concludes f'(x) < 0 but then makes erroneous statements regarding the existence of an extremum."", 'Q21_C3_root_existence': 'The evaluation of f(x) at test points is inconsistent. Only one sign change is noted, failing to demonstrate the existence of two distinct real roots.', 'Q21_C4_reciprocal_relation': 'There is no attempt or justification provided to prove that the two roots are reciprocals of each other.'}",0.95,3844
Math_ShortAns_104,"{'Q21_C1_derivative': 1, 'Q21_C2_monotonicity_extremum': 1, 'Q21_C3_root_existence': 0, 'Q21_C4_reciprocal_relation': 1}",3,"{'Q21_C1_derivative': 'The answer mentions the domain and that the derivative was obtained, but it does not show the actual computation or formula.', 'Q21_C2_monotonicity_extremum': 'It states that the derivative is monotonic leading to a unique critical point, but no detailed monotonicity analysis is provided.', 'Q21_C3_root_existence': 'No evaluations or test points are provided to demonstrate the change of sign and thus the existence of two roots.', 'Q21_C4_reciprocal_relation': 'The student asserts the reciprocal relation by stating 1/a is the other root, but the justification is incomplete.'}",0.9,3555
Math_ShortAns_105,"{'Q21_C1_derivative': 2, 'Q21_C2_monotonicity_extremum': 3, 'Q21_C3_root_existence': 1, 'Q21_C4_reciprocal_relation': 0}",6,"{'Q21_C1_derivative': 'The derivative is computed correctly using product and chain rules; however, the domain (x > 0) is not explicitly stated.', 'Q21_C2_monotonicity_extremum': 'The monotonicity of g(x) is correctly established and the unique extremum is identified.', 'Q21_C3_root_existence': 'Test values are provided, but f(1) is miscalculated and the sign change for the second interval is not correctly demonstrated.', 'Q21_C4_reciprocal_relation': 'The answer states the reciprocal relation without any detailed algebraic justification or proof.'}",0.9,4515
Math_ShortAns_108,"{'Q1_domain_monotonicity': 1, 'Q1_conclusion_a_range': 0, 'Q2_proof_setup': 0, 'Q2_proof_inequality': 0}",1,"{'Q1_domain_monotonicity': 'The student correctly computed f(1) = e+1 - a but misinterpreted the inequality (it should imply a ≤ e+1) and did not provide any derivative or monotonicity analysis.', 'Q1_conclusion_a_range': 'The conclusion is incorrect; the range of a should be (-∞, e+1] not [0, +∞), showing a misunderstanding of the minimum condition.', 'Q2_proof_setup': 'The student failed to correctly identify the location of the zeros; assuming both zeros lie in [1,2] is incorrect and does not set up the proof needed.', 'Q2_proof_inequality': ""The provided 'proof' leads to the wrong inequality (x1 * x2 > 1 instead of < 1) and lacks a rigorous argument using transformations or monotonicity.""}",,3436
Math_ShortAns_109,"{'Q1_domain_monotonicity': 3, 'Q1_conclusion_a_range': 2, 'Q2_proof_setup': 2, 'Q2_proof_inequality': 1}",8,"{'Q1_domain_monotonicity': 'Correctly identified the domain, computed the derivative, and explained the monotonicity with f(1) = e+1-a.', 'Q1_conclusion_a_range': 'Properly concluded that a must be less than or equal to e+1 based on the minimum value at x=1.', 'Q2_proof_setup': 'Identified that the two zeros lie on opposite sides of 1 and set up the equivalence x1 < 1/x2, though the explanation is a bit brief.', 'Q2_proof_inequality': 'Attempted to transform the inequality using derivative/monotonicity arguments, but the proof is incomplete and unclear.'}",1.0,5264
Math_ShortAns_112,"{'C1_identify_parabola_properties': 2, 'C2_determine_parameter_p_and_parabola_equation': 2, 'C3_setup_and_slope_relations_for_part2': 3, 'C4_apply_tangent_difference_and_determine_AB_equation': 3}",10,"{'C1_identify_parabola_properties': 'Correctly identified the focus as (p/2, 0) and used the fact that MD is vertical, so M has x = p.', 'C2_determine_parameter_p_and_parabola_equation': 'Set up |MF| = p + p/2 = 3 and solved for p = 2, then obtained the equation y^2 = 4x.', 'C3_setup_and_slope_relations_for_part2': 'Expressed the coordinates of M, N, A, B in terms of y-values and gave the correct form of the line MN; however, the derivation of the precise relationship between the slopes was only stated, not fully detailed.', 'C4_apply_tangent_difference_and_determine_AB_equation': 'Final equation of line AB is correct and final result is provided, but the tangent subtraction formula and inequality argument derivation are not fully elaborated.'}",,4235
Math_ShortAns_113,"{'C1_identify_parabola_properties': 1, 'C2_determine_parameter_p_and_parabola_equation': 0, 'C3_setup_and_slope_relations_for_part2': 0, 'C4_apply_tangent_difference_and_determine_AB_equation': 0}",1,"{'C1_identify_parabola_properties': 'Identified the focus partially by noting F lies at x = p/2, but did not mention the directrix nor use the vertical line MD to conclude that M has x-coordinate p.', 'C2_determine_parameter_p_and_parabola_equation': 'The relation for |MF| is set up incorrectly (using |p - p/2| rather than the correct sum) and no correct value for p or corresponding parabola equation was determined.', 'C3_setup_and_slope_relations_for_part2': ""There is an attempt to define slopes, but no proper parameterization of M, N, A, and B or use of Vieta's formulas to relate slopes is provided."", 'C4_apply_tangent_difference_and_determine_AB_equation': 'The answer does not apply the tangent subtraction formula correctly nor does it derive the required condition (k_AB = √2/2) to determine the final line equation.'}",1.0,4336
Math_ShortAns_114,"{'C1_identify_parabola_properties': 0, 'C2_determine_parameter_p_and_parabola_equation': 0, 'C3_setup_and_slope_relations_for_part2': 0, 'C4_apply_tangent_difference_and_determine_AB_equation': 0}",0,"{'C1_identify_parabola_properties': 'Incorrect identification of the focus (should be (p/2, 0)) and no correct use of the vertical MD condition.', 'C2_determine_parameter_p_and_parabola_equation': 'Failed to relate |MF| to p correctly and did not derive the parameter p or the proper parabola equation.', 'C3_setup_and_slope_relations_for_part2': ""No proper coordinate representation using Vieta's formulas and slope relations; setup is not coherent."", 'C4_apply_tangent_difference_and_determine_AB_equation': 'No application of the tangent difference formula or derivation of line AB; final answer is incorrect.'}",1.0,3553
Math_ShortAns_117,"{'C1_f_expression': 0, 'C2_monotonicity': 0, 'C3_inequality_setup': 0, 'C4_optimization': 0}",0,"{'C1_f_expression': ""The student did not determine the specific values of f'(1) and f(0) and left the answer in terms of unknown constants."", 'C2_monotonicity': 'The derivative was not properly computed using the correct substituted values, and the analysis of the monotonicity is incomplete and imprecise.', 'C3_inequality_setup': 'The inequality was not properly transformed into a function of the parameters; the student did not define h(x) or correctly analyze the condition for nonnegativity.', 'C4_optimization': 'The optimization and derivation of the maximum value of (a+1)b was not performed; the claimed answer is unsupported.'}",,3859
Math_ShortAns_118,"{'C1_f_expression': 2, 'C2_monotonicity': 1, 'C3_inequality_setup': 2, 'C4_optimization': 0}",5,"{'C1_f_expression': ""The answer outlines differentiating and substitution steps but does not actually compute f(0) or f'(1) or produce the final explicit expression."", 'C2_monotonicity': ""The answer mentions finding f'(x) and analyzing monotonicity but does not state concrete intervals or justify the sign change."", 'C3_inequality_setup': 'The answer correctly rewrites the inequality in terms of h(x) and mentions using its derivative to find a minimum, though details (like x = ln(a+1)) are missing.', 'C4_optimization': 'No concrete work or final result for optimizing (a+1)b is provided.'}",0.95,4199
Math_ShortAns_121,"{'C1_monotonicity': 2, 'C2_b_maximum': 0, 'C3_ln2_estimate': 0}",2,"{'C1_monotonicity': 'The derivative was computed correctly, but the conclusion is reversed: f(x) is increasing, not decreasing.', 'C2_b_maximum': 'The setup of g(x) is correct, but the analysis is flawed and the incorrect bound b = 0 is given.', 'C3_ln2_estimate': 'The estimation process is not logically connected to the provided bounds and yields a clearly incorrect value for ln 2.'}",0.9,3606
Math_ShortAns_122,"{'C1_monotonicity': 1, 'C2_b_maximum': 1, 'C3_ln2_estimate': 2}",4,"{'C1_monotonicity': 'The derivative was computed incorrectly (should be e^x + e^(-x) - 2) and the monotonicity analysis is incomplete, so minimal credit was given.', 'C2_b_maximum': 'While the expression for g(x) is set up correctly, no proper analysis or reasoning was provided to determine the maximal b; testing with b = 1 did not lead to a valid conclusion.', 'C3_ln2_estimate': 'There is an attempt to use the given approximation to estimate ln 2 and a numerical value near 0.693 is suggested, but the justification is very rough.'}",,3994
Math_ShortAns_125,"{'C1_monotonicity_analysis': 1, 'C2_maximum_bound': 0, 'C3_product_inequality': 0}",1,"{'C1_monotonicity_analysis': 'The derivative was computed correctly (1 point), but the critical points were not solved for and the sign analysis is incorrect; the final conclusion on monotonicity is wrong.', 'C2_maximum_bound': 'The answer incorrectly evaluates the bound by using x = π/4 and does not verify periodicity or compute the correct extreme values, hence no points.', 'C3_product_inequality': 'The proof is oversimplified by noting sin²(2^k x) ≤ 1 and fails to use the transformation or the bound from part (2), so no points are awarded.'}",0.95,3982
Math_ShortAns_126,"{'C1_monotonicity_analysis': 0, 'C2_maximum_bound': 0, 'C3_product_inequality': 0}",0,"{'C1_monotonicity_analysis': 'The derivative is computed without proper rewriting and critical point analysis; the conclusion that f is increasing on (0, π) is incorrect.', 'C2_maximum_bound': 'The maximum bound is incorrectly determined (wrong critical point and evaluation) and lacks discussion on periodicity.', 'C3_product_inequality': 'The product inequality proof is flawed by simply using the trivial bound sin²(2^k x) ≤ 1, which does not yield the claimed sharper bound.'}",,3641
Math_ShortAns_127,"{'C1_monotonicity_analysis': 0, 'C2_maximum_bound': 0, 'C3_product_inequality': 0}",0,"{'C1_monotonicity_analysis': 'The derivative was computed imprecisely and the critical points were not identified, leading to an incorrect monotonicity conclusion.', 'C2_maximum_bound': 'The approach to find the maximum bound is flawed, with the student incorrectly deducing |f(x)| ≤ 1 instead of verifying the bound of 3√3/8.', 'C3_product_inequality': 'The product inequality proof is oversimplified by replacing terms with 1 and does not utilize the result from part (2) or proper algebraic manipulation.'}",1.0,3475
Math_ShortAns_130,"{'C1_rectangular_conversion': 2, 'C2_vector_setup_and_M_coord': 1, 'C3_parametric_equations': 0, 'C4_intersection_analysis': 0}",3,"{'C1_rectangular_conversion': ""The student correctly derived x²+y² = 2√2 x and rearranged it as x² - 2√2 x + y² = 0, but did not complete the square to identify the circle's center and radius."", 'C2_vector_setup_and_M_coord': 'The student stated M in polar form but did not convert it properly to Cartesian coordinates or set up the vector relation accurately.', 'C3_parametric_equations': 'No correct parametric equations for the locus of P were derived; the student only demonstrated a particular case without generalization.', 'C4_intersection_analysis': 'The analysis regarding the intersection between C and C₁ is missing a valid computation of centers and radii, leading to an unsupported conclusion.'}",1.0,4462
Math_ShortAns_131,"{'C1_rectangular_conversion': 1, 'C2_vector_setup_and_M_coord': 1, 'C3_parametric_equations': 0, 'C4_intersection_analysis': 0}",2,"{'C1_rectangular_conversion': 'The student attempted the polar-to-Cartesian conversion but was inconsistent with coefficients and did not complete the square correctly.', 'C2_vector_setup_and_M_coord': 'The student set up the vector relation in terms of A, M, and P, but did not express M in a proper parametric form or correctly derive its coordinates.', 'C3_parametric_equations': 'The parametric form for P was not correctly derived; only a vague relation was provided using a specific instance.', 'C4_intersection_analysis': 'The analysis of the intersection was incorrect as the student only asserted that there is a common point without proper comparison of circle parameters.'}",0.95,3609
Math_ShortAns_134,"{'C1_convert_C1': 2, 'C2_convert_C2': 0, 'C3_find_intersection': 0, 'C4_find_circle_rect_eq': 0, 'C5_convert_to_polar': 0}",2,"{'C1_convert_C1': 'The conversion for C1 is essentially correct since y = 4 - x is equivalent to x + y = 4.', 'C2_convert_C2': 'The elimination of the parameter for C2 is handled incorrectly; the derived equation y = √(x²+4) is wrong.', 'C3_find_intersection': 'The intersection point is found using the incorrect C2 equation, leading to an erroneous point P(-2,2).', 'C4_find_circle_rect_eq': ""No correct work is shown to derive the circle's rectangular equation based on the given conditions."", 'C5_convert_to_polar': 'The final polar equation provided, r = 2 cos(θ+90°), is not derived correctly from a proper rectangular equation.'}",,3658
Math_ShortAns_135,"{'C1_convert_C1': 2, 'C2_convert_C2': 2, 'C3_find_intersection': 0, 'C4_find_circle_rect_eq': 0, 'C5_convert_to_polar': 2}",6,"{'C1_convert_C1': 'The conversion for C1 is correct, yielding x + y = 4.', 'C2_convert_C2': 'The conversion for C2 is correctly derived as x² - y² = 4.', 'C3_find_intersection': 'The solution does not explicitly compute the intersection point P.', 'C4_find_circle_rect_eq': ""No derivation or computation of the circle's rectangular equation was provided."", 'C5_convert_to_polar': 'The final polar equation, ρ = (17/5) cos θ, is correctly given.'}",1,3683
Math_ShortAns_138,"{'Q22_C1_convert_C1': 2, 'Q22_C2_convert_C2': 0, 'Q22_C3_find_intersection': 0, 'Q22_C4_circle_equation': 0, 'Q22_C5_polar_conversion': 0}",2,"{'Q22_C1_convert_C1': 'The student correctly derived the Cartesian equation x + y = 4 for C1.', 'Q22_C2_convert_C2': 'The elimination for C2 is attempted but stops with an incomplete, incorrect process and fails to derive x² - y² = 4.', 'Q22_C3_find_intersection': 'No proper solution for the intersection point P was provided; the substitution process is flawed.', 'Q22_C4_circle_equation': ""The setup for the circle's equation on the x-axis is not properly executed and lacks correct derivation."", 'Q22_C5_polar_conversion': 'The conversion to polar form is not correctly performed; the final expression r = c is vague and unsubstantiated.'}",,3630
Math_ShortAns_139,"{'Q22_C1_convert_C1': 2, 'Q22_C2_convert_C2': 2, 'Q22_C3_find_intersection': 1, 'Q22_C4_circle_equation': 0, 'Q22_C5_polar_conversion': 0}",5,"{'Q22_C1_convert_C1': 'Correct conversion: the student correctly derived x + y = 4.', 'Q22_C2_convert_C2': 'Correct elimination of parameter t yielding x² - y² = 4.', 'Q22_C3_find_intersection': 'The system was set up, but the arithmetic was incorrect leading to wrong intersection points.', 'Q22_C4_circle_equation': ""Failed to correctly set up and derive the circle's Cartesian equation; answer is arbitrary."", 'Q22_C5_polar_conversion': 'The conversion to polar form is not justified; the answer does not follow from the derived Cartesian equation.'}",0.95,4731
Math_ShortAns_142,"{'P1_AMGM_Setup': 0, 'P2_Algebraic_Manipulation': 0, 'P3_Denominator_Inequalities': 0, 'P4_Finality_Part2': 0}",0,"{'P1_AMGM_Setup': 'Student failed to set up the AM-GM inequality properly, resorting only to the special case a=b=c without justification.', 'P2_Algebraic_Manipulation': 'The algebraic steps are incorrect; the student incorrectly computes and reverses the inequality, leading to the wrong conclusion.', 'P3_Denominator_Inequalities': 'No proper use of lower bounds for the denominators (e.g., b+c ≥ 2√(bc)) was applied.', 'P4_Finality_Part2': 'The final combination in part (2) is unjustified and erroneous, with incorrect transformations and conclusion.'}",1.0,3154
Math_ShortAns_143,"{'P1_AMGM_Setup': 0, 'P2_Algebraic_Manipulation': 0, 'P3_Denominator_Inequalities': 0, 'P4_Finality_Part2': 0}",0,"{'P1_AMGM_Setup': 'The student reverses the inequality sign in AM-GM setup and incorrectly states the bound.', 'P2_Algebraic_Manipulation': 'The manipulation is flawed; the student misapplies the AM-GM result, yielding the wrong bound for abc.', 'P3_Denominator_Inequalities': 'No correct application of standard lower bounds (e.g., b+c ≥ 2√(bc)) is made.', 'P4_Finality_Part2': 'The final combination of terms is incorrect and does not lead to the required inequality.'}",1.0,3417
Math_ShortAns_144,"{'P1_AMGM_Setup': 2, 'P2_Algebraic_Manipulation': 3, 'P3_Denominator_Inequalities': 2, 'P4_Finality_Part2': 3}",10,"{'P1_AMGM_Setup': 'The student correctly applied and justified the AM-GM inequality on a^(3/2), b^(3/2), c^(3/2).', 'P2_Algebraic_Manipulation': 'The manipulation to derive (abc)^(1/2) ≤ 1/3 and hence abc ≤ 1/9 is handled correctly.', 'P3_Denominator_Inequalities': 'The student correctly used the inequality b+c ≥ 2√(bc) (and similarly for the other terms) to bound each denominator.', 'P4_Finality_Part2': 'Combining the terms and substituting the sum to reach the final inequality and noting the equality case was correctly executed.'}",1.0,3391
Math_ShortAns_145,"{'P1_AMGM_Setup': 1, 'P2_Algebraic_Manipulation': 0, 'P3_Denominator_Inequalities': 0, 'P4_Finality_Part2': 0}",1,"{'P1_AMGM_Setup': ""Student correctly states the AM-GM inequality setup, earning partial credit, but doesn't sufficiently justify its application."", 'P2_Algebraic_Manipulation': 'The algebraic manipulation is incorrect; the student ends up with abc ≤ 1/27 and then further alters the outcome, failing to derive abc ≤ 1/9.', 'P3_Denominator_Inequalities': 'The student does not correctly apply or justify the necessary denominator inequalities (e.g., b+c ≥ 2√(bc)).', 'P4_Finality_Part2': 'The final derivation is incorrect and does not properly combine the bounds to reach the required inequality.'}",,2909
Math_ShortAns_148,"{'P1_Cauchy_application': 3, 'P2_Substitution_and_derivation': 1, 'P3_Weighted_inequality_application': 0}",4,"{'P1_Cauchy_application': 'The student correctly applied the inequality to deduce a+b+2c ≤ 3 but did not clearly discuss the equality condition.', 'P2_Substitution_and_derivation': 'The substitution b=2c and derivation of a²+8c²=3 is correct; however, the bound on a+4c was not deduced.', 'P3_Weighted_inequality_application': ""The student failed to properly apply the weighted inequality (Titu's lemma) and incorrectly concluded that the desired inequality does not hold.""}",,4166
Math_ShortAns_149,"{'P1_Cauchy_application': 3, 'P2_Substitution_and_derivation': 1, 'P3_Weighted_inequality_application': 0}",4,"{'P1_Cauchy_application': 'Used RMS–AM inequality correctly to obtain a+b+2c ≤ 3 and rewrote 4c² as (2c)² but did not discuss the equality condition.', 'P2_Substitution_and_derivation': 'Correct substitution b = 2c and obtaining a²+8c²=3, but did not deduce a bound on a+4c.', 'P3_Weighted_inequality_application': ""Did not apply a weighted inequality/Titu's lemma; instead, the derivation for part (2) is incorrect and concludes the wrong inequality.""}",0.95,3930
Math_ShortAns_150,"{'P1_Cauchy_application': 0, 'P2_Substitution_and_derivation': 1, 'P3_Weighted_inequality_application': 0}",1,"{'P1_Cauchy_application': 'The application of the Cauchy-Schwarz inequality is incorrect (wrong factor used) and does not lead to the bound a+b+2c ≤ 3.', 'P2_Substitution_and_derivation': 'Correctly substitutes b = 2c to obtain a² + 8c² = 3, but fails to derive the necessary bound on a + 4c.', 'P3_Weighted_inequality_application': ""No proper weighted inequality (e.g., Titu's lemma) is applied to conclude 1/a + 1/c ≥ 3; the derivation is incomplete.""}",,3644
Math_ShortAns_153,"{'C1_strategy_setup': 0, 'C2_part1_cauchy_application': 0, 'C3_part1_conclusion': 0, 'C4_part2_algebraic_transformation': 0, 'C5_part2_amgm_application': 0}",0,"{'C1_strategy_setup': 'The answer does not provide a clear overall strategy for either part; it fails to mention the use of Cauchy or AM–GM inequalities as needed.', 'C2_part1_cauchy_application': 'There is no valid application of the Cauchy inequality; instead the answer attempts an ad hoc substitution with a specific value.', 'C3_part1_conclusion': 'The substitution of a³+b³=2 is not properly used to deduce (a+b)(a⁵+b⁵) ≥ 4, and the equality case is not discussed.', 'C4_part2_algebraic_transformation': 'The needed transformation of a³+b³ into a relation involving ab and a+b is not correctly achieved; the attempted substitution is both vague and unjustified.', 'C5_part2_amgm_application': 'The application of the AM–GM inequality is missing or misapplied, and the final conclusion for part (2) incorrectly states a+b ≥ 2 instead of the required a+b ≤ 2.'}",1.0,4248
Math_ShortAns_154,"{'C1_strategy_setup': 1, 'C2_part1_cauchy_application': 0, 'C3_part1_conclusion': 0, 'C4_part2_algebraic_transformation': 1, 'C5_part2_amgm_application': 0}",2,"{'C1_strategy_setup': 'The student starts with a transformation but does not clearly outline separate strategies or mention the use of Cauchy or AM–GM inequalities.', 'C2_part1_cauchy_application': 'No correct application of the Cauchy inequality is provided to obtain (a³+b³)².', 'C3_part1_conclusion': 'The substitution a³+b³ = 2 is not properly used to deduce that (a+b)(a⁵+b⁵) ≥ 4; the conclusion is merely asserted.', 'C4_part2_algebraic_transformation': 'The student attempts to transform a³+b³ into an expression with s = a+b and ab, but the derivation is unclear and incomplete.', 'C5_part2_amgm_application': 'There is no clear application of the AM–GM inequality to bound ab and conclude a+b ≤ 2; the argument relies on a contradictory assumption instead.'}",,3831
Math_ShortAns_155,"{'C1_strategy_setup': 1, 'C2_part1_cauchy_application': 0, 'C3_part1_conclusion': 0, 'C4_part2_algebraic_transformation': 2, 'C5_part2_amgm_application': 0}",3,"{'C1_strategy_setup': 'The answer starts by rewriting a³+b³ and introduces s and p, but does not clearly state the intended use of Cauchy or AM–GM for each part.', 'C2_part1_cauchy_application': 'There is no application of the Cauchy inequality; the answer uses algebraic manipulation instead.', 'C3_part1_conclusion': 'The answer does not complete the derivation to show (a+b)(a⁵+b⁵) ≥ 4 by substituting a³+b³ = 2 or noting the equality case.', 'C4_part2_algebraic_transformation': 'The transformation a³+b³ = s(s²-3p) and rewriting s³ = 2 + 3ps is correctly set up to relate ab and s.', 'C5_part2_amgm_application': 'The AM–GM inequality is not applied; the argument for s ≤ 2 is only based on a contradiction without proper inequality use.'}",,4363
Math_ShortAns_158,"{'P1_apply_cauchy': 0, 'P2_transform_identity': 2, 'P3_apply_mean_inequality': 0, 'P4_overall_clarity_and_rigor': 0}",2,"{'P1_apply_cauchy': 'The student did not use the Cauchy inequality approach and merely verified the result by plugging in a = b = 1.', 'P2_transform_identity': 'The factorization a³+b³ = (a+b)(a²-ab+b²) was correctly stated and rewritten as s(s²-3p)=2, but the explanation of the transformation step is not detailed.', 'P3_apply_mean_inequality': 'No use of the arithmetic mean inequality was made to deduce a+b ≤ 2.', 'P4_overall_clarity_and_rigor': 'The overall presentation is unclear and lacks rigorous justification with explicit equality conditions.'}",0.9,4362
Math_ShortAns_159,"{'P1_apply_cauchy': 0, 'P2_transform_identity': 2, 'P3_apply_mean_inequality': 0, 'P4_overall_clarity_and_rigor': 0}",2,"{'P1_apply_cauchy': 'The student did not use Cauchy inequality; instead, they merely tested the equality case a = b = 1, which does not prove the inequality.', 'P2_transform_identity': 'The student correctly factored a³+b³ and transformed it to s(s²-3p)=2, but did not adequately explain the connection to the inequality steps.', 'P3_apply_mean_inequality': 'There is no application of the arithmetic mean inequality to obtain a+b ≤ 2; the reasoning is incomplete and leads to an incorrect conclusion.', 'P4_overall_clarity_and_rigor': 'The overall presentation is unclear and lacks rigorous logical flow, and the conclusion contradicts the required result.'}",0.9,3849
Math_ShortAns_162,"{'CR1_define_functions_and_piecewise': 2, 'CR2_solve_inequality_part1': 0, 'CR3_determine_range_for_a_part2': 0, 'CR4_final_answer_and_justification': 0}",2,"{'CR1_define_functions_and_piecewise': 'The student correctly defined f(x) and provided the correct piecewise expression for g(x).', 'CR2_solve_inequality_part1': 'The student misanalyzed each case. They solved the inequalities incorrectly and did not properly restrict and combine the intervals.', 'CR3_determine_range_for_a_part2': 'The student did not set up the correct conditions for a by checking endpoints; the conclusion that a can be any real number is incorrect.', 'CR4_final_answer_and_justification': 'The final answers are inconsistent with the correct solution and lack proper justification.'}",,3862
Math_ShortAns_163,"{'CR1_define_functions_and_piecewise': 2, 'CR2_solve_inequality_part1': 2, 'CR3_determine_range_for_a_part2': 3, 'CR4_final_answer_and_justification': 2}",9,"{'CR1_define_functions_and_piecewise': 'The student correctly defined f(x) for a=1 and provided the correct piecewise expressions for g(x) with correct interval partitions.', 'CR2_solve_inequality_part1': 'The final answer for part (1) is correct, but the case analyses were not rigorously shown and there is some inconsistency (e.g., starting at 1 in one region). A more complete algebraic work would have been preferable.', 'CR3_determine_range_for_a_part2': 'The derivation for the range of a using endpoint analysis is correctly set up and solved to obtain [-1,1].', 'CR4_final_answer_and_justification': 'The final answers for both parts are clearly stated and justified, though the explanation in part (1) could have been more rigorous.'}",0.9,5562
Math_ShortAns_166,"{'Q23_C1_cartesian': 1, 'Q23_C2_polarC1': 0, 'Q23_C3_systemsetup': 0, 'Q23_C4_final_intersections': 0}",1,"{'Q23_C1_cartesian': 'The answer briefly states that C1 is a circle with center (4, 5) and radius 5, but does not properly eliminate the parameter to derive the Cartesian equation.', 'Q23_C2_polarC1': 'No valid conversion to polar form is performed; the expected substitution and resulting polar equation are not obtained.', 'Q23_C3_systemsetup': ""Did not correctly convert C2's equation to Cartesian form nor set up the proper system of equations to solve for intersections."", 'Q23_C4_final_intersections': 'The final intersection points are not correctly derived or converted back into polar coordinates; the answer incorrectly claims infinite intersections with a single angle.'}",,3582
Math_ShortAns_167,"{'Q23_C1_cartesian': 3, 'Q23_C2_polarC1': 2, 'Q23_C3_systemsetup': 3, 'Q23_C4_final_intersections': 2}",10,"{'Q23_C1_cartesian': 'Correctly eliminated the parameter to obtain (x-4)^2+(y-5)^2=25, clearly showing the center and radius.', 'Q23_C2_polarC1': 'Successfully substituted x=ρcosθ and y=ρsinθ to derive the polar form ρ^2 - 8ρcosθ - 10ρsinθ + 16 = 0.', 'Q23_C3_systemsetup': 'Properly converted C2 to its Cartesian form and set up the system with C1, solving accurately for (1,1) and (0,2).', 'Q23_C4_final_intersections': 'Correctly converted the Cartesian intersection points to polar coordinates, yielding (√2, π/4) and (2, π/2) with proper conditions.'}",1.0,3521
Math_ShortAns_170,"{'C1_use_identity': 3, 'C2_conclusion_part1': 2, 'C3_setup_part2': 3, 'C4_derivation_part2': 2}",10,"{'C1_use_identity': 'The student correctly used the identity (a+b+c)^2 and rearranged it to obtain ab+bc+ca = -½(a²+b²+c²).', 'C2_conclusion_part1': 'The student clearly stated that since a, b, c are nonzero, a²+b²+c² > 0, therefore ab+bc+ca < 0.', 'C3_setup_part2': 'The student assumed max{a, b, c} = a and correctly deduced that a > 0 and b, c < 0 based on the given conditions.', 'C4_derivation_part2': 'The student derived a³ = (b+c)²/(bc) and applied the appropriate inequality to obtain a³ ≥ 4, leading to the correct conclusion.'}",1.0,4931
Math_ShortAns_171,"{'C1_use_identity': 1, 'C2_conclusion_part1': 1, 'C3_setup_part2': 0, 'C4_derivation_part2': 0}",2,"{'C1_use_identity': 'The student substituted c = -a-b and expanded but did not clearly apply the (a+b+c)² identity or rearrange to show the final relation.', 'C2_conclusion_part1': 'The conclusion that ab+bc+ca < 0 is only supported by a numerical example without a general argument.', 'C3_setup_part2': 'The setup for part (2) is not correctly done; the student fails to assume max{a,b,c}=a and justify the sign conditions.', 'C4_derivation_part2': 'The derivation in part (2) is incomplete and incorrect; it does not show that a³ ≥ 4 or conclude max{a,b,c} ≥ ∛4.'}",0.95,3457
Math_ShortAns_174,"{'C1_part1_cauchy': 0, 'C2_part1_equality': 0, 'C3_part2_cauchy': 0, 'C4_part2_conclusion': 1}",1,"{'C1_part1_cauchy': 'The answer does not use Cauchy’s inequality and the obtained minimum (4) is incorrect compared to the expected 4/3.', 'C2_part1_equality': 'No correct equality condition from Cauchy was identified; assuming x = y = z does not satisfy the necessary condition.', 'C3_part2_cauchy': 'No proper application of Cauchy’s inequality in part (2) was given; the derivation is incomplete.', 'C4_part2_conclusion': 'The final parameter range is stated correctly but without the required justification, so only partial credit is awarded.'}",1.0,4165
Math_ShortAns_175,"{'C1_part1_cauchy': 0, 'C2_part1_equality': 0, 'C3_part2_cauchy': 0, 'C4_part2_conclusion': 0}",0,"{'C1_part1_cauchy': 'The answer does not set up or apply Cauchy’s inequality; it merely substitutes z and expands, arriving at an incorrect minimum value.', 'C2_part1_equality': 'No discussion or identification of the equality condition is provided.', 'C3_part2_cauchy': 'There is no use of Cauchy’s inequality in part (2); the answer only expands and incorrectly manipulates terms.', 'C4_part2_conclusion': 'The conclusion is reached by merely guessing parameter restrictions without translating any proper inequality like |a+2| ≥ 1.'}",1.0,3844
Math_ShortAns_178,"{'C1_part1_cauchy_application': 0, 'C2_part1_equality_condition': 0, 'C3_part2_inequality_application': 0, 'C4_part2_parameter_deduction': 0}",0,"{'C1_part1_cauchy_application': 'The student failed to apply the Cauchy inequality; instead, they expanded the expression incorrectly and used a wrong constraint (x+y+z=2).', 'C2_part1_equality_condition': 'No correct equality condition was identified using the constraint; the student did not verify the minimal value.', 'C3_part2_inequality_application': 'The student did not properly set up the Cauchy inequality for part (2) and their manipulation of the terms is incorrect.', 'C4_part2_parameter_deduction': 'The conclusion regarding a is not logically derived, and the final parameter range is incorrect.'}",,4136
Math_ShortAns_179,"{'C1_part1_cauchy_application': 0, 'C2_part1_equality_condition': 0, 'C3_part2_inequality_application': 0, 'C4_part2_parameter_deduction': 1}",1,"{'C1_part1_cauchy_application': 'The student did not apply the Cauchy inequality at all and simply expanded the expression, leading to an incorrect minimization approach.', 'C2_part1_equality_condition': 'No correct equality condition is identified or verified using the constraint; the student only assumed values without proper justification.', 'C3_part2_inequality_application': 'The student did not properly set up the inequality using the Cauchy inequality; the derivation is vague and incorrect.', 'C4_part2_parameter_deduction': 'Although the final parameter condition matches the correct answer, the reasoning leading to it is incomplete and unclear.'}",0.95,4369
Math_ShortAns_182,"{'C1_piecewise_representation': 3, 'C2_solve_inequality_part1': 3, 'C3_final_answer_part1': 1, 'C4_transform_inequality_part2': 1, 'C5_solve_parameter_range': 2}",10,"{'C1_piecewise_representation': 'The student correctly identified the critical points and derived the correct piecewise expressions.', 'C2_solve_inequality_part1': 'Each interval was solved correctly and the union of solutions is correctly combined.', 'C3_final_answer_part1': 'The final answer of [-2, 3] is clearly stated and is correct.', 'C4_transform_inequality_part2': 'The inequality was correctly transformed into |x+a| + |x-2| ≥ 4.', 'C5_solve_parameter_range': 'Using the triangle inequality, the student correctly deduced and solved |a+2| ≥ 4 to obtain a ≤ -6 or a ≥ 2.'}",1.0,3869
Math_ShortAns_183,"{'C1_piecewise_representation': 3, 'C2_solve_inequality_part1': 3, 'C3_final_answer_part1': 1, 'C4_transform_inequality_part2': 0, 'C5_solve_parameter_range': 0}",7,"{'C1_piecewise_representation': 'Correctly substituted a=1 and derived the correct piecewise expressions.', 'C2_solve_inequality_part1': 'Solved the inequalities correctly on each interval and correctly combined them.', 'C3_final_answer_part1': 'Final answer for part (1) is correctly stated as [-2, 3].', 'C4_transform_inequality_part2': 'The inequality transformation is done, but the student incorrectly fixed a=1 instead of using the parameter a.', 'C5_solve_parameter_range': 'The parameter condition was not deduced; the answer a ≤ 0 is incorrect.'}",1.0,5711
Math_ShortAns_186,"{'Q1a_substitution': 2, 'Q1a_case_analysis': 1, 'Q1a_final': 0, 'Q2_analysis': 0, 'Q2_final': 0}",3,"{'Q1a_substitution': 'Correct substitution of a = 1 with the correct expression.', 'Q1a_case_analysis': 'The student correctly split into three cases, but made errors in simplifying the cases for x < 1 and 1 ≤ x < 2.', 'Q1a_final': 'The final solution set is incorrect. The correct answer for part (1) should be (-∞, 1) rather than (1, 2).', 'Q2_analysis': 'The analysis for part (2) is confusing and does not correctly examine the inequality conditions for x in (-∞, 1).', 'Q2_final': 'The final answer for the parameter range is incorrect. The correct range should be [1, +∞), not (-∞, 3).'}",1.0,4591
Math_ShortAns_187,"{'Q1a_substitution': 2, 'Q1a_case_analysis': 3, 'Q1a_final': 1, 'Q2_analysis': 1, 'Q2_final': 2}",9,"{'Q1a_substitution': 'Correctly substituted a = 1 and rewrote the function.', 'Q1a_case_analysis': 'Divided the real line into the correct cases and appropriately simplified in each interval.', 'Q1a_final': 'Correct final solution for a = 1.', 'Q2_analysis': 'Set up an analysis for a as a parameter but the justification is brief and lacks detailed sign examination.', 'Q2_final': 'Correctly concluded the range of a as [1, +∞).'}",,5105
Math_ShortAns_190,"{'CR1_substitution': 1, 'CR2_proving_part1': 2, 'CR3_part2_setup': 3, 'CR4_part2_AMGM': 2, 'CR5_final_conclusion': 0}",8,"{'CR1_substitution': 'The student mentions the substitution relying on abc=1 but does not explicitly show 1/a = bc, etc., so only partial credit.', 'CR2_proving_part1': 'They correctly use a basic inequality to show 2(a^2+b^2+c^2) ≥ 2(ab+ac+bc).', 'CR3_part2_setup': 'The setup for part (2) is stated clearly by relating the sum of cubes to 3(a+b)(b+c)(c+a).', 'CR4_part2_AMGM': 'They apply basic inequalities (implicitly AM-GM) to get the lower bound 24√((abc)^2) and substitute abc = 1, achieving the desired bound.', 'CR5_final_conclusion': 'The final answer is not clearly restated with equality conditions, resulting in loss of points.'}",,4119
Math_ShortAns_191,"{'CR1_substitution': 2, 'CR2_proving_part1': 0, 'CR3_part2_setup': 0, 'CR4_part2_AMGM': 0, 'CR5_final_conclusion': 0}",2,"{'CR1_substitution': '正确定义了 1/a = bc, 1/b = ac, 1/c = ab.', 'CR2_proving_part1': '未证明 a²+b²+c² ≥ ab+ac+bc，而是错误地给出下界比较。', 'CR3_part2_setup': '未能建立 (a+b)³+(b+c)³+(c+a)³ 与 3(a+b)(b+c)(c+a) 的联系。', 'CR4_part2_AMGM': '没有正确应用 AM-GM 不等式以得到 (a+b)(b+c)(c+a) ≥ 8 的界。', 'CR5_final_conclusion': '最终结论与题目要求相反，并且未正确总结证明流程。'}",,3914
Math_ShortAns_192,"{'CR1_substitution': 2, 'CR2_proving_part1': 0, 'CR3_part2_setup': 0, 'CR4_part2_AMGM': 0, 'CR5_final_conclusion': 0}",2,"{'CR1_substitution': 'The substitution 1/a = bc etc. is correctly used.', 'CR2_proving_part1': 'AM-GM was misapplied and the proof that a²+b²+c² ≥ ab+ac+bc was not established.', 'CR3_part2_setup': 'No clear setup relating (a+b)³+(b+c)³+(c+a)³ to 3(a+b)(b+c)(c+a) was provided.', 'CR4_part2_AMGM': 'AM-GM was not correctly applied to derive (a+b)(b+c)(c+a) ≥ 8, hence unable to conclude (a+b)³+(b+c)³+(c+a)³ ≥ 24.', 'CR5_final_conclusion': 'The final answer is unclear and inconsistent, especially with part (1) not being properly proven.'}",,4512
Math_ShortAns_193,"{'CR1_substitution': 0, 'CR2_proving_part1': 0, 'CR3_part2_setup': 0, 'CR4_part2_AMGM': 0, 'CR5_final_conclusion': 0}",0,"{'CR1_substitution': 'The student does not clearly show the required substitution (1/a = bc, etc.) and only introduces new variables without making the needed connection.', 'CR2_proving_part1': 'No valid argument for proving a²+b²+c² ≥ ab+ac+bc is provided; the reasoning is off-track.', 'CR3_part2_setup': 'Fails to set up the relation between (a+b)³+(b+c)³+(c+a)³ and 3(a+b)(b+c)(c+a); the necessary connection is missing.', 'CR4_part2_AMGM': 'Does not correctly apply the AM-GM inequality to derive the lower bound; instead, the argument is based on an erroneous idea.', 'CR5_final_conclusion': 'The final conclusion is incorrect and lacks the proper presentation of the final results with equality conditions.'}",1,4133
Math_ShortAns_196,"{'C1_conditions': 2, 'C2_part1_squaring': 0, 'C3_part2_forward': 0, 'C4_part2_reverse': 0, 'C5_final_conclusion': 0}",2,"{'C1_conditions': 'The student correctly stated that a, b, c, d are positive and that a+b=c+d.', 'C2_part1_squaring': 'The student did not correctly derive the squared expressions or use the relationship a+b=c+d and ab>cd to conclude the inequality; instead, misapplied the AM inequality.', 'C3_part2_forward': 'The student failed to show the forward direction by squaring the inequality and relating it to |a-b| and |c-d| using the appropriate identities.', 'C4_part2_reverse': 'No valid reverse argument was provided; the answer does not establish the reverse implication.', 'C5_final_conclusion': 'The final conclusion is incorrect and does not logically conclude the equivalence between the two inequalities.'}",,3691
Math_ShortAns_197,"{'C1_conditions': 1, 'C2_part1_squaring': 3, 'C3_part2_forward': 0, 'C4_part2_reverse': 0, 'C5_final_conclusion': 1}",5,"{'C1_conditions': 'The answer mentions a+b=c+d but does not explicitly state that a, b, c, d are positive.', 'C2_part1_squaring': 'Correct squaring and deduction using a+b=c+d and ab>cd, with proper algebraic manipulation.', 'C3_part2_forward': 'The forward direction is mishandled; incorrectly infers a+b>c+d from √a+√b > √c+√d despite a+b=c+d.', 'C4_part2_reverse': 'The reverse direction is flawed; the reasoning incorrectly leads to ab < cd instead of showing ab > cd.', 'C5_final_conclusion': 'A final conclusion is provided, stating the equivalence, though not adequately supported by correct reasoning.'}",,3915
Math_ShortAns_200,"{'C1_substitute_and_simplify_part1': 1, 'C2_solve_inequality_part1': 2, 'C3_final_answer_part1': 1, 'C4_setup_inequality_part2': 2, 'C5_analyze_parameter_part2': 2}",8,"{'C1_substitute_and_simplify_part1': 'Correctly substituted a=2 and simplified f(x) to |2x-2|+2.', 'C2_solve_inequality_part1': 'Properly solved the inequality by subtracting 2 and handling the absolute value to obtain x ∈ [-1,3].', 'C3_final_answer_part1': 'Final answer for part (1) is clearly stated as [-1,3].', 'C4_setup_inequality_part2': 'The inequality for part (2) is set up correctly as |2x-a|+a+|2x-1| ≥ 3.', 'C5_analyze_parameter_part2': 'The analysis for the parameter a is confusing and lacks rigorous justification, though the final answer a ∈ [2, +∞) is correct. Partial credit awarded.'}",0.9,4015
Math_ShortAns_201,"{'C1_substitute_and_simplify_part1': 1, 'C2_solve_inequality_part1': 2, 'C3_final_answer_part1': 1, 'C4_setup_inequality_part2': 2, 'C5_analyze_parameter_part2': 0}",6,"{'C1_substitute_and_simplify_part1': 'Correctly substituted a = 2 and simplified to f(x) = |2x-2| + 2.', 'C2_solve_inequality_part1': 'Properly solved the inequality by subtracting 2 and splitting the absolute value, yielding x in [-1, 3].', 'C3_final_answer_part1': 'The final answer for part (1) is correctly stated as [-1, 3].', 'C4_setup_inequality_part2': 'Correctly set up the inequality |2x-a| + a + |2x-1| >= 3.', 'C5_analyze_parameter_part2': 'The case analysis is flawed, leading to an incorrect final answer (a <= -2 or a >= 2 instead of a in [2, +∞)).'}",0.95,4771
Math_ShortAns_204,"{'R1_derive_ab_bound': 0, 'R2_minimum_a3b3': 0, 'R3_final_minimum_value': 0, 'R4_nonexistence_of_solution_II': 0}",0,"{'R1_derive_ab_bound': 'The student incorrectly applied the AM-GM inequality and ended up with a contradiction instead of deriving ab ≥ 2.', 'R2_minimum_a3b3': 'The student misapplied AM-GM on a³ and b³, leading to an incorrect lower bound derivation.', 'R3_final_minimum_value': 'The student did not state the correct minimum value (4√2) or the equality condition; the conclusion is erroneous.', 'R4_nonexistence_of_solution_II': 'The student’s use of AM-GM is flawed and does not properly derive a lower bound to conclude that 2a+3b > 6.'}",,3772
Math_ShortAns_205,"{'R1_derive_ab_bound': 0, 'R2_minimum_a3b3': 0, 'R3_final_minimum_value': 0, 'R4_nonexistence_of_solution_II': 0}",0,"{'R1_derive_ab_bound': 'The student did not derive the correct bound; they instead arbitrarily assumed ab = 1 without using AM-GM.', 'R2_minimum_a3b3': 'The student misapplied formulas and reached an incorrect and nonsensical result (negative value) for a³+b³.', 'R3_final_minimum_value': 'The final answer of -1 is incorrect; the proper minimum value and equality condition were not stated.', 'R4_nonexistence_of_solution_II': 'The student attempted to find a solution by guessing values, concluding that a solution exists, which contradicts the requirement to show no solution exists.'}",,2663
Math_ShortAns_208,"{'Q1_ab_lower_bound': 0, 'Q2_min_a3b3': 0, 'Q3_linear_combination': 0}",0,"{'Q1_ab_lower_bound': 'Student did not derive ab ≥ 2 using AM-GM; merely multiplying both sides and then guessing a value without proper justification.', 'Q2_min_a3b3': 'Student guessed a = b = 1 yielding 2, which is incorrect and lacks use of inequalities to show the minimum is 4√2.', 'Q3_linear_combination': 'Student’s substitution and reasoning were incomplete and incorrect, leading to the wrong conclusion that a solution exists.'}",1.0,3563
Math_ShortAns_209,"{'Q1_ab_lower_bound': 0, 'Q2_min_a3b3': 0, 'Q3_linear_combination': 0}",0,"{'Q1_ab_lower_bound': 'The derivation is incorrect. The student incorrectly transforms the equation and fails to show that ab ≥ 2 with the equality case a = b = √2.', 'Q2_min_a3b3': 'The student replaces expressions incorrectly and unjustifiably assumes a = b = 1, leading to an incorrect minimum value (should be 4√2 when a = b = √2).', 'Q3_linear_combination': ""The manipulation to address 2a + 3b = 6 is flawed and does not use the required inequality approach. The conclusion of '不存在' is reached in a vague manner without properly proving that 2a + 3b is bounded below by a value greater than 6.""}",,4021
Math_ShortAns_212,"{'I1_apply_triangle_inequality': 0, 'I2_use_AM_GM': 0, 'I3_conclude_part_I': 0, 'II1_substitute_and_setup': 1, 'II2_case_analysis': 0, 'II3_solve_resulting_inequalities': 0, 'II4_combine_solution_sets': 0}",1,"{'I1_apply_triangle_inequality': 'Did not apply the triangle inequality; instead, the student only evaluated f(x) at a specific point.', 'I2_use_AM_GM': 'No use of the AM–GM inequality to justify a + 1/a ≥ 2.', 'I3_conclude_part_I': 'Incorrect conclusion: student deduced f(x) ≥ 1 using a=1 rather than proving the general f(x) ≥ 2.', 'II1_substitute_and_setup': 'x = 3 was substituted correctly and the inequality f(3) < 5 was set up, albeit only for one case.', 'II2_case_analysis': 'Failed to properly distinguish between the necessary cases (a > 3 and 0 < a ≤ 3); only considered a < 2.', 'II3_solve_resulting_inequalities': 'The algebraic manipulation was incorrect and did not yield the proper inequalities.', 'II4_combine_solution_sets': 'The final combination of cases is incorrect, leading to an inconsistent answer.'}",0.95,4556
Math_ShortAns_213,"{'I1_apply_triangle_inequality': 0, 'I2_use_AM_GM': 1, 'I3_conclude_part_I': 1, 'II1_substitute_and_setup': 1, 'II2_case_analysis': 0, 'II3_solve_resulting_inequalities': 1, 'II4_combine_solution_sets': 0}",4,"{'I1_apply_triangle_inequality': 'The triangle inequality was not applied; the student instead attempted to compute individual minima.', 'I2_use_AM_GM': 'Correctly noted that a + 1/a ≥ 2 using AM–GM.', 'I3_conclude_part_I': 'Concludes f(x) ≥ 2 based on the estimated minimum, though the reasoning is flawed overall.', 'II1_substitute_and_setup': 'Substituted x = 3 correctly and set up f(3) < 5.', 'II2_case_analysis': 'Only one case was partially considered; needed explicit distinction (a > 3 versus 0 < a ≤ 3).', 'II3_solve_resulting_inequalities': 'Solved the inequality for one branch, but omitted a proper treatment of another case.', 'II4_combine_solution_sets': 'Final solution set incorrectly combined the cases; final answer (1, ∞) is inconsistent with the derived results.'}",,4792
Math_ShortAns_216,"{'C1_partI_setup': 2, 'C2_partI_application': 1, 'C3_partII_amgm': 0, 'C4_partII_summation': 0}",3,"{'C1_partI_setup': 'The student correctly stated the expansion of (a+b+c)²=1, so full marks.', 'C2_partI_application': 'The student jumps to the final inequality without a clear, correct application of the needed inequality; minimal credit was given.', 'C3_partII_amgm': 'No AM–GM application for part II was provided.', 'C4_partII_summation': 'There is no proper summation or derivation to conclude part II.'}",,4612
Math_ShortAns_217,"{'C1_partI_setup': 0, 'C2_partI_application': 2, 'C3_partII_amgm': 0, 'C4_partII_summation': 0}",2,"{'C1_partI_setup': 'The student did not use the (a+b+c)^2 expansion to set up the proof; instead, a direct AM-GM was used without the needed identity.', 'C2_partI_application': 'The student achieved the correct result for part (I) using AM-GM, but without the required step involving a^2+b^2+c^2 ≥ ab+bc+ca. Partial credit is given.', 'C3_partII_amgm': 'The required AM-GM inequalities for each term (a²/b + b ≥ 2a, etc.) were not established. The student used a cube-root AM-GM approach that is different and leads to the wrong conclusion.', 'C4_partII_summation': 'There is no proper summation of the intended inequalities; the student erroneously concludes that the sum is less than 1 instead of at least 1.'}",1.0,3822
