script_id,scores,model_score,comments,confidence,tokens_used
Math_ShortAns_2,"{'C1_simplification': 1, 'C2_identification': 0, 'C3_maximum_value': 1}",2,"{'C1_simplification': 'The student attempted to expand using angle formulas but did not clearly or correctly simplify the expression to a more elementary form (i.e. sin x).', 'C2_identification': 'The answer does not clearly identify that the simplified function reduces to sin x or an equivalent form; the discussion remains inconclusive.', 'C3_maximum_value': 'While the final answer is correct, the reasoning using the amplitude form is muddled and not fully justified.'}",,2962
Math_ShortAns_3,"{'C1_simplification': 1, 'C2_identification': 0, 'C3_maximum_value': 0}",1,"{'C1_simplification': 'The student correctly set up the initial trigonometric formulas but made errors in combining terms and simplifying further.', 'C2_identification': 'The answer does not clearly identify that the expression reduces to sin x; the student’s manipulation went off track.', 'C3_maximum_value': 'The final evaluation of the maximum value is incorrect; the student’s miscalculation led to an erroneous maximum value.'}",,2925
Math_ShortAns_6,"{'C1_sequence_setup': 1, 'C2_deriving_common_ratio': 2, 'C3_sum_calculation': 1}",4,"{'C1_sequence_setup': 'The student correctly expressed the sequence terms using a1 = 1/3 and appropriate powers for subsequent terms.', 'C2_deriving_common_ratio': 'The student set up the equation (1/3 r^3)^2 = 1/3 r^5 and solved it correctly to obtain r = 3.', 'C3_sum_calculation': 'Although the sum S5 was set up correctly by listing the terms, the arithmetic in summing the terms is incorrect.'}",,3532
Math_ShortAns_7,"{'C1_sequence_setup': 1, 'C2_deriving_common_ratio': 0, 'C3_sum_calculation': 0}",1,"{'C1_sequence_setup': 'Correctly defined the terms of the sequence.', 'C2_deriving_common_ratio': 'Set up the equation correctly but then incorrectly assumed r = 2 instead of solving for r.', 'C3_sum_calculation': 'Used the incorrect common ratio to compute the sum, leading to the wrong answer.'}",,2889
Math_ShortAns_10,"{'C1_rewrite_equation': 0, 'C2_geometric_interpretation': 0, 'C3_inference_right_angle': 0, 'C4_final_answer': 0}",0,"{'C1_rewrite_equation': 'The answer did not show any rewriting of the equation.', 'C2_geometric_interpretation': 'No geometric interpretation of the vector relation was provided.', 'C3_inference_right_angle': 'There is no inference showing that AB is perpendicular to AC.', 'C4_final_answer': 'The final answer is incorrect; it should be 90° instead of 45°.'}",,1660
Math_ShortAns_11,"{'C1_rewrite_equation': 1, 'C2_geometric_interpretation': 0, 'C3_inference_right_angle': 0, 'C4_final_answer': 0}",1,"{'C1_rewrite_equation': 'The student correctly rewrote the equation as 2·AO = AB + AC.', 'C2_geometric_interpretation': ""The student did not provide a clear geometric interpretation linking the vector sum to the circle's diameter."", 'C3_inference_right_angle': 'The student did not infer or conclude that AB is perpendicular to AC.', 'C4_final_answer': 'The final answer is incorrect (60° instead of 90°).'}",,2366
Math_ShortAns_14,"{'C1_set_up_equations': 1, 'C2_apply_tangency_condition': 0, 'C3_solve_for_center': 0, 'C4_compute_radius_and_final_equation': 0}",1,"{'C1_set_up_equations': 'The student correctly set up the circle equation and substituted points A and B, earning full credit.', 'C2_apply_tangency_condition': 'The student used the distance formula for the tangent condition but did not derive the proper relation (b-1)/(a-2) = -1 as expected.', 'C3_solve_for_center': 'An incorrect assumption (fixing x₀ = 4) was made and the system was not solved correctly to find the center.', 'C4_compute_radius_and_final_equation': 'The final steps are inconsistent and the resulting circle equations are incorrect.'}",,3529
Math_ShortAns_15,"{'C1_set_up_equations': 1, 'C2_apply_tangency_condition': 0, 'C3_solve_for_center': 2, 'C4_compute_radius_and_final_equation': 1}",4,"{'C1_set_up_equations': 'The student correctly set up the circle equation and substituted the coordinates of points A and B.', 'C2_apply_tangency_condition': 'The student used the distance condition for tangency but did not explicitly derive the perpendicular slope relation (b-1)/(a-2) = -1.', 'C3_solve_for_center': 'The student correctly solved the system to find the center (h, k) = (3, 0).', 'C4_compute_radius_and_final_equation': 'The student computed the radius and wrote the final equation correctly.'}",1.0,3259
Math_ShortAns_18,"{'C1_recognition': 0, 'C2_grouping': 0, 'C3_sum_odd_pairs': 0, 'C4_sum_even_pairs': 0, 'C5_final_computation': 0}",0,"{'C1_recognition': 'The student incorrectly rewrote the recurrence; for n=1, it should be a2 - a1 = 1 but they used a2 + a1 = 1.', 'C2_grouping': 'No clear and correct grouping into odd-indexed pairs and even-indexed terms was identified.', 'C3_sum_odd_pairs': 'The student did not correctly identify or sum the odd-indexed term pairs.', 'C4_sum_even_pairs': 'There is no correct identification or computation of the even-indexed arithmetic series.', 'C5_final_computation': 'The final sum computation is based on flawed reasoning and does not match the correct answer.'}",,2592
Math_ShortAns_19,"{'C1_recognition': 0, 'C2_grouping': 0, 'C3_sum_odd_pairs': 0, 'C4_sum_even_pairs': 0, 'C5_final_computation': 0}",0,"{'C1_recognition': 'Incorrect rewriting of the recurrence; the student mixed up the alternating signs and equations.', 'C2_grouping': 'No systematic grouping into odd and even-indexed parts was attempted.', 'C3_sum_odd_pairs': 'Did not identify or compute the sum of odd-indexed term pairs.', 'C4_sum_even_pairs': 'Failed to recognize or calculate the arithmetic series from even-indexed term pairs.', 'C5_final_computation': 'Combined an erroneous result, leading to a final incorrect sum.'}",,2256
Math_ShortAns_22,"{'C1_subtract_equations': 2, 'C2_initial_value': 2, 'C3_general_term': 2, 'C4_b_n_expression': 3, 'C5_partial_sum': 3}",12,"{'C1_subtract_equations': 'The student correctly subtracted the equations and deduced that aₙ₊₁ - aₙ = 2.', 'C2_initial_value': 'They correctly substituted n=1 and solved the equation, choosing a₁=3 as required.', 'C3_general_term': 'The student properly identified the arithmetic nature and derived the general term aₙ = 2n + 1.', 'C4_b_n_expression': 'They accurately substituted the general term into bₙ, decomposed it into partial fractions, and obtained the correct form.', 'C5_partial_sum': 'The telescoping structure was correctly identified and summed, yielding the proper final result.'}",,4038
Math_ShortAns_23,"{'C1_subtract_equations': 0, 'C2_initial_value': 0, 'C3_general_term': 0, 'C4_b_n_expression': 0, 'C5_partial_sum': 0}",0,"{'C1_subtract_equations': 'The solution did not properly subtract the equations to deduce a_{n+1} - a_n = 2.', 'C2_initial_value': 'There is no correct substitution to determine a_1 from the given equation.', 'C3_general_term': 'The general term of the sequence was not correctly derived.', 'C4_b_n_expression': 'The student incorrectly assumed a_n = n+1 and did not perform the correct partial fractions using a_n = 2n+1.', 'C5_partial_sum': 'The telescoping sum was not derived correctly, leading to an incorrect final expression for the partial sum.'}",1.0,4584
Math_ShortAns_26,"{'C1_determine_angle_C': 4, 'C2_cosine_law_relation': 3, 'C3_area_relation_and_side_sum': 2, 'C4_final_perimeter_calculation': 3}",12,"{'C1_determine_angle_C': 'Correct manipulation using the sine law and justifying sin C ≠ 0, arriving at cos C = 1/2 and C = π/3.', 'C2_cosine_law_relation': 'Correctly applied the cosine law and rearranged it to (a+b)² - 3ab = 7.', 'C3_area_relation_and_side_sum': 'Correct use of the area formula leading to ab = 6 and then deducing a+b = 5.', 'C4_final_perimeter_calculation': 'Successfully combined the side sum with c = √7 to obtain the perimeter as 5 + √7.'}",,3074
Math_ShortAns_27,"{'C1_determine_angle_C': 0, 'C2_cosine_law_relation': 0, 'C3_area_relation_and_side_sum': 0, 'C4_final_perimeter_calculation': 0}",0,"{'C1_determine_angle_C': 'The student’s approach is flawed; they arbitrarily set a parameter value and incorrectly deduced C=90° instead of using proper trigonometric manipulation.', 'C2_cosine_law_relation': 'They misapplied the cosine law by writing an incorrect formula and did not derive the proper relation between a, b, and c.', 'C3_area_relation_and_side_sum': 'The area relation was misused by assuming sinC=1 due to the incorrect angle, leading to an incorrect product ab.', 'C4_final_perimeter_calculation': 'The final perimeter is based on arbitrary side choices and the incorrect sum a+b, resulting in the wrong perimeter.'}",1.0,3402
Math_ShortAns_28,"{'C1_determine_angle_C': 0, 'C2_cosine_law_relation': 0, 'C3_area_relation_and_side_sum': 0, 'C4_final_perimeter_calculation': 1}",1,"{'C1_determine_angle_C': 'The approach is incorrect; the student misapplies the cosine law and wrongly assumes cos C = 0 to get C = 90° instead of the correct C = π/3.', 'C2_cosine_law_relation': 'The cosine law is misquoted and not correctly used to derive the necessary relation between the sides.', 'C3_area_relation_and_side_sum': 'There is no valid derivation from the area formula; the assumption that a + b = 5 is unjustified.', 'C4_final_perimeter_calculation': 'Although the final perimeter is numerically correct, it is based on an unjustified assumption and lacks proper justification.'}",,3497
Math_ShortAns_31,"{'P1_part_I_subtraction': 0, 'P2_part_I_conclusion': 0, 'P3_part_II_assumption': 1, 'P4_part_II_coefficient_comparison': 0, 'P5_part_II_final_conclusion': 0}",1,"{'P1_part_I_subtraction': 'The student did not set up or subtract the given relations; instead, they computed specific cases without the required subtraction step.', 'P2_part_I_conclusion': 'The student did not conclude by showing a_{n+2} - a_n = λ using the nonzero property of aₙ₊₁.', 'P3_part_II_assumption': 'The student mentioned the arithmetic sequence form aₙ = 1 + (n-1)d but did not correctly derive or equate parameters to reach λ = 2d.', 'P4_part_II_coefficient_comparison': 'No substitution and coefficient comparison with Sₙ was carried out.', 'P5_part_II_final_conclusion': 'The final conclusion is missing; the student claims uncertainty instead of arriving at a conclusive λ.'}",,3790
Math_ShortAns_32,"{'P1_part_I_subtraction': 0, 'P2_part_I_conclusion': 0, 'P3_part_II_assumption': 2, 'P4_part_II_coefficient_comparison': 0, 'P5_part_II_final_conclusion': 0}",2,"{'P1_part_I_subtraction': 'The answer lists specific term computations instead of setting up and subtracting the general relations, so no credit is given.', 'P2_part_I_conclusion': ""The student did not conclude aₙ₊₂ - aₙ = λ; instead, they stated that deduction isn't possible."", 'P3_part_II_assumption': 'The student correctly assumed an arithmetic sequence and computed aₙ₊₂ - aₙ = 2d but failed to equate it properly with λ.', 'P4_part_II_coefficient_comparison': 'There is no substitution into Sₙ or coefficient comparison done, so no credit.', 'P5_part_II_final_conclusion': 'The student incorrectly concluded that no λ exists for an arithmetic sequence rather than solving the necessary condition.'}",,4575
Math_ShortAns_33,"{'P1_part_I_subtraction': 0, 'P2_part_I_conclusion': 0, 'P3_part_II_assumption': 1, 'P4_part_II_coefficient_comparison': 0, 'P5_part_II_final_conclusion': 0}",1,"{'P1_part_I_subtraction': 'The student did not set up or subtract the given equations to reach a_{n+1}(a_{n+2} - a_n) = λa_{n+1}. Instead, they attempted to compute individual terms.', 'P2_part_I_conclusion': 'The student fails to use the nonzero property of a_{n+1} and does not conclude that a_{n+2} - a_n = λ.', 'P3_part_II_assumption': 'The student does assume an arithmetic progression by stating a_n = a_1 + (n-1)d, but does not complete the derivation of λ = 2d.', 'P4_part_II_coefficient_comparison': 'There is no substitution of the arithmetic form into S_n or coefficient comparison; this step is missing.', 'P5_part_II_final_conclusion': 'The student incorrectly concludes that no such λ exists, omitting the necessary condition that leads to λ = 4.'}",1.0,4308
Math_ShortAns_36,"{'C1_identify_PX2_events': 0, 'C2_compute_PX2': 0, 'C3_identify_PX4_events': 0, 'C4_compute_PX4': 0, 'C5_final_presentation': 0}",0,"{'C1_identify_PX2_events': 'The student only considered one event and did not correctly identify the two mutually exclusive cases required.', 'C2_compute_PX2': 'The calculation is incorrect; the student used wrong probabilities and computed only one of the necessary scenarios.', 'C3_identify_PX4_events': ""The sequence required for X=4 with 甲's win was misidentified, mixing up conditions and ordering."", 'C4_compute_PX4': 'The computed probabilities use incorrect factors and ordering; the student did not follow the correct computation steps.', 'C5_final_presentation': 'Final answers are provided but are inconsistent with the required correct results and logical steps.'}",,3988
Math_ShortAns_37,"{'C1_identify_PX2_events': 0, 'C2_compute_PX2': 0, 'C3_identify_PX4_events': 0, 'C4_compute_PX4': 0, 'C5_final_presentation': 0}",0,"{'C1_identify_PX2_events': 'The student did not correctly identify the two mutually exclusive events (甲连得分 and 乙连得分) for P(X=2); they only considered one case.', 'C2_compute_PX2': 'The computation for P(X=2) is incorrect; the student used the wrong probability and multiplication, leading to 0.25 instead of 0.5.', 'C3_identify_PX4_events': 'The sequences required for X=4 and 甲获胜 were misidentified; the student provided sequences that do not align with the correct event structure.', 'C4_compute_PX4': 'The arithmetic for the two sequences is flawed; the student’s multiplication and probability assignments are inconsistent with the correct method.', 'C5_final_presentation': 'Although final answers were presented, they are not supported by proper reasoning or correct calculations.'}",1.0,4842
Math_ShortAns_38,"{'C1_identify_PX2_events': 1, 'C2_compute_PX2': 0, 'C3_identify_PX4_events': 0, 'C4_compute_PX4': 0, 'C5_final_presentation': 0}",1,"{'C1_identify_PX2_events': 'Partially identified one of the events for X=2, but missed the correct identification of both mutually exclusive cases.', 'C2_compute_PX2': 'Calculated using incorrect probabilities; the computed value (0.3) does not match the correct sum of both cases (0.5).', 'C3_identify_PX4_events': 'Did not correctly identify the two sequences (orderings) for X=4 with 甲 winning; the breakdown is confused and incorrect.', 'C4_compute_PX4': 'The probability computation for the sequences in part (2) is incorrect, leading to an incorrect total probability.', 'C5_final_presentation': 'Final answers are presented but are inconsistent with the proper event breakdown and computations.'}",,3837
Math_ShortAns_41,"{'P1_simplify_trig_equation': 1, 'P2_solve_for_B': 1, 'P3_express_area_in_terms_of_C': 0, 'P4_determine_area_range': 0}",2,"{'P1_simplify_trig_equation': 'The student correctly substituted for A+C but misapplied the sine identity, leading to an incorrect simplification.', 'P2_solve_for_B': 'Although the final value B = 60° is correct, the derivation is flawed and lacks proper justification.', 'P3_express_area_in_terms_of_C': 'No correct expression for the area in terms of angle C is provided; the student simply restated the area formula without the necessary substitutions.', 'P4_determine_area_range': 'The area range is incorrectly deduced as (0, 0.5) without proper analysis of the domain of C, resulting in an inconsistent answer.'}",,3864
Math_ShortAns_42,"{'P1_simplify_trig_equation': 0, 'P2_solve_for_B': 0, 'P3_express_area_in_terms_of_C': 0, 'P4_determine_area_range': 0}",0,"{'P1_simplify_trig_equation': 'The student incorrectly deduced A + C = B and misapplied trigonometric identities; no correct simplification was provided.', 'P2_solve_for_B': 'The conclusion B = 90° is incorrect; the proper method using triangle sum was not followed.', 'P3_express_area_in_terms_of_C': 'No proper expression for the area in terms of angle C was developed; the student used an incorrect area formula.', 'P4_determine_area_range': 'The analysis of the area range is not justified and does not match the required derivation based on the acute triangle condition.'}",1.0,3317
Math_ShortAns_45,"{'R1_common_difference': 3, 'R2_general_term_sqrtSn': 0, 'R3_sum_formula': 0, 'R4_formula_for_an': 0, 'R5_final_conclusion': 0}",3,"{'R1_common_difference': 'Correctly computed d = √S₂ - √S₁ and substituted a₂ = 3a₁ to obtain d = √a₁.', 'R2_general_term_sqrtSn': 'Did not express the general term of {√Sₙ} as required.', 'R3_sum_formula': 'No derivation for Sₙ = a₁n² was provided.', 'R4_formula_for_an': 'The deduction of aₙ from Sₙ - Sₙ₋₁ was not attempted.', 'R5_final_conclusion': 'The final conclusion is incorrect; the student wrongly concluded that {aₙ} is not an arithmetic sequence.'}",,3834
Math_ShortAns_46,"{'R1_common_difference': 3, 'R2_general_term_sqrtSn': 0, 'R3_sum_formula': 0, 'R4_formula_for_an': 0, 'R5_final_conclusion': 0}",3,"{'R1_common_difference': 'The student correctly computed S1 and S2 and obtained √S2 - √S1 = √a₁ using a₂ = 3a₁.', 'R2_general_term_sqrtSn': 'The student did not derive or express the general term for √Sₙ as required.', 'R3_sum_formula': 'The student did not correctly square the general term to derive Sₙ = a₁n².', 'R4_formula_for_an': 'The derivation of aₙ using Sₙ - Sₙ₋₁ was not performed; no correct formula was reached.', 'R5_final_conclusion': 'The final conclusion is incorrect; the student erroneously concluded that {aₙ} is not an arithmetic sequence.'}",1.0,4838
Math_ShortAns_49,"{'R1_prove_arithmetic': 4, 'R2_geometric_condition': 3, 'R3_derive_Sn_formula': 3, 'R4_find_minimum_Sn': 2}",12,"{'R1_prove_arithmetic': 'The student correctly rewrote the equation and subtracted the (n-1) case to derive aₙ - aₙ₋₁ = 1, confirming the arithmetic progression.', 'R2_geometric_condition': 'The answer correctly expresses a₄, a₇, and a₉ in terms of a₁ and uses the geometric progression condition (a₇² = a₄ · a₉) to solve for a₁ = -12.', 'R3_derive_Sn_formula': 'The student properly derived the sum formula Sₙ using the arithmetic sequence formula, substituting a₁ = -12 and d = 1 to obtain the quadratic expression.', 'R4_find_minimum_Sn': 'The answer correctly finds the minimum value of Sₙ = -78, noting that it occurs when n = 12 or n = 13.'}",1.0,4143
Math_ShortAns_50,"{'R1_prove_arithmetic': 0, 'R2_geometric_condition': 1, 'R3_derive_Sn_formula': 1, 'R4_find_minimum_Sn': 0}",2,"{'R1_prove_arithmetic': 'The student’s rewriting of the given equation is incorrect and no valid derivation showing aₙ - aₙ₋₁ = 1 is provided.', 'R2_geometric_condition': 'The student sets up the geometric progression condition correctly in form but does not solve for a₁ or provide proper reasoning.', 'R3_derive_Sn_formula': 'The sum formula for Sₙ is stated, but there is no substitution of a₁ or discussion of d = 1; the derivation is incomplete.', 'R4_find_minimum_Sn': 'The minimization is handled incorrectly by arbitrarily choosing d = 0, leading to a wrong minimal value.'}",0.9,4830
Math_ShortAns_53,"{'C1_define_auxiliary_sequences': 1, 'C2_prove_geometric': 3, 'C3_prove_arithmetic': 2, 'C4_find_general_terms': 0}",6,"{'C1_define_auxiliary_sequences': 'The student defined cₙ and dₙ but did not clearly state the initial conditions.', 'C2_prove_geometric': 'Correctly derived the recurrence cₙ₊₁ = cₙ/2, showing a geometric sequence.', 'C3_prove_arithmetic': 'Correctly derived the recurrence dₙ₊₁ = dₙ + 2, confirming an arithmetic sequence.', 'C4_find_general_terms': 'General term derivations are incomplete and the final formulas given are incorrect.'}",,4506
Math_ShortAns_54,"{'C1_define_auxiliary_sequences': 1, 'C2_prove_geometric': 0, 'C3_prove_arithmetic': 0, 'C4_find_general_terms': 0}",1,"{'C1_define_auxiliary_sequences': 'Auxiliary sequences were defined, but initial conditions were not provided or verified.', 'C2_prove_geometric': 'Incorrect addition leads to an erroneous recurrence for the sum sequence; the geometric nature was not correctly established.', 'C3_prove_arithmetic': 'Error in subtracting the recurrences resulted in the wrong recurrence; the sequence was misidentified.', 'C4_find_general_terms': 'The attempt to guess the general terms is unjustified and inconsistent with the proper derivation.'}",,4562
Math_ShortAns_55,"{'C1_define_auxiliary_sequences': 1, 'C2_prove_geometric': 0, 'C3_prove_arithmetic': 2, 'C4_find_general_terms': 0}",3,"{'C1_define_auxiliary_sequences': 'Student defined the auxiliary sequences correctly but did not specify the initial conditions.', 'C2_prove_geometric': 'The recurrence for cₙ was derived incorrectly; the student obtained an extra constant term, failing to show it as a geometric sequence.', 'C3_prove_arithmetic': 'Correctly derived the recurrence for dₙ and identified it as an arithmetic sequence.', 'C4_find_general_terms': 'The final general term formulas are incorrect; the student attempted a linear assumption leading to wrong expressions.'}",,4537
Math_ShortAns_58,"{'Q1_correlation': 1, 'Q2_outlier_detection': 1, 'Q3_recalculation': 1}",3,"{'Q1_correlation': 'The answer states x̄ correctly but uses an incorrect mean for i and computes r very inaccurately; only the identification of x̄ earned partial credit.', 'Q2_outlier_detection': 'The acceptable range was computed incorrectly and the conclusion is reversed, though the outlier (9.22) was mentioned.', 'Q3_recalculation': 'The new mean is correctly stated, but the standard deviation is calculated incorrectly and no proper variance computation is shown.'}",0.95,5065
Math_ShortAns_59,"{'Q1_correlation': 4, 'Q2_outlier_detection': 4, 'Q3_recalculation': 4}",12,"{'Q1_correlation': 'The student correctly computed r ≈ -0.18 and concluded that there is no systematic trend.', 'Q2_outlier_detection': 'The student correctly calculated the acceptable range, identified the 13th part as an outlier, and concluded that production inspection is needed.', 'Q3_recalculation': 'The student properly recalculated the new mean (≈ 10.02) and standard deviation (≈ 0.09) for the remaining parts.'}",1.0,3921
Math_ShortAns_60,"{'Q1_correlation': 1, 'Q2_outlier_detection': 0, 'Q3_recalculation': 0}",1,"{'Q1_correlation': 'Correctly stated x̄=9.97 but misstated i’s mean (should be 8.5) and computed r incorrectly; only minimal credit for partially correct value.', 'Q2_outlier_detection': 'Incorrectly computed the acceptable range and failed to identify the outlier, leading to a wrong conclusion about production inspection.', 'Q3_recalculation': 'Did not remove the outlier and recalculations for the new mean and standard deviation are not executed correctly.'}",1,4684
Math_ShortAns_63,"{'Q20_Part1': 0, 'Q20_Part2': 2}",2,"{'Q20_Part1': 'The student correctly substituted x = 2 and found the intersection points, but then computed the dot product as -4 (instead of 0) and erroneously concluded that O is not on the circle. This fails to meet the required proof.', 'Q20_Part2': 'The answer only partially computes the circle’s center and radius (assuming center (3,1) and radius √10), but no extra condition was set up to solve for the parameter or derive the line equation. Only limited credit is awarded for the center and radius computation.'}",0.95,4902
Math_ShortAns_64,"{'Q20_Part1': 1, 'Q20_Part2': 1}",2,"{'Q20_Part1': 'The answer sets up the substitution but miscalculates the equation and incorrectly assumes intersection points without showing the necessary dot product computation, leading to an unsupported conclusion.', 'Q20_Part2': 'The answer uses the condition P(4,-2) to compute a circle radius but relies on the incorrect center from part (1) and then gives an unjustified and unclear line equation. Key steps like solving for the parameter and detailed derivations are missing.'}",0.9,5091
Math_ShortAns_67,"{'C1_circle_properties': 2, 'C2_locus_derivation': 0, 'C3_line_equation': 0, 'C4_triangle_area': 0}",2,"{'C1_circle_properties': ""Correctly rewrote the circle's equation and identified the center and radius."", 'C2_locus_derivation': 'The approach to finding the midpoint M is unclear and the final locus equation is incorrect.', 'C3_line_equation': 'The work for obtaining the equation of the line when |OP|=|OM| is incomplete and incorrect.', 'C4_triangle_area': 'The triangle area calculation is inconsistent and does not use proper reasoning or correct values.'}",,4234
Math_ShortAns_68,"{'C1_circle_properties': 2, 'C2_locus_derivation': 0, 'C3_line_equation': 0, 'C4_triangle_area': 0}",2,"{'C1_circle_properties': 'Correct rewriting of the circle’s equation and identification of center and radius.', 'C2_locus_derivation': 'Derivation is incorrect; the necessary vector/dot product approach is missing and the obtained parametric form does not match the required Cartesian equation.', 'C3_line_equation': 'No proper derivation of the line equation was provided when |OP| = |OM|.', 'C4_triangle_area': 'Incorrect selection of M and consequent area calculation; the computed area does not match the correct result.'}",1.0,4217
Math_ShortAns_71,"{'E1_derive_ellipse_equation': 2, 'L1_setup_line_and_intersections': 1, 'V1_compute_T_and_H': 0, 'P1_prove_fixed_point': 0}",3,"{'E1_derive_ellipse_equation': 'The final ellipse equation is correct, but no clear step-by-step substitution was shown.', 'L1_setup_line_and_intersections': 'Only the vertical case (x = 1) is considered and correctly computed, omitting the non-vertical case.', 'V1_compute_T_and_H': 'No computation for T and H via the vector relation is provided.', 'P1_prove_fixed_point': 'The result that HN passes through (0, -2) is stated without an adequate proof.'}",,4540
Math_ShortAns_72,"{'E1_derive_ellipse_equation': 4, 'L1_setup_line_and_intersections': 1, 'V1_compute_T_and_H': 0, 'P1_prove_fixed_point': 0}",5,"{'E1_derive_ellipse_equation': 'The student correctly substituted both points and derived the correct ellipse equation.', 'L1_setup_line_and_intersections': 'The line through P was set up correctly, but no proper computation of intersections M and N was provided.', 'V1_compute_T_and_H': 'The student did not correctly compute T or H using the vector relation.', 'P1_prove_fixed_point': 'The fixed point was incorrectly identified as (0, 0) and no valid proof was given.'}",,3992
Math_ShortAns_75,"{'C1_identify_points': 0, 'C2_compute_parameters': 0, 'C3_final_ellipse_equation': 0, 'C4_setup_line_conditions': 0, 'C5_prove_fixed_point': 0, 'C6_final_verification': 0}",0,"{'C1_identify_points': 'The solution misidentifies the points; it incorrectly concludes P2 leads to b² = 0 instead of using symmetry to pick the correct three points.', 'C2_compute_parameters': 'The student’s substitution is erroneous and the parameters are arbitrarily chosen (a=5, b=3) without proper derivation.', 'C3_final_ellipse_equation': 'The final equation is incorrect; the derived parameters do not satisfy the given conditions.', 'C4_setup_line_conditions': 'The line is set up as y = kx + 1, which ignores the necessary variable constant and does not properly account for the conditions on the slope.', 'C5_prove_fixed_point': 'No derivation of the required relation (t = -2k -1) or fixed point is provided.', 'C6_final_verification': 'The verification of the fixed point is vague and incomplete, lacking logical detail.'}",,4222
Math_ShortAns_76,"{'C1_identify_points': 0, 'C2_compute_parameters': 2, 'C3_final_ellipse_equation': 2, 'C4_setup_line_conditions': 1, 'C5_prove_fixed_point': 0, 'C6_final_verification': 0}",5,"{'C1_identify_points': 'The answer does not identify that exactly three points lie on the ellipse; it incorrectly uses all four points.', 'C2_compute_parameters': 'Correct substitution from P2 and P3 yields b² = 1 and a² = 4.', 'C3_final_ellipse_equation': 'The final ellipse equation x²/4 + y² = 1 is correctly written.', 'C4_setup_line_conditions': 'The student sets up the line equation and makes a substitution but does not fully develop the necessary condition.', 'C5_prove_fixed_point': 'The answer states that the fixed point exists without deriving the relation t = -2k - 1 or proving the fixed intersection (2, -1).', 'C6_final_verification': 'There is no clear final verification that every such line passes through the fixed point.'}",,5012
Math_ShortAns_77,"{'C1_identify_points': 2, 'C2_compute_parameters': 2, 'C3_final_ellipse_equation': 2, 'C4_setup_line_conditions': 2, 'C5_prove_fixed_point': 1, 'C6_final_verification': 1}",10,"{'C1_identify_points': 'Correctly identified that P2, P3, and P4 lie on the ellipse using symmetry.', 'C2_compute_parameters': 'Correct substitution of points leading to a² = 4 and b² = 1.', 'C3_final_ellipse_equation': 'Final ellipse equation is correctly written as x²/4 + y² = 1.', 'C4_setup_line_conditions': 'Properly set up the cases for vertical and non-vertical lines and defined the line equation.', 'C5_prove_fixed_point': 'Mentions using the slope-sum condition and solving for k, t, but details are not fully shown.', 'C6_final_verification': 'States verification by plugging x = 2 to check (2, -1) but lacks complete detailed demonstration.'}",,4177
Math_ShortAns_80,"{'Q21_Part1_Substitution': 1, 'Q21_Part1_Monotonicity_Analysis': 2, 'Q21_Part2_Derivation_for_Extremum': 0, 'Q21_Part2_Final_Answer_and_Justification': 0}",3,"{'Q21_Part1_Substitution': 'The student correctly substituted a = 0 to get f(x) = (2+x) ln(1+x) - 2x, but did not explicitly state the domain x > -1.', 'Q21_Part1_Monotonicity_Analysis': 'The sign analysis for ln(1+x) is used to deduce the sign of f(x) in the given intervals; however, it lacks rigorous derivative analysis.', 'Q21_Part2_Derivation_for_Extremum': ""The derivative computation is incorrect and the derivation of a using f'(0)=0 (or h''(0)=0) is completely missing."", 'Q21_Part2_Final_Answer_and_Justification': 'The final answer provided is arbitrarily chosen as a = 1, which is incorrect since the required answer is a = -1/6, and no proper justification is given.'}",1.0,4843
Math_ShortAns_81,"{'Q21_Part1_Substitution': 1, 'Q21_Part1_Monotonicity_Analysis': 1, 'Q21_Part2_Derivation_for_Extremum': 0, 'Q21_Part2_Final_Answer_and_Justification': 0}",2,"{'Q21_Part1_Substitution': 'The student correctly substituted a = 0 to get f(x) = (2+x) ln(1+x)-2x but did not explicitly state the domain x > -1.', 'Q21_Part1_Monotonicity_Analysis': 'The sign analysis is flawed; the student misinterprets the sign of -2x and concludes both intervals yield f(x) < 0, which is incorrect.', 'Q21_Part2_Derivation_for_Extremum': ""The derivative setup is incorrect and incomplete; the student does not use h''(0)=0 or a proper derivation to obtain a = -1/6."", 'Q21_Part2_Final_Answer_and_Justification': 'The final conclusion is incorrect; the student incorrectly suggests that a can take any value without proper justification.'}",,4911
Math_ShortAns_84,"{'C1_derivative_and_monotonicity': 1, 'C2_maximum_value_determination': 0, 'C3_inequality_proof': 0}",1,"{'C1_derivative_and_monotonicity': 'The derivative is computed incorrectly and the case analysis is missing; only a minimal attempt is made.', 'C2_maximum_value_determination': 'The critical point is not correctly identified and the maximum value is incorrectly evaluated.', 'C3_inequality_proof': 'No correct transformation or proof of the inequality is provided.'}",,4176
Math_ShortAns_85,"{'C1_derivative_and_monotonicity': 5, 'C2_maximum_value_determination': 4, 'C3_inequality_proof': 3}",12,"{'C1_derivative_and_monotonicity': 'The derivative is correctly computed as (2ax+1)(x+1)/x and the discussion for a=0, a>0, and a<0 is complete and accurate.', 'C2_maximum_value_determination': 'The student correctly identifies the critical point x = -1/(2a) for a < 0 and evaluates f(x) at this point.', 'C3_inequality_proof': 'The transformation using t = -1/a and the subsequent derivative analysis of g(t) to prove the inequality are correctly executed.'}",,4533
Math_ShortAns_86,"{'C1_derivative_and_monotonicity': 1, 'C2_maximum_value_determination': 0, 'C3_inequality_proof': 0}",1,"{'C1_derivative_and_monotonicity': 'The derivative was computed correctly, but the student failed to properly analyze the three cases (a = 0, a > 0, and a < 0) and instead assumed f(x) is always increasing.', 'C2_maximum_value_determination': 'The student did not identify the correct critical point x = -1/(2a) for a < 0 nor properly evaluate the maximum value of f(x).', 'C3_inequality_proof': 'The necessary substitution and transformation to prove the inequality were not performed; the argument is incomplete and incorrect.'}",,4939
Math_ShortAns_89,"{'C1_compute_derivative_and_find_m': 3, 'C2_identify_domain_and_monotonicity': 1, 'C3_prove_f_greater_than_zero_for_m_le_2': 1, 'C4_overall_reasoning_and_conclusion': 1}",6,"{'C1_compute_derivative_and_find_m': ""Correct computation of the derivative and solving f'(0)=0 to obtain m=1."", 'C2_identify_domain_and_monotonicity': 'The student correctly identifies the domain but does not complete the detailed monotonicity analysis.', 'C3_prove_f_greater_than_zero_for_m_le_2': 'The strategy to reduce to m=2 is mentioned but no further proof is provided.', 'C4_overall_reasoning_and_conclusion': 'Part (I) is clearly concluded, but the overall explanation, especially for part (II), is incomplete.'}",,4329
Math_ShortAns_90,"{'C1_compute_derivative_and_find_m': 3, 'C2_identify_domain_and_monotonicity': 1, 'C3_prove_f_greater_than_zero_for_m_le_2': 0, 'C4_overall_reasoning_and_conclusion': 0}",4,"{'C1_compute_derivative_and_find_m': ""Correctly computed the derivative and solved f'(0)=0 to obtain m = 1."", 'C2_identify_domain_and_monotonicity': 'Did not identify the domain and gave conflicting and incorrect statements about the monotonicity.', 'C3_prove_f_greater_than_zero_for_m_le_2': 'Proof for f(x) > 0 when m ≤ 2 is not correctly established; the reduction to m = 2 and minimum value analysis is missing.', 'C4_overall_reasoning_and_conclusion': 'Overall explanation is confused with contradictory statements and an incorrect final conclusion.'}",,4062
Math_ShortAns_93,"{'C1_f0_value': 1, 'C2_monotonicity_proof': 1, 'C3_unique_zero_condition': 0, 'C4_final_value_a': 0}",2,"{'C1_f0_value': 'Correctly computed f(0)=1.', 'C2_monotonicity_proof': 'Provides a partial argument using derivative at 0 and sample points rather than a complete monotonicity proof.', 'C3_unique_zero_condition': ""Does not establish the necessary condition for a unique zero in (0, +∞); focuses on f'(x)=0 rather than f(x)=0."", 'C4_final_value_a': 'Incorrect final value (a=2) with inadequate justification; does not obtain a=e²/4.'}",,4713
Math_ShortAns_94,"{'C1_f0_value': 1, 'C2_monotonicity_proof': 0, 'C3_unique_zero_condition': 0, 'C4_final_value_a': 0}",1,"{'C1_f0_value': 'Correct computation of f(0) with a = 1.', 'C2_monotonicity_proof': 'Only numerical examples were given; no proper derivative analysis or proof of monotonicity was provided.', 'C3_unique_zero_condition': ""Failed to set up the correct necessary condition for uniqueness; the attempt with f'(x) and its interpretation is incorrect."", 'C4_final_value_a': 'Final answer for a is not justified and is incorrect; no rigorous analysis is provided.'}",0.95,5023
Math_ShortAns_95,"{'C1_f0_value': 1, 'C2_monotonicity_proof': 1, 'C3_unique_zero_condition': 0, 'C4_final_value_a': 0}",2,"{'C1_f0_value': 'Correct computation of f(0) = 1.', 'C2_monotonicity_proof': 'Provided the derivative but the monotonicity argument is incomplete and lacks full analysis over [0,+∞).', 'C3_unique_zero_condition': 'Incorrect setup of the uniqueness condition; the answer misinterprets the derivative condition without proper justification.', 'C4_final_value_a': 'Final value a = 1/2 is incorrect; proper analysis yields a = e²/4.'}",,4769
Math_ShortAns_98,"{'P1_derivative_analysis': 1, 'P2_a_conclusion': 1, 'P3_product_inequality': 0, 'P4_m_conclusion': 0}",2,"{'P1_derivative_analysis': 'The answer does not perform the required derivative analysis. It only considers f(1) and limit behavior, so minimal partial credit is given.', 'P2_a_conclusion': 'Although the answer concludes a=1, the justification is incomplete and does not address the uniqueness properly.', 'P3_product_inequality': 'The application of the inequality and the estimation of the product are incorrect, leading to a wrong bounding process.', 'P4_m_conclusion': 'The final conclusion m=2 contradicts the established bounds; the reasoning to exclude m=2 is flawed.'}",1.0,4953
Math_ShortAns_99,"{'P1_derivative_analysis': 0, 'P2_a_conclusion': 0, 'P3_product_inequality': 0, 'P4_m_conclusion': 0}",0,"{'P1_derivative_analysis': 'No derivative analysis was conducted; the answer just used test values without proper monotonicity discussion.', 'P2_a_conclusion': 'The conclusion a = -1 is incorrect and unjustified based on the analysis of f(x).', 'P3_product_inequality': ""The inequality was misapplied and the summing of the series was handled incorrectly, leading to an erroneous interpretation of the product's behavior."", 'P4_m_conclusion': 'The conclusion m = 1 is incorrect and lacks proper justification using the derived bounds.'}",1.0,3924
Math_ShortAns_100,"{'P1_derivative_analysis': 4, 'P2_a_conclusion': 2, 'P3_product_inequality': 4, 'P4_m_conclusion': 1}",11,"{'P1_derivative_analysis': 'Correctly computed the derivative and provided full analysis for both cases.', 'P2_a_conclusion': 'Clearly concluded that a=1 with appropriate reasoning.', 'P3_product_inequality': 'Successfully applied the logarithmic inequality and summed the series to bound the product.', 'P4_m_conclusion': 'The reasoning hints at the correct answer, but the minimal integer m was not explicitly stated with complete justification.'}",0.95,4120
Math_ShortAns_103,"{'Q21_C1_derivative': 0, 'Q21_C2_monotonicity_extremum': 0, 'Q21_C3_root_existence': 0, 'Q21_C4_reciprocal_relation': 0}",0,"{'Q21_C1_derivative': ""Incorrect derivation of f'(x); the student obtained -1/x instead of ln x - 1/x and did not specify the domain."", 'Q21_C2_monotonicity_extremum': ""The monotonicity analysis is flawed; f'(x) < 0 implies decreasing, yet the student erroneously concluded the function is increasing and did not identify a unique extremum."", 'Q21_C3_root_existence': 'Test point evaluations are inconsistent and improperly used to determine the existence of two real roots.', 'Q21_C4_reciprocal_relation': 'The student did not address or prove the reciprocal relationship between the roots.'}",,3904
Math_ShortAns_104,"{'Q21_C1_derivative': 2, 'Q21_C2_monotonicity_extremum': 2, 'Q21_C3_root_existence': 2, 'Q21_C4_reciprocal_relation': 1}",7,"{'Q21_C1_derivative': 'The student mentions the domain and that the derivative is computed but lacks detailed product/chain rule steps and explicit expression, so partial credit is given.', 'Q21_C2_monotonicity_extremum': 'The answer indicates that the monotonicity of the derivative leads to a unique critical point, although details are missing.', 'Q21_C3_root_existence': 'The solution correctly states that there is one real root in each interval split by the unique extremum, but no numerical evaluations are shown.', 'Q21_C4_reciprocal_relation': 'The reciprocal relationship is mentioned without proper algebraic justification, hence minimal credit.'}",0.9,3888
Math_ShortAns_105,"{'Q21_C1_derivative': 2, 'Q21_C2_monotonicity_extremum': 3, 'Q21_C3_root_existence': 1, 'Q21_C4_reciprocal_relation': 0}",6,"{'Q21_C1_derivative': 'The derivative is correctly computed using product and chain rules, but the domain (x > 0) is not explicitly mentioned.', 'Q21_C2_monotonicity_extremum': 'The monotonicity of the derivative is correctly analyzed to show uniqueness of the critical point.', 'Q21_C3_root_existence': 'The student attempted to locate sign changes with test points, but the computation (e.g., f(1) and f(3)) is inaccurate and the argument for exactly two roots is incomplete.', 'Q21_C4_reciprocal_relation': 'The reciprocal relation is stated without any algebraic justification.'}",0.95,4851
Math_ShortAns_108,"{'Q1_domain_monotonicity': 1, 'Q1_conclusion_a_range': 0, 'Q2_proof_setup': 0, 'Q2_proof_inequality': 0}",1,"{'Q1_domain_monotonicity': 'The student correctly computed f(1) = e+1-a but did not compute the derivative or discuss the monotonicity properly, and reversed the inequality direction.', 'Q1_conclusion_a_range': 'The conclusion is incorrect; the correct condition should be a ≤ e+1, not a ≥ e+1 and ultimately not [0, +∞).', 'Q2_proof_setup': 'The student incorrectly assumed the zeros lie in [1,2] instead of showing that one zero is less than 1 and the other is greater than 1.', 'Q2_proof_inequality': 'The proof is not valid; the transformation and the monotonicity arguments are missing, and the student incorrectly concludes x₁x₂ > 1.'}",,4848
Math_ShortAns_109,"{'Q1_domain_monotonicity': 3, 'Q1_conclusion_a_range': 2, 'Q2_proof_setup': 2, 'Q2_proof_inequality': 1}",8,"{'Q1_domain_monotonicity': 'Correct domain identification and derivative computation with proper monotonicity analysis.', 'Q1_conclusion_a_range': 'Correct conclusion linking f(1)=e+1-a to require a ≤ e+1.', 'Q2_proof_setup': 'Correctly identifies the positions of the zeroes and sets up the approach, though details are sparse.', 'Q2_proof_inequality': 'Attempts to prove the inequality but the argument is incomplete and contains errors.'}",0.95,5368
Math_ShortAns_112,"{'C1_identify_parabola_properties': 2, 'C2_determine_parameter_p_and_parabola_equation': 2, 'C3_setup_and_slope_relations_for_part2': 2, 'C4_apply_tangent_difference_and_determine_AB_equation': 1}",7,"{'C1_identify_parabola_properties': ""Correctly identified the focus and noted MD is vertical implying M's x-coordinate is p."", 'C2_determine_parameter_p_and_parabola_equation': 'Accurately set up the relation and solved for p, leading to the correct parabola equation.', 'C3_setup_and_slope_relations_for_part2': ""Represented the points and line MN; mentioned use of Vieta's theorem and slope relation, but the derivation of slope relation (k_MN = 2k_AB) is incomplete."", 'C4_apply_tangent_difference_and_determine_AB_equation': 'Final answer for the line AB is correct, but the explanation using the tangent difference formula and derivation steps are largely omitted.'}",,3929
Math_ShortAns_113,"{'C1_identify_parabola_properties': 1, 'C2_determine_parameter_p_and_parabola_equation': 0, 'C3_setup_and_slope_relations_for_part2': 1, 'C4_apply_tangent_difference_and_determine_AB_equation': 0}",2,"{'C1_identify_parabola_properties': 'The answer correctly states the focus is at (p/2, 0) but does not clearly establish that MD being vertical forces M to have x-coordinate p.', 'C2_determine_parameter_p_and_parabola_equation': 'The student incorrectly computes |MF| as |p - p/2| and does not set up the proper relation or solve for p, leaving the parabola equation unsolved.', 'C3_setup_and_slope_relations_for_part2': 'An attempt is made to use slope formulas, but the derivation is confused and lacks the proper use of Vieta’s formulas and the relation between the slopes.', 'C4_apply_tangent_difference_and_determine_AB_equation': 'The tangent difference approach is not correctly applied and the final line equation for AB is not properly derived.'}",,4675
Math_ShortAns_114,"{'C1_identify_parabola_properties': 0, 'C2_determine_parameter_p_and_parabola_equation': 0, 'C3_setup_and_slope_relations_for_part2': 0, 'C4_apply_tangent_difference_and_determine_AB_equation': 0}",0,"{'C1_identify_parabola_properties': 'The student incorrectly located the focus at (p, 0) and did not correctly note that MD being vertical means M has x-coordinate p based on the proper definitions.', 'C2_determine_parameter_p_and_parabola_equation': 'The student misinterpreted |MF| and did not correctly set up the relation p + p/2 = 3, leading to no proper determination of p and the parabola equation.', 'C3_setup_and_slope_relations_for_part2': 'The student did not establish the coordinates via y-parameters or use Vieta’s formulas to derive the relationship between the slopes of MN and AB.', 'C4_apply_tangent_difference_and_determine_AB_equation': 'The approach to apply the tangent difference formula is absent, and the final answer for line AB (y=0) is incorrect based on the required derivation.'}",1.0,4165
Math_ShortAns_117,"{'C1_f_expression': 2, 'C2_monotonicity': 1, 'C3_inequality_setup': 0, 'C4_optimization': 0}",3,"{'C1_f_expression': ""The student correctly differentiates the given expression but fails to substitute x = 1 and x = 0 to determine f(0) and f'(1) to reach the final form."", 'C2_monotonicity': 'The derivative is computed in terms of k and c and an attempt at determining monotonicity is made, but the analysis is incomplete and incorrect.', 'C3_inequality_setup': 'The inequality part is not set up properly; the student does not define the function h(x) or derive the necessary conditions.', 'C4_optimization': 'There is no valid optimization or derivation to reach the maximum value for (a+1)b; the answer is unsupported and incorrect.'}",,4326
Math_ShortAns_118,"{'C1_f_expression': 0, 'C2_monotonicity': 0, 'C3_inequality_setup': 1, 'C4_optimization': 0}",1,"{'C1_f_expression': 'Answer only outlines the method without any actual computation or final expression.', 'C2_monotonicity': 'No explicit analysis or identification of monotonic intervals was provided.', 'C3_inequality_setup': 'The student rewrote the inequality correctly but did not complete the derivative analysis or optimal result.', 'C4_optimization': 'No concrete optimization or result for (a+1)b was given.'}",,3831
Math_ShortAns_121,"{'C1_monotonicity': 2, 'C2_b_maximum': 0, 'C3_ln2_estimate': 0}",2,"{'C1_monotonicity': 'The derivative was computed correctly and the inequality was recognized, but the student incorrectly concluded that f(x) is decreasing instead of increasing.', 'C2_b_maximum': 'The expansion of g(x) was set up correctly, but the analysis is flawed and the final value for b is completely incorrect.', 'C3_ln2_estimate': 'The provided bounds for √2 were used incorrectly, leading to an estimate for ln 2 that is far off.'}",,4558
Math_ShortAns_122,"{'C1_monotonicity': 1, 'C2_b_maximum': 2, 'C3_ln2_estimate': 2}",5,"{'C1_monotonicity': 'The derivative was computed incorrectly (subtraction error) and the analysis is misstated; minimal partial credit was given.', 'C2_b_maximum': 'The setup for g(x) is correct but the analysis is incomplete and testing with a specific value (b=1) does not justify b=2 as the maximum.', 'C3_ln2_estimate': 'While the final approximation is mentioned, the reasoning is vague and lacks proper justification using the bounds on √2.'}",0.9,4800
Math_ShortAns_125,"{'C1_monotonicity_analysis': 1, 'C2_maximum_bound': 0, 'C3_product_inequality': 0}",1,"{'C1_monotonicity_analysis': 'The student correctly applied the product rule to compute the derivative but failed to find the critical points and incorrectly concluded that the function is monotonic decreasing overall.', 'C2_maximum_bound': ""The answer did not check the function's periodicity or evaluate the function at the proper critical points; instead, it used an incorrect argument based on x = π/4 and obtained an irrelevant bound."", 'C3_product_inequality': 'The student simply used the trivial bound sin²(2^k x) ≤ 1 without performing the needed algebraic transformation, which does not justify the desired inequality.'}",,5265
Math_ShortAns_126,"{'C1_monotonicity_analysis': 1, 'C2_maximum_bound': 1, 'C3_product_inequality': 0}",2,"{'C1_monotonicity_analysis': 'The derivative was computed and a brief attempt at sign analysis was made, but critical points were not correctly identified and the conclusion that f(x) is increasing on (0,π) is incorrect.', 'C2_maximum_bound': 'The student re-expressed |f(x)| but incorrectly identified the maximum point (π/6 instead of π/3) and omitted periodicity verification and full justification.', 'C3_product_inequality': 'The student only used a trivial bound (each term ≤ 1) without the required algebraic transformation and proper exponent handling.'}",,4374
Math_ShortAns_127,"{'C1_monotonicity_analysis': 1, 'C2_maximum_bound': 0, 'C3_product_inequality': 0}",1,"{'C1_monotonicity_analysis': ""The student computed a derivative expression but did not solve f'(x)=0 or correctly analyze sign changes; the conclusion that f(x) is increasing everywhere is incorrect."", 'C2_maximum_bound': 'The student did not verify the periodicity and computed extreme values; the argument merely bounds |f(x)| by 1, which does not address the required bound.', 'C3_product_inequality': 'The transformation is missing and the student only replaced each factor by 1, failing to incorporate the earlier bound; the proof is incomplete.'}",,4694
Math_ShortAns_130,"{'C1_rectangular_conversion': 2, 'C2_vector_setup_and_M_coord': 0, 'C3_parametric_equations': 0, 'C4_intersection_analysis': 0}",2,"{'C1_rectangular_conversion': ""Correctly derived x² + y² = 2√2 x but did not complete the square to show the circle's center and radius."", 'C2_vector_setup_and_M_coord': 'Failed to correctly set up the vector relation and express the coordinates of M on C.', 'C3_parametric_equations': 'The parametric equations for P were not properly derived; an arbitrary case was used instead of a general derivation.', 'C4_intersection_analysis': 'No proper analysis of the relative positions of the circles was provided and the conclusion on intersections is incorrect.'}",0.95,4273
Math_ShortAns_131,"{'C1_rectangular_conversion': 0, 'C2_vector_setup_and_M_coord': 1, 'C3_parametric_equations': 0, 'C4_intersection_analysis': 0}",1,"{'C1_rectangular_conversion': 'The student’s conversion is incorrect; the algebraic manipulation and squaring step are wrong and the desired circle form is not achieved.', 'C2_vector_setup_and_M_coord': 'The student attempts to set up the vector relationship but does not properly express M in terms of the parameter, earning only minimal credit.', 'C3_parametric_equations': 'No correct parametric equations for the locus of P are derived; the answer remains in terms of an undefined (x_M, y_M).', 'C4_intersection_analysis': 'The analysis is incorrect, as the student erroneously concludes that C and C₁ intersect.'}",,4082
Math_ShortAns_134,"{'C1_convert_C1': 0, 'C2_convert_C2': 0, 'C3_find_intersection': 0, 'C4_find_circle_rect_eq': 0, 'C5_convert_to_polar': 0}",0,"{'C1_convert_C1': 'Incorrect elimination of the parameter; the answer given (x = -4 + y) does not correctly represent x+y=4.', 'C2_convert_C2': 'Incorrect attempt to eliminate t; the derived relation y = sqrt(x^2 + 4) is not equivalent to the correct x² - y² = 4.', 'C3_find_intersection': 'The system formed from the incorrect ordinary equations leads to an incorrect intersection point P.', 'C4_find_circle_rect_eq': 'No proper derivation of the circle’s rectangular equation based on the given conditions was provided.', 'C5_convert_to_polar': 'The polar equation r = 2 cos(θ + 90°) is incorrect and does not match the expected conversion.'}",,3929
Math_ShortAns_135,"{'C1_convert_C1': 2, 'C2_convert_C2': 2, 'C3_find_intersection': 1, 'C4_find_circle_rect_eq': 0, 'C5_convert_to_polar': 2}",7,"{'C1_convert_C1': 'The student correctly provided the Cartesian equation x + y = 4 for C1.', 'C2_convert_C2': 'The student correctly gave the Cartesian equation x² - y² = 4 for C2.', 'C3_find_intersection': 'The answer mentions solving for the intersection P but does not present the coordinates explicitly.', 'C4_find_circle_rect_eq': 'No rectangular equation of the circle is presented; the student directly provided the polar form.', 'C5_convert_to_polar': 'The final polar equation ρ = (17/5) cos θ is correct.'}",0.95,5181
Math_ShortAns_138,"{'Q22_C1_convert_C1': 2, 'Q22_C2_convert_C2': 0, 'Q22_C3_find_intersection': 0, 'Q22_C4_circle_equation': 0, 'Q22_C5_polar_conversion': 0}",2,"{'Q22_C1_convert_C1': 'Correct conversion for C1 using the trigonometric identity, resulting in x + y = 4.', 'Q22_C2_convert_C2': 'The elimination process for C2 is not completed; the correct elimination to obtain x² - y² = 4 is missing.', 'Q22_C3_find_intersection': 'No valid intersection point P is computed from the system of equations.', 'Q22_C4_circle_equation': 'The circle’s Cartesian equation is not properly derived; the method and computation for the center are incomplete.', 'Q22_C5_polar_conversion': 'There is no clear and correct conversion from the Cartesian circle equation to the polar form.'}",0.95,3809
Math_ShortAns_139,"{'Q22_C1_convert_C1': 2, 'Q22_C2_convert_C2': 2, 'Q22_C3_find_intersection': 0, 'Q22_C4_circle_equation': 0, 'Q22_C5_polar_conversion': 0}",4,"{'Q22_C1_convert_C1': ""Correct derivation of C1's Cartesian equation using the trigonometric identity."", 'Q22_C2_convert_C2': 'Correct elimination of parameter t leading to x² - y² = 4.', 'Q22_C3_find_intersection': 'Incorrect substitution and solution; the intersection point P is wrongly computed.', 'Q22_C4_circle_equation': ""Improper derivation of the circle's equation; did not use correct point P and distance condition."", 'Q22_C5_polar_conversion': 'Incorrect polar conversion; the final polar equation does not match the expected form.'}",,3682
Math_ShortAns_142,"{'P1_AMGM_Setup': 0, 'P2_Algebraic_Manipulation': 0, 'P3_Denominator_Inequalities': 0, 'P4_Finality_Part2': 0}",0,"{'P1_AMGM_Setup': 'No valid use or justification of the AM-GM inequality was provided; the student simply assumed a = b = c without proper reasoning.', 'P2_Algebraic_Manipulation': 'The algebraic manipulation was incorrect. The computation of a, and hence abc, was wrong and led to an incorrect inequality.', 'P3_Denominator_Inequalities': 'The student did not correctly apply the necessary inequalities to the denominators; the approach with summing denominators is unrelated to the required inequality.', 'P4_Finality_Part2': 'The final combination of terms and derivation of the final inequality is incorrect, leading to a reverse inequality gesture from what was required.'}",,3545
Math_ShortAns_143,"{'P1_AMGM_Setup': 0, 'P2_Algebraic_Manipulation': 0, 'P3_Denominator_Inequalities': 0, 'P4_Finality_Part2': 0}",0,"{'P1_AMGM_Setup': 'The student misapplied the AM–GM inequality by reversing the inequality sign and did not justify the correct use of AM–GM for a^(3/2), b^(3/2), c^(3/2).', 'P2_Algebraic_Manipulation': 'The student’s algebraic manipulation is incorrect and leads to an erroneous bound (1/8 or 1/3) rather than 1/9.', 'P3_Denominator_Inequalities': 'No proper application of the denominator bounds (e.g., b+c ≥ 2√(bc)) was demonstrated.', 'P4_Finality_Part2': 'The combination of the inequality results is flawed and does not lead to the established final conclusion.'}",1,3775
Math_ShortAns_144,"{'P1_AMGM_Setup': 2, 'P2_Algebraic_Manipulation': 3, 'P3_Denominator_Inequalities': 2, 'P4_Finality_Part2': 3}",10,"{'P1_AMGM_Setup': 'The student correctly applies the AM–GM inequality to the terms a^(3/2), b^(3/2), and c^(3/2) with suitable justification.', 'P2_Algebraic_Manipulation': 'The student correctly manipulates the inequality to derive (abc)^(1/2) ≤ 1/3 and then abc ≤ 1/9.', 'P3_Denominator_Inequalities': 'The student appropriately applies the lower bounds b+c ≥ 2√(bc), etc., for all terms.', 'P4_Finality_Part2': 'The student successfully combines the results to obtain the final inequality, including the equality condition.'}",,3698
Math_ShortAns_145,"{'P1_AMGM_Setup': 1, 'P2_Algebraic_Manipulation': 0, 'P3_Denominator_Inequalities': 0, 'P4_Finality_Part2': 0}",1,"{'P1_AMGM_Setup': 'The student correctly stated the AM-GM inequality for a^(3/2), b^(3/2), c^(3/2) but did not fully justify its application.', 'P2_Algebraic_Manipulation': 'Incorrect manipulation: the student cubed incorrectly to obtain abc ≤ 1/27 and then arbitrarily switched to 1/10, failing to reach the required result.', 'P3_Denominator_Inequalities': 'The student did not correctly apply the denominator inequalities (e.g., b+c ≥ 2√(bc)) and made unjustified substitutions.', 'P4_Finality_Part2': 'The final combination and derivation for part (2) is flawed and does not lead to the desired inequality.'}",,3570
Math_ShortAns_148,"{'P1_Cauchy_application': 3, 'P2_Substitution_and_derivation': 1, 'P3_Weighted_inequality_application': 0}",4,"{'P1_Cauchy_application': 'The student correctly set up the inequality using the form √(a²+b²+4c²)*√3, but did not clearly explain the rewriting of 4c² as (2c)² or the equality condition.', 'P2_Substitution_and_derivation': 'The student correctly substituted b = 2c and derived a² + 8c² = 3, but did not further deduce the necessary bound on a + 4c.', 'P3_Weighted_inequality_application': 'The student attempted to address part (2) but did not perform a valid weighted inequality application and reached an incorrect conclusion.'}",,4023
Math_ShortAns_149,"{'P1_Cauchy_application': 4, 'P2_Substitution_and_derivation': 1, 'P3_Weighted_inequality_application': 0}",5,"{'P1_Cauchy_application': 'The student correctly rewrote 4c² as (2c)² and applied the RMS-AM inequality to deduce a+b+2c ≤ 3. While a different inequality was used, the method is acceptable.', 'P2_Substitution_and_derivation': 'The student correctly substituted b = 2c to obtain a² + 8c² = 3, but failed to derive the resulting bound on a+4c needed for part (2).', 'P3_Weighted_inequality_application': ""The student attempted to address part (2) but did not apply a proper weighted inequality (such as Titu's lemma) and concluded incorrectly that 1/a + 1/c < 3.""}",1.0,4175
Math_ShortAns_150,"{'P1_Cauchy_application': 0, 'P2_Substitution_and_derivation': 1, 'P3_Weighted_inequality_application': 0}",1,"{'P1_Cauchy_application': 'Incorrect application of the Cauchy inequality by using weights (1, 1, 2) instead of (1, 1, 1), leading to the wrong bound.', 'P2_Substitution_and_derivation': 'Correctly substituted b = 2c and derived a² + 8c² = 3, but did not further deduce a+4c or use this relation effectively.', 'P3_Weighted_inequality_application': 'Failed to apply a weighted inequality (Titu’s lemma) to obtain the desired inequality for 1/a + 1/c.'}",1.0,3742
Math_ShortAns_153,"{'C1_strategy_setup': 1, 'C2_part1_cauchy_application': 0, 'C3_part1_conclusion': 1, 'C4_part2_algebraic_transformation': 0, 'C5_part2_amgm_application': 0}",2,"{'C1_strategy_setup': 'The student hints at transforming the identity and checking the special case a = b but does not clearly outline use of Cauchy or AM–GM.', 'C2_part1_cauchy_application': 'No application of the Cauchy inequality is presented; the step is missing.', 'C3_part1_conclusion': 'Although the correct bound is stated, the derivation is unclear and lacking details, especially the equality condition.', 'C4_part2_algebraic_transformation': 'The algebraic transformation of a³+b³ into a relation to express ab in terms of a+b is not properly executed.', 'C5_part2_amgm_application': 'The AM–GM inequality is not applied; the student does not present a valid argument leading to a+b ≤ 2.'}",,3907
Math_ShortAns_154,"{'C1_strategy_setup': 1, 'C2_part1_cauchy_application': 0, 'C3_part1_conclusion': 0, 'C4_part2_algebraic_transformation': 1, 'C5_part2_amgm_application': 0}",2,"{'C1_strategy_setup': 'The answer attempts to set up a strategy by expressing a³+b³ in terms of s and ab, but it does not clearly mention the intended use of Cauchy for part (1) or AM–GM for part (2).', 'C2_part1_cauchy_application': 'There is no application of the Cauchy inequality; the answer instead uses algebraic transformation that does not lead to the desired bound.', 'C3_part1_conclusion': 'The conclusion (a+b)(a⁵+b⁵) ≥ 4 is stated without a valid derivation from the misapplied transformations.', 'C4_part2_algebraic_transformation': 'A transformation of a³+b³ into s(s²–3ab) is attempted and s³ = 2+3ab·s is mentioned, but the derivation is incomplete and lacks detail.', 'C5_part2_amgm_application': 'The answer does not properly apply the AM–GM inequality; instead, it resorts to a non-rigorous argument about the impossibility of s > 2.'}",0.9,5000
Math_ShortAns_155,"{'C1_strategy_setup': 1, 'C2_part1_cauchy_application': 0, 'C3_part1_conclusion': 0, 'C4_part2_algebraic_transformation': 1, 'C5_part2_amgm_application': 0}",2,"{'C1_strategy_setup': 'The answer attempts to start from the given condition and introduces s and p, but it does not clearly outline separate strategies for part (1) using Cauchy and part (2) using AM–GM.', 'C2_part1_cauchy_application': 'There is no use or mention of the Cauchy inequality to derive (a+b)(a^5+b^5) ≥ (a^3+b^3)^2.', 'C3_part1_conclusion': 'The substitution from a^3+b^3=2 to conclude (a+b)(a^5+b^5) ≥ 4 with the equality case is missing.', 'C4_part2_algebraic_transformation': 'The transformation of a^3+b^3 into s(s^2-3p)=2 and s^3=2+3ps is noted but not fully detailed; partial credit awarded.', 'C5_part2_amgm_application': 'The answer hints at a contradiction if s>2 but does not properly apply the AM–GM inequality to bound ab and conclude a+b ≤ 2.'}",0.95,4500
Math_ShortAns_158,"{'P1_apply_cauchy': 0, 'P2_transform_identity': 2, 'P3_apply_mean_inequality': 0, 'P4_overall_clarity_and_rigor': 0}",2,"{'P1_apply_cauchy': 'The answer does not apply the Cauchy inequality; instead, it diverges into factorization and a numerical check.', 'P2_transform_identity': 'The student correctly factors a³+b³ and expresses it with s and p, earning partial credit, though the transformation to the final inequality is not fully clear.', 'P3_apply_mean_inequality': 'No application of the arithmetic mean inequality is provided; the necessary inequality manipulation is missing.', 'P4_overall_clarity_and_rigor': 'The solution lacks clear logical progression and rigorous justification, especially for the inequality steps.'}",,3902
Math_ShortAns_159,"{'P1_apply_cauchy': 0, 'P2_transform_identity': 1, 'P3_apply_mean_inequality': 0, 'P4_overall_clarity_and_rigor': 0}",1,"{'P1_apply_cauchy': 'The answer does not use the Cauchy inequality at all and only verifies the equality case without proving the general inequality.', 'P2_transform_identity': 'The student correctly factors a³+b³ and introduces the substitution s = a+b and p = ab, but does not use these to deduce the required inequality.', 'P3_apply_mean_inequality': 'The arithmetic mean inequality is not applied, so no proper derivation leading to a+b ≤ 2 is provided.', 'P4_overall_clarity_and_rigor': 'The overall argument is unclear and incorrect, with unjustified assumptions and conclusions.'}",,3511
Math_ShortAns_162,"{'CR1_define_functions_and_piecewise': 2, 'CR2_solve_inequality_part1': 0, 'CR3_determine_range_for_a_part2': 0, 'CR4_final_answer_and_justification': 0}",2,"{'CR1_define_functions_and_piecewise': 'Correctly defined f(x) and provided proper piecewise intervals for g(x).', 'CR2_solve_inequality_part1': 'Inequality on each interval was set up, but the solutions were solved incorrectly and the regions were misapplied.', 'CR3_determine_range_for_a_part2': 'The conditions for a were not derived correctly; instead of finding a in [-1,1], the answer incorrectly states all real numbers.', 'CR4_final_answer_and_justification': 'Final answers do not match the correct results and lack proper justification.'}",,4962
Math_ShortAns_163,"{'CR1_define_functions_and_piecewise': 2, 'CR2_solve_inequality_part1': 3, 'CR3_determine_range_for_a_part2': 3, 'CR4_final_answer_and_justification': 2}",10,"{'CR1_define_functions_and_piecewise': 'Correctly defines f(x) for a = 1 and provides the accurate piecewise expression for g(x).', 'CR2_solve_inequality_part1': 'Appropriately analyzes the three regions and obtains the correct final solution set, matching the reference solution.', 'CR3_determine_range_for_a_part2': 'Properly sets up and solves the inequalities to ensure the interval [-1, 1] is contained, yielding a ∈ [-1, 1].', 'CR4_final_answer_and_justification': 'Final answers for both parts are clearly stated and justified.'}",,5206
Math_ShortAns_166,"{'Q23_C1_cartesian': 1, 'Q23_C2_polarC1': 0, 'Q23_C3_systemsetup': 0, 'Q23_C4_final_intersections': 0}",1,"{'Q23_C1_cartesian': 'The student noted that C1 is a circle with center (4,5) and radius 5, but did not correctly eliminate the parameter or give the proper Cartesian/polar equation.', 'Q23_C2_polarC1': 'No correct substitution into polar coordinates was shown; the answer provided (ρ = 4 + 5 cos θ) is incorrect.', 'Q23_C3_systemsetup': 'The setup for finding intersections is incorrect since the student equated the wrong polar equations without converting C1 properly, leading to an invalid equation.', 'Q23_C4_final_intersections': 'The student’s final answer is incorrect; instead of two specific points, they claim infinitely many intersections at a single angle.'}",,3578
Math_ShortAns_167,"{'Q23_C1_cartesian': 3, 'Q23_C2_polarC1': 2, 'Q23_C3_systemsetup': 3, 'Q23_C4_final_intersections': 2}",10,"{'Q23_C1_cartesian': 'Successfully eliminated the parameter to obtain (x-4)²+(y-5)²=25.', 'Q23_C2_polarC1': 'Correctly substituted x = ρ cosθ and y = ρ sinθ to derive ρ² - 8ρ cosθ - 10ρ sinθ + 16 = 0.', 'Q23_C3_systemsetup': 'Properly converted C2 to Cartesian form and set up the system to find the intersection points (1,1) and (0,2).', 'Q23_C4_final_intersections': 'Accurately converted the Cartesian intersections to polar coordinates: (√2, π/4) and (2, π/2).'}",1.0,3236
Math_ShortAns_170,"{'C1_use_identity': 3, 'C2_conclusion_part1': 2, 'C3_setup_part2': 3, 'C4_derivation_part2': 2}",10,"{'C1_use_identity': 'Correctly applied the identity and rearranged it to express ab+bc+ca.', 'C2_conclusion_part1': 'Properly concluded that since a²+b²+c² > 0, we have ab+bc+ca < 0.', 'C3_setup_part2': 'Correctly assumed max{a, b, c} = a and deduced the sign conditions from a+b+c=0 and abc=1.', 'C4_derivation_part2': 'Derivation demonstrates that a³ ≥ 4 and concludes a ≥ ∛4, as required.'}",,4223
Math_ShortAns_171,"{'C1_use_identity': 1, 'C2_conclusion_part1': 0, 'C3_setup_part2': 0, 'C4_derivation_part2': 0}",1,"{'C1_use_identity': 'The student expressed the product sum in terms of a and b via substitution, but did not use the required identity correctly and the derivation is incomplete.', 'C2_conclusion_part1': 'The student only provided a numerical example (which does not satisfy the conditions) and did not establish the general argument why the sum is negative.', 'C3_setup_part2': 'The setup incorrectly assumes max{a, b} instead of max{a, b, c} and fails to reason about the sign of the numbers.', 'C4_derivation_part2': 'The derivation is flawed and does not lead to a valid inequality showing that max ≥ ∛4.'}",0.95,3513
Math_ShortAns_174,"{'C1_part1_cauchy': 0, 'C2_part1_equality': 0, 'C3_part2_cauchy': 0, 'C4_part2_conclusion': 1}",1,"{'C1_part1_cauchy': 'The student did not use Cauchy’s inequality to set up and derive the lower bound; they only expanded and attempted a derivative approach, which did not yield the correct lower bound.', 'C2_part1_equality': 'No proper equality condition was identified or justified; the candidate x = y = z = 1/3 is incorrect based on the required equality conditions.', 'C3_part2_cauchy': 'The student did not apply Cauchy’s inequality in part (2) and instead loosely expanded the expression without deriving the precise condition in terms of a.', 'C4_part2_conclusion': 'The final conclusion on a was stated correctly, but without a proper derivation, so only partial credit is awarded.'}",,4569
Math_ShortAns_175,"{'C1_part1_cauchy': 0, 'C2_part1_equality': 0, 'C3_part2_cauchy': 0, 'C4_part2_conclusion': 0}",0,"{'C1_part1_cauchy': 'The student does not use Cauchy’s inequality; instead, they substitute for z and expand, and then incorrectly guess a minimum by testing x = 0, y = 0.', 'C2_part1_equality': 'No discussion or identification of the equality condition is provided.', 'C3_part2_cauchy': ""The student fails to properly set up or apply Cauchy's inequality to derive a condition in terms of a; the expansion is incomplete and incorrect."", 'C4_part2_conclusion': 'The conclusion on the parameter range is contradictory and not correctly justified; the final answer does not match the correct deduction.'}",1.0,4693
Math_ShortAns_178,"{'C1_part1_cauchy_application': 0, 'C2_part1_equality_condition': 0, 'C3_part2_inequality_application': 0, 'C4_part2_parameter_deduction': 0}",0,"{'C1_part1_cauchy_application': 'The answer fails to use the Cauchy inequality; moreover, the condition is misapplied (using x+y+z=2 instead of 1), leading to an incorrect bound.', 'C2_part1_equality_condition': 'There is no correct identification or verification of the equality condition, so no credit can be given.', 'C3_part2_inequality_application': 'The application of the Cauchy inequality in part (2) is absent; the solution merely expands the squares without proper analysis.', 'C4_part2_parameter_deduction': 'The deduction of the parameter range is incorrect and unjustified, resulting in an inconsistent conclusion.'}",,4435
Math_ShortAns_179,"{'C1_part1_cauchy_application': 0, 'C2_part1_equality_condition': 0, 'C3_part2_inequality_application': 0, 'C4_part2_parameter_deduction': 1}",1,"{'C1_part1_cauchy_application': 'The student did not apply the Cauchy inequality; they expanded the expression and made an incorrect conclusion.', 'C2_part1_equality_condition': 'No proper determination of the equality condition was provided; they used an arbitrary substitution leading to an incorrect minimal value.', 'C3_part2_inequality_application': 'The student did not correctly set up or apply the Cauchy inequality to derive the relation needed.', 'C4_part2_parameter_deduction': 'Although the final answer for the parameter range is correct, the deduction lacks proper justification and clear algebraic steps.'}",1.0,4911
Math_ShortAns_182,"{'C1_piecewise_representation': 3, 'C2_solve_inequality_part1': 3, 'C3_final_answer_part1': 1, 'C4_transform_inequality_part2': 1, 'C5_solve_parameter_range': 2}",10,"{'C1_piecewise_representation': 'Correct identification of the critical points and correct piecewise representation of the function.', 'C2_solve_inequality_part1': 'Each interval was handled correctly, and the solution on each was clearly explained.', 'C3_final_answer_part1': 'The final answer [-2, 3] is explicitly stated and justified.', 'C4_transform_inequality_part2': 'The transformation to |x+a| + |x-2| ≥ 4 is correctly presented.', 'C5_solve_parameter_range': 'The use of the triangle inequality to derive |a+2| ≥ 4 and solving it to get a ≤ -6 or a ≥ 2 is fully correct.'}",0.95,4110
Math_ShortAns_183,"{'C1_piecewise_representation': 3, 'C2_solve_inequality_part1': 3, 'C3_final_answer_part1': 1, 'C4_transform_inequality_part2': 0, 'C5_solve_parameter_range': 0}",7,"{'C1_piecewise_representation': 'Correctly identified the critical points and derived the proper piecewise expressions for a=1.', 'C2_solve_inequality_part1': 'Accurately solved the inequalities on each interval and combined them to get the final solution [-2, 3].', 'C3_final_answer_part1': 'Final answer for part (1) is clearly stated as [-2, 3].', 'C4_transform_inequality_part2': 'The transformation was done using a=1 instead of keeping the parameter a, thus not meeting the requirement.', 'C5_solve_parameter_range': 'Incorrect approach in part (2) as the parameter a was not handled properly; the final range a ≤ 0 is incorrect.'}",,5392
Math_ShortAns_186,"{'Q1a_substitution': 2, 'Q1a_case_analysis': 1, 'Q1a_final': 0, 'Q2_analysis': 0, 'Q2_final': 0}",3,"{'Q1a_substitution': 'Correct substitution was made to obtain f(x)=|x-1|x+|x-2|(x-1).', 'Q1a_case_analysis': 'The student correctly divided the domain into cases but made significant algebraic errors in the simplifications for each interval.', 'Q1a_final': 'The final answer for part (1) is incorrect; it should be (-∞, 1) rather than (1, 2).', 'Q2_analysis': 'The analysis for part (2) is flawed and does not set up the correct inequality for f(x)<0 on (-∞, 1).', 'Q2_final': 'The stated parameter range a in (-∞, 3) is incorrect; the correct range should be [1, +∞).'}",0.95,5225
Math_ShortAns_187,"{'Q1a_substitution': 2, 'Q1a_case_analysis': 3, 'Q1a_final': 1, 'Q2_analysis': 2, 'Q2_final': 2}",10,"{'Q1a_substitution': 'Correctly substituted a=1 and rewrote f(x) as |x-1|x + |x-2|(x-1).', 'Q1a_case_analysis': 'Properly divided the domain into three cases and simplified expressions correctly for each.', 'Q1a_final': 'Accurately concluded the solution set for x as (-∞, 1).', 'Q2_analysis': 'Correctly analyzed the inequality for x in (-∞, 1) and set up the conditions based on a.', 'Q2_final': 'Correctly deduced the range of a as [1, +∞) in alignment with the analysis.'}",1.0,3919
Math_ShortAns_190,"{'CR1_substitution': 2, 'CR2_proving_part1': 2, 'CR3_part2_setup': 3, 'CR4_part2_AMGM': 2, 'CR5_final_conclusion': 1}",10,"{'CR1_substitution': 'Correctly uses abc = 1 to convert 1/a+1/b+1/c into ab+ac+bc.', 'CR2_proving_part1': 'Clearly shows a²+b²+c² ≥ ab+ac+bc via the basic inequality.', 'CR3_part2_setup': 'Properly establishes (a+b)³+(b+c)³+(c+a)³ ≥ 3(a+b)(b+c)(c+a) with appropriate mention of equality condition.', 'CR4_part2_AMGM': 'Applies AM-GM correctly to derive the bound leading to (a+b)³+(b+c)³+(c+a)³ ≥ 24.', 'CR5_final_conclusion': 'Final conclusions for both parts are stated clearly with the equality condition implied.'}",,3897
Math_ShortAns_191,"{'CR1_substitution': 2, 'CR2_proving_part1': 0, 'CR3_part2_setup': 0, 'CR4_part2_AMGM': 0, 'CR5_final_conclusion': 0}",2,"{'CR1_substitution': 'Correctly used abc=1 to substitute 1/a = bc, 1/b = ac, and 1/c = ab.', 'CR2_proving_part1': 'Did not prove that a²+b²+c² ≥ ab+ac+bc; only compared lower bounds (both ≥ 3), which is insufficient.', 'CR3_part2_setup': 'Failed to set up the inequality via (a+b)³+(b+c)³+(c+a)³ ≥ 3(a+b)(b+c)(c+a) as required.', 'CR4_part2_AMGM': 'Incorrect use of AM-GM and erroneous intermediate steps; did not correctly derive (a+b)(b+c)(c+a) ≥ 8.', 'CR5_final_conclusion': 'Final conclusions state the inequalities are reversed, which contradicts the desired result.'}",,4553
Math_ShortAns_192,"{'CR1_substitution': 2, 'CR2_proving_part1': 0, 'CR3_part2_setup': 0, 'CR4_part2_AMGM': 0, 'CR5_final_conclusion': 0}",2,"{'CR1_substitution': 'Correctly used abc = 1 to write 1/a = bc, etc.', 'CR2_proving_part1': 'Did not correctly prove that a²+b²+c² ≥ ab+ac+bc; used an incorrect AM-GM approach.', 'CR3_part2_setup': 'Fails to set up the proper inequality linking the cube sums to 3(a+b)(b+c)(c+a).', 'CR4_part2_AMGM': 'Did not correctly apply AM-GM to establish the needed bound in Part (2).', 'CR5_final_conclusion': 'Final conclusions are unclear and do not correctly conclude Part (1) or properly justify equality conditions.'}",,4269
Math_ShortAns_193,"{'CR1_substitution': 1, 'CR2_proving_part1': 0, 'CR3_part2_setup': 0, 'CR4_part2_AMGM': 0, 'CR5_final_conclusion': 0}",1,"{'CR1_substitution': 'The student attempts a substitution by setting x=1/a etc. and notes xyz=1, but does not clearly show 1/a = bc, so partial credit.', 'CR2_proving_part1': 'No valid argument was provided to show a²+b²+c² ≥ ab+ac+bc; the student’s reasoning is off-topic.', 'CR3_part2_setup': 'The student merely expands the cube without establishing the key inequality (a+b)³+(b+c)³+(c+a)³ ≥ 3(a+b)(b+c)(c+a).', 'CR4_part2_AMGM': 'The student incorrectly argues using limits and does not apply AM-GM to derive the needed bound.', 'CR5_final_conclusion': 'The final conclusions are incorrect and do not match the established results.'}",,4489
Math_ShortAns_196,"{'C1_conditions': 2, 'C2_part1_squaring': 0, 'C3_part2_forward': 0, 'C4_part2_reverse': 0, 'C5_final_conclusion': 0}",2,"{'C1_conditions': 'The answer correctly states that a+b=c+d and that a, b, c, d are positive.', 'C2_part1_squaring': 'The solution fails to provide the required squaring steps and incorrectly applies the AM inequality, leading to the wrong inequality sign.', 'C3_part2_forward': 'The forward direction is not clearly or correctly derived; necessary steps are missing and the logic is flawed.', 'C4_part2_reverse': 'The reverse direction is not rigorously expanded; no valid transformation from |a-b|<|c-d| to the inequality is given.', 'C5_final_conclusion': 'The final conclusion is incorrect and does not establish the required equivalence.'}",,3698
Math_ShortAns_197,"{'C1_conditions': 2, 'C2_part1_squaring': 3, 'C3_part2_forward': 1, 'C4_part2_reverse': 0, 'C5_final_conclusion': 0}",6,"{'C1_conditions': 'The student clearly states that a, b, c, d are positive and a+b=c+d.', 'C2_part1_squaring': 'They correctly squared the sums and used a+b=c+d and ab>cd to deduce the inequality.', 'C3_part2_forward': 'The student attempted to deduce the forward implication, but erroneously inferred a+b > c+d and did not properly detail the necessary steps.', 'C4_part2_reverse': 'The reverse direction is handled incorrectly; the expansion and reasoning lead to the wrong inequality.', 'C5_final_conclusion': 'The final conclusion is stated but is not fully backed by correct derivations.'}",,3663
Math_ShortAns_200,"{'C1_substitute_and_simplify_part1': 1, 'C2_solve_inequality_part1': 2, 'C3_final_answer_part1': 1, 'C4_setup_inequality_part2': 2, 'C5_analyze_parameter_part2': 3}",9,"{'C1_substitute_and_simplify_part1': 'Correctly substituted a = 2 and rewrote f(x) as |2x-2|+2.', 'C2_solve_inequality_part1': 'Properly subtracted 2 and solved |2x-2| ≤ 4, arriving at x ∈ [-1, 3].', 'C3_final_answer_part1': 'Final answer for part (1) is clearly stated as {x | -1 ≤ x ≤ 3}.', 'C4_setup_inequality_part2': 'The inequality f(x)+g(x) ≥ 3 is set up correctly with the proper expression involving absolute values.', 'C5_analyze_parameter_part2': 'Final answer for a is correct ([2, +∞)), but the analysis and case breakdown for a is terse and lacks detailed justification.'}",,4595
Math_ShortAns_201,"{'C1_substitute_and_simplify_part1': 1, 'C2_solve_inequality_part1': 2, 'C3_final_answer_part1': 1, 'C4_setup_inequality_part2': 2, 'C5_analyze_parameter_part2': 2}",8,"{'C1_substitute_and_simplify_part1': 'Correctly substituted a = 2 and simplified to f(x) = |2x - 2| + 2.', 'C2_solve_inequality_part1': 'Properly solved |2x-2| + 2 ≤ 6 and obtained the correct solution set [-1,3].', 'C3_final_answer_part1': 'Clearly stated the final answer for part (1) as [-1, 3].', 'C4_setup_inequality_part2': 'Correctly set up the inequality f(x)+g(x)=|2x-a|+a+|2x-1|≥3 and outlined a case analysis.', 'C5_analyze_parameter_part2': 'Case analysis was attempted but led to an incorrect overall conclusion, including extraneous a ≤ -2; partial credit given for identifying a ≥ 2.'}",,4848
Math_ShortAns_204,"{'R1_derive_ab_bound': 0, 'R2_minimum_a3b3': 0, 'R3_final_minimum_value': 0, 'R4_nonexistence_of_solution_II': 0}",0,"{'R1_derive_ab_bound': 'The derivation of ab ≥ 2 is incorrect. The student misapplies AM-GM, leading to an erroneous contradiction.', 'R2_minimum_a3b3': 'The approach to find a lower bound for a³+b³ is flawed and does not correctly use the inequality to obtain 4√2.', 'R3_final_minimum_value': ""The final value is stated as '不存在', which is incorrect since the minimum should be 4√2 achieved when a = b = √2."", 'R4_nonexistence_of_solution_II': 'The inequality used for 2a+3b is misapplied and the reasoning is unsound, even though the student concludes no solution exists.'}",1.0,4502
Math_ShortAns_205,"{'R1_derive_ab_bound': 0, 'R2_minimum_a3b3': 0, 'R3_final_minimum_value': 0, 'R4_nonexistence_of_solution_II': 0}",0,"{'R1_derive_ab_bound': 'The student failed to derive the bound for ab using AM-GM and instead unjustifiably assumed ab = 1.', 'R2_minimum_a3b3': 'The computation of a^3+b^3 is based on the incorrect assumption and misapplication of the formula, leading to an erroneous result.', 'R3_final_minimum_value': 'The final minimum value is incorrectly stated as -1, without proper justification or satisfying the equality conditions.', 'R4_nonexistence_of_solution_II': 'The student incorrectly assumes a solution exists by choosing b = 2a, contradicting the correct conclusion that no such a and b exist.'}",1.0,3256
Math_ShortAns_208,"{'Q1_ab_lower_bound': 0, 'Q2_min_a3b3': 0, 'Q3_linear_combination': 0}",0,"{'Q1_ab_lower_bound': 'The student did not correctly apply the AM-GM inequality to derive that ab ≥ 2 and did not address the equality case.', 'Q2_min_a3b3': 'The student incorrectly guessed values (a=b=1) without proper justification and obtained an incorrect minimum value for a³+b³.', 'Q3_linear_combination': 'The reasoning for part (II) is flawed; the student incorrectly concludes that there exists a solution instead of showing the lower bound exceeds 6.'}",0.95,4587
Math_ShortAns_209,"{'Q1_ab_lower_bound': 0, 'Q2_min_a3b3': 0, 'Q3_linear_combination': 0}",0,"{'Q1_ab_lower_bound': 'The student incorrectly manipulated the equation and did not correctly apply AM-GM to derive ab ≥ 2 with a = b = √2.', 'Q2_min_a3b3': 'The derivation of a³+b³ is flawed; substituting with a+b = ab√(ab) and then claiming the minimum value is 1 (at a=b=1) is incorrect.', 'Q3_linear_combination': 'Although the student concludes no solution exists for 2a+3b=6, the substitution process is erroneous and the proper inequality bound is not established.'}",,5010
Math_ShortAns_212,"{'I1_apply_triangle_inequality': 0, 'I2_use_AM_GM': 0, 'I3_conclude_part_I': 0, 'II1_substitute_and_setup': 1, 'II2_case_analysis': 0, 'II3_solve_resulting_inequalities': 0, 'II4_combine_solution_sets': 0}",1,"{'I1_apply_triangle_inequality': 'The student did not apply the triangle inequality and did not show the necessary step-by-step explanation.', 'I2_use_AM_GM': 'No attempt to justify a + 1/a ≥ 2 using the AM-GM inequality was made.', 'I3_conclude_part_I': 'The conclusion is incorrect; the student incorrectly deduced f(x) ≥ 1 instead of f(x) ≥ 2.', 'II1_substitute_and_setup': 'The substitution of x = 3 into f(x) was done correctly with the correct expression set up.', 'II2_case_analysis': 'The case analysis is incomplete, considering only one case (a < 2) instead of a full breakdown based on a compared to 3.', 'II3_solve_resulting_inequalities': 'The inequalities were not solved correctly; the manipulation led to an incorrect inequality.', 'II4_combine_solution_sets': 'The final combination is incorrect, yielding an answer that does not match the expected result.'}",0.95,4139
Math_ShortAns_213,"{'I1_apply_triangle_inequality': 0, 'I2_use_AM_GM': 0, 'I3_conclude_part_I': 0, 'II1_substitute_and_setup': 1, 'II2_case_analysis': 0, 'II3_solve_resulting_inequalities': 1, 'II4_combine_solution_sets': 0}",2,"{'I1_apply_triangle_inequality': 'No clear application of the triangle inequality; instead, the student discussed individual minimums without combining them properly.', 'I2_use_AM_GM': 'The AM-GM inequality was referenced indirectly without a clear explanation or application.', 'I3_conclude_part_I': 'The conclusion that f(x) ≥ 2 is stated, but the reasoning is incomplete and lacks proper linkage to the earlier steps.', 'II1_substitute_and_setup': 'Correct substitution of x = 3 and setup of the inequality f(3) < 5.', 'II2_case_analysis': 'Only one case was considered (when 3 - a ≥ 0); the student did not perform a comprehensive case analysis.', 'II3_solve_resulting_inequalities': 'The inequality for one case was manipulated and partially solved, but the overall analysis is incomplete.', 'II4_combine_solution_sets': 'The final answer was incorrectly combined, giving an incorrect interval for a.'}",,4318
Math_ShortAns_216,"{'C1_partI_setup': 2, 'C2_partI_application': 1, 'C3_partII_amgm': 0, 'C4_partII_summation': 0}",3,"{'C1_partI_setup': 'The student correctly expands (a+b+c)² = a²+b²+c²+2(ab+bc+ca) = 1.', 'C2_partI_application': 'The student attempts an inequality argument but misuses Cauchy-Schwarz without clearly showing a²+b²+c² ≥ ab+bc+ca.', 'C3_partII_amgm': 'No use of AM–GM is present; the student incorrectly repeats the Part I argument.', 'C4_partII_summation': ""There is no valid summation or derivation for Part II's inequality.""}",,5148
Math_ShortAns_217,"{'C1_partI_setup': 0, 'C2_partI_application': 1, 'C3_partII_amgm': 0, 'C4_partII_summation': 0}",1,"{'C1_partI_setup': 'The student did not use the expansion (a+b+c)^2 = a^2+b^2+c^2+2(ab+bc+ca)=1 as required.', 'C2_partI_application': 'They obtained the correct final inequality for Part I via AM-GM, but did not show the detailed intermediate steps or proper reasoning.', 'C3_partII_amgm': 'The AM-GM application for each term in Part II is missing; instead, they used a defective AM-GM on the whole sum.', 'C4_partII_summation': 'The summation and conclusion for Part II are incorrect, leading to the wrong statement.'}",1.0,4159
