script_id,confidence,model_score,scores,comments,tokens_used
Math_ShortAns_2,0.95,5,"{""C1"": 3, ""C2"": 2, ""C3"": 0}","{""C1"": ""The student\u2019s final answer is correct: the maximum value is 1. However, while the answer is right, the work shows some incomplete derivations and misuse of trigonometric formulas."", ""C2"": ""The approach attempts to expand the function and express it as a linear combination of sine and cosine, which is a valid idea. However, the student admits to confusion in the application of the formulas and does not complete the amplitude calculation rigorously."", ""C3"": """"}",3193
Math_ShortAns_3,0.9,2,"{""C1"": 1, ""C2"": 1, ""C3"": 0}","{""C1"": ""The initial transformation using trigonometric identities is partly correct, but the student makes a critical error in the final amplitude calculation and arrives at an incorrect numerical answer."", ""C2"": ""There is an attempt to logically combine like terms and use the maximum value property of a sinusoidal function, but the reasoning becomes muddled and several formulas are confused, which undermines the overall solution."", ""C3"": ""The answer is incomplete because it does not reach a clear, justified result \u2013 the final value is ambiguous and does not match the correct maximum value.""}",4104
Math_ShortAns_6,0.95,3,"{""C1"": 3, ""C2"": 0, ""C3"": 0}","{""C1"": ""The student correctly set up the sequence and solved for the common ratio r, and computed individual terms accurately. Their algebraic manipulation until the summation was sound."", ""C2"": ""The final summation is handled incorrectly. Although the correct sum in fractional form is 121/3, the student mistakenly concluded S5 = 40."", ""C3"": """"}",3906
Math_ShortAns_7,0.9,2,"{""C1"": 1, ""C2"": 0, ""C3"": 1}","{""C1"": ""Although the student correctly set up the sequence terms and derived the equation, the final value for the common ratio is wrong."", ""C2"": ""The logical reasoning fails when the student arbitrarily assumes r equals 2 instead of solving the equation, which undermines the solution."", ""C3"": ""The answer is incomplete as it does not correctly determine r or the correct sum S5, leading to an inaccurate final answer.""}",3640
Math_ShortAns_10,,0,"{""C1"": 0, ""C2"": 0, ""C3"": 0}","{""C1"": """", ""C2"": """", ""C3"": """"}",1127
Math_ShortAns_11,0.95,1,"{""C1"": 0, ""C2"": 1, ""C3"": 0}","{""C1"": ""The final answer (60\u00b0) is incorrect; the correct angle should be 90\u00b0."", ""C2"": ""The reasoning is disorganized and based on unfounded assumptions rather than proper geometric derivation."", ""C3"": ""The explanation is incomplete; it does not effectively use the given vector condition to conclude the correct result.""}",2253
Math_ShortAns_14,0.9,2,"{""C1"": 1, ""C2"": 1, ""C3"": 0}","{""C1"": ""The final answer is incorrect and does not match the expected answer of the problem. Several steps lead to contradictions and a confusing mix of circle equations."", ""C2"": ""The logical reasoning is flawed. The assumption that the center lies on the vertical line through A is unjustified, and the derivation becomes inconsistent with conflicting results."", ""C3"": ""The solution is incomplete. The student does not provide a correct, coherent final answer and ends with contradictory equations.""}",3216
Math_ShortAns_15,0.9,7,"{""C1"": 5, ""C2"": 1, ""C3"": 1}","{""C1"": ""The final answer (x-3)^2 + y^2 = 2 is completely correct."", ""C2"": ""The answer lacks any explanation or demonstration of the logical steps needed to derive the result."", ""C3"": ""While the correct answer is provided, the solution is incomplete as it does not show the full process.""}",4927
Math_ShortAns_18,1.0,0,"{""C1"": 0, ""C2"": 0, ""C3"": 0}","{""C1"": ""The final answer is incorrect. The student did not correctly derive a valid expression for the sum, and the arbitrary assumption a1 = 0 leads to the wrong result."", ""C2"": ""The logical reasoning is flawed. Although the student set up the initial recurrences, the step of grouping terms and then assuming a pattern was not valid, and the decision to approximate the sum is baseless."", ""C3"": ""The solution is incomplete. Key derivations and rigorous computations are missing, and the final estimation (240) does not match the expected result.""}",2459
Math_ShortAns_19,0.95,1,"{""C1"": 0, ""C2"": 1, ""C3"": 0}","{""C1"": ""The final answer is completely incorrect; the expected sum should be derived correctly from the recurrence, but the student's answer of 180 does not match the correct 1830."", ""C2"": ""The student's logical process is confused and inconsistent. They set up some initial equations, but then misapply the recurrence (e.g., using 9 instead of 7) and jump to an unfounded generalization."", ""C3"": ""The answer lacks the necessary completeness. The recursive relation was not properly resolved to find a general formula or a pattern leading to the sum. The solution is incomplete and imprecise.""}",2676
Math_ShortAns_22,0.95,2,"{""C1"": 2, ""C2"": 0, ""C3"": 0}","{""C1"": ""\u7b2c\u4e00\u90e8\u5206\u4e2d\uff0c\u5b66\u751f\u5bf9 a\u2099\u208a\u2081\u00b2 + 2a\u2099\u208a\u2081 = 4S\u2099\u208a\u2081 + 3 \u4e0e\u539f\u5f0f\u76f8\u51cf\uff0c\u63a8\u51fa 2(a\u2099\u208a\u2081 + a\u2099) = (a\u2099\u208a\u2081 + a\u2099)(a\u2099\u208a\u2081 - a\u2099) \u7684\u64cd\u4f5c\u5728\u5f62\u5f0f\u4e0a\u6b63\u786e\uff0c\u53ef\u63a8\u51fa a\u2099\u208a\u2081 - a\u2099 = 2\uff08\u5229\u7528 a\u2099 > 0 \u6392\u9664\u4e86\u96f6\u56e0\u5b50\uff09\uff0c\u4f46\u672a\u4f5c\u8fdb\u4e00\u6b65\u8bf4\u660e\u3002"", ""C2"": """", ""C3"": """"}",14266
Math_ShortAns_23,0.95,2,"{""C1"": 1, ""C2"": 1, ""C3"": 0}","{""C1"": ""The answer attempts to manipulate the given equation but the key derivations to isolate and solve for a_n are incorrect. The substitutions (e.g., trying a_n = n and a_n = n+1) lead to contradictions and do not provide a valid formula."", ""C2"": ""The algebraic steps are confusing and lack clear logical justification. The student repeatedly resorts to guesses rather than a systematic derivation, which undermines the overall reasoning."", ""C3"": ""The answer remains incomplete. Although a telescoping sum is mentioned for b_n, the final correct forms for both a_n and the sum of b_n are not reached, leaving the problem unsolved.""}",4259
Math_ShortAns_26,0.95,11,"{""C1"": 6, ""C2"": 5, ""C3"": 0}","{""C1"": ""The student\u2019s answer correctly obtains angle C = \u03c0/3 and, through a series of valid transformations, deduces that a+b = 5 leading to the perimeter 5 + \u221a7. The final numerical results are correct."", ""C2"": ""Although the logical steps are abbreviated, the student applied appropriate trigonometric and algebraic arguments (e.g., using sin(\u03c0 \u2013 C) = sin C and the area formula) to reach the answer. However, some intermediate justifications and details are omitted, resulting in a slightly reduced score in reasoning completeness."", ""C3"": """"}",4717
Math_ShortAns_27,0.95,0,"{""C1"": 0, ""C2"": 0, ""C3"": 0}","{""C1"": ""In part (I) the student arbitrarily sets x = 1 without justification, leading to a faulty conclusion that C = 90\u00b0. The derivation does not follow from the given identity and is inconsistent with the cosine law."", ""C2"": ""For part (II) the student assumes particular values for a and b to match the area formula, but the assumption a = 3 and b = 1 does not satisfy the relation ab = 3\u221a3. This arbitrary choice results in an incorrect perimeter. The reasoning and computations are not valid."", ""C3"": """"}",2340
Math_ShortAns_28,0.95,0,"{""C1"": 0, ""C2"": 0, ""C3"": 0}","{""C1"": ""For part (I) the student arbitrarily assumed cos C equals 0 to obtain C = 90\u00b0, which is not justified by any correct application of the cosine law or the given relation. The assumption is inconsistent with the equation provided."", ""C2"": ""For part (II) the student made an unfounded assumption that a + b equals 5 and simply stated the perimeter as 5 + \u221a7. There is no logical derivation connecting the given area and side length to this result, making the answer incomplete and incorrect."", ""C3"": """"}",3258
Math_ShortAns_31,0.9,4,"{""C1"": 2, ""C2"": 1, ""C3"": 1}","{""C1"": ""The answer computes the initial terms correctly but fails to prove the required relation a(n+2)-a(n)=lambda, and the manipulations remain incomplete."", ""C2"": ""The reasoning is fragmented and does not adequately connect the computed results with the statement to be proved."", ""C3"": ""The answer is incomplete. It does not provide a rigorous proof for part I and the discussion for part II is inconclusive.""}",2811
Math_ShortAns_32,1.0,4,"{""C1"": 2, ""C2"": 2, ""C3"": 0}","{""C1"": ""The answer contains several errors in the calculations and key results. In particular, the proof of a(n+2) - a(n) = lambda is not successfully derived, and the conclusion in part (II) is incorrect since a proper analysis shows there exists a specific lambda (namely, lambda = 4) for which the sequence becomes arithmetic."", ""C2"": ""The logical reasoning is weak. The student only computed examples for small n without establishing a general argument needed for the proof. This approach fails to justify the general result."", ""C3"": ""The answer is incomplete. It stops midway in part (I) and does not provide the required general deduction, while part (II) is wrongly concluded without adequate reasoning.""}",3599
Math_ShortAns_33,0.95,2,"{""C1"": 1, ""C2"": 1, ""C3"": 0}","{""C1"": ""The answer does not correctly prove that a(n+2) - a(n) equals \u03bb and incorrectly claims the conclusion is false. In addition, the evaluation for part (II) is not supported by the proper argument."", ""C2"": ""The student\u2019s approach shows some basic calculation for initial terms but fails to connect these to a valid general proof. The reasoning is disorganized and does not lead to the required results."", ""C3"": ""The answer is incomplete: it neither establishes the general pattern needed for (I) nor correctly identifies the necessary condition for an arithmetic sequence in (II).""}",3125
Math_ShortAns_36,1.0,3,"{""C1"": 1, ""C2"": 1, ""C3"": 1}","{""C1"": ""The numerical results are incorrect. In part (1), the student used 0.5 for the second ball when it should have been 0.6 (because when B serves, the chance for A to lose a point is 0.6 and for B to win is 0.6). This leads to an incorrect value of 0.25 instead of the correct probability, and similarly the computation in part (2) is off."", ""C2"": ""The logical reasoning is flawed. The student did not correctly account for the serving sequence and the corresponding probabilities, and the analysis of sequences in part (2) is confused and does not correctly reflect the conditions for ending the game."", ""C3"": ""The answer is incomplete. Essential parts of the reasoning are either omitted or mixed up, failing to appropriately enumerate the valid outcomes required by the win conditions under deuce.""}",3895
Math_ShortAns_37,0.9,4,"{""C1"": 2, ""C2"": 1, ""C3"": 1}","{""C1"": ""The numerical results are incorrect. In part (1) the student used 0.5 for both shots, whereas when B serves the appropriate probability is 0.4. In part (2) the multiplications and outcome scenarios do not follow the proper probability setup."", ""C2"": ""The logical reasoning is flawed. The student misinterprets the serve order and does not consistently account for the switching probabilities between A\u2019s and B\u2019s serves."", ""C3"": ""The solution is incomplete. While both parts are attempted, the answer misses a complete, accurate enumeration of all relevant cases for both P(X=2) and the event 'X=4 and A wins'.""}",2922
Math_ShortAns_38,1.0,2,"{""C1"": 1, ""C2"": 1, ""C3"": 0}","{""C1"": ""The student made an incorrect calculation for part (1), using 0.6 instead of the correct probability of 0.4 when\u4e59\u53d1\u7403; overall computed probabilities do not match the correct values."", ""C2"": ""The logical reasoning is flawed, particularly in part (2) where the sequences are not derived systematically and do not properly reflect the win conditions."", ""C3"": ""The answer is incomplete, as it does not account for all necessary cases and does not fully justify the solution steps required by the problem.""}",3136
Math_ShortAns_41,0.95,6,"{""C1"": 6, ""C2"": 0, ""C3"": 0}","{""C1"": ""For part (1), the student ultimately gives the correct answer (B = 60\u00b0), but the derivation is flawed and contains an unsupported assumption. Although the final result is right, the reasoning shows some errors."", ""C2"": ""For part (2), the student only writes down the standard formula for the area and then arbitrarily assumes a range without proper derivation. The final answer S in (0, 0.5) is not justified, so no credit can be awarded."", ""C3"": """"}",4276
Math_ShortAns_42,0.95,0,"{""C1"": 0, ""C2"": 0, ""C3"": 0}","{""C1"": ""The answer is mathematically incorrect. The student wrongly deduced that sin(B/2) equals sin B, leading to an erroneous conclusion that B equals 90\u00b0. This is not justified by the given equation."", ""C2"": ""The logical reasoning is flawed. The student misapplied trigonometric identities and made incorrect assumptions in the manipulation of the equation, resulting in an illogical solution."", ""C3"": ""The solution is incomplete. The student did not correctly derive the value for B and did not provide a coherent or rigorously justified derivation for the range of the triangle's area in the second part.""}",2449
Math_ShortAns_45,0.95,3,"{""C1"": 2, ""C2"": 1, ""C3"": 0}","{""C1"": ""The student correctly computed S2 as 4a1 but failed to fully incorporate this into a valid proof. The substitution into the equality of successive square roots is only partially carried out."", ""C2"": ""The logical reasoning is flawed. The student sets up the condition from the arithmetic progression of sqrt(Sn) but does not derive a usable relation to show that {an} is arithmetic, and the treatment of S3 is inaccurate."", ""C3"": ""The answer is incomplete. It does not complete the necessary derivation and mistakenly concludes that {an} is not an arithmetic progression instead of proving the required result.""}",2793
Math_ShortAns_46,0.95,1,"{""C1"": 0, ""C2"": 1, ""C3"": 0}","{""C1"": ""The answer fails to prove the required conclusion. It incorrectly concludes that the sequence {a_n} is not arithmetic rather than showing that it is."", ""C2"": ""Some initial computations (like S1 and S2) are correct, but the reasoning is flawed. The student misapplies the property of an arithmetic sequence for the square roots and makes arbitrary assumptions (e.g., taking a3 = 2a1) without proper justification."", ""C3"": ""The solution is incomplete; it lacks a valid derivation or logical argument needed to establish that the original sequence {a_n} is arithmetic.""}",2682
Math_ShortAns_49,0.95,12,"{""C1"": 4, ""C2"": 4, ""C3"": 4}","{""C1"": ""For part (1), the student correctly multiplied the original equation by n and then subtracted the (n-1) case to deduce that a_n - a_(n-1) = 1, thus showing the sequence is arithmetic with common difference 1."", ""C2"": ""For part (2), the student correctly used the arithmetic form a_n = a_1 + n - 1 to express a_4, a_7, a_9. Then applying the geometric progression condition (a_7^2 = a_4 * a_9) allowed them to solve for a_1 accurately."", ""C3"": ""The student properly computed S_n as the sum of the arithmetic sequence and rewrote it into a quadratic form. The vertex was correctly determined, and the minimum value S_n = -78 for n = 12 or 13 was correctly concluded.""}",6001
Math_ShortAns_50,0.9,5,"{""C1"": 2, ""C2"": 2, ""C3"": 1}","{""C1"": ""The solution does not correctly derive that the sequence is arithmetic and the computations for part (2) are based on unsupported assumptions. The key algebraic derivation from the given condition is missing."", ""C2"": ""The logical flow is weak \u2013 the student simply states formulas and makes substitutions without proper justification or rigorous argumentation, leaving gaps in the reasoning."", ""C3"": ""The answer is incomplete. It stops in the middle of arguments for both parts and does not arrive at a valid solution for the minimum value of S\u2099.""}",5111
Math_ShortAns_53,0.95,10,"{""C1"": 4, ""C2"": 3, ""C3"": 3}","{""C1"": ""The student\u2019s computation of c\u2099\u208a\u2081 = c\u2099/2 and d\u2099\u208a\u2081 = d\u2099 + 2 is correct, which correctly shows that {a\u2099 + b\u2099} is geometric and {a\u2099 \u2013 b\u2099} is arithmetic. However, the work only addresses part (1) properly."", ""C2"": ""The steps provided for part (1) are clear and logical, but the reasoning does not extend to deriving the general term formulas in part (2)."", ""C3"": ""The answer is incomplete. While part (1) is correctly handled, part (2) is not fully developed and the general formulas provided do not match the computed values.""}",6062
Math_ShortAns_54,0.95,2,"{""C1"": 1, ""C2"": 0, ""C3"": 1}","{""C1"": ""The answer contains multiple errors in computation. The sum sequence c\u2099 is incorrectly derived as c\u2099/2 + 1 (which does not lead to a geometric sequence) and the difference sequence d\u2099 is miscomputed by omitting the constant term, so the intended arithmetic property is not shown correctly. Also, the final guessed formulas for a\u2099 and b\u2099 are unjustified."", ""C2"": ""The logical reasoning is inconsistent. The student notes an error ('\u597d\u50cf\u4e0d\u592a\u5bf9') but does not correct it, and the attempt to set up linear forms for the sequences does not follow a clear or valid line of argument."", ""C3"": ""The answer is incomplete as it fails to provide a valid and fully justified derivation of the general terms for a\u2099 and b\u2099. Key steps in the proof and derivation are missing or incorrect.""}",3526
Math_ShortAns_55,0.9,5,"{""C1"": 2, ""C2"": 2, ""C3"": 1}","{""C1"": ""The student correctly derived that d\u2099\u208a\u2081 equals d\u2099 + 2, showing the d\u2099 sequence is arithmetic. However, the derivation for c\u2099 is flawed since the result c\u2099\u208a\u2081 = c\u2099/2 + 1 does not match the required geometric progression, making the correctness very poor."", ""C2"": ""The logical reasoning for handling the d\u2099 part is acceptable, but overall the approach is inconsistent. The transition from the recurrences to the conclusions is not well justified, and the student did not resolve the contradiction regarding c\u2099."", ""C3"": ""The answer is incomplete. In part (2) the student only gestures toward using recursion and an assumed linear form without fully deriving or justifying the final formulas for a\u2099 and b\u2099.""}",4932
Math_ShortAns_58,0.95,3,"{""C1"": 1, ""C2"": 1, ""C3"": 1}","{""C1"": ""The numerical computations are largely incorrect. The student used wrong values for the average of i, arrived at an absurd correlation coefficient, and performed inconsistent arithmetic."", ""C2"": ""The logical reasoning is confused. The student arbitrarily substitutes values (e.g., using 8.3 for i\u2019s mean) and does not consistently follow the proper method for calculating the correlation coefficient or outlier range."", ""C3"": ""While the answer attempts to address both parts of the question, it is incomplete and does not provide correct or justified results, thereby lacking both clarity and completeness.""}",4841
Math_ShortAns_59,0.9,9,"{""C1"": 4, ""C2"": 3, ""C3"": 2}","{""C1"": ""The conclusion that |r| is less than 0.25 (with r \u2248 -0.18) is correct."", ""C2"": ""The answer states the result but provides no supporting calculations or detailed reasoning."", ""C3"": ""The answer is very brief and incomplete, lacking any explanation of how the r value was obtained.""}",26594
Math_ShortAns_60,0.95,3,"{""C1"": 1, ""C2"": 1, ""C3"": 1}","{""C1"": ""The numerical computations are largely incorrect. The student misuses the given mean (changing it from 9.97 to 10.07), miscomputes the correlation coefficient by using an inappropriate formula and wrong intermediate values, and the final value of r is not consistent with the provided information."", ""C2"": ""The logical reasoning is flawed. For example, the student incorrectly assumes a negative computed total implies a trend yet concludes that |r|<0.25, conflicting with their own working, while also misapplying the idea of systematic change."", ""C3"": ""The answer is incomplete. The student fails to properly calculate the outlier range and mistakenly concludes that no measurement (such as the 9.22 value) falls outside the acceptable interval. The subsequent estimation of the new mean and standard deviation after outlier removal is not supported by the data.""}",5605
Math_ShortAns_63,0.95,5,"{""C1"": 2, ""C2"": 2, ""C3"": 1}","{""C1"": ""The answer contains significant computational mistakes. For instance, when obtaining the intersection points the student correctly gets y = \u00b12 for the vertical line x = 2, but then miscalculates the dot product (2,2)\u00b7(2,-2) by erroneously obtaining 4 \u2013 8 = -4. This error leads to the wrong claim that O does not lie on the circle."", ""C2"": ""The reasoning is flawed and inconsistent. The student\u2019s approach starts by considering an irrelevant special case (vertical line), then incorrectly uses vector dot product to 'prove' the claim, and finally introduces an incorrect circle center (stating (3,1) instead of (2,0)) when addressing part (2). This makes the logical flow incoherent."", ""C3"": ""The answer is incomplete. It does not adequately cover the full requirements of the problem. Neither part (1) is properly proved (the proper relation using the midpoint and diameter method is missing) nor is part (2) correctly solved. Several key steps, including the correct determination of the circle M and the line\u2019s equation, are absent or based on wrong computations.""}",5832
Math_ShortAns_64,0.95,6,"{""C1"": 3, ""C2"": 2, ""C3"": 1}","{""C1"": ""The answer shows significant errors in correctness. In part (1) the student incorrectly identifies the intersection points and computes an erroneous radius and center; in part (2) while using the point P to compute r^2 seems plausible, the resulting derivation and final line equation are not in agreement with the problem requirements."", ""C2"": ""The logical reasoning is confused. The student mixes general properties with unjustified assumptions and does not show a clear sequence of deductions required to prove that the origin lies on the circle or to deduce the correct equation of the line."", ""C3"": ""The answer is incomplete. Key steps are either skipped or miscalculated, and both parts of the problem are not fully and correctly addressed.""}",4336
Math_ShortAns_67,0.9,4,"{""C1"": 2, ""C2"": 1, ""C3"": 1}","{""C1"": ""The algebraic manipulations and final numerical answers are incorrect. The expansion of the squared term is mishandled, and the resulting formulas for the M coordinate and ensuing steps are wrong."", ""C2"": ""The logical flow is confused. The student makes unjustified substitutions and guesses without proper derivation, leading to inconsistent results."", ""C3"": ""The answer is incomplete. Many steps, particularly the derivation for the case |OP| = |OM| and the correct triangle area computation, are not adequately worked out.""}",3636
Math_ShortAns_68,0.95,3,"{""C1"": 2, ""C2"": 1, ""C3"": 0}","{""C1"": ""In part (1), the student starts with an acceptable idea of writing the line through P but then substitutes the line into the circle's equation incorrectly. They fail to adjust the y term properly (forgetting that the circle in shifted form involves (y - 4)) and do not eliminate the parameter k to derive a proper locus equation for M. This shows a significant error in handling the transformation and elimination steps."", ""C2"": ""In part (2), the student miscomputes the length of OP (using sqrt(2^2+2^2)=2 instead of the correct value) and incorrectly assumes a specific coordinate for M to satisfy |OP|=|OM|. As a result, the subsequent determination of the line equation and the area of triangle POM is flawed. The reasoning and calculations in this part are not consistent with the problem's requirements."", ""C3"": """"}",3470
Math_ShortAns_71,0.95,4,"{""C1"": 4, ""C2"": 0, ""C3"": 0}","{""C1"": ""The ellipse equation is determined correctly. The student properly used the given points to compute a^2 = 3 and b^2 = 4."", ""C2"": ""For the second part the student\u2019s answer is incorrect. Choosing the vertical line x = 1 does not properly utilize the condition that the line passes through point P, and the resulting intersection coordinates do not match P. There is a clear misinterpretation of the problem requirements."", ""C3"": ""The answer regarding the fixed point claim is not derived satisfactorily. The student merely asserted a form for line HN and its passing through (0, -2) without a correct justification or connection with the earlier steps.""}",4640
Math_ShortAns_72,0.95,2,"{""C1"": 1, ""C2"": 1, ""C3"": 0}","{""C1"": ""The answer attempts to address part (2) but the key steps are incorrect. The calculation via substitution is abandoned, and the use of symmetry is neither justified nor correctly applied. In addition, the answer completely omits the derivation for part (1)."", ""C2"": ""The logical reasoning is very unclear. Rather than providing a step\u2010by\u2010step proof of the fixed point property, the answer relies on vague symmetry arguments and an unsupported claim that the fixed point is (0, 0)."", ""C3"": ""The answer is incomplete. It fails to address part (1) entirely and the discussion for part (2) lacks rigor and detail needed for a complete proof.""}",3460
Math_ShortAns_75,0.9,4,"{""C1"": 2, ""C2"": 1, ""C3"": 1}","{""C1"": ""The ellipse equation is derived incorrectly. The student substituted the points correctly but ended up with b=0 from P2 and then arbitrarily chose a=5 and b=3 without justification. This shows major calculation errors."", ""C2"": ""The reasoning in part (2) is vague and lacks a clear logical derivation. The discussion about slopes and the supposed formation of an isosceles triangle is not mathematically justified."", ""C3"": ""The answer is incomplete overall. Both parts do not produce a coherent, complete solution or valid proof, and many details are missing or handled incorrectly.""}",2960
Math_ShortAns_76,0.95,8,"{""C1"": 4, ""C2"": 2, ""C3"": 2}","{""C1"": ""The student correctly determined b\u00b2 = 1 and a\u00b2 = 4 and derived the ellipse equation x\u00b2/4 + y\u00b2 = 1 in part (1). However, the fixed-point proof in part (2) is not established rigorously."", ""C2"": ""The reasoning in part (2) is insufficient; the student merely sets up the line and quadratic but fails to show how the sum of the slopes implies that the line passes through a specific fixed point."", ""C3"": ""The answer is incomplete. While part (1) is solved adequately, part (2) lacks necessary steps and clarity needed to prove the fixed point property.""}",6764
Math_ShortAns_77,0.95,9,"{""C1"": 4, ""C2"": 3, ""C3"": 2}","{""C1"": ""The answer correctly substitutes P2 and P3 into the ellipse equation to get a\u00b2 = 4 and b\u00b2 = 1."", ""C2"": ""The reasoning is very brief but logically correct; however, it does not discuss why these two points are chosen given three candidates."", ""C3"": ""The solution is incomplete since it omits discussion of the remaining point and a full derivation of the ellipse\u2019s equation.""}",8155
Math_ShortAns_80,0.95,3,"{""C1"": 3, ""C2"": 0, ""C3"": 0}","{""C1"": ""In part (1) the student gives a very brief sign argument. Although ln(1+x) is negative when \u20131 < x < 0 and positive when x > 0, the analysis omits comparing the magnitude of (2+x) ln(1+x) with \u20132x. This oversimplification does not constitute a rigorous proof."", ""C2"": ""For part (2) the student only verifies that f \u2032(0) = 0 and then arbitrarily assigns a = 1 without checking the necessary concavity condition (for example, via f \u2032\u2032(0)) that would ensure x = 0 is a maximum."", ""C3"": ""Overall the answer is incomplete. Part (1) is not rigorously justified and part (2) is incorrect, so the response fails to meet the problem requirements.""}",4343
Math_ShortAns_81,0.95,3,"{""C1"": 2, ""C2"": 1, ""C3"": 0}","{""C1"": ""The student\u2019s answer is incorrect. In part (1) the sign for x > 0 was wrongly concluded as negative instead of positive, and in part (2) the answer does not derive any condition on a, simply stopping after checking f\u2032(0)=0."", ""C2"": ""The logical reasoning is weak. Although the student recognized that ln(1+x) changes sign, the explanation for the positive case is mishandled and the derivative analysis for a is incomplete."", ""C3"": ""The answer is incomplete. Part (1) fails to prove f(x)>0 for x>0, and part (2) does not continue with a second derivative test or any other method to determine a.""}",3751
Math_ShortAns_84,0.95,2,"{""C1"": 1, ""C2"": 1, ""C3"": 0}","{""C1"": ""The derivative is computed incorrectly. The correct derivative of a x\u00b2 is 2a x, but the answer uses a x\u00b2, which undermines all subsequent reasoning."", ""C2"": ""The discussion on the monotonicity is flawed because it incorrectly concludes that f'(x) is always negative without proper analysis or correct formulation of the derivative."", ""C3"": ""The attempt to prove the inequality by evaluating the function at x = 1 is unconvincing and lacks a rigorous argument. No proper proof of the inequality is provided.""}",3969
Math_ShortAns_85,0.9,11,"{""C1"": 3, ""C2"": 4, ""C3"": 4}","{""C1"": ""The student\u2019s answer correctly computes the derivative in a factorized form and correctly separates the cases a = 0, a > 0, and a < 0. Some minor notational errors (extra brackets) are present, but the expressions are equivalent to the standard form."", ""C2"": ""The logical reasoning is mostly sound. In the a < 0 case, the student finds the unique critical point by setting f'(x)=0 and deduces the increasing\u2010then\u2010decreasing behavior, which is key to identifying the maximum. The transformation to an inequality in t and the analysis of g(t) is conceptually correct."", ""C3"": ""The answer addresses both parts of the problem\u2014the discussion of the monotonicity in different parameter ranges and the proof of the inequality for a < 0. While some steps (especially in the inequality transformation) could be expanded with more explanation, the overall solution covers the required content.""}",6779
Math_ShortAns_86,0.95,4,"{""C1"": 3, ""C2"": 1, ""C3"": 0}","{""C1"": ""The derivative is correctly computed, but the analysis afterward is flawed. The student transformed the equation correctly but then incorrectly assumed the discriminant is always negative, whereas it is actually a perfect square (4a\u00b2-4a+1), so the reasoning about monotonicity is invalid."", ""C2"": ""The logical reasoning is weak. The student incorrectly concludes that D < 0 holds and hence asserts that f(x) is monotonic increasing without proper justification."", ""C3"": ""The second part of the problem is not properly addressed. The analysis is incomplete and contradictory, as the student does not provide a valid proof of the inequality and instead presents an inconsistent evaluation.""}",3686
Math_ShortAns_89,0.95,6,"{""C1"": 4, ""C2"": 2, ""C3"": 0}","{""C1"": ""The student correctly substituted x=0 into the derivative and solved 1 - 1/m = 0 to obtain m=1. This part is correct and clearly stated."", ""C2"": ""The rewriting of the function as f(x)=e^x-ln(x+1) and the specification of its domain (-1, +\u221e) are accurate but only serve as a minor observation."", ""C3"": ""The discussion of the function\u2019s monotonicity is very superficial. The student stated that further analysis of f'(x) is needed and provided no concrete sign analysis or conclusions.""}",4052
Math_ShortAns_90,0.9,8,"{""C1"": 4, ""C2"": 2, ""C3"": 2}","{""C1"": ""The student correctly computed the derivative at 0 and obtained 1 - 1/m = 0, yielding m = 1 correctly."", ""C2"": ""The analysis of monotonicity is not properly handled. The argument misinterprets the behavior of the derivative and does not clearly establish the intervals on which f(x) is increasing or decreasing."", ""C3"": ""The proof for f(x) > 0 when m \u2264 2 is incomplete and contradictory. The student incorrectly argues that a negative f(0) does not affect the overall positivity of f(x), failing to offer a rigorous justification.""}",3730
Math_ShortAns_93,0.95,4,"{""C1"": 2, ""C2"": 1, ""C3"": 1}","{""C1"": ""The student correctly computed f(0) = 1 when a = 1."", ""C2"": ""The student provided numerical evaluations at x = 1 and x = 2 to support that f(x) > 1, but these test cases do not constitute a full proof for all x \u2265 0."", ""C3"": ""The derivative f'(x) = e^x - 2ax was computed and f'(0) was verified to be positive, but checking only at 0 is insufficient to conclude that f is monotonic increasing over the entire interval.""}",5198
Math_ShortAns_94,0.9,4,"{""C1"": 2, ""C2"": 1, ""C3"": 1}","{""C1"": ""While the student correctly computed f(0) and the values at x = 1 and x = 2 for part (1), the approach does not constitute a rigorous proof that f(x) \u2265 1 for all x \u2265 0. In part (2) the computation and final result are incorrect; the student misstates the behavior of e^x and makes an unfounded guess for a."", ""C2"": ""The logical reasoning is weak. The student only checks a few specific points in part (1) without establishing the general behavior of the function, and in part (2) the claim that e^x tends to zero as x increases is fundamentally flawed."", ""C3"": ""The answer is incomplete. Part (1) is insufficient as it lacks a complete proof for all x \u2265 0, and part (2) does not arrive at a correct or justified value for a.""}",3616
Math_ShortAns_95,0.9,4,"{""C1"": 2, ""C2"": 1, ""C3"": 1}","{""C1"": ""The student correctly computed f(0)=1 for a=1, but the overall calculation is only partially correct. In part (2) the derivation using the derivative is flawed."", ""C2"": ""Logical reasoning is very superficial. The student assumes that because e^x grows faster than x\u00b2 for x>0, the function is always \u22651 without rigorously proving monotonicity over the entire interval. The argument for determining a unique zero in part (2) is not justified."", ""C3"": ""The answer is incomplete. Both parts lack a detailed and rigorous argument. In particular, the explanation for the uniqueness of the zero of f(x) in (0, +\u221e) for part (2) is incorrect.""}",6371
Math_ShortAns_98,0.95,4,"{""C1"": 3, ""C2"": 1, ""C3"": 0}","{""C1"": ""For mathematical correctness, the student correctly gives a = 1 in part (1), but part (2) is mistaken. The product was mis\u2010analyzed and the final answer m = 2 is incorrect."", ""C2"": ""The logical reasoning is weak. The student\u2019s argument for f(x) \u2265 0 is superficial and does not clearly justify why a must equal 1, and the derivation for part (2) contains incorrect approximations and flawed limits."", ""C3"": ""The answer is incomplete. While the final answer for part (1) happens to be correct, the explanation lacks rigor and completeness, and the solution for part (2) fails to obtain the correct result (which should be m = 3).""}",7109
Math_ShortAns_99,0.95,1,"{""C1"": 0, ""C2"": 1, ""C3"": 0}","{""C1"": ""The answer is factually incorrect. In part (1) the correct answer is a = 1, based on the inequality ln x \u2264 x - 1, but the student erroneously concluded a = -1. In part (2) the reasoning completely misinterprets the product behavior; in fact, the product converges to a value between 2 and e, so the minimal integer m should be 3, not 1."", ""C2"": ""The student\u2019s logical reasoning is very confused and inconsistent. The use of boundary conditions is flawed and the reasoning for both parts is based on faulty assumptions."", ""C3"": ""The response is incomplete. The student did not correctly analyze the function\u2019s behavior or provide a complete derivation for the required results in both parts of the problem.""}",4021
Math_ShortAns_100,0.95,8,"{""C1"": 5, ""C2"": 3, ""C3"": 0}","{""C1"": ""In part (1) the student correctly identifies that the minimum of f(x) occurs at x = a and shows that f(1) = 0, so that for the function to be nonnegative f(a) must be at least 0. This leads to the correct conclusion a = 1, though the discussion of the a \u2264 0 case is somewhat brief and could use more rigorous justification."", ""C2"": ""For part (2) the answer makes use of the inequality ln x \u2264 x \u2212 1 to bound the factors and shows that the product lies between 2 and e. However, the student does not clearly deduce the final minimal integer m (which should be 3). The reasoning is incomplete, and the final conclusion is only implicit."", ""C3"": """"}",6813
Math_ShortAns_103,1.0,0,"{""C1"": 0, ""C2"": 0, ""C3"": 0}","{""C1"": ""The calculation of the derivative is incorrect. The correct derivative should include the ln x term, but the student computed it as (x-1)/x - 1, missing ln x entirely."", ""C2"": ""The logical reasoning based on the derivative is flawed. The student misinterprets the sign of the derivative and concludes a false monotonic behavior, leading to an invalid discussion of the function\u2019s extrema."", ""C3"": ""The answer is incomplete. It neither correctly proves the existence of a unique extremum nor establishes that f(x)=0 has exactly two real roots that are reciprocal. Essential parts of the proof are missing or erroneously reasoned.""}",3243
Math_ShortAns_104,0.95,4,"{""C1"": 2, ""C2"": 1, ""C3"": 1}","{""C1"": ""The answer states the final conclusions correctly but provides no concrete calculations or justifications, so the mathematical correctness is only superficially addressed."", ""C2"": ""The logical reasoning is extremely terse. The answer merely outlines that the derivative has a unique zero and then deduces the positioning of the roots without showing how monotonicity or reciprocal relationships are actually established."", ""C3"": ""The response is incomplete. Critical steps like computing the derivative, proving its monotonicity, and rigorously verifying the uniqueness of the extreme point and the reciprocal relationship of the two roots are missing.""}",3756
Math_ShortAns_105,0.9,8,"{""C1"": 6, ""C2"": 2, ""C3"": 0}","{""C1"": ""In part (1) the student correctly computed the derivative of f(x) and used a proper monotonicity argument for g(x) to conclude that f(x) has a unique critical point. The reasoning is overall logical and the main steps are correctly carried out."", ""C2"": ""In part (2) the student made significant errors. f(1) was miscomputed (it should be -2, not -1) and the evaluation of f(0.5) is incorrect, leading to a wrong conclusion about the sign change. Thus the analysis for finding two real roots (and their reciprocal relation) is flawed."", ""C3"": """"}",5162
Math_ShortAns_108,1.0,0,"{""C1"": 0, ""C2"": 0, ""C3"": 0}","{""C1"": ""The answer is incorrect. The student miscomputed the condition at x = 1 and obtained a reverse inequality. Instead of deriving a \u2264 e+1, the student concluded a \u2265 e+1, and later on deduced that a is in [0, +\u221e), which is inconsistent."", ""C2"": ""Logical reasoning is severely flawed. The discussion of the limits as x \u2192 0 and x \u2192 \u221e is vague, and the student does not correctly use these observations to conclude the proper constraint for a."", ""C3"": ""The answer is incomplete. Part (2) is handled by an ad hoc assumption rather than a proper proof, leading to an incorrect conclusion that x1x2 > 1. Both parts lack rigorous derivation.""}",2287
Math_ShortAns_109,0.9,10,"{""C1"": 5, ""C2"": 3, ""C3"": 2}","{""C1"": ""The answer correctly states the domain and uses the fact that f(x) reaches its minimum at x = 1 to derive that a must be at most e + 1. However, the answer only partially addresses part (2), so its overall correctness is weakened."", ""C2"": ""The reasoning for part (1) is logically sound and shows appropriate understanding of monotonicity. In contrast, the approach for part (2) is fragmented and fails to provide a clear, rigorous justification for why x1x2 < 1."", ""C3"": ""The answer is incomplete. While part (1) is fully resolved with the correct conclusion, part (2) only presents rough ideas without a coherent and complete proof.""}",7245
Math_ShortAns_112,0.9,4,"{""C1"": 2, ""C2"": 1, ""C3"": 1}","{""C1"": ""The answer has a fatal error in computing |MF|; although the student correctly identifies the focus and gives a parabola equation y^2 = 4x (corresponding to p = 2), the derivation |MF| = p + p/2 = 3 is clearly wrong and does not satisfy the condition. The final result is more by accident than by correct reasoning."", ""C2"": ""The logical reasoning is weak. The student\u2019s steps do not justify why the x\u2010coordinate of M equals p, and the use of the distance \u2013 leading to p + p/2 \u2013 is incorrect. In part (2) the reasoning is superficial with mere coordinate expressions and vague references to formulas."", ""C3"": ""The solution is incomplete. For part (2), the answer merely states symbolic coordinates and a final guess for the line AB without detailed derivation, missing critical steps required by the problem.""}",5995
Math_ShortAns_113,0.9,2,"{""C1"": 1, ""C2"": 1, ""C3"": 0}","{""C1"": ""The answer misapplies the distance condition by using only the horizontal difference between M and the focus, completely ignoring the y\u2010coordinate. This leads to an incorrect computation of the parameter and the derived equation."", ""C2"": ""The logical reasoning is flawed. The student\u2019s separation into two cases is based on an improper interpretation of the distance, and the subsequent steps for handling the vertical line and slope adjustments are confused and inconsistent."", ""C3"": ""The solution is incomplete. It does not correctly determine the parameters of the parabola in part (1) and leaves the developments in part (2) vague and unresolved.""}",3357
Math_ShortAns_114,0.9,4,"{""C1"": 2, ""C2"": 1, ""C3"": 1}","{""C1"": ""For correctness, the student correctly split the distance condition into two cases and obtained x1 = p + 3 and x1 = p - 3. However, they merely restated the original parabola equation without using the |MF| = 3 condition to fully determine p or clarify the role of the extra constraint. Their conclusion that the parabola remains y^2 = 2px is not a proper resolution."", ""C2"": ""The logical reasoning has some structure in separating the two cases and attempting to determine valid values of p. However, the treatment of the vertical line condition and the derivation for part (2) is confused. The reasoning regarding the slopes and the claim that the maximum difference is undefined weakens the answer."", ""C3"": ""The solution is incomplete. In part (1) the derivation stops at restating the parabola\u2019s form, and in part (2) the student incorrectly concludes that the line AB is y = 0 without a proper derivation from the given conditions. Both parts lack the necessary details and final justified answers.""}",3559
Math_ShortAns_117,0.95,2,"{""C1"": 1, ""C2"": 1, ""C3"": 0}","{""C1"": ""For part (1), the student simply rewrites the given expression without using the self\u2010consistency conditions to determine the constants. The full analytic expression should be obtained by solving f(0)=c and f\u2032(1)=k, which was not done."", ""C2"": ""The answer regarding the monotonicity is incomplete. The derivative f\u2032(x)=k e^(x-1)-c+x was not fully analyzed; stating that the function is increasing for x\u22650 ignores the possibility of a decreasing interval for x<0."", ""C3"": ""For part (2), the solution is not supported by any proper argument. The student\u2019s reasoning about the inequality and the conclusion that (a+1)b has a maximum value of -1 is incorrect.""}",3532
Math_ShortAns_118,0.95,2,"{""C1"": 1, ""C2"": 1, ""C3"": 0}","{""C1"": ""The answer does not demonstrate correct computations. It only outlines a general strategy for part (2) and even introduces an incorrect transformation (using e^x instead of the proper expression involving f\u2032(1) and the given f(x))."", ""C2"": ""The reasoning is very vague. It merely states a procedure (finding a minimum via derivatives) without any detailed derivation or justification, which is insufficient to show logical problem solving."", ""C3"": ""The answer is incomplete. It entirely omits part (1) and for part (2) does not provide any concrete derivation or final computed result for the maximum of (a+1)b.""}",2888
Math_ShortAns_121,0.95,3,"{""C1"": 2, ""C2"": 1, ""C3"": 0}","{""C1"": ""The derivative f'(x) = e^x + e^(-x) - 2 was computed correctly, but the student incorrectly stated that it is always positive and then mistakenly concluded that f(x) is monotone decreasing (in fact, a positive derivative implies increasing behavior)."", ""C2"": ""In part (II) the student wrote the expression for f(2x) and set up g(x) correctly, but then simply substituted x = 0 without further analysis. The argument does not support the claim that the maximum value of b is 0, making this reasoning flawed."", ""C3"": ""In part (III) the estimation for ln2 is completely off; using the given bounds for sqrt2, one should obtain ln2 approximately 0.693 rather than around 2. This part contains a major error.""}",4193
Math_ShortAns_122,1.0,0,"{""C1"": 0, ""C2"": 0, ""C3"": 0}","{""C1"": ""The student\u2019s derivative is computed incorrectly. The correct derivative of f(x) = e^x - e^(-x) - 2x is e^x + e^(-x) - 2, not e^x - e^(-x) - 2."", ""C2"": ""The monotonicity analysis is built on the wrong derivative. Evaluating f'(0) based on the error leads to an incorrect discussion of the function\u2019s behavior; the answer does not properly address when f(x) is increasing or decreasing."", ""C3"": """"}",4038
Math_ShortAns_125,0.9,2,"{""C1"": 2, ""C2"": 0, ""C3"": 0}","{""C1"": ""The derivative was correctly computed, but the subsequent analysis is flawed. The student ignored that sin x > 0 over (0, \u03c0) and incorrectly invoked conditions (such as sin x being negative) leading to a false conclusion of monotonic decrease."", ""C2"": ""The student rewrote |f(x)| as 2|sin\u00b3x cos x| and attempted to evaluate it at a specific point. However, the computation is inconsistent and leads to a mistaken claim that the proposed upper bound is false, even though a stronger bound would imply the stated inequality."", ""C3"": ""The proof for the product inequality is very superficial. The student merely used the trivial bound sin\u00b2(2^k x) \u2264 1 to claim the product is \u2264 1 and then argued that (3/4)^n is larger, without properly analyzing the maximum value of the product or providing any rigorous justification.""}",4926
Math_ShortAns_126,0.9,2,"{""C1"": 0, ""C2"": 2, ""C3"": 0}","{""C1"": ""For part (1), the student uses an incorrect sign analysis by considering sin\u00b2x as possibly negative. Since sin\u00b2x is always nonnegative, the argument is flawed and the conclusion about monotonicity is unsupported."", ""C2"": ""For part (2), while the student correctly rewrites f(x) as 2 sin\u00b3x cos x, the identification of the maximum point is incorrect (it should be at x = \u03c0/3, not \u03c0/6), and the derivation is incomplete."", ""C3"": ""For part (3), the student\u2019s reasoning is overly simplistic by using the bound sin\u00b2(2^k x) \u2264 1 and then incorrectly concluding the desired inequality, lacking proper justification.""}",4398
Math_ShortAns_127,0.95,3,"{""C1"": 2, ""C2"": 1, ""C3"": 0}","{""C1"": ""For part (1), the student correctly differentiated but then based the monotonicity solely on the fact that sin x is increasing, which is false over the whole interval (0, \u03c0). The analysis fails to properly use the derivative\u2019s sign."", ""C2"": ""For part (2), the student merely noted that the sine functions are bounded by 1. This reasoning does not establish the tighter bound of 3\u221a3/8 required by the problem."", ""C3"": ""For part (3), the student\u2019s argument that each sin^2 term is at most 1 leads trivially to an overall product bound of 1, which does not imply the stated inequality. No effective proof was provided.""}",4073
Math_ShortAns_130,0.95,5,"{""C1"": 5, ""C2"": 0, ""C3"": 0}","{""C1"": ""The conversion from the polar equation to the rectangular form is done correctly. The student\u2019s derivation leading to x\u00b2 + y\u00b2 = 2\u221a2 x (and its rearranged form) is correct and shows proper understanding of the conversion process."", ""C2"": ""The parameterization of point P and the subsequent discussion are incomplete and lack the necessary logical steps. The student did not derive the required parameter equations and did not adequately address whether C and C\u2081 intersect."", ""C3"": """"}",4759
Math_ShortAns_131,0.95,2,"{""C1"": 1, ""C2"": 1, ""C3"": 0}","{""C1"": ""Correctness: The answer only states the basic polar\u2010to\u2010rectangular definitions (x = \u03c1 cos\u03b8 and y = \u03c1 sin\u03b8) without performing the proper elimination of \u03c1. In one instance an attempt is made but the final conversion of \u03c1 = 2\u221a2 cos\u03b8 is not correctly derived."", ""C2"": ""Logical reasoning: No proper logical steps are followed to derive the Cartesian equation of curve C. The work is inconsistent \u2013 one part shows squaring and cancellation but ends with conflicting forms, and the overall reasoning is incomplete."", ""C3"": ""Completeness: The student does not address the full problem. In addition to the incomplete work on part (1), there is an almost negligible attempt toward part (2). Overall, the answer is far from a complete solution.""}",4966
Math_ShortAns_134,0.95,3,"{""C1"": 3, ""C2"": 0, ""C3"": 0}","{""C1"": ""The student\u2019s handling of C1 is partially correct. They correctly obtained y = 4 - x in one fragment (which is equivalent to x + y = 4), but then presented an inconsistent form (x = -4 + y) that creates confusion. This inconsistency detracts from the overall clarity of the answer for C1."", ""C2"": ""The treatment of C2 is entirely flawed. The elimination of the parameter t is incorrect, leading to an erroneous ordinary equation (y = sqrt(x^2 + 4)) that does not match the correct relationship (x^2 - y^2 = 4). Furthermore, the intersection point and the derived polar circle equation are both incorrect. There is little valid reasoning shown in this part."", ""C3"": """"}",5018
Math_ShortAns_135,0.99,10,"{""C1"": 5, ""C2"": 5, ""C3"": 0}","{""C1"": ""The student correctly eliminated the parameters. For C1, x+y=4 is correctly obtained, and for C2, using the identity (t+1/t)^2 - (t-1/t)^2 = 4 yields x^2-y^2=4."", ""C2"": ""The student correctly identified the intersection and derived the circle's polar equation based on the center on the polar axis. The result r = (17/5) cos\u03b8 is consistent with the required derivation."", ""C3"": """"}",4262
Math_ShortAns_138,0.9,3,"{""C1"": 3, ""C2"": 0, ""C3"": 0}","{""C1"": ""The student correctly derived the ordinary equation for curve C1 (x + y = 4), which is valid. However, there is no proper conversion provided for curve C2, meaning half of the required conversion is missing."", ""C2"": ""The second part, concerning the circle\u2019s polar equation, is not solved. The attempt is incoherent and does not lead to a final answer that meets the requirements. There is no clear elimination of parameters or derivation of a circle passing through the origin and the intersection point."", ""C3"": """"}",4486
Math_ShortAns_139,0.95,5,"{""C1"": 5, ""C2"": 0, ""C3"": 0}","{""C1"": ""The student correctly converted the parameter equations for both curves. For C1, x + y = 4 is properly obtained, and for C2, deriving x\u00b2 - y\u00b2 = 4 is valid. This part of the answer is correct."", ""C2"": ""The second part, which requires finding the intersection point P and then deriving the polar equation of a circle with its center on the polar axis that passes through the origin and P, is not solved correctly. The student\u2019s work shows an incorrect algebraic manipulation leading to false intersection values and an unjustified final polar equation. No correct reasoning or derivation is provided for the circle."", ""C3"": """"}",6277
Math_ShortAns_142,1.0,0,"{""C1"": 0, ""C2"": 0, ""C3"": 0}","{""C1"": ""The answer is incorrect. In part (1) the student assumes a = b = c but then makes arithmetic mistakes and concludes the wrong inequality direction. This contradicts the stated inequality."", ""C2"": ""The logical reasoning is flawed and inconsistent. The student switches approaches without properly following a rigorous argument, and incorrectly justifies the steps."", ""C3"": ""The solution is incomplete. Neither part is proved correctly; the student does not provide a valid line of argument or complete the necessary steps to prove the inequalities.""}",2420
Math_ShortAns_143,0.9,3,"{""C1"": 1, ""C2"": 1, ""C3"": 1}","{""C1"": ""The student misapplied the AM-GM inequality, reversing its direction, and ended up with an incorrect bound. The final conclusions (1/3 and 1/8) do not match the required result of 1/9."", ""C2"": ""The logical progression is severely flawed. The steps do not follow from each other and key manipulations are either missing or incorrect."", ""C3"": ""The answer is incomplete. The analysis for the second part is not adequately developed and the overall reasoning does not support the required proofs.""}",2826
Math_ShortAns_144,0.95,10,"{""C1"": 4, ""C2"": 3, ""C3"": 3}","{""C1"": ""The student correctly applies the AM-GM inequality to prove part (1) and correctly transforms the inequality in part (2) using b+c \u2265 2\u221a(bc) to arrive at the required result."", ""C2"": ""The logical flow is clear despite its brevity. Each step is justified, although some intermediate details could have been elaborated further."", ""C3"": ""Both parts of the problem are addressed, including the equality conditions. The answer is complete, although more explanation in part (2) would have made the proof more robust.""}",4957
Math_ShortAns_145,0.95,2,"{""C1"": 1, ""C2"": 1, ""C3"": 0}","{""C1"": ""The answer starts with the AM-GM inequality but then incorrectly deduces that abc is bounded by 1/27 instead of the required 1/9, and even suggests an unsupported bound of 1/10. The result is factually wrong."", ""C2"": ""The logical steps are very confused. The student makes inappropriate substitutions and does not follow a coherent line of reasoning to prove either inequality."", ""C3"": ""The answer is incomplete. It neither fully addresses the first part nor correctly develops a proof for the second inequality.""}",2433
Math_ShortAns_148,0.95,5,"{""C1"": 5, ""C2"": 0, ""C3"": 0}","{""C1"": ""For part (1), the student correctly deduced that a + b + 2c <= 3 using a method akin to the Cauchy-Schwarz inequality. Although the explanation is terse and misnames the inequality as the triangle inequality, the basic idea and final conclusion are acceptable."", ""C2"": ""For part (2), the student\u2019s answer is incomplete and incorrect. They substituted b = 2c, derived a^2 + 8c^2 = 3, and then made an unsubstantiated argument that the inequality 1/a + 1/c >= 3 does not hold. This contradicts the problem statement, and no valid reasoning or computations are provided to support that conclusion."", ""C3"": """"}",3689
Math_ShortAns_149,0.95,10,"{""C1"": 5, ""C2"": 3, ""C3"": 2}","{""C1"": ""The answer correctly proves part (1) using the RMS-AM inequality, showing an appropriate computation to deduce that a + b + 2c <= 3. However, the treatment of part (2) is incorrect \u2013 after substituting b = 2c, the student\u2019s derivation leads to a false conclusion, completely contradicting the statement to be proven."", ""C2"": ""For logical reasoning, the approach is sound for part (1) but breaks down in part (2). The student makes an unjustified transformation and then abandons a clear proof technique. This flawed reasoning undermines the overall answer."", ""C3"": ""The response is incomplete because it does not provide a valid proof for the second inequality. Rather than establishing 1/a + 1/c >= 3, the derivation stops with an unexplained guess that contradicts the problem\u2019s requirement.""}",3546
Math_ShortAns_150,0.95,2,"{""C1"": 1, ""C2"": 1, ""C3"": 0}","{""C1"": ""The answer incorrectly applies Cauchy-Schwarz in part (1) and never reaches the required inequality. The substitution in part (2) does not lead to a valid derivation."", ""C2"": ""The logical steps are flawed. Instead of a sound derivation, the student\u2019s approach leads to an inequality that is clearly off-target and makes arbitrary assumptions without proper justification."", ""C3"": ""The response is incomplete. Neither part is properly resolved and the proofs are not convincingly established.""}",3501
Math_ShortAns_153,0.9,2,"{""C1"": 1, ""C2"": 1, ""C3"": 0}","{""C1"": ""The answer misuses formulas and does not correctly prove the required inequalities. For example, the identity for a^5+b^5 is given without justification, and checking a = 1, b = 1 is insufficient for a general proof."", ""C2"": ""The logical reasoning is very weak. The solution relies on arbitrary assumptions and incomplete algebraic steps rather than a coherent derivation."", ""C3"": ""The answer is incomplete. It neither rigorously proves (1) nor (2) and even contradicts the required result in part (2).""}",4312
Math_ShortAns_154,0.9,5,"{""C1"": 2, ""C2"": 2, ""C3"": 1}","{""C1"": ""The answer has several incorrect algebraic manipulations and misstated identities. In part (1) the use of the formula for a^5+b^5 is not standard, and the resulting equation s(s^2-3ab)=2 is not used correctly to derive the inequality."", ""C2"": ""The logical flow is very unclear. The argument assumes an inequality (s \u2265 2) without proper justification and does not logically connect the steps needed for a rigorous proof."", ""C3"": ""The solution is incomplete. The treatment of part (2) merely cites an example (a = 1, b = 1) and a vague contradiction argument without a full demonstration.""}",4013
Math_ShortAns_155,0.9,4,"{""C1"": 2, ""C2"": 1, ""C3"": 1}","{""C1"": ""The student starts off by writing correct identities such as a^3+b^3 = s(s^2-3p), but the subsequent manipulation \u2013 especially the formula for a^5+b^5 \u2013 is not properly derived and appears questionable. This undermines the overall correctness of the proof."", ""C2"": ""The logical reasoning is weak. Many crucial steps are either skipped or not justified, so the link between the identities and the final inequalities is not clearly established."", ""C3"": ""The answer is incomplete. Both parts of the question lack a rigorous derivation: the proof for (a+b)(a^5+b^5) >= 4 and a+b <= 2 are not fully demonstrated.""}",3374
Math_ShortAns_158,0.95,5,"{""C1"": 2, ""C2"": 2, ""C3"": 1}","{""C1"": ""The answer shows some correct algebraic manipulation by introducing s and p, but it only verifies the inequality for the special case a = b = 1 rather than proving it in general."", ""C2"": ""The logical reasoning is not rigorous. The transformation to s and p is introduced but not effectively used to derive the desired inequality. The argument relies on a test case rather than a complete argument."", ""C3"": ""The answer is incomplete. It does not provide a full, general proof for both parts (1) and (2) and relies on insufficient justification.""}",3085
Math_ShortAns_159,0.95,1,"{""C1"": 0, ""C2"": 1, ""C3"": 0}","{""C1"": ""The answer does not correctly prove the two inequalities. Instead of providing a valid proof, it incorrectly concludes that (a+b)(a^5+b^5) \u2265 4 might fail and that a+b could exceed 2. This contradicts the given statement."", ""C2"": ""The reasoning is flawed because it relies solely on the specific case a = b = 1 instead of establishing the result generally. The manipulations using s and p are not developed into a meaningful argument."", ""C3"": ""The answer is incomplete. It neither provides a general proof for (1) nor fully argues for (2). Only a check at one particular point was provided instead of a full demonstration applicable to all positive a and b.""}",2971
Math_ShortAns_162,0.9,4,"{""C1"": 2, ""C2"": 1, ""C3"": 1}","{""C1"": ""The computation of the piecewise definition of g(x) is correct, but the subsequent solving of the inequality is flawed. The quadratic inequalities are solved incorrectly, and the domain restrictions for each case are not handled properly."", ""C2"": ""The logical structure is attempted by splitting the problem into cases, but the reasoning in combining the results is inconsistent and does not lead to the correct final answer."", ""C3"": ""The answer is incomplete. It does not provide a correct final solution for part (1) and completely misses a proper treatment of part (2).""}",4427
Math_ShortAns_163,0.9,10,"{""C1"": 4, ""C2"": 3, ""C3"": 3}","{""C1"": ""The final answers for both parts turn out to be numerically correct; however, the work splits the domain inconsistently and gives conflicting interval results. In the first part, the student only properly treats the [-1,1] interval while the other cases are handled incorrectly."", ""C2"": ""The reasoning shows a partial understanding of how to split the absolute\u2010value function into separate cases but lacks a coherent logical development. The use of monotonicity without proper justification leads to incorrect conclusions on some intervals."", ""C3"": ""The answer is incomplete. Although the final answer for (1) and the reasoning for (2) (yielding a in [\u20131,1]) are correct, the derivation is fragmented and does not fully address all required cases.""}",5641
Math_ShortAns_166,0.9,3,"{""C1"": 2, ""C2"": 1, ""C3"": 0}","{""C1"": ""In part (1) the answer shows an attempt to convert the circle to polar form by citing its center and radius, but simply writing r = 4 + 5 cos \u03b8 is incorrect. The proper conversion requires substituting x = r cos \u03b8 and y = r sin \u03b8 into the circle\u2019s equation and then rearranging terms. This mistake indicates a lack of full understanding."", ""C2"": ""In part (2) the process of finding intersections is flawed. The student substituted the incorrect polar form from part (1) into the equation for C2 and deduced an equation for \u03b8 that does not logically lead to the stated infinite intersections. The algebra and conclusions are not justified."", ""C3"": """"}",3110
Math_ShortAns_167,0.95,10,"{""C1"": 5, ""C2"": 5, ""C3"": 0}","{""C1"": ""The student correctly eliminated the parameter to obtain the Cartesian equation (x-4)\u00b2+(y-5)\u00b2=25 and then successfully substituted the polar coordinate expressions to derive the polar form rho\u00b2 - 8rho cos theta - 10rho sin theta + 16 = 0. Although the conversion could have been presented more explicitly as the final polar equation, the work is correct."", ""C2"": ""The student accurately transformed the given polar equation rho = 2 sin theta into its rectangular form x\u00b2 + y\u00b2 - 2y = 0 and correctly solved the system with the Cartesian form of C1 to obtain the intersection points (1,1) and (0,2). These points were properly converted into polar coordinates as (sqrt2, pi/4) and (2, pi/2)."", ""C3"": """"}",5846
Math_ShortAns_170,1.0,10,"{""C1"": 5, ""C2"": 5, ""C3"": 0}","{""C1"": ""The answer correctly uses the identity (a+b+c)^2 and shows that a^2+b^2+c^2 > 0, which immediately implies that ab+bc+ca = -\u00bd(a^2+b^2+c^2) < 0."", ""C2"": ""Part (2) is handled well by assuming the maximum is a and using the conditions a+b+c=0 and abc=1 to deduce that a>0 while b and c are negative. The derivation of a^3 >= 4 with the equality condition (b=c) is clearly stated, leading to the conclusion that max{a, b, c} >= cube root of 4."", ""C3"": """"}",5508
Math_ShortAns_171,0.9,3,"{""C1"": 2, ""C2"": 1, ""C3"": 0}","{""C1"": ""The algebraic manipulation in part (1) is partly correct, but the numerical example chosen does not satisfy the given condition (abc = 1), and overall the result is not rigorously justified. In part (2), the derivation is unclear and does not properly relate to the required cube-root inequality."", ""C2"": ""The logical reasoning is weak. Although the student correctly expresses c in terms of a and b in part (1), the step to conclude the inequality is not properly argued. In part (2), the transition from equations to the conclusion is not logically sound."", ""C3"": ""The answer is incomplete in both parts. Part (1) does not fully establish the inequality for all allowed values, while part (2) leaves the proof unfinished and the reasoning incomplete.""}",3627
Math_ShortAns_174,0.95,6,"{""C1"": 3, ""C2"": 2, ""C3"": 1}","{""C1"": ""The answer contains significant errors in correctness. In part (1), the student expanded the expressions correctly but then falsely assumed that the minimum occurs when x, y, and z are all one\u2010third, yielding 4; the actual minimum value is 4/3. In part (2), the answer merely states the boundary values without proper demonstration or derivation."", ""C2"": ""The logical reasoning is weak. While the expansion in part (1) is carried out correctly, the use of symmetry to conclude x = y = z is unjustified, and for part (2) the reasoning stops abruptly without addressing how the inequality leads to the stated conditions."", ""C3"": ""The solution is incomplete. Both parts lack a rigorous analysis: part (1) does not verify that the chosen point gives the true minimum, and part (2) offers no detailed exploration or verification of the boundary cases.""}",6032
Math_ShortAns_175,0.95,4,"{""C1"": 2, ""C2"": 1, ""C3"": 1}","{""C1"": ""The answer contains multiple computational mistakes. In Part (1) the student incorrectly expands and combines terms, and then uses an inappropriate test value instead of finding the true minimum. In Part (2) the expansion is flawed and the conclusion about a is both reversed and unjustified."", ""C2"": ""The logical development is very weak. The student abruptly resorts to plugging in a value rather than completing the necessary optimization, and the reasoning for part (2) is inconsistent and not supported by a correct analysis."", ""C3"": ""The answer is incomplete. Neither part is fully addressed: the minimum value in (1) is not properly derived, and the inequality condition in (2) is not rigorously demonstrated. Key steps and justifications are missing.""}",3691
Math_ShortAns_178,0.95,2,"{""C1"": 1, ""C2"": 1, ""C3"": 0}","{""C1"": ""The answer is factually incorrect. The student incorrectly uses the condition x+y+z=2 instead of the given x+y+z=1, and the computed minimal value of the expression is wrong."", ""C2"": ""The logical steps are inconsistent. The expansion is standard, but the substitution and the ensuing reasoning are not coherent with the problem conditions."", ""C3"": ""The answer is incomplete. Neither part of the problem is correctly solved or justified; the conclusion in (2) is essentially unfounded.""}",3077
Math_ShortAns_179,0.95,3,"{""C1"": 1, ""C2"": 1, ""C3"": 1}","{""C1"": ""Although the student correctly expanded the squared terms, the calculation for the minimal value in part (1) is completely incorrect and does not follow from the constraint. In part (2), while the final answer is stated correctly, the derivation is not justified."", ""C2"": ""The logical flow in both parts is very unclear. The student makes unjustified substitutions and assumptions (for example, taking x=0, y=0, z=1 without checking feasibility) which lead to erroneous conclusions."", ""C3"": ""The answer is incomplete overall. It does not properly address the minimization problem in part (1) and the proof in part (2) lacks necessary logical steps and rigorous argumentation.""}",3977
Math_ShortAns_182,0.95,10,"{""C1"": 4, ""C2"": 3, ""C3"": 3}","{""C1"": ""The final numerical answers for both parts are correct. The piecewise formulation for f(x) when a = 1 leads properly to the solution set [-2, 3] for f(x) \u2265 0, and the derivation for the condition on a in part (2) (using the fact that the maximum of f(x) is 5 \u2013 |a + 2|) correctly yields a \u2264 -6 or a \u2265 2."", ""C2"": ""The logical reasoning is acceptable. The student correctly divides the analysis into the appropriate intervals for x and uses the property of absolute values (namely that the minimum of |x + a| + |x \u2013 2| is |a + 2|) to determine the range for a."", ""C3"": ""The answer is essentially complete, though the explanation for part (2) is very brief. More detail in the derivation process would have been beneficial for clarity.""}",6452
Math_ShortAns_183,0.95,6,"{""C1"": 3, ""C2"": 2, ""C3"": 1}","{""C1"": ""The student correctly computed the case analysis for part (1) and obtained x in [-2, 3]. However, in part (2) the steps are incorrect and the final answer for a (a <= 0) is unjustified."", ""C2"": ""Some logical reasoning is present in the analysis of f(x) for part (1), but the reasoning for part (2) is flawed and the transition from an inequality in x to a conclusion about a is not supported."", ""C3"": ""The answer is incomplete. While part (1) is largely correct, part (2) is left unsatisfactory, with an incomplete derivation and a final answer that does not follow from the work.""}",6806
Math_ShortAns_186,0.95,3,"{""C1"": 1, ""C2"": 1, ""C3"": 1}","{""C1"": ""The answer\u2019s final results are incorrect. In part (1) the proper piecewise expansion leads to f(x)<0 for x<1, but the student obtained (1, 2), and in part (2) the reasoning is not consistent with the proper treatment of absolute value cases."", ""C2"": ""The student attempted to split the domain into cases, but the algebraic manipulations contain errors (for example, the expansion for x<1 and x in [1,2)) which result in wrong inequalities and conclusions. The logical flow is disorganized, particularly in part (2)."", ""C3"": ""The solution is incomplete. While the student set up cases, not all scenarios were correctly analyzed and the final conclusions do not align with the correct conditions required by the problem.""}",4604
Math_ShortAns_187,0.9,5,"{""C1"": 3, ""C2"": 2, ""C3"": 0}","{""C1"": ""Answer only addresses the x < 1 case. While the algebraic manipulation to (x-1)^2 > 0 is formally correct on that interval, the student fails to analyze the other cases required by part (1)."", ""C2"": ""The reasoning is very limited and does not cover all cases, so it\u2019s incomplete even though the manipulation in this branch is algebraically sound."", ""C3"": """"}",42384
Math_ShortAns_190,0.95,4,"{""C1"": 2, ""C2"": 2, ""C3"": 0}","{""C1"": ""The answer uses a general idea of applying the basic inequality, but the key transformations are not rigorously established. The step where (a+b)^3+(b+c)^3+(c+a)^3 is related to 24\u221a(abc)^2 is too sketchy and lacks proper justification."", ""C2"": ""The logical reasoning is very vague and jumps between steps without clear connections. Merely stating '\u5229\u7528\u57fa\u672c\u4e0d\u7b49\u5f0f' does not suffice without detailed explanation of why the inequality holds."", ""C3"": ""The solution is incomplete as it only addresses part (2) of the problem. Part (1), which is an essential component of the question, is completely omitted.""}",3122
Math_ShortAns_191,1.0,0,"{""C1"": 0, ""C2"": 0, ""C3"": 0}","{""C1"": ""The answer does not correctly prove the required inequalities. In part (1) the student shows that both sides are at least 3 but concludes that the inequality is reversed, and in part (2) the manipulations and bounds are misapplied."", ""C2"": ""The logical reasoning is unsound. The student misuses AM-GM and other inequalities, and the conclusions drawn contradict the statements to be proved."", ""C3"": ""The answer is incomplete overall. It fails to provide a valid or coherent argument for either inequality, leaving the problem unresolved.""}",3421
Math_ShortAns_192,0.95,5,"{""C1"": 2, ""C2"": 2, ""C3"": 1}","{""C1"": ""The answer contains incorrect use of AM-GM (claiming bc + ac + ab <= 3) and the arithmetic manipulation is flawed; the relationship between a\u00b2 + b\u00b2 + c\u00b2 and ab + ac + bc is misused."", ""C2"": ""Logical reasoning is weak. In part (1) the student abandons the intended strategy, and in part (2) a single example (a=b=c=1) is incorrectly taken as a general proof."", ""C3"": ""The solution is incomplete on both parts. Neither inequality is rigorously established for all positive numbers satisfying abc = 1.""}",3632
Math_ShortAns_193,1.0,0,"{""C1"": 0, ""C2"": 0, ""C3"": 0}","{""C1"": ""The answer is fundamentally incorrect. It misinterprets the hypotheses by suggesting the possibility of negative values for positive numbers, and erroneously claims that the given inequality might not hold."", ""C2"": ""The logical reasoning is flawed. The student incorrectly uses unrelated inequalities and false counterexamples (such as letting a, b, c tend to 0) which contradict the condition abc = 1."", ""C3"": ""The answer is incomplete as it neither proves the required inequalities nor provides a correct counterexample. The approach shows a misunderstanding of the problem's constraints and fails to address the second part validly.""}",2732
Math_ShortAns_196,1.0,0,"{""C1"": 0, ""C2"": 0, ""C3"": 0}","{""C1"": ""The answer is incorrect. In part (1) the student reversed the intended inequality and ended up concluding that sqrt(a)+sqrt(b) is less than sqrt(c)+sqrt(d) even when ab > cd, which is contrary to the claim."", ""C2"": ""The logical flow is flawed. The student misapplies AM\u2010GM inequalities and does not properly use the condition a+b=c+d. Their arguments are confused and inconsistent."", ""C3"": ""The solution is incomplete. The student did not provide a valid proof for either the direct or the converse statement in part (2), and overall the reasoning does not support the desired results.""}",3007
Math_ShortAns_197,0.9,6,"{""C1"": 3, ""C2"": 2, ""C3"": 1}","{""C1"": ""The answer correctly expands the squares and shows that (sqrt a + sqrt b)^2 equals a + b + 2 sqrt(ab), and similarly for (sqrt c + sqrt d)^2. This part is mathematically correct, though the reference to the AM inequality is vague."", ""C2"": ""The logical reasoning in part (1) is acceptable up to the cancellation of a+b, but the argument for part (2) is incorrect. The student erroneously deduces that sqrt sums being larger implies a+b > c+d, despite a+b = c+d, which disrupts the chain of reasoning."", ""C3"": ""The answer is incomplete overall. Part (1) is only partially justified and part (2) is not proven correctly. Key steps and a proper logical argument for the necessary and sufficient condition are missing.""}",4450
Math_ShortAns_200,0.95,4,"{""C1"": 3, ""C2"": 1, ""C3"": 0}","{""C1"": ""The final answer for part (2) \u2013 that a is in [2, +\u221e) \u2013 is correct, but the derivation is obscured by imprecise and confusing steps."", ""C2"": ""The logical reasoning is weak. The argument invokes properties of absolute values inconsistently and does not clearly justify why the inequality holds in the various cases."", ""C3"": ""The response is incomplete, as it does not address part (1) of the question at all.""}",4690
Math_ShortAns_201,0.9,6,"{""C1"": 4, ""C2"": 2, ""C3"": 0}","{""C1"": ""For part (1), the student correctly transformed the inequality and solved it, but for part (2) major mistakes occur in the handling of cases and the computations are not correctly followed through."", ""C2"": ""The logical reasoning in part (1) is sound; however, in part (2) the case analysis is incomplete and the derivation has abrupt transitions that undermine the argument."", ""C3"": ""The answer is incomplete overall \u2013 while part (1) is fully solved, the answer for part (2) is only partially developed and does not provide a complete solution for the range of a.""}",6227
Math_ShortAns_204,0.9,2,"{""C1"": 1, ""C2"": 1, ""C3"": 0}","{""C1"": ""The answer shows major correctness issues. The student misapplies the AM-GM inequality, resulting in invalid manipulations and an incorrect conclusion regarding the values of the expressions."", ""C2"": ""The logical reasoning is flawed. There is no clear connection between the original condition and the deductions made, and the chain of reasoning does not lead to the correct minimum or to a proper determination about the existence of a, b."", ""C3"": ""The answer is incomplete. It does not address the two parts fully\u2014the student only briefly attempts parts of the proof and fails to provide a clear, correct answer to either part.""}",4521
Math_ShortAns_205,0.95,1,"{""C1"": 1, ""C2"": 0, ""C3"": 0}","{""C1"": ""The student correctly rewrote the initial expression to (a+b)/ab = sqrt(ab), but then made an unjustified assumption that ab = 1 and derived a+b = 1. This leads to an impossible computation of a^3+b^3 = -1 for positive numbers."", ""C2"": ""The logical reasoning is severely flawed. The student\u2019s intermediate steps do not follow valid mathematical operations and the choice to assume ab = 1 is baseless. The approach to determine the existence of a and b satisfying 2a+3b = 6 is also non-rigorous."", ""C3"": ""The solution is incomplete. There is no correct derivation or verification for either part of the question. The answer does not demonstrate the proper method to find the minimum or effectively check the second condition.""}",3217
Math_ShortAns_208,1.0,5,"{""C1"": 2, ""C2"": 2, ""C3"": 1}","{""C1"": ""The basic algebraic manipulation\u2014multiplying by ab\u2014is correct, but the substitution of a = b = 1 does not satisfy the original equation, so the computed value of 2 for a^3 + b^3 is incorrect."", ""C2"": ""The reasoning largely relies on unverified guesses rather than a rigorous analysis, leading to inappropriate conclusions."", ""C3"": ""The answer is incomplete. The method does not accurately derive the minimum value for a^3 + b^3, and the discussion for part (II) does not properly justify the existence of a solution.""}",2772
Math_ShortAns_209,0.9,3,"{""C1"": 1, ""C2"": 1, ""C3"": 1}","{""C1"": ""The student\u2019s work contains an algebraic error. Multiplying by ab did yield a + b = ab \u221a(ab), but then the student wrongly transforms this into a + b = a\u00b2b\u00b2, and the further computations using that mistake produce an unjustified result."", ""C2"": ""The logical steps are not consistent. The substitution leading to a presumed minimal value by simply assuming a = b = 1 is not valid, and the reasoning to conclude non-existence in part II is unclear."", ""C3"": ""While both parts of the question are attempted, the solution fails to properly derive the minimal value for a\u00b3 + b\u00b3 or give a logically sound argument for part II. The answer is incomplete and lacks proper justification.""}",3158
Math_ShortAns_212,0.95,2,"{""C1"": 1, ""C2"": 1, ""C3"": 0}","{""C1"": ""The answer\u2019s final conclusions are incorrect. In part (I) the student shows that f(1)=2, yet then incorrectly concludes f(x) is bounded below by 1 instead of 2. In part (II) the substitution and case analysis are flawed and lead to an incorrect range for a."", ""C2"": ""The logical reasoning is unsound. The student misapplies the properties of absolute values, fails to correctly analyze the cases, and makes unjustified leaps in transforming the inequalities."", ""C3"": ""The answer is incomplete. Key steps in both parts are missing proper justification and detailed derivation, leading to incorrect final conclusions.""}",3535
Math_ShortAns_213,0.9,7,"{""C1"": 3, ""C2"": 2, ""C3"": 2}","{""C1"": ""The answer does eventually mention the known inequality a + 1/a \u2265 2 for positive a, but it misidentifies the minimum of f(x) by taking the minimum of {a + 1/a, 0} even though 0 is never attained. In part (II), the answer incorrectly restricts itself to only one case and ends with an answer that does not follow from the analysis."", ""C2"": ""The logical flow is very weak. The analysis of the absolute value expressions is flawed because it ignores that both choices (x = \u20131/a and x = a) yield the same expression a + 1/a and the subsequent case breakdown for f(3) is incomplete and inconsistent."", ""C3"": ""The answer is incomplete\u2014it does not properly cover all necessary cases (especially for f(3)<5) nor does it fully justify the conclusion. Key steps are missing or misapplied, resulting in an answer that fails to fully resolve the problem.""}",5877
Math_ShortAns_216,0.95,2,"{""C1"": 1, ""C2"": 1, ""C3"": 0}","{""C1"": ""The answer does not correctly derive the required inequalities. Instead of proving the two separate parts, it misapplies substitutions and ends up repeating a flawed version of part (I)."", ""C2"": ""The reasoning is very poor. The use of the Cauchy-Schwarz inequality is not coherent to support the intended result, and the logical steps do not lead to the correct conclusion."", ""C3"": ""The answer is incomplete. It only attempts a derivation for part (I) (albeit incorrectly) and completely neglects to properly address or derive part (II).""}",5797
Math_ShortAns_217,1.0,5,"{""C1"": 2, ""C2"": 2, ""C3"": 1}","{""C1"": ""The answer proves Part I correctly but completely fails to prove the required inequality in Part II, so the overall correctness is compromised."", ""C2"": ""While the reasoning used for Part I is acceptable, the application of AM-GM in Part II is misapplied. The student\u2019s argument leads to a wrong conclusion, showing poor logical structure."", ""C3"": ""The answer is incomplete because it does not provide a valid proof for the second inequality and contains contradictory statements about the result.""}",4223
