script_id,scores,model_score,comments,confidence,tokens_used
Math_ShortAns_2,"{'S1_expand_sin_addition': 0, 'S2_combine_terms': 0, 'S3_simplify_to_basic_function': 0, 'S4_identify_maximum_value': 0, 'S5_final_answer_consistency': 1}",1,"{'S1_expand_sin_addition': 'The expansion of sin(x+2φ) is done as sin x cos2φ + cos x sin2φ rather than the expected sin(x+φ)cos φ + cos(x+φ)sin φ.', 'S2_combine_terms': 'The grouping and cancellation of terms is incorrect; the coefficients from the two parts are not combined correctly.', 'S3_simplify_to_basic_function': 'The expression is not simplified to a basic trigonometric function (like sin x).', 'S4_identify_maximum_value': 'No proper simplification to a basic function occurred so the maximum value is not identified using the properties of sin x.', 'S5_final_answer_consistency': 'The final answer is given as 1, which matches the expected answer, earning a point despite poor justification.'}",,4176
Math_ShortAns_3,"{'S1_expand_sin_addition': 1, 'S2_combine_terms': 0, 'S3_simplify_to_basic_function': 1, 'S4_identify_maximum_value': 1, 'S5_final_answer_consistency': 1}",4,"{'S1_expand_sin_addition': 'Correct expansion of sin(x+2φ) as sin(x+φ)cosφ + cos(x+φ)sinφ.', 'S2_combine_terms': 'No explicit grouping of terms was shown to reveal the cancellation; insufficient detail.', 'S3_simplify_to_basic_function': 'Simplified to sin x correctly, even though details were omitted.', 'S4_identify_maximum_value': 'Correctly identified that the maximum of sin x is 1.', 'S5_final_answer_consistency': 'Final answer is consistent with the simplified result and justification.'}",0.95,3137
Math_ShortAns_6,"{'R1_define_terms': 1, 'R2_set_equation': 1, 'R3_solve_for_r': 1, 'R4_calculate_sum': 0, 'R5_final_answer': 0}",3,"{'R1_define_terms': 'Correctly defined the geometric sequence terms.', 'R2_set_equation': 'Properly set up the equation (1/9)r^6 = (1/3)r^5 from the given condition.', 'R3_solve_for_r': 'Correctly solved the equation to get r = 3.', 'R4_calculate_sum': 'Substitution into S5 is attempted, but the calculation of the sum is flawed due to incorrect fraction conversion.', 'R5_final_answer': 'Final answer is incorrect because of the arithmetic error in calculating S5.'}",1.0,4434
Math_ShortAns_7,"{'R1_define_terms': 0, 'R2_set_equation': 0, 'R3_solve_for_r': 0, 'R4_calculate_sum': 0, 'R5_final_answer': 0}",0,"{'R1_define_terms': 'No definition of the general term or sum formula was provided.', 'R2_set_equation': 'The equation from the relation a4^2 = a6 was not set up.', 'R3_solve_for_r': 'No steps to solve for the common ratio were shown.', 'R4_calculate_sum': 'The substitution into the sum formula was not demonstrated.', 'R5_final_answer': 'The final answer is incorrect; it should be 121/3, not 121/9.'}",0.95,2331
Math_ShortAns_10,"{'Q15_C1_rewrite_equation': 1, 'Q15_C2_identify_diameter': 0, 'Q15_C3_geometry_implication': 0, 'Q15_C4_final_answer': 0}",1,"{'Q15_C1_rewrite_equation': 'The student correctly rewrote the equation as 2AO = AB + AC.', 'Q15_C2_identify_diameter': 'The student did not correctly identify the relation as implying that AB+AC forms a diameter.', 'Q15_C3_geometry_implication': ""There is no correct application of circle geometry (Thales' theorem) to conclude a right angle."", 'Q15_C4_final_answer': 'The final answer given (30°) is incorrect.'}",,2650
Math_ShortAns_11,"{'Q15_C1_rewrite_equation': 0, 'Q15_C2_identify_diameter': 0, 'Q15_C3_geometry_implication': 0, 'Q15_C4_final_answer': 0}",0,"{'Q15_C1_rewrite_equation': 'The student did not rewrite the vector equation.', 'Q15_C2_identify_diameter': 'There is no recognition that the vector equation implies the diameter alignment.', 'Q15_C3_geometry_implication': ""The student did not apply circle geometry or Thales' theorem."", 'Q15_C4_final_answer': 'The final answer is given as 45° instead of the correct 90°.'}",,2030
Math_ShortAns_14,"{'C1_setup_circle_equation': 0, 'C2_point_B_on_circle': 1, 'C3_tangent_condition': 1, 'C4_solving_center_coordinates': 0, 'C5_final_answer': 0}",2,"{'C1_setup_circle_equation': 'The student does not clearly set up the general circle equation or properly substitute point A. They merely assume y₀ = 1 without justification.', 'C2_point_B_on_circle': 'The substitution of point B(2,1) is correctly done.', 'C3_tangent_condition': 'They correctly use the condition that the distance from the center to the line equals the radius.', 'C4_solving_center_coordinates': 'The system is not solved correctly; the attempt with arbitrary assumptions does not yield the proper center (should be (3,0)).', 'C5_final_answer': 'The final answer is incorrect; it does not match the correct circle equation.'}",0.9,4832
Math_ShortAns_15,"{'C1_setup_circle_equation': 1, 'C2_point_B_on_circle': 1, 'C3_tangent_condition': 1, 'C4_solving_center_coordinates': 1, 'C5_final_answer': 1}",5,"{'C1_setup_circle_equation': 'The student correctly set up the general circle equation and substituted point A.', 'C2_point_B_on_circle': 'The substitution of point B into the circle equation is correctly done.', 'C3_tangent_condition': 'Used the distance from the center to the line equals the radius correctly to formulate the tangency condition.', 'C4_solving_center_coordinates': 'Successfully solved the system to find h=3, k=0, and r=√2.', 'C5_final_answer': 'Provided the final answer (x-3)²+y²=2 in correct standard form.'}",,2937
Math_ShortAns_18,"{'C1_recurrence_setup': 1, 'C2_grouping_terms': 0, 'C3_calculate_group_sums': 0, 'C4_final_answer': 0}",1,"{'C1_recurrence_setup': 'The student correctly derived the alternating recurrence relations from the given formula.', 'C2_grouping_terms': 'The student did not properly separate the sequence into the two required subsequences.', 'C3_calculate_group_sums': 'The calculation of group sums is incomplete and lacks the proper arithmetic series evaluation.', 'C4_final_answer': 'The final answer provided (180) is incorrect; the expected answer is 1830.'}",,3424
Math_ShortAns_19,"{'C1_recurrence_setup': 0, 'C2_grouping_terms': 0, 'C3_calculate_group_sums': 0, 'C4_final_answer': 1}",1,"{'C1_recurrence_setup': 'The student did not set up the recurrence relations; only the final answer is provided.', 'C2_grouping_terms': 'No grouping or partitioning of terms is shown.', 'C3_calculate_group_sums': 'There is no demonstration of calculating the sums of grouped terms.', 'C4_final_answer': 'The final answer is correctly stated as 1830.'}",1.0,2334
Math_ShortAns_22,"{'C1_difference_equation': 0, 'C2_determining_initial_condition_and_general_term': 0, 'C3_expressing_bn': 0, 'C4_partial_fraction_and_telescoping_sum': 1, 'C5_final_sum_and_consistency': 0}",1,"{'C1_difference_equation': 'No valid derivation of the difference equation was provided; the key subtraction step is absent.', 'C2_determining_initial_condition_and_general_term': 'The student attempted several guesses without finding the correct initial condition or explicit formula.', 'C3_expressing_bn': 'The proposed expression for bₙ is incorrect; it does not substitute the correct aₙ formula.', 'C4_partial_fraction_and_telescoping_sum': 'There is an attempt at a telescoping sum through partial fractions, but it is applied to a wrong expression.', 'C5_final_sum_and_consistency': 'The final telescoping sum is not properly computed and lacks consistency with the sequence conditions.'}",,4121
Math_ShortAns_23,"{'C1_difference_equation': 3, 'C2_determining_initial_condition_and_general_term': 2, 'C3_expressing_bn': 2, 'C4_partial_fraction_and_telescoping_sum': 3, 'C5_final_sum_and_consistency': 2}",12,"{'C1_difference_equation': 'Subtraction of the two equations was done correctly leading to a_(n+1) - a_n = 2.', 'C2_determining_initial_condition_and_general_term': 'The initial condition a1 = 3 was correctly determined and the explicit formula a_n = 2n + 1 was derived.', 'C3_expressing_bn': 'b_n was expressed correctly in terms of a_n and a_(n+1) as 1/[(2n+1)(2n+3)].', 'C4_partial_fraction_and_telescoping_sum': 'The partial fraction decomposition was correctly done yielding 1/2 (1/(2n+1) - 1/(2n+3)).', 'C5_final_sum_and_consistency': 'The telescoping sum was correctly set up and simplified to the final expression.'}",1.0,4130
Math_ShortAns_26,"{'C1_trig_simplification': 0, 'C2_angle_deduction': 1, 'C3_cosine_rule_application': 0, 'C4_area_relation': 0, 'C5_perimeter_calculation': 1}",2,"{'C1_trig_simplification': 'The student attempted a substitution but did not perform any proper trigonometric simplification using sine law or identities.', 'C2_angle_deduction': 'Although the student guessed C = 60° (which is correct), the derivation was not rigorous and contained errors.', 'C3_cosine_rule_application': 'The cosine rule was not used to derive a reasonable relation among the sides; no proper setup was shown.', 'C4_area_relation': 'The area formula was mentioned, but the student arbitrarily assumed values instead of correctly deducing the product ab.', 'C5_perimeter_calculation': 'The final numerical answer was stated as 5+√7, but it was obtained by guessing and an arithmetic error, without a correct derivation.'}",,3978
Math_ShortAns_27,"{'C1_trig_simplification': 0, 'C2_angle_deduction': 0, 'C3_cosine_rule_application': 0, 'C4_area_relation': 0, 'C5_perimeter_calculation': 0}",0,"{'C1_trig_simplification': 'The answer does not correctly simplify the given trigonometric expression and makes an unjustified substitution (setting x = 1).', 'C2_angle_deduction': 'The student deduced C = 90° instead of using the proper simplification to conclude cos C = 1/2 (i.e., C = 60°).', 'C3_cosine_rule_application': 'The answer did not apply the cosine rule to relate the sides with cos C = 1/2 and c = √7; no proper equation was formed.', 'C4_area_relation': 'The student used an incorrect angle in the area formula, leading to an incorrect value for ab, and did not properly relate it to the given area.', 'C5_perimeter_calculation': 'The process of computing a+b and the perimeter is baseless, involving arbitrary assignments and resulting in the wrong numerical value.'}",,2986
Math_ShortAns_28,"{'C1_trig_simplification': 2, 'C2_angle_deduction': 2, 'C3_cosine_rule_application': 3, 'C4_area_relation': 2, 'C5_perimeter_calculation': 3}",12,"{'C1_trig_simplification': 'The student correctly used the sine law and identities to simplify the equation.', 'C2_angle_deduction': 'The deduction of cos C = 1/2 and angle C = π/3 is accurate.', 'C3_cosine_rule_application': 'The cosine rule was applied correctly to derive the relation (a+b)² - 3ab = 7.', 'C4_area_relation': 'The area formula was correctly employed to calculate ab = 6.', 'C5_perimeter_calculation': 'The student correctly computed a+b = 5 and, adding c = √7, obtained the perimeter 5 + √7.'}",1.0,3206
Math_ShortAns_31,"{'P1_Setup_Part_I': 0, 'P2_Conclusion_Part_I': 0, 'P3_Assuming_AP': 0, 'P4_Deriving_Sn_and_Condition': 0, 'P5_Final_Conclusion': 0}",0,"{'P1_Setup_Part_I': 'The student did not set up the required pair of recurrence relations and did not mention subtracting them to relate aₙ₊₂ and aₙ.', 'P2_Conclusion_Part_I': 'The derivation from aₙ₊₁(aₙ₊₂ - aₙ) = λaₙ₊₁ and the division by aₙ₊₁ (with the nonzero condition) was never performed.', 'P3_Assuming_AP': 'The student did not properly assume the arithmetic progression form (aₙ = 1 + (n-1)d) nor derive aₙ₊₂ - aₙ = 2d = λ.', 'P4_Deriving_Sn_and_Condition': 'There was no substitution of the arithmetic series form into Sₙ or derivation of a condition by comparing coefficients.', 'P5_Final_Conclusion': 'The final conclusion is incorrect; the student did not deduce λ = 4 and failed to justify any condition for the sequence to be arithmetic.'}",1.0,4412
Math_ShortAns_32,"{'P1_Setup_Part_I': 0, 'P2_Conclusion_Part_I': 0, 'P3_Assuming_AP': 0, 'P4_Deriving_Sn_and_Condition': 0, 'P5_Final_Conclusion': 0}",0,"{'P1_Setup_Part_I': 'The student did not write down the necessary recurrence relations or explain the subtraction step.', 'P2_Conclusion_Part_I': 'No derivation of aₙ₊₂ - aₙ = λ was provided; instead the student claimed the relation was false.', 'P3_Assuming_AP': 'The student did not assume the correct form for an arithmetic progression (aₙ = 1 + (n - 1)d) nor deduce 2d = λ.', 'P4_Deriving_Sn_and_Condition': 'There was no substitution into the sum Sₙ or coefficient comparison to derive any necessary condition.', 'P5_Final_Conclusion': 'The final conclusion is incorrect; the student fails to solve for a valid λ ensuring an arithmetic progression.'}",1.0,3930
Math_ShortAns_33,"{'P1_Setup_Part_I': 1, 'P2_Conclusion_Part_I': 1, 'P3_Assuming_AP': 3, 'P4_Deriving_Sn_and_Condition': 1, 'P5_Final_Conclusion': 2}",8,"{'P1_Setup_Part_I': 'Wrote down the two relations and mentioned subtraction, but the subtraction was executed incorrectly (wrong indices in the difference).', 'P2_Conclusion_Part_I': 'Divided by aₙ₊₁ and mentioned the nonzero condition, but ended with an incorrect difference (should be aₙ₊₂ – aₙ, not aₙ₊₂ – aₙ₊₁).', 'P3_Assuming_AP': 'Correctly assumed the arithmetic progression form and derived λ = 2d with d = λ/2.', 'P4_Deriving_Sn_and_Condition': 'Attempted to substitute and compare coefficients but the sum formula and substitution are muddled; condition derivation is only partially indicated.', 'P5_Final_Conclusion': 'Concluded with λ = 4 and provided the correct final sequence, though justification is somewhat brief.'}",0.9,4688
Math_ShortAns_36,"{'C1_identify_PX2_event': 0, 'C2_compute_PX2': 0, 'C3_identify_PX4_Awin_event': 0, 'C4_compute_PX4_Awin': 0}",0,"{'C1_identify_PX2_event': 'The student did not correctly identify the two disjoint events (A wins both or B wins both) for X=2; they only considered one sequence.', 'C2_compute_PX2': 'The computed probability (0.25) is incorrect. The student wrongly multiplied probabilities and neglected the alternative win sequence.', 'C3_identify_PX4_Awin_event': 'For part (2), the student did not clearly identify the required events (first two balls split in either order and then two wins by A) and mixed up scoring requirements.', 'C4_compute_PX4_Awin': 'The computation was incorrect. The probabilities used and sequences considered do not match the proper serving conditions, leading to an incorrect sum.'}",,4446
Math_ShortAns_37,"{'C1_identify_PX2_event': 1, 'C2_compute_PX2': 0, 'C3_identify_PX4_Awin_event': 1, 'C4_compute_PX4_Awin': 0}",2,"{'C1_identify_PX2_event': 'The student only identified one branch (甲先得分后对方得分) instead of both disjoint events required.', 'C2_compute_PX2': 'The multiplication was done incorrectly and only one branch was computed; the sum and serving conditions were mishandled.', 'C3_identify_PX4_Awin_event': 'Only one ordering for the first two balls was identified; the other possible order was omitted.', 'C4_compute_PX4_Awin': 'The computation is flawed, with incorrect probability multiplications and an arbitrary division, leading to the wrong final value.'}",,4734
Math_ShortAns_38,"{'C1_identify_PX2_event': 2, 'C2_compute_PX2': 3, 'C3_identify_PX4_Awin_event': 2, 'C4_compute_PX4_Awin': 3}",10,"{'C1_identify_PX2_event': 'Correctly identified the two disjoint events: A winning two consecutive balls and B winning two consecutive balls.', 'C2_compute_PX2': 'Correctly computed the products (0.5×0.4 and 0.5×0.6) and summed them to yield 0.5.', 'C3_identify_PX4_Awin_event': 'Identified the event as consisting of two cases (different orders for the first two balls) though the description was redundant; nonetheless, the idea is present.', 'C4_compute_PX4_Awin': 'Accurately computed the probabilities for each case and summed them to obtain 0.1.'}",1.0,5158
Math_ShortAns_41,"{'C1_equation_manipulation': 0, 'C2_solve_for_B': 0, 'C3_area_expression': 0, 'C4_area_range': 0}",0,"{'C1_equation_manipulation': 'The student incorrectly equated A+C = B and misapplied the sine law; the manipulation is fundamentally flawed.', 'C2_solve_for_B': 'The deduction of B = 90° is incorrect and does not follow logically from the given relation and triangle angle properties.', 'C3_area_expression': 'The area expression is not correctly derived; the substitution using c = 1 and the sine law is missing or misapplied.', 'C4_area_range': 'The derivation of the area range is incorrect and does not account properly for the acute angle conditions or correct boundaries.'}",,3116
Math_ShortAns_42,"{'C1_equation_manipulation': 1, 'C2_solve_for_B': 1, 'C3_area_expression': 1, 'C4_area_range': 2}",5,"{'C1_equation_manipulation': 'The student mentions using the sine law to simplify the equation but provides no detailed manipulation, earning partial credit.', 'C2_solve_for_B': 'The final answer B = π/3 is correct, but the solution lacks detailed justification regarding the triangle angle constraints.', 'C3_area_expression': 'The answer alludes to forming an area function based on angle C, but no explicit area expression is derived.', 'C4_area_range': 'The area range is stated correctly as (√3/8, √3/2), yet the derivation and discussion of the domain conditions are very brief.'}",0.9,3631
Math_ShortAns_45,"{'R1_common_diff': 1, 'R2_sqrt_sn_term': 0, 'R3_sum_formula': 0, 'R4_an_expression': 0, 'R5_final_conclusion': 0}",1,"{'R1_common_diff': 'Correctly computed √S₂ - √S₁ = √a₁ but then misapplied the arithmetic property by claiming the differences are not equal.', 'R2_sqrt_sn_term': 'Did not derive the general term √Sₙ = n√a₁; only computed individual terms.', 'R3_sum_formula': 'Failed to square the general term to properly derive Sₙ = a₁n².', 'R4_an_expression': 'Did not correctly deduce aₙ from Sₙ - Sₙ₋₁; the assumed a₃ value is unjustified.', 'R5_final_conclusion': 'Incorrectly concluded that {aₙ} is not an arithmetic sequence rather than proving it is.'}",0.95,3850
Math_ShortAns_46,"{'R1_common_diff': 1, 'R2_sqrt_sn_term': 0, 'R3_sum_formula': 3, 'R4_an_expression': 3, 'R5_final_conclusion': 2}",9,"{'R1_common_diff': 'The student correctly set up d = √S₂ - √S₁ but did not substitute a₂ = 3a₁ to conclude d = √a₁.', 'R2_sqrt_sn_term': 'The general term for √Sₙ is derived incorrectly; the student used an erroneous arithmetic sum formula.', 'R3_sum_formula': 'They implicitly used Sₙ = a₁n² (via aₙ = Sₙ - Sₙ₋₁), which is correct though the squaring step wasn’t fully shown.', 'R4_an_expression': 'Correctly derived aₙ = Sₙ - Sₙ₋₁ and simplified it to 2a₁n - a₁.', 'R5_final_conclusion': 'The final conclusion that the sequence is arithmetic is stated clearly based on the constant difference.'}",,4732
Math_ShortAns_49,"{'C1_transform_equation': 0, 'C2_recurrence_relation': 0, 'C3_geometric_condition': 0, 'C4_minimum_Sn': 0}",0,"{'C1_transform_equation': 'The student incorrectly rewrote the equation, missing the multiplication of aₙ by n and then further simplified it erroneously.', 'C2_recurrence_relation': 'There is no clear derivation of the recurrence relation aₙ - aₙ₋₁ = 1 to prove the sequence is arithmetic.', 'C3_geometric_condition': 'The expressions for a₄, a₇, a₉ are misrepresented (a₉ should be a₁ + 8d, not a₁ + 9d) and the setup of the geometric condition is flawed.', 'C4_minimum_Sn': 'Although the formula for Sₙ is recalled, no proper derivation via completing the square is shown, and the stated minimum value is incorrect.'}",,4295
Math_ShortAns_50,"{'C1_transform_equation': 3, 'C2_recurrence_relation': 3, 'C3_geometric_condition': 3, 'C4_minimum_Sn': 3}",12,"{'C1_transform_equation': 'The student correctly rewrote the equation and set up the corresponding equation for n-1.', 'C2_recurrence_relation': 'After subtracting, the derivation (though briefly shown) properly leads to aₙ - aₙ₋₁ = 1.', 'C3_geometric_condition': 'The expressions for a₄, a₇, and a₉ are correctly found and the geometric sequence condition is properly applied to solve for a₁.', 'C4_minimum_Sn': 'The formula for Sₙ is correctly derived and completed square method is used correctly to obtain the minimum value Sₙ = -78 at n = 12 or 13.'}",1.0,4506
Math_ShortAns_53,"{'C1_sum_sequence': 0, 'C2_difference_sequence': 1, 'C3_general_term_derivation': 0, 'C4_final_answer_presentation': 0}",1,"{'C1_sum_sequence': 'The student incorrectly derived the sum sequence as cₙ₊₁ = cₙ + 1 instead of combining the recurrences to get a geometric sequence.', 'C2_difference_sequence': 'While the student set up the difference sequence, the constant term was miscomputed (adding 4 instead of 2), leading to an incorrect arithmetic progression.', 'C3_general_term_derivation': 'The approach to derive the general term formulas is arbitrary and does not properly use the expressions for aₙ+bₙ and aₙ-bₙ. The final expressions are inconsistent with the correct method.', 'C4_final_answer_presentation': 'The final answer is not clearly presented, lacks correct justification, and does not match the required conclusions.'}",0.95,4831
Math_ShortAns_54,"{'C1_sum_sequence': 2, 'C2_difference_sequence': 2, 'C3_general_term_derivation': 0, 'C4_final_answer_presentation': 0}",4,"{'C1_sum_sequence': 'The student correctly defined cₙ and derived cₙ₊₁ = cₙ/2, but did not explicitly state the closed form (first term and ratio) for the sum sequence.', 'C2_difference_sequence': 'The student correctly derived dₙ₊₁ = dₙ + 2 showing an arithmetic progression, yet did not explicitly conclude dₙ = 2n - 1.', 'C3_general_term_derivation': 'The attempt to derive the general terms for aₙ and bₙ is made but the final expressions (aₙ = n² + 1, bₙ = n - 2) are incorrect.', 'C4_final_answer_presentation': 'The final answer is presented but is not correctly justified or consistent with initial conditions.'}",0.9,4807
Math_ShortAns_55,"{'C1_sum_sequence': 3, 'C2_difference_sequence': 3, 'C3_general_term_derivation': 1, 'C4_final_answer_presentation': 1}",8,"{'C1_sum_sequence': 'The student correctly derived that aₙ+bₙ satisfies aₙ₊₁+bₙ₊₁ = ½(aₙ+bₙ), showing it is a geometric sequence with first term 1 and ratio ½.', 'C2_difference_sequence': 'The subtraction was done correctly to get aₙ₊₁-bₙ₊₁ = aₙ-bₙ+2, verifying an arithmetic sequence with first term 1 and common difference 2.', 'C3_general_term_derivation': 'The approach of expressing aₙ and bₙ via the sum and difference is correct, but the final formulas are not clearly or correctly simplified, leading to an ambiguous final answer.', 'C4_final_answer_presentation': 'The final conclusion is stated and a final answer is attempted, despite formatting and clarity issues in the presentation.'}",0.9,5008
Math_ShortAns_58,"{'C1_compute_r': 0, 'C2_interpret_r': 1, 'C3_detect_outlier': 1, 'C4_recompute_mean': 0, 'C5_recompute_std': 0}",2,"{'C1_compute_r': 'The student used an incorrect mean for i (8 instead of 8.5) and an incorrect numerator and denominator to compute r, leading to a wrong value.', 'C2_interpret_r': 'Despite the computational errors, the student correctly concluded that there is no systematic change based on the |r| criterion.', 'C3_detect_outlier': 'While the student computed approximate boundary values, they incorrectly assessed that all measurements lie within the interval, missing the outlier (9.22).', 'C4_recompute_mean': 'The student did not exclude the outlier as required and incorrectly computed the new mean.', 'C5_recompute_std': 'The standard deviation was computed without excluding the outlier and is far from the correct recalculated value.'}",0.95,5267
Math_ShortAns_59,"{'C1_compute_r': 0, 'C2_interpret_r': 1, 'C3_detect_outlier': 0, 'C4_recompute_mean': 0, 'C5_recompute_std': 0}",1,"{'C1_compute_r': 'The computation of r was incorrect: used wrong values for x̄ and ī and the resulting r (-0.019) does not match the expected -0.18.', 'C2_interpret_r': 'The interpretation is correct: since |r| is less than 0.25 the conclusion is that no systematic change occurs.', 'C3_detect_outlier': 'The boundaries were computed incorrectly using an assumed s = 0.3, leading to an incorrect range and wrong conclusion about outliers.', 'C4_recompute_mean': 'No proper recalculation of the mean after eliminating outliers was provided; an arbitrary guess was given.', 'C5_recompute_std': 'The new standard deviation was not recalculated correctly; an arbitrary value was stated.'}",,4807
Math_ShortAns_60,"{'C1_compute_r': 3, 'C2_interpret_r': 1, 'C3_detect_outlier': 3, 'C4_recompute_mean': 2, 'C5_recompute_std': 3}",12,"{'C1_compute_r': 'The student correctly computed the correlation coefficient as -0.18 using the provided data and formula.', 'C2_interpret_r': 'The interpretation is correct: since |r| < 0.25, there is no systematic trend.', 'C3_detect_outlier': 'The acceptable range was properly calculated as approximately (9.33, 10.61), and the outlier (9.22) was correctly identified.', 'C4_recompute_mean': 'The new mean after removing the outlier was correctly computed as approximately 10.02.', 'C5_recompute_std': 'The recalculated standard deviation after excluding the outlier is correctly determined as about 0.09.'}",1.0,4046
Math_ShortAns_63,"{'Q20_C1_line_setup_substitution': 1, 'Q20_C2_dot_product_proof': 0, 'Q20_C3_relation_for_k': 0, 'Q20_C4_final_equations': 0}",1,"{'Q20_C1_line_setup_substitution': 'The student correctly set up the line as y = k(x-2) and correctly substituted into the parabola, but then incorrectly dismissed the quadratic term, leading to an erroneous simplification.', 'Q20_C2_dot_product_proof': 'No correct application of Vieta’s formulas or vector dot product was provided; the claimed coordinates for A and B are incorrect.', 'Q20_C3_relation_for_k': 'There is no proper relation derived using the condition (AP · BP = 0) with point P, and the process is not followed.', 'Q20_C4_final_equations': 'The computed circle and line equations are incorrect, with errors in center, radius and final equation form.'}",,4129
Math_ShortAns_64,"{'Q20_C1_line_setup_substitution': 3, 'Q20_C2_dot_product_proof': 0, 'Q20_C3_relation_for_k': 0, 'Q20_C4_final_equations': 0}",3,"{'Q20_C1_line_setup_substitution': 'Handled the vertical case correctly by setting x=2 and substituting into the parabola equation.', 'Q20_C2_dot_product_proof': 'Calculated the dot product incorrectly (error in arithmetic) and failed to show that OA · OB = 0.', 'Q20_C3_relation_for_k': 'Did not establish or use the condition involving vectors AP and BP to derive the value(s) of k.', 'Q20_C4_final_equations': 'The final center and radius were incorrectly computed and no proper final equations were provided.'}",,4364
Math_ShortAns_67,"{'Q1_rewrite_circle': 1, 'Q2_locus_derivation': 0, 'Q3_use_condition_OP_OM': 0, 'Q4_line_equation_and_area': 0, 'Q5_final_answer_justification': 0}",1,"{'Q1_rewrite_circle': 'Correct rewriting of the circle equation and identification of center and radius.', 'Q2_locus_derivation': ""Incorrect approach: the derivation of the midpoint M's coordinates and the locus was mishandled and based on a mis-expansion of algebraic expressions, with no use of the required perpendicularity condition."", 'Q3_use_condition_OP_OM': 'The student incorrectly used the condition |OP| = |OM| by merely comparing distances without deducing the necessary perpendicular bisector relationship.', 'Q4_line_equation_and_area': 'The derivation of the line equation and the area of triangle POM is not supported by a correct computation; values are arbitrarily assumed.', 'Q5_final_answer_justification': 'Final answers stated (locus y = 2x + 1, line y = kx + 3, area = 8) are inconsistent with previous work and lack proper justification.'}",0.95,4330
Math_ShortAns_68,"{'Q1_rewrite_circle': 1, 'Q2_locus_derivation': 3, 'Q3_use_condition_OP_OM': 3, 'Q4_line_equation_and_area': 3, 'Q5_final_answer_justification': 2}",12,"{'Q1_rewrite_circle': 'The student correctly rewrote the circle equation and identified the center (0,4) and radius 4.', 'Q2_locus_derivation': 'They defined M correctly, set up the vectors CM and MP, applied the dot product condition, and derived the locus (x-1)²+(y-3)²=2.', 'Q3_use_condition_OP_OM': 'The student used |OP|=|OM| to deduce that O lies on the perpendicular bisector of PM, noted that P lies on the locus circle so that ON⊥PM, and correctly deduced the slope relation.', 'Q4_line_equation_and_area': 'They derived the line equation PM as y-2 = -1/3(x-2) (equivalently, x+3y-8=0) and used distance formulas and chord properties to compute PM and the triangle’s area as 16/5.', 'Q5_final_answer_justification': 'Final answers are clearly stated with complete justification, consistent with the derivations.'}",1.0,4527
Math_ShortAns_71,"{'C1_ellipse_equation': 0, 'C2_line_AB_equation': 0, 'C3_line_through_P_and_intersections': 0, 'C4_determination_of_T_and_H': 0, 'C5_fixed_point_proof': 0}",0,"{'C1_ellipse_equation': 'Incorrect substitution for point A led to a wrong conclusion, and the final ellipse equation is completely off.', 'C2_line_AB_equation': 'The student did not correctly determine the equation of line AB.', 'C3_line_through_P_and_intersections': 'The line through P was misformulated and the intersections were computed using an incorrect ellipse equation.', 'C4_determination_of_T_and_H': 'The identification of point T and subsequent vector approach for H was mishandled, with arbitrary assumption for H.', 'C5_fixed_point_proof': 'The argument failed entirely; the derived line HN does not prove the existence of any fixed point.'}",,3379
Math_ShortAns_72,"{'C1_ellipse_equation': 3, 'C2_line_AB_equation': 0, 'C3_line_through_P_and_intersections': 2, 'C4_determination_of_T_and_H': 0, 'C5_fixed_point_proof': 1}",6,"{'C1_ellipse_equation': 'The final ellipse equation is correct even though intermediate steps are omitted.', 'C2_line_AB_equation': 'No work was shown on finding the equation of line AB.', 'C3_line_through_P_and_intersections': 'Choosing the vertical line x = 1 through P is acceptable, and the intersection points with the ellipse are correctly computed.', 'C4_determination_of_T_and_H': 'The answer omits the determination of point T and the application of the vector relation to locate H.', 'C5_fixed_point_proof': 'While the final line equation HN is provided and (0, -2) satisfies it, the proof is incomplete as it does not show the general argument.'}",0.9,4411
Math_ShortAns_75,"{'C1_identify_and_select_points': 0, 'C2_compute_parameters': 0, 'C3_final_ellipse_equation': 0, 'C4_line_case_analysis': 0, 'C5_fixed_point_derivation': 0}",0,"{'C1_identify_and_select_points': 'The student incorrectly computed the substitution for P2, leading to the false exclusion of P2 instead of P1 and did not clearly identify the correct three points.', 'C2_compute_parameters': 'The student’s substitution led to an erroneous conclusion (b² = 0) and then arbitrarily set a=5, b=3 without proper derivation.', 'C3_final_ellipse_equation': 'The final ellipse equation given (x²/5 + y²/3 = 1) is incorrect; it does not match the correct ellipse parameters.', 'C4_line_case_analysis': 'No proper analysis of the two cases (undefined slope versus existing slope) was provided.', 'C5_fixed_point_derivation': 'The derivation for the fixed point is incomplete and lacks the necessary algebraic steps to show that the line passes through (2, -1).'}",,4214
Math_ShortAns_76,"{'C1_identify_and_select_points': 0, 'C2_compute_parameters': 3, 'C3_final_ellipse_equation': 1, 'C4_line_case_analysis': 0, 'C5_fixed_point_derivation': 1}",5,"{'C1_identify_and_select_points': 'The student did not correctly identify that exactly three points (P2, P3, P4) lie on the ellipse and erroneously included P1.', 'C2_compute_parameters': 'The substitution from P2 and P3 is correctly executed yielding b² = 1 and a² = 4.', 'C3_final_ellipse_equation': 'The final equation x²/4 + y² = 1 is correctly stated.', 'C4_line_case_analysis': 'No proper case analysis is provided; the student did not distinguish or reject the undefined slope (vertical line) case.', 'C5_fixed_point_derivation': 'The derivation is incomplete; although the conclusion is stated, the algebraic steps leading to the fixed point are missing.'}",0.95,4428
Math_ShortAns_77,"{'C1_identify_and_select_points': 2, 'C2_compute_parameters': 3, 'C3_final_ellipse_equation': 1, 'C4_line_case_analysis': 1, 'C5_fixed_point_derivation': 1}",8,"{'C1_identify_and_select_points': 'Correctly identified the three points using symmetry.', 'C2_compute_parameters': 'Substitution was correctly performed to obtain a² = 4 and b² = 1.', 'C3_final_ellipse_equation': 'Final equation x²/4 + y² = 1 is clearly stated.', 'C4_line_case_analysis': 'The student distinguishes between the vertical (undefined slope) case and the non-vertical case but the explanation is incomplete.', 'C5_fixed_point_derivation': 'The method for deriving the fixed point is only outlined without complete algebraic steps; hence, only minimal credit is awarded.'}",0.95,4598
Math_ShortAns_80,"{'P1_rewrite_a0': 2, 'P2_monotonicity': 0, 'P3_setup_maximum': 2, 'P4_find_a': 0}",4,"{'P1_rewrite_a0': 'Correctly rewrote f(x) for a=0 and implicitly used the correct domain (-1,∞).', 'P2_monotonicity': 'The analysis of sign and monotonicity is flawed; the sign for x>0 is incorrect and lacks proper derivative analysis.', 'P3_setup_maximum': ""Successfully computed f'(0)=0 and identified x=0 as a critical point, fulfilling the setup requirement."", 'P4_find_a': 'Failed to derive a unique value for a; the argument about a being arbitrary is incorrect.'}",0.95,3745
Math_ShortAns_81,"{'P1_rewrite_a0': 1, 'P2_monotonicity': 1, 'P3_setup_maximum': 1, 'P4_find_a': 2}",5,"{'P1_rewrite_a0': 'The student correctly rewrites f(x) for a = 0 but does not explicitly state the domain x > -1.', 'P2_monotonicity': 'Mention of derivative and second derivative analysis is present, but details are lacking; only a vague description is given.', 'P3_setup_maximum': ""The answer indicates that an extremum condition is needed (mentioning h(0)=0) but does not clearly show f'(0)=0 or a detailed setup."", 'P4_find_a': 'The final answer a = -1/6 is stated with reference to derivative analysis, but the derivation is very heuristic and lacks rigorous calculation.'}",,3429
Math_ShortAns_84,"{'CN_Q21_C1_derivative': 2, 'CN_Q21_C2_monotonicity': 0, 'CN_Q21_C3_maximum_value': 0, 'CN_Q21_C4_inequality_transformation': 0}",2,"{'CN_Q21_C1_derivative': 'The student correctly differentiated f(x) and rewrote it by multiplying by x, earning points for correct derivative and rational rewriting, but did not factorize the numerator or mention the domain.', 'CN_Q21_C2_monotonicity': 'No systematic analysis for the cases a = 0, a > 0, and a < 0 was provided; the discussion on monotonicity is vague.', 'CN_Q21_C3_maximum_value': 'The candidate maximum for a < 0 was not properly identified; the critical point was not computed or substituted into f(x).', 'CN_Q21_C4_inequality_transformation': 'The inequality was not transformed or proved using the required substitution and function analysis.'}",0.9,4483
Math_ShortAns_85,"{'CN_Q21_C1_derivative': 1, 'CN_Q21_C2_monotonicity': 0, 'CN_Q21_C3_maximum_value': 0, 'CN_Q21_C4_inequality_transformation': 0}",1,"{'CN_Q21_C1_derivative': 'Correctly computed the basic derivative (1/x + 2ax + 2a+1) but did not combine it into a single rational expression or factorize the numerator, and failed to mention the domain x>0.', 'CN_Q21_C2_monotonicity': 'Did not analyze the monotonicity for different cases (a=0, a>0, a<0) and incorrectly asserted that D<0 always holds, leading to a wrong conclusion about f(x) being increasing.', 'CN_Q21_C3_maximum_value': 'Did not identify the critical point (x = -1/(2a)) for a<0 or compute the corresponding maximum value of f(x).', 'CN_Q21_C4_inequality_transformation': 'Did not properly transform the inequality or perform the necessary analysis. Instead, the argument relied on evaluating f(1) which is unrelated to the required maximum value, leading to an incorrect conclusion.'}",0.95,4087
Math_ShortAns_86,"{'CN_Q21_C1_derivative': 3, 'CN_Q21_C2_monotonicity': 3, 'CN_Q21_C3_maximum_value': 3, 'CN_Q21_C4_inequality_transformation': 3}",12,"{'CN_Q21_C1_derivative': 'The derivative was correctly computed, simplified to a single rational function, factorized, and the domain was noted.', 'CN_Q21_C2_monotonicity': 'The answer properly discussed all three cases (a=0, a>0, a<0) and correctly identified the intervals of monotonicity.', 'CN_Q21_C3_maximum_value': 'For a<0, the critical point x = -1/(2a) was correctly identified and the function value f(-1/(2a)) was accurately computed.', 'CN_Q21_C4_inequality_transformation': 'The inequality was correctly transformed using the substitution t = -1/a and analyzed via function properties to establish the desired inequality.'}",1,4724
Math_ShortAns_89,"{'C1_find_m': 3, 'C2_domain_and_rewrite': 0, 'C3_monotonicity_analysis': 0, 'C4_prove_f_positive': 0}",3,"{'C1_find_m': ""The student correctly differentiated f(x) and solved f'(0)=0 to obtain m=1."", 'C2_domain_and_rewrite': ""The student did not determine the correct domain (x > -1) after substituting m=1 nor did they rewrite f'(x) in a form conducive to monotonicity analysis."", 'C3_monotonicity_analysis': ""The analysis of the sign of f'(x) and hence the monotonicity is flawed and incomplete."", 'C4_prove_f_positive': 'The attempt to prove f(x) > 0 for m ≤ 2 is incorrect and does not rigorously handle the reduction to m=2 or analyze the minimum value.'}",0.95,4200
Math_ShortAns_90,"{'C1_find_m': 3, 'C2_domain_and_rewrite': 2, 'C3_monotonicity_analysis': 0, 'C4_prove_f_positive': 0}",5,"{'C1_find_m': 'Correct differentiation and substitution to yield m=1.', 'C2_domain_and_rewrite': 'Correctly identified the domain after substituting m=1, but did not fully rewrite the derivative for monotonicity analysis.', 'C3_monotonicity_analysis': ""No detailed sign analysis of f'(x) or clear monotonicity intervals provided."", 'C4_prove_f_positive': 'Proof for f(x) > 0 when m ≤ 2 was only announced without any detailed argument or computation.'}",,3274
Math_ShortAns_93,"{'C1_calculate_f0': 2, 'C2_prove_monotonicity': 0, 'C3_formulate_condition': 0, 'C4_solve_parameter': 0}",2,"{'C1_calculate_f0': 'f(0) was correctly computed as 1.', 'C2_prove_monotonicity': 'The student did not establish monotonicity; they merely provided sample values and then claimed incorrect properties.', 'C3_formulate_condition': 'No proper condition for the uniqueness of the zero was formulated; the approach was vague and incorrect.', 'C4_solve_parameter': 'The derivation of the parameter was completely off, leading to an incorrect value of a.'}",1,3544
Math_ShortAns_94,"{'C1_calculate_f0': 2, 'C2_prove_monotonicity': 2, 'C3_formulate_condition': 0, 'C4_solve_parameter': 0}",4,"{'C1_calculate_f0': 'Correctly computed f(0) = 1 with clear justification.', 'C2_prove_monotonicity': ""Computed the derivative and checked at x = 0, but did not fully prove that f'(x) ≥ 0 for all x ≥ 0."", 'C3_formulate_condition': ""Did not properly formulate the condition for the unique zero; the discussion on the derivative's zero is incomplete."", 'C4_solve_parameter': 'Incorrectly concluded a = 2 without proper derivation; failed to derive the correct value a = e²/4.'}",0.95,4021
Math_ShortAns_95,"{'C1_calculate_f0': 1, 'C2_prove_monotonicity': 4, 'C3_formulate_condition': 1, 'C4_solve_parameter': 0}",6,"{'C1_calculate_f0': ""The answer states f(0)=1 without explicitly showing the substitution, so it's partially correct."", 'C2_prove_monotonicity': ""The derivative f'(x)=e^x-2x is computed correctly and the minimum analysis using g(x) is valid."", 'C3_formulate_condition': 'The condition for a unique zero is mentioned in two methods but not clearly formulated; partial credit is given.', 'C4_solve_parameter': 'No complete derivation of a = e²/4 is provided.'}",0.95,4327
Math_ShortAns_98,"{'C1_derivative_analysis': 1, 'C2_monotonicity_and_sign': 0, 'C3_conclude_a_value': 0, 'C4_log_product_inequality': 0, 'C5_minimum_m_value': 1, 'C6_final_presentation': 0}",2,"{'C1_derivative_analysis': 'Only computed f(1)=0; did not state domain or compute derivative fully.', 'C2_monotonicity_and_sign': 'No analysis of the derivative or monotonicity provided.', 'C3_conclude_a_value': 'Incorrect conclusion; student wrongly took a=0 instead of using contradiction to obtain a=1.', 'C4_log_product_inequality': 'Did not use the logarithmic inequality or proper summing; the reasoning is flawed.', 'C5_minimum_m_value': 'Although the final answer m=3 is stated, the reasoning is incorrect and insufficient.', 'C6_final_presentation': 'Final answers are not coherently justified; part (1) answer is wrong.'}",,4577
Math_ShortAns_99,"{'C1_derivative_analysis': 0, 'C2_monotonicity_and_sign': 0, 'C3_conclude_a_value': 0, 'C4_log_product_inequality': 0, 'C5_minimum_m_value': 0, 'C6_final_presentation': 0}",0,"{'C1_derivative_analysis': 'The answer does not mention the domain (x>0), does not compute the derivative, and fails to identify the critical point.', 'C2_monotonicity_and_sign': 'No analysis of monotonicity is given; the sign change of the derivative is not discussed.', 'C3_conclude_a_value': 'The student incorrectly concludes a=2 without using the contradiction method; the correct answer a=1 is not reached.', 'C4_log_product_inequality': 'The approach of applying the logarithmic inequality and summing the series is absent.', 'C5_minimum_m_value': 'The student incorrectly argues for m=8 instead of deriving the bound that leads to m=3.', 'C6_final_presentation': 'The final answers are stated without coherent justifications linking to the proper steps.'}",,4291
Math_ShortAns_100,"{'C1_derivative_analysis': 3, 'C2_monotonicity_and_sign': 2, 'C3_conclude_a_value': 1, 'C4_log_product_inequality': 3, 'C5_minimum_m_value': 2, 'C6_final_presentation': 0}",11,"{'C1_derivative_analysis': 'Correctly identified the domain, computed the derivative, and noted the critical point x = a.', 'C2_monotonicity_and_sign': 'Proper analysis of monotonicity for a > 0 and identified that the minimum occurs at x = a.', 'C3_conclude_a_value': 'Accurately concluded that a must equal 1 by showing f(a) < f(1) if a ≠ 1.', 'C4_log_product_inequality': 'Used the logarithmic inequality and summation to bound the product by e.', 'C5_minimum_m_value': 'Showed that the product lies between 2 and e, implying the minimal m is 3, though the final statement is implicit.', 'C6_final_presentation': 'Final answers are not stated clearly for part (2) (m is not explicitly given), resulting in a lack of coherent final presentation.'}",,5982
Math_ShortAns_103,"{'C1_derivative_calc': 0, 'C2_monotonicity_and_extremum': 0, 'C3_root_existence': 0, 'C4_reciprocal_relationship': 0, 'C5_logical_presentation': 0}",0,"{'C1_derivative_calc': 'The derivative is incorrectly computed. The student missed the ln x term, arriving at -1/x instead of ln x - 1/x.', 'C2_monotonicity_and_extremum': 'Based on the incorrect derivative, the student wrongly concludes that there are no extremum points, contrary to the unique extremum required.', 'C3_root_existence': 'The student does not properly demonstrate a sign change or unique root in (x₀, +∞); all evaluated points are negative, leading to a wrong conclusion.', 'C4_reciprocal_relationship': 'There is no attempt to establish the reciprocal relationship between the two roots.', 'C5_logical_presentation': 'The overall argument is poorly structured, with each part of the solution based on incorrect computations and leading to the wrong conclusions.'}",1.0,3905
Math_ShortAns_104,"{'C1_derivative_calc': 0, 'C2_monotonicity_and_extremum': 0, 'C3_root_existence': 0, 'C4_reciprocal_relationship': 0, 'C5_logical_presentation': 0}",0,"{'C1_derivative_calc': 'The derivative was computed incorrectly. The correct derivative should be ln x - 1/x, but the answer got -1/x.', 'C2_monotonicity_and_extremum': 'The critical point uniqueness and monotonicity argument is not established; instead, a wrong conclusion about monotonicity is drawn.', 'C3_root_existence': 'The sign analysis is flawed (incorrect values and sign mistakes) and does not correctly show the existence of a unique real root in (x₀, +∞).', 'C4_reciprocal_relationship': 'No justification or demonstration of the reciprocal relationship between the roots is provided.', 'C5_logical_presentation': 'The overall solution is disorganized and contradicts itself, lacking clear logical structure and correct conclusions.'}",,3653
Math_ShortAns_105,"{'C1_derivative_calc': 1, 'C2_monotonicity_and_extremum': 1, 'C3_root_existence': 0, 'C4_reciprocal_relationship': 1, 'C5_logical_presentation': 1}",4,"{'C1_derivative_calc': 'The answer mentions taking the derivative but does not show any detailed computation or simplification.', 'C2_monotonicity_and_extremum': 'The answer states the existence of a unique critical point based on monotonicity but lacks detailed argumentation.', 'C3_root_existence': 'No explicit sign analysis or value evaluations are provided to demonstrate the existence of a unique root in (x₀, ∞).', 'C4_reciprocal_relationship': 'The answer asserts the reciprocal relation between the roots but does not exhibit a detailed proof.', 'C5_logical_presentation': 'The solution is presented in a brief and organized manner, yet details and clear logical reasoning are missing.'}",,3807
Math_ShortAns_108,"{'C1_domain_monotonicity': 0, 'C2_a_range': 0, 'C3_zero_location': 0, 'C4_zero_product_inequality': 0}",0,"{'C1_domain_monotonicity': 'The answer did not state x > 0 or analyze the derivative to justify monotonicity.', 'C2_a_range': 'Although f(1) was computed correctly, the inequality was flipped, leading to an incorrect range for a.', 'C3_zero_location': 'The answer incorrectly assumed zeros lie in [1,2] instead of showing one zero is less than 1 and the other greater than 1.', 'C4_zero_product_inequality': 'The argument provided used a contradictory example and reached the opposite conclusion, failing to show x1*x2 < 1.'}",1.0,3423
Math_ShortAns_109,"{'C1_domain_monotonicity': 3, 'C2_a_range': 3, 'C3_zero_location': 2, 'C4_zero_product_inequality': 0}",8,"{'C1_domain_monotonicity': 'Correctly identified the domain and used the derivative to show decreasing on (0,1) and increasing on (1,∞).', 'C2_a_range': 'Properly computed f(1) and set up the inequality to derive a ≤ e+1.', 'C3_zero_location': 'Adequately noted that two zeros occur on either side of x = 1.', 'C4_zero_product_inequality': 'The proof for x₁·x₂ < 1 is incomplete and lacks a rigorous argument.'}",,3529
Math_ShortAns_112,"{'C1_determine_parameter': 0, 'C2_write_parabola_equation': 0, 'C3_setup_coordinates_and_relations': 0, 'C4_analyze_slope_relationship': 0, 'C5_find_final_line_equation': 0}",0,"{'C1_determine_parameter': 'The student misidentified the focus as (p, 0) instead of (p/2, 0) and incorrectly set up the condition for |MF|, leading to an entirely wrong approach.', 'C2_write_parabola_equation': ""The parabola's equation was altered to y² = 3px based on a mistaken deduction; the equation is not correctly derived from the determined parameter."", 'C3_setup_coordinates_and_relations': ""The student does not correctly assign coordinates nor use the quadratic relationship (e.g., via Vieta's formulas) to set up relations for points M, N, A, B on the parabola."", 'C4_analyze_slope_relationship': 'The analysis regarding the slopes is confused; identifying MD as vertical renders its tangent undefined, but no correct analysis or relationship between slopes of MN and AB is provided.', 'C5_find_final_line_equation': 'The final line equation is incorrectly given as y = 0, without proper substitution or determination of constant from the correct relations.'}",0.9,3886
Math_ShortAns_113,"{'C1_determine_parameter': 0, 'C2_write_parabola_equation': 0, 'C3_setup_coordinates_and_relations': 0, 'C4_analyze_slope_relationship': 0, 'C5_find_final_line_equation': 0}",0,"{'C1_determine_parameter': 'Incorrect identification of the focus (should be (p/2, 0)) and misapplication of the condition for MD being vertical; no proper deduced equation for p.', 'C2_write_parabola_equation': 'Did not substitute the determined p value; the equation is left in general form.', 'C3_setup_coordinates_and_relations': 'Failed to assign proper coordinates for M, N and did not set up the relation using Vieta’s formulas.', 'C4_analyze_slope_relationship': 'The analysis of slopes is flawed; the student did not derive the required relationship between MN and AB slopes.', 'C5_find_final_line_equation': 'The final answer for line AB is incorrect; it should be x = √2y + 4 but the student obtained y = 0.'}",1.0,4166
Math_ShortAns_114,"{'C1_determine_parameter': 4, 'C2_write_parabola_equation': 2, 'C3_setup_coordinates_and_relations': 2, 'C4_analyze_slope_relationship': 1, 'C5_find_final_line_equation': 2}",11,"{'C1_determine_parameter': 'Correctly identified the focus and used the vertical line condition to set up p + p/2 = 3, yielding p = 2.', 'C2_write_parabola_equation': 'With p = 2, the student correctly wrote the parabola equation as y² = 4x.', 'C3_setup_coordinates_and_relations': 'The student set coordinates in the correct form and mentioned using Vieta’s formulas, though details are sparse.', 'C4_analyze_slope_relationship': 'The student alluded to using the slope relationship and tangent difference formula, but did not detail the derivation fully.', 'C5_find_final_line_equation': 'The final line equation x = √2 y + 4 is given correctly.'}",,4654
Math_ShortAns_117,"{'C1_derivative_setup': 1, 'C2_explicit_function': 0, 'C3_monotonic_intervals': 0, 'C4_inequality_setup': 0, 'C5_maximum_value': 0}",1,"{'C1_derivative_setup': 'The derivative was correctly computed as k·e^(x-1) - c + x, but the student did not utilize the conditions at x=1 and x=0 to set up the necessary equations.', 'C2_explicit_function': ""The answer remains in terms of k and c without determining f(0) and f'(1), so the explicit analytic form of f(x) is not obtained."", 'C3_monotonic_intervals': 'The analysis of monotonic intervals is incomplete. The student only suggests increasing behavior for x > 0 without thorough sign analysis of the derivative.', 'C4_inequality_setup': 'The inequality is not properly transformed. The cancellation of the quadratic term is noted, but no proper function is defined to analyze the inequality condition.', 'C5_maximum_value': 'The maximum value is stated as -1 with no correct derivation or optimization; the approach is incorrect.'}",1.0,4080
Math_ShortAns_118,"{'C1_derivative_setup': 1, 'C2_explicit_function': 0, 'C3_monotonic_intervals': 0, 'C4_inequality_setup': 1, 'C5_maximum_value': 0}",2,"{'C1_derivative_setup': 'The answer only verbally indicates differentiation and substitution at x=1, without writing the explicit derivative expression.', 'C2_explicit_function': ""No explicit values for f(0), f'(1), or the final analytic form of f(x) are provided."", 'C3_monotonic_intervals': ""The monotonicity is mentioned vaguely without specifying the intervals or analyzing f'(x)."", 'C4_inequality_setup': 'The inequality was transformed into h(x) = e^x - (a+1)x - b, matching part of the requirement.', 'C5_maximum_value': 'There is no attempt to compute or optimize (a+1)b; the answer only states that it is to be studied.'}",,3664
Math_ShortAns_121,"{'C1_monotonicity': 1, 'C2_max_b': 2, 'C3_ln2_estimate': 0}",3,"{'C1_monotonicity': 'The derivative was computed correctly, but the student erroneously concluded the function is decreasing instead of increasing and did not mention the equality condition.', 'C2_max_b': 'While f(2x) and g(x) were correctly expanded, no derivative analysis was done and the final conclusion (b = 0) is incorrect.', 'C3_ln2_estimate': 'The approach to use the bounds for √2 is not properly implemented and the final estimate for ln2 is completely incorrect.'}",0.95,4110
Math_ShortAns_122,"{'C1_monotonicity': 4, 'C2_max_b': 5, 'C3_ln2_estimate': 3}",12,"{'C1_monotonicity': 'The derivative was correctly computed, the inequality was properly applied, equality identified only at x=0, and the correct conclusion reached.', 'C2_max_b': 'The student correctly expanded f(2x) and g(x), computed the derivative accurately, analyzed the sign based on b, and concluded that the maximum b is 2.', 'C3_ln2_estimate': 'The student used the relation ln(√2)=½ ln2, substituted b=2 appropriately to derive bounds, and obtained the correct estimation ln2 ≈ 0.693.'}",1.0,5737
Math_ShortAns_125,"{'Q21_M1_derivative_computation': 1, 'Q21_M2_monotonicity_intervals': 0, 'Q21_M3_bound_proof': 0, 'Q21_M4_product_inequality': 0}",1,"{'Q21_M1_derivative_computation': 'The derivative is computed correctly by applying the product rule, but the answer fails to simplify further and identify the critical points.', 'Q21_M2_monotonicity_intervals': 'The answer does not provide clear monotonicity intervals or proper analysis using the derivative.', 'Q21_M3_bound_proof': 'The student incorrectly reasons that the maximum occurs at x = π/2 yielding 0, and does not correctly prove |f(x)| ≤ (3√3)/8.', 'Q21_M4_product_inequality': 'The approach is unclear and incorrectly concludes that the product exceeds the given bound rather than proving the desired inequality.'}",,3868
Math_ShortAns_126,"{'Q21_M1_derivative_computation': 1, 'Q21_M2_monotonicity_intervals': 0, 'Q21_M3_bound_proof': 0, 'Q21_M4_product_inequality': 0}",1,"{'Q21_M1_derivative_computation': 'The derivative was computed in correct form but no simplification or identification of critical points (π/3 and 2π/3) was performed.', 'Q21_M2_monotonicity_intervals': ""The student incorrectly determined the function to be increasing on the entire interval rather than analyzing based on the derivative's sign."", 'Q21_M3_bound_proof': 'The proof only showed a trivial bound (≤1) rather than obtaining the sharp bound (3√3/8) via critical point evaluation.', 'Q21_M4_product_inequality': 'The product inequality was not properly derived; replacing each term by 1 does not establish the desired bound.'}",0.9,4273
Math_ShortAns_127,"{'Q21_M1_derivative_computation': 1, 'Q21_M2_monotonicity_intervals': 0, 'Q21_M3_bound_proof': 2, 'Q21_M4_product_inequality': 2}",5,"{'Q21_M1_derivative_computation': 'The answer only outlines that the derivative is computed and zeros are solved, without showing any actual calculation or identifying the critical points.', 'Q21_M2_monotonicity_intervals': 'No explicit reasoning or determination of the intervals of monotonicity is provided.', 'Q21_M3_bound_proof': 'The periodicity and extreme value approach is mentioned but the maximum and minimum values are not explicitly computed.', 'Q21_M4_product_inequality': 'A transformation is attempted to relate the product with the given bound, but the steps lack clear justification and rigor.'}",0.8,4585
Math_ShortAns_130,"{'C1_convert_to_rectangular': 0, 'C2_complete_square': 0, 'C3_parametric_M_and_vector_relation': 1, 'C4_derivation_of_parametric_equation': 0, 'C5_intersection_analysis': 0}",1,"{'C1_convert_to_rectangular': 'The student attempted to convert the polar equation by squaring but ended up with inconsistent and incorrect equations.', 'C2_complete_square': 'The student did not complete the square to obtain the standard circle form.', 'C3_parametric_M_and_vector_relation': 'The vector relation is set up, but the point M was not properly expressed in terms of the parameter; minimal credit for attempting the vector relation.', 'C4_derivation_of_parametric_equation': 'No correct final parametric equations for P were derived.', 'C5_intersection_analysis': 'The analysis of the intersection between C and C1 is missing proper computation of centers and radii.'}",0.9,4431
Math_ShortAns_131,"{'C1_convert_to_rectangular': 2, 'C2_complete_square': 2, 'C3_parametric_M_and_vector_relation': 1, 'C4_derivation_of_parametric_equation': 0, 'C5_intersection_analysis': 0}",5,"{'C1_convert_to_rectangular': 'The conversion from polar to rectangular coordinates was done correctly, with proper substitution and derivation of x²+y²=2√2x.', 'C2_complete_square': 'The student correctly completed the square to obtain (x - √2)² + y² = 2.', 'C3_parametric_M_and_vector_relation': 'M was parameterized appropriately and the vector relation was stated, but the derivation did not lead to a clear relation for P’s coordinates.', 'C4_derivation_of_parametric_equation': 'No explicit final parametric equations for P were provided.', 'C5_intersection_analysis': 'The answer mentions a calculation and conclusion that the curves do not intersect, but no concrete computation of centers and radii was shown.'}",,3959
Math_ShortAns_134,"{'C1_C1_standard': 1, 'C2_C2_standard': 0, 'C3_intersection': 0, 'C4_circle_polar': 0}",1,"{'C1_C1_standard': 'The student used the trigonometric identity but ended up with an incorrect constant (x+y=5 instead of x+y=4).', 'C2_C2_standard': 'The elimination process for t was not executed correctly, and the guessed form is incorrect.', 'C3_intersection': 'The intersection point was derived from the wrong equations, leading to an incorrect P(1, 4) instead of the correct answer.', 'C4_circle_polar': 'The method to find the circle and its polar equation is flawed, with an incorrect choice of center and form.'}",,3580
Math_ShortAns_135,"{'C1_C1_standard': 2, 'C2_C2_standard': 2, 'C3_intersection': 1, 'C4_circle_polar': 3}",8,"{'C1_C1_standard': 'The conversion of C1 is correctly given as x + y = 4.', 'C2_C2_standard': 'The standard equation x² - y² = 4 is correctly obtained for C2.', 'C3_intersection': 'The intersection point P is not explicitly computed, so only minimal credit is given.', 'C4_circle_polar': 'The final polar equation ρ = (17/5) cos θ is correct, matching the expected result.'}",0.9,3941
Math_ShortAns_138,"{'CR1_C1_conversion': 1, 'CR2_C2_conversion': 1, 'CR3_intersection_point': 0, 'CR4_circle_derivation': 0, 'CR5_polar_conversion': 0}",2,"{'CR1_C1_conversion': 'Correct method attempted using the identity but an arithmetic error resulted in x+y=8 instead of x+y=4.', 'CR2_C2_conversion': 'The student tried to square and subtract but miscomputed to obtain 2 instead of the correct 4.', 'CR3_intersection_point': 'The system was set up using the incorrect equation from C1 and led to an impossible intersection; assuming P=(0,0) is unjustified.', 'CR4_circle_derivation': ""The derivation for the circle is flawed, with an incorrect assumption of the circle's center and derivation of its equation."", 'CR5_polar_conversion': 'The conversion to polar form is not based on the correct Cartesian circle equation and is therefore incorrect.'}",,3526
Math_ShortAns_139,"{'CR1_C1_conversion': 2, 'CR2_C2_conversion': 2, 'CR3_intersection_point': 1, 'CR4_circle_derivation': 2, 'CR5_polar_conversion': 2}",9,"{'CR1_C1_conversion': 'Correctly converted C1 to x + y = 4.', 'CR2_C2_conversion': 'Correctly converted C2 to x² - y² = 4.', 'CR3_intersection_point': 'The answer omits the explicit computation of P, so partial credit is given.', 'CR4_circle_derivation': 'The final circle result is correct, though no derivation details are shown.', 'CR5_polar_conversion': 'The polar form ρ = (17/5) cos θ is correctly provided.'}",0.9,4480
Math_ShortAns_142,"{'P1_AMGM_application_part1': 0, 'P2_Algebraic_manipulation_part1': 1, 'P3_Conclusion_and_equality_condition_part1': 0, 'P4_Inequality_setup_part2': 0, 'P5_Summing_and_substitution_part2': 0, 'P6_Conclusion_and_equality_condition_part2': 0}",1,"{'P1_AMGM_application_part1': 'The student did not use the AM-GM inequality as required, relying instead on the symmetry case.', 'P2_Algebraic_manipulation_part1': 'An attempt was made by setting a = b = c, but the algebraic manipulation contains a miscalculation (incorrect evaluation of (1/3)^(2/3)), leading to an incorrect product.', 'P3_Conclusion_and_equality_condition_part1': 'While the conclusion abc ≤ 1/9 is stated, the equality case is not correctly identified and the computed value contradicts it.', 'P4_Inequality_setup_part2': 'The approach for part (2) is incorrect; instead of applying the denominator bound (b+c ≥ 2√(bc)), an unrelated summing method was used.', 'P5_Summing_and_substitution_part2': 'The required summing and substitution using a^(3/2)+b^(3/2)+c^(3/2)=1 was not performed.', 'P6_Conclusion_and_equality_condition_part2': 'The final inequality for part (2) is wrongly derived, and the equality condition is not addressed.'}",1.0,4847
Math_ShortAns_143,"{'P1_AMGM_application_part1': 0, 'P2_Algebraic_manipulation_part1': 0, 'P3_Conclusion_and_equality_condition_part1': 0, 'P4_Inequality_setup_part2': 0, 'P5_Summing_and_substitution_part2': 0, 'P6_Conclusion_and_equality_condition_part2': 0}",0,"{'P1_AMGM_application_part1': 'The answer does not apply the AM-GM inequality at all and only assumes a = b = c without justification.', 'P2_Algebraic_manipulation_part1': 'The substitution and manipulation are incorrect; the calculation a = (1/3)^(2/3) is misinterpreted as 1/3.', 'P3_Conclusion_and_equality_condition_part1': 'The conclusion is mis-stated, and the equality condition is not correctly identified.', 'P4_Inequality_setup_part2': 'There is no proper setup using b+c ≥ 2√(bc); the answer does not follow the intended method.', 'P5_Summing_and_substitution_part2': 'The answer fails to combine the inequalities correctly and does not use the given condition for substitution.', 'P6_Conclusion_and_equality_condition_part2': 'The final result is incorrectly stated; the answer concludes an incorrect inequality and omits the equality condition.'}",1.0,4086
Math_ShortAns_144,"{'P1_AMGM_application_part1': 0, 'P2_Algebraic_manipulation_part1': 0, 'P3_Conclusion_and_equality_condition_part1': 0, 'P4_Inequality_setup_part2': 0, 'P5_Summing_and_substitution_part2': 0, 'P6_Conclusion_and_equality_condition_part2': 0}",0,"{'P1_AMGM_application_part1': 'The student did not apply the AM-GM inequality at all, instead merely substituting a = b = c.', 'P2_Algebraic_manipulation_part1': 'No proper algebraic manipulation using the given sum was done; the substitution was misapplied.', 'P3_Conclusion_and_equality_condition_part1': 'The conclusion is misstated (abc >= 1/9 instead of ≤ 1/9) and the equality case is not correctly identified.', 'P4_Inequality_setup_part2': 'The student did not correctly set up the inequality using denominators; the bounding step was omitted.', 'P5_Summing_and_substitution_part2': 'There is no correct summation or substitution based on a^(3/2) terms, and the derivation of the bound for part (2) is erroneous.', 'P6_Conclusion_and_equality_condition_part2': 'The final conclusion is reversed and the equality condition is not properly stated.'}",1.0,3469
Math_ShortAns_145,"{'P1_AMGM_application_part1': 2, 'P2_Algebraic_manipulation_part1': 2, 'P3_Conclusion_and_equality_condition_part1': 1, 'P4_Inequality_setup_part2': 2, 'P5_Summing_and_substitution_part2': 2, 'P6_Conclusion_and_equality_condition_part2': 1}",10,"{'P1_AMGM_application_part1': 'The student correctly recognizes the positivity and applies AM-GM to a^(3/2), b^(3/2), c^(3/2).', 'P2_Algebraic_manipulation_part1': 'They substitute the given sum and manipulate the inequality correctly to derive (abc)^(1/2) ≤ 1/3 and then abc ≤ 1/9.', 'P3_Conclusion_and_equality_condition_part1': 'The conclusion abc ≤ 1/9 is stated and the equality condition (leading to a = b = c) is correctly identified.', 'P4_Inequality_setup_part2': 'The student properly uses the bound b+c ≥ 2√(bc) (and analogous inequalities) to set up the inequality for each term.', 'P5_Summing_and_substitution_part2': 'They correctly express each term in the form involving a^(3/2) and sum them using the given condition to obtain 1/(2√(abc)).', 'P6_Conclusion_and_equality_condition_part2': 'The final inequality is clearly stated along with the equality condition a = b = c.'}",1.0,4043
Math_ShortAns_148,"{'C1_rewriting_equation': 0, 'C2_apply_cauchy_part1': 0, 'C3_equality_condition_part1': 0, 'C4_substitution_and_rearrangement_part2': 2, 'C5_apply_weighted_inequality_part2': 0}",2,"{'C1_rewriting_equation': 'The answer restates the given condition but does not rewrite it to highlight the (2c)^2 term for applying Cauchy.', 'C2_apply_cauchy_part1': 'The student attempted to apply Cauchy-Schwarz but incorrectly used weights (1, 1, 2) instead of (1, 1, 1), leading to an erroneous bound.', 'C3_equality_condition_part1': 'No discussion or mention of the equality condition (a = b = 2c) is provided.', 'C4_substitution_and_rearrangement_part2': 'The substitution b = 2c and the simplification to a² + 8c² = 3 are correctly executed, earning partial credit, but the derivation of the bound for a + 4c is missing.', 'C5_apply_weighted_inequality_part2': 'There is no valid application of a weighted inequality or Titu’s lemma to derive 1/a + 1/c ≥ 3.'}",1.0,4201
Math_ShortAns_149,"{'C1_rewriting_equation': 1, 'C2_apply_cauchy_part1': 0, 'C3_equality_condition_part1': 0, 'C4_substitution_and_rearrangement_part2': 2, 'C5_apply_weighted_inequality_part2': 0}",3,"{'C1_rewriting_equation': 'The student uses 4c² as (2c)² in the Cauchy setup, which meets the rewriting requirement.', 'C2_apply_cauchy_part1': 'They incorrectly set up the Cauchy inequality by using weights (1, 1, 2) instead of (1, 1, 1), leading to an incorrect bound.', 'C3_equality_condition_part1': 'No discussion of when equality holds was provided.', 'C4_substitution_and_rearrangement_part2': 'The substitution b = 2c and algebraic manipulation to a² + 8c² = 3 is correctly executed, but they did not use this to bound a + 4c properly.', 'C5_apply_weighted_inequality_part2': 'No appropriate weighted inequality or related argument was applied to deduce 1/a + 1/c ≥ 3.'}",1.0,4856
Math_ShortAns_150,"{'C1_rewriting_equation': 1, 'C2_apply_cauchy_part1': 3, 'C3_equality_condition_part1': 1, 'C4_substitution_and_rearrangement_part2': 2, 'C5_apply_weighted_inequality_part2': 2}",9,"{'C1_rewriting_equation': 'Correctly rewrote a^2+b^2+4c^2 as a^2+b^2+(2c)^2.', 'C2_apply_cauchy_part1': ""Accurately applied Cauchy's inequality with the proper sequences and substitution."", 'C3_equality_condition_part1': 'Equality condition stated correctly (a = b = 2c = 1).', 'C4_substitution_and_rearrangement_part2': 'Substitution b = 2c is done and the bound a+4c ≤ 3 is used, but the explicit derivation of a²+8c² = 3 is missing.', 'C5_apply_weighted_inequality_part2': ""Correctly applied the weighted inequality (Titu's lemma) and identified the equality condition.""}",0.95,3726
Math_ShortAns_153,"{'Q23_Part1_Cauchy': 0, 'Q23_Part1_Substitution': 0, 'Q23_Part2_Factorization': 2, 'Q23_Part2_AM_Inequality': 0, 'Q23_Part2_Conclusion': 0}",2,"{'Q23_Part1_Cauchy': 'The answer does not use the Cauchy–Schwarz inequality at all.', 'Q23_Part1_Substitution': 'There is no proper substitution showing (a³+b³)² = 4 or concluding (a+b)(a⁵+b⁵) ≥ 4.', 'Q23_Part2_Factorization': 'A correct factorization of a³+b³ into (a+b)(a²-ab+b²) is given and the cubic relation is derived.', 'Q23_Part2_AM_Inequality': 'No proper use of the AM inequality to bound ab was demonstrated.', 'Q23_Part2_Conclusion': 'The final conclusions are opposite to the required ones and the equality condition is not clearly stated.'}",,4202
Math_ShortAns_154,"{'Q23_Part1_Cauchy': 0, 'Q23_Part1_Substitution': 0, 'Q23_Part2_Factorization': 0, 'Q23_Part2_AM_Inequality': 0, 'Q23_Part2_Conclusion': 0}",0,"{'Q23_Part1_Cauchy': 'The student did not use the Cauchy–Schwarz inequality at all, nor set up the required inequality.', 'Q23_Part1_Substitution': 'No proper substitution of a³+b³=2 was demonstrated to deduce (a³+b³)²=4.', 'Q23_Part2_Factorization': 'The factorization of a³+b³ was mentioned but not used correctly to derive the cubic relation.', 'Q23_Part2_AM_Inequality': 'There was no meaningful application of the AM inequality to bound ab and deduce (a+b) ≤ 2.', 'Q23_Part2_Conclusion': 'The final conclusion is incorrect for part (2); the student stated a+b ≥ 2 instead of a+b ≤ 2.'}",1.0,4209
Math_ShortAns_155,"{'Q23_Part1_Cauchy': 3, 'Q23_Part1_Substitution': 2, 'Q23_Part2_Factorization': 2, 'Q23_Part2_AM_Inequality': 2, 'Q23_Part2_Conclusion': 1}",10,"{'Q23_Part1_Cauchy': 'The student clearly applied the Cauchy–Schwarz inequality and correctly derived the inequality in the desired form.', 'Q23_Part1_Substitution': 'They substituted a³+b³ = 2 correctly to achieve (a³+b³)² ≥ 4.', 'Q23_Part2_Factorization': 'The factorization step is properly executed by rewriting a³+b³ and deriving (a+b)³ - 3ab(a+b) = 2.', 'Q23_Part2_AM_Inequality': 'The AM inequality is correctly applied to bound ab, leading to the correct deduction that (a+b) ≤ 2.', 'Q23_Part2_Conclusion': 'The final conclusions are stated correctly with the equality condition a = b = 1.'}",,3787
Math_ShortAns_158,"{'C1_cauchy_application': 0, 'C2_conclusion_part1': 0, 'C3_transformation_part2': 2, 'C4_application_AM_GM': 0}",2,"{'C1_cauchy_application': 'The student did not apply the Cauchy inequality at all; instead, they only substituted a = b = 1, which does not meet the requirement.', 'C2_conclusion_part1': 'The numerical conclusion is reached only for the special case a = b = 1 without a general deduction using a^3+b^3 = 2.', 'C3_transformation_part2': 'The student correctly transformed a^3+b^3 into (a+b)(a^2-ab+b^2)=2 and expressed it as s(s^2-3p)=2.', 'C4_application_AM_GM': 'The student did not properly apply the AM-GM inequality to conclude a+b ≤ 2 and instead expressed confusion about the inequality.'}",0.9,3619
Math_ShortAns_159,"{'C1_cauchy_application': 1, 'C2_conclusion_part1': 1, 'C3_transformation_part2': 2, 'C4_application_AM_GM': 3}",7,"{'C1_cauchy_application': 'The student attempted to apply Cauchy but incorrectly combined the square roots; instead of summing the individual square roots to get (a^3+b^3), they wrote it as a single square root.', 'C2_conclusion_part1': 'The substitution using a^3+b^3=2 is correctly made, and the equality condition a=b=1 is identified.', 'C3_transformation_part2': 'The transformation of a^3+b^3 into (a+b)[(a+b)^2-3ab]=2 and rewriting it as (a+b)^3 - 3ab(a+b) = 2 is correctly carried out.', 'C4_application_AM_GM': 'The AM-GM inequality is correctly applied to deduce ab ≤ ((a+b)/2)^2 and the subsequent steps lead to the correct bound a+b ≤ 2.'}",0.95,4122
Math_ShortAns_162,"{'C1_piecewise_g': 0, 'C2_property_f_for_a1': 1, 'C3_solve_part1': 0, 'C4_range_a': 0}",1,"{'C1_piecewise_g': 'The piecewise representation is incorrect for x < -1 and -1 ≤ x < 1; the expressions and intervals do not match the correct form.', 'C2_property_f_for_a1': 'The function f(x) for a = 1 is identified, but key properties like vertex and monotonicity are not discussed.', 'C3_solve_part1': 'The inequality is handled with significant errors in each case analysis, with incorrect simplifications and final answer.', 'C4_range_a': 'The method to find the range of a is flawed, as the evaluation on [-1,1] is done incorrectly leading to the wrong interval.'}",0.95,4561
Math_ShortAns_163,"{'C1_piecewise_g': 2, 'C2_property_f_for_a1': 3, 'C3_solve_part1': 1, 'C4_range_a': 3}",9,"{'C1_piecewise_g': 'Correct piecewise definition of g(x) with appropriate intervals and expressions.', 'C2_property_f_for_a1': 'Correct identification of f(x) as a downward-opening parabola with the correct axis of symmetry and discussion of monotonicity.', 'C3_solve_part1': 'The case analysis is attempted but contains inaccuracies in the treatment of different intervals; the final answer is correct overall but the justification for the interval x < -1 is flawed.', 'C4_range_a': 'Correctly evaluated the condition on f(x) over [-1, 1] and derived the parameter range a ∈ [-1, 1].'}",,4942
Math_ShortAns_166,"{'C1_parameter_elimination': 0, 'C2_convert_to_polar': 0, 'C3_convert_C2_equation': 0, 'C4_solve_intersections_and_convert': 0}",0,"{'C1_parameter_elimination': 'The answer does not correctly eliminate the parameter or derive the correct Cartesian equation.', 'C2_convert_to_polar': 'The substitution into polar coordinates is mishandled, leading to an incorrect polar equation.', 'C3_convert_C2_equation': ""There is no proper conversion of C2's equation to rectangular form; the step is omitted or misapplied."", 'C4_solve_intersections_and_convert': 'The system for intersections is set up incorrectly and no correct intersection points are obtained.'}",,3007
Math_ShortAns_167,"{'C1_parameter_elimination': 3, 'C2_convert_to_polar': 2, 'C3_convert_C2_equation': 2, 'C4_solve_intersections_and_convert': 3}",10,"{'C1_parameter_elimination': 'Correctly eliminated the parameter to obtain (x-4)²+(y-5)²=25.', 'C2_convert_to_polar': 'Accurate substitution into polar coordinates resulting in ρ² - 8ρcosθ - 10ρsinθ + 16 = 0.', 'C3_convert_C2_equation': 'Proper conversion of ρ=2sinθ into the rectangular form x²+y²-2y=0.', 'C4_solve_intersections_and_convert': 'Correctly solved for the intersection points and converted them into polar coordinates as (√2, π/4) and (2, π/2).'}",1,3505
Math_ShortAns_170,"{'Q23_Part1_Identity': 0, 'Q23_Part1_Conclusion': 0, 'Q23_Part2_Setup': 0, 'Q23_Part2_Inequality': 0}",0,"{'Q23_Part1_Identity': 'The student substituted c = -a - b and computed an expression but did not expand (a+b+c)² nor isolate ab+bc+ca as -½(a²+b²+c²) as required.', 'Q23_Part1_Conclusion': 'The answer fails to show that a²+b²+c² > 0 and therefore does not logically deduce that ab+bc+ca < 0.', 'Q23_Part2_Setup': 'The student did not assume max{a, b, c} nor properly deduce the sign conditions (a > 0 and b, c < 0) from a+b+c=0 and abc=1.', 'Q23_Part2_Inequality': 'The derivation is incomplete and incorrect: no correct expression for a³ is derived, and no proper inequality is applied to obtain a³ ≥ 4.'}",0.95,3817
Math_ShortAns_171,"{'Q23_Part1_Identity': 2, 'Q23_Part1_Conclusion': 2, 'Q23_Part2_Setup': 3, 'Q23_Part2_Inequality': 3}",10,"{'Q23_Part1_Identity': 'Correctly expanded (a+b+c)² and isolated ab+bc+ca as -½(a²+b²+c²).', 'Q23_Part1_Conclusion': 'Noted that a²+b²+c²>0 and correctly concluded ab+bc+ca<0.', 'Q23_Part2_Setup': 'Properly assumed max{a, b, c}=a and deduced a>0 and b,c<0 from the given conditions.', 'Q23_Part2_Inequality': 'Correctly derived a³ expression and applied the inequality to conclude a³≥4, hence a≥∛4.'}",1.0,4120
Math_ShortAns_174,"{'P1_cauchy_part1': 0, 'P2_equality_conditions_part1': 0, 'P3_cauchy_part2': 0, 'P4_parameter_extraction': 0, 'P5_overall_logic_and_justification': 0}",0,"{'P1_cauchy_part1': 'The answer does not apply the Cauchy inequality or derive the lower bound of 4/3; instead it substitutes and expands without using the intended method.', 'P2_equality_conditions_part1': 'No equality condition is identified or used; the answer simply guesses values without verifying the equality case.', 'P3_cauchy_part2': 'The solution does not use the Cauchy inequality to transform the expression, and expansion is carried out without leading to the required inequality.', 'P4_parameter_extraction': 'Although a condition on a is mentioned, it is incorrect (reversed inequality) and not derived from the proper inequality manipulation.', 'P5_overall_logic_and_justification': 'The overall approach is logically flawed and does not connect the steps correctly to solve the problem as stated.'}",1.0,4335
Math_ShortAns_175,"{'P1_cauchy_part1': 1, 'P2_equality_conditions_part1': 0, 'P3_cauchy_part2': 0, 'P4_parameter_extraction': 1, 'P5_overall_logic_and_justification': 0}",2,"{'P1_cauchy_part1': 'The student attempted to use Cauchy’s inequality but erroneously summed (x-1)+(y+1)+(z+1) as (x+y+z)+3 instead of the correct value, leading to an incorrect lower bound.', 'P2_equality_conditions_part1': 'No explicit discussion or use of the equality condition for the minimum in part (1) was provided.', 'P3_cauchy_part2': 'For part (2), the expected transformation using Cauchy’s inequality to produce an inequality involving (a+2)² was not correctly executed.', 'P4_parameter_extraction': 'The final parameter condition was stated correctly, but without proper justification from the previous steps.', 'P5_overall_logic_and_justification': 'The overall solution lacks clarity and logical coherence, with repeated and incomplete steps and no clear connection between parts.'}",,5634
Math_ShortAns_178,"{'P1_cauchy_application_part1': 0, 'P2_equality_conditions_part1': 0, 'P3_cauchy_application_part2': 0, 'P4_final_conclusion_part2': 1}",1,"{'P1_cauchy_application_part1': 'The student did not use the Cauchy-Schwarz inequality; the expansion and substitution are incorrect and do not yield the lower bound.', 'P2_equality_conditions_part1': 'No discussion or identification of the equality condition was made.', 'P3_cauchy_application_part2': 'There is no proper application of the inequality to derive a useful condition on a; the approach is merely an expansion without meaningful connection.', 'P4_final_conclusion_part2': 'The final answer (a ≤ -3 or a ≥ -1) is correct, but the reasoning is confusing and inadequately justified.'}",0.95,4251
Math_ShortAns_179,"{'P1_cauchy_application_part1': 2, 'P2_equality_conditions_part1': 0, 'P3_cauchy_application_part2': 1, 'P4_final_conclusion_part2': 1}",4,"{'P1_cauchy_application_part1': 'Applied Cauchy–Schwarz but made an algebraic error by summing (x-1)+(y+1)+(z+1) as (x+y+z)+3 instead of (x+y+z)+1, leading to a minimum value of 16/3 instead of 4/3.', 'P2_equality_conditions_part1': 'Did not state or derive the equality condition for the minimum case.', 'P3_cauchy_application_part2': 'Tried to use Cauchy–Schwarz for the second expression but incorrectly combined terms, resulting in a wrong expression involving a.', 'P4_final_conclusion_part2': 'The final conclusion on a (a ≤ -3 or a ≥ -1) is stated, but the derivation leading to it is flawed.'}",,5849
Math_ShortAns_182,"{'C1_piecewise_function': 3, 'C2_solve_f_ge_0': 0, 'C3_transform_inequality': 0, 'C4_solve_a_condition': 0, 'C5_final_answer': 0}",3,"{'C1_piecewise_function': 'The student correctly identified the breakpoints and derived the proper piecewise expressions.', 'C2_solve_f_ge_0': 'Incorrect inequality solving in two intervals; signs are reversed, leading to a wrong combined solution.', 'C3_transform_inequality': 'The transformation from f(x) ≤ 1 to an inequality involving absolute values is done incorrectly (the inequality sign is reversed).', 'C4_solve_a_condition': 'No valid application of the triangle inequality or correct derivation of the condition on a; the process does not lead to the correct result.', 'C5_final_answer': 'Final answers are not clearly stated and are incorrect for both parts.'}",,5906
Math_ShortAns_183,"{'C1_piecewise_function': 3, 'C2_solve_f_ge_0': 2, 'C3_transform_inequality': 2, 'C4_solve_a_condition': 2, 'C5_final_answer': 1}",10,"{'C1_piecewise_function': 'The student correctly divided the function into three intervals and obtained the correct piecewise expressions.', 'C2_solve_f_ge_0': 'The student correctly solved the inequality on each interval and combined them to get [-2, 3].', 'C3_transform_inequality': 'The transformation to |x+a| + |x-2| ≥ 4 is correctly done.', 'C4_solve_a_condition': 'The use of the triangle inequality to obtain |a+2| ≥ 4 and solving it to get a ≤ -6 or a ≥ 2 is correct.', 'C5_final_answer': 'The final answers for both parts are stated clearly and correctly.'}",,3784
Math_ShortAns_186,"{'C1_substitution_and_rewriting': 2, 'C2_case_partition_part1': 2, 'C3_analysis_and_conclusion_part1': 0, 'C4_analysis_a_ge_1': 0, 'C5_analysis_a_lt_1': 0, 'C6_final_answer_part2': 0}",4,"{'C1_substitution_and_rewriting': 'Correctly substituted and rewrote the function for a = 1.', 'C2_case_partition_part1': 'Correct partitioning of the real line into x < 1, 1 ≤ x < 2, and x ≥ 2.', 'C3_analysis_and_conclusion_part1': 'Incorrect analysis of the inequality; the conclusion (-∞, 2) is wrong (should be (-∞, 1)).', 'C4_analysis_a_ge_1': 'Fails to properly analyze the case a ≥ 1; the reasoning does not show that f(x) < 0 holds for all x in (-∞, 1).', 'C5_analysis_a_lt_1': 'Does not provide a correct analysis for the case a < 1.', 'C6_final_answer_part2': 'Final answer for part (2) is incorrect; it should be [1, +∞) but student concludes (2, +∞).'}",,4761
Math_ShortAns_187,"{'C1_substitution_and_rewriting': 2, 'C2_case_partition_part1': 2, 'C3_analysis_and_conclusion_part1': 1, 'C4_analysis_a_ge_1': 2, 'C5_analysis_a_lt_1': 1, 'C6_final_answer_part2': 2}",10,"{'C1_substitution_and_rewriting': 'The student correctly substitutes a = 1 and rewrites the function as |x-1|x + |x-2|(x-1).', 'C2_case_partition_part1': 'The answer clearly partitions the domain into x < 1, 1 ≤ x < 2, and x ≥ 2.', 'C3_analysis_and_conclusion_part1': 'The analysis correctly shows that f(x) < 0 holds only for x < 1, leading to the solution (-∞, 1).', 'C4_analysis_a_ge_1': 'For a ≥ 1, the reasoning about the sign of the terms in f(x) for x in (-∞, 1) is correct.', 'C5_analysis_a_lt_1': 'The explanation that the inequality fails for a < 1 by considering the branch a ≤ x < 1 is adequate.', 'C6_final_answer_part2': 'The final answer a ∈ [1, +∞) is clearly stated and justified.'}",1.0,4864
Math_ShortAns_190,"{'R1_rewrite_reciprocals': 2, 'R2_establish_face_ineq': 0, 'R3_apply_cubic_ineq': 0, 'R4_am_gm_application': 0, 'R5_clarity_and_logical_conclusion': 0}",2,"{'R1_rewrite_reciprocals': 'The student correctly rewrites 1/a + 1/b + 1/c as ab + ac + bc using abc = 1.', 'R2_establish_face_ineq': 'The student does not establish that a²+b²+c² ≥ ab+ac+bc; the use of AM-GM here is incorrect and does not lead to the intended inequality.', 'R3_apply_cubic_ineq': 'The required inequality (a+b)³+(b+c)³+(c+a)³ ≥ 3(a+b)(b+c)(c+a) is not identified or applied.', 'R4_am_gm_application': 'No proper application of AM-GM to relate (a+b)(b+c)(c+a) with 24 is presented.', 'R5_clarity_and_logical_conclusion': 'The overall presentation lacks logical cohesion and does not appropriately conclude either part of the problem.'}",,4058
Math_ShortAns_191,"{'R1_rewrite_reciprocals': 0, 'R2_establish_face_ineq': 0, 'R3_apply_cubic_ineq': 0, 'R4_am_gm_application': 0, 'R5_clarity_and_logical_conclusion': 0}",0,"{'R1_rewrite_reciprocals': 'The student introduced reciprocal variables but did not correctly rewrite 1/a+1/b+1/c as bc+ac+ab using abc = 1.', 'R2_establish_face_ineq': 'The student uses AM-GM to show both sides are at least 3, which does not establish a^2+b^2+c^2 ≥ ab+ac+bc.', 'R3_apply_cubic_ineq': 'The student does not identify or correctly apply the inequality (a+b)^3+(b+c)^3+(c+a)^3 ≥ 3(a+b)(b+c)(c+a).', 'R4_am_gm_application': 'There is no correct application of the AM-GM inequality to deduce the lower bound 24 for the cubic sum.', 'R5_clarity_and_logical_conclusion': 'The overall solution lacks clear, logically coherent reasoning and fails to justify the required conclusions.'}",0.95,4354
Math_ShortAns_192,"{'R1_rewrite_reciprocals': 0, 'R2_establish_face_ineq': 0, 'R3_apply_cubic_ineq': 0, 'R4_am_gm_application': 0, 'R5_clarity_and_logical_conclusion': 0}",0,"{'R1_rewrite_reciprocals': 'The student did not correctly rewrite 1/a + 1/b + 1/c as ab + ac + bc using abc = 1.', 'R2_establish_face_ineq': 'The answer does not establish the inequality a² + b² + c² ≥ ab + ac + bc and uses an unrelated inequality instead.', 'R3_apply_cubic_ineq': 'There is no proper identification or application of the inequality (a+b)³ + (b+c)³ + (c+a)³ ≥ 3(a+b)(b+c)(c+a).', 'R4_am_gm_application': 'The AM-GM inequality is not applied to obtain the lower bound, and the necessary substitution abc = 1 is missing.', 'R5_clarity_and_logical_conclusion': 'The overall explanation is unclear and flawed, with an incorrect final conclusion for both parts.'}",,3861
Math_ShortAns_193,"{'R1_rewrite_reciprocals': 2, 'R2_establish_face_ineq': 2, 'R3_apply_cubic_ineq': 2, 'R4_am_gm_application': 2, 'R5_clarity_and_logical_conclusion': 2}",10,"{'R1_rewrite_reciprocals': 'The student correctly used abc = 1 to rewrite the reciprocals as bc + ac + ab.', 'R2_establish_face_ineq': 'They correctly indicated that 2(a²+b²+c²) ≥ 2(ab+bc+ac), which implies the desired inequality.', 'R3_apply_cubic_ineq': 'The student identified and applied the inequality (a+b)³+(b+c)³+(c+a)³ ≥ 3(a+b)(b+c)(c+a) correctly.', 'R4_am_gm_application': 'They correctly transformed the product using a basic inequality to 24√((abc)²) and used abc = 1 to get 24.', 'R5_clarity_and_logical_conclusion': 'The overall solution is brief but logically coherent, reaching the correct conclusions for both parts.'}",1.0,4107
Math_ShortAns_196,"{'C1_conditions_and_identity': 0, 'C2_proof_part1': 0, 'C3_proof_part2_forward': 0, 'C4_proof_part2_reverse': 0, 'C5_overall_logic_and_conclusion': 0}",0,"{'C1_conditions_and_identity': 'The answer states the given conditions but fails to write down the required squared identities.', 'C2_proof_part1': 'Does not correctly use the identities to compare (√a+√b)² and (√c+√d)²; the argument is confused and concludes the opposite of what is needed.', 'C3_proof_part2_forward': 'The forward direction is not properly established; the answer contains unclear reasoning and does not show that √a+√b > √c+√d leads to |a−b| < |c−d|.', 'C4_proof_part2_reverse': 'No valid reasoning is provided to deduce that |a−b| < |c−d| implies ab > cd and hence √a+√b > √c+√d.', 'C5_overall_logic_and_conclusion': 'The final conclusion contradicts the required equivalence and the logical flow is not maintained.'}",,3973
Math_ShortAns_197,"{'C1_conditions_and_identity': 1, 'C2_proof_part1': 3, 'C3_proof_part2_forward': 3, 'C4_proof_part2_reverse': 0, 'C5_overall_logic_and_conclusion': 0}",7,"{'C1_conditions_and_identity': 'The student correctly stated the conditions and provided the squared identities.', 'C2_proof_part1': 'The proof for part (1) is correctly executed by comparing √ab and √cd using the given conditions.', 'C3_proof_part2_forward': 'The student properly squared the inequality, used a+b = c+d, and derived (a-b)^2 < (c-d)^2, which implies the forward direction.', 'C4_proof_part2_reverse': 'The reverse direction was not addressed in the answer.', 'C5_overall_logic_and_conclusion': 'The final conclusion is incomplete since it does not combine both directions due to the missing reverse proof.'}",,4046
Math_ShortAns_200,"{'P1_substitution_and_transformation': 2, 'P2_solving_part1': 1, 'P3_setup_of_part2': 2, 'P4_analysis_of_absolute_inequality': 0, 'P5_final_answer': 0}",5,"{'P1_substitution_and_transformation': 'Correct substitution and rewriting for a=2.', 'P2_solving_part1': 'Subtraction step was correct, but an arithmetic error occurred leading to an incorrect upper bound.', 'P3_setup_of_part2': 'Properly set up the inequality for part (2).', 'P4_analysis_of_absolute_inequality': 'The analysis is flawed, with incorrect handling of absolute value cases and conclusions.', 'P5_final_answer': 'Final answers are incorrect for both parts.'}",0.95,3984
Math_ShortAns_201,"{'P1_substitution_and_transformation': 2, 'P2_solving_part1': 2, 'P3_setup_of_part2': 2, 'P4_analysis_of_absolute_inequality': 1, 'P5_final_answer': 1}",8,"{'P1_substitution_and_transformation': 'Correct substitution a=2 and rewriting f(x) exactly as |2x-2|+2.', 'P2_solving_part1': 'Correctly isolated and solved the inequality to obtain x ∈ [-1, 3].', 'P3_setup_of_part2': 'Accurately set up the inequality f(x)+g(x) = |2x-1| + |2x-a| + a ≥ 3.', 'P4_analysis_of_absolute_inequality': 'Attempted a case analysis using absolute value properties but the transformation had errors and the reasoning was incomplete.', 'P5_final_answer': 'Final answers given correctly for both parts.'}",,4129
Math_ShortAns_204,"{'C1_ab_inequality': 1, 'C2_a3b3_minimum': 1, 'C3_2a3b_inequality': 0, 'C4_final_presentation': 0}",2,"{'C1_ab_inequality': 'The student attempted to manipulate the equation but then arbitrarily assumed ab = 1 without proper justification or application of AM-GM.', 'C2_a3b3_minimum': 'The student set up the formula for a³+b³ but incorrectly computed a²+b² and concluded an incorrect minimum value (-1) without proper derivation.', 'C3_2a3b_inequality': 'The approach for the second part (assuming b = 2a) does not take into account the original condition, and the conclusion that a solution exists is not properly justified.', 'C4_final_presentation': 'The final answers are stated but are incorrect and lack clear, coherent reasoning for both parts.'}",,3441
Math_ShortAns_205,"{'C1_ab_inequality': 0, 'C2_a3b3_minimum': 0, 'C3_2a3b_inequality': 0, 'C4_final_presentation': 0}",0,"{'C1_ab_inequality': 'The student incorrectly applied AM-GM and did not derive the required inequality ab ≥ 2.', 'C2_a3b3_minimum': 'The use of inequalities is incorrect, leading to the wrong conclusion that a³+b³ has no minimum instead of 4√2.', 'C3_2a3b_inequality': 'The derivation for the lower bound of 2a+3b is flawed and does not convincingly show that no solution exists.', 'C4_final_presentation': 'The final answers are presented unclearly, and the reasoning steps are inconsistent with the required solution.'}",,3502
Math_ShortAns_208,"{'C1_derive_constraint': 1, 'C2_minimum_value_I': 0, 'C3_final_answer_I': 0, 'C4_argument_partII': 0, 'C5_clarity_and_presentation': 1}",2,"{'C1_derive_constraint': 'The student correctly multiplied by ab to obtain a+b = ab√(ab) but did not use this to derive the necessary constraint (like ab ≥ 2).', 'C2_minimum_value_I': 'The method is based on guessing (a = b = 1) rather than a proper inequality approach, leading to an incorrect minimum value.', 'C3_final_answer_I': 'The final answer for part (I) is stated as 2 without the proper condition and is incorrect.', 'C4_argument_partII': 'The argument for part (II) is flawed; the substitution and example do not justify the existence of solutions.', 'C5_clarity_and_presentation': 'The answer is somewhat organized with separation of parts, but the reasoning is unclear and assumptions are unsupported.'}",0.95,3879
Math_ShortAns_209,"{'C1_derive_constraint': 1, 'C2_minimum_value_I': 0, 'C3_final_answer_I': 0, 'C4_argument_partII': 0, 'C5_clarity_and_presentation': 0}",1,"{'C1_derive_constraint': 'The student attempted to use AM-GM but incorrectly deduced that ab ≥ 4 instead of the correct ab ≥ 2.', 'C2_minimum_value_I': 'The approach to minimize a³ + b³ is unclear, with repetitive expressions and no proper computation or justification.', 'C3_final_answer_I': 'The final answer for Part (I) is not clearly stated.', 'C4_argument_partII': 'There is no valid discussion or argument provided addressing Part (II).', 'C5_clarity_and_presentation': 'The solution is disorganized and confusing, lacking a clear presentation of reasoning and answers for both parts.'}",0.95,5222
Math_ShortAns_212,"{'C1_proof_lower_bound': 0, 'C2_apply_AMGM': 0, 'C3_case_analysis_f3': 1, 'C4_solve_and_combine': 0}",1,"{'C1_proof_lower_bound': 'The student did not use the triangle inequality to show f(x) ≥ |a + 1/a| and incorrectly deduced f(x) ≥ 1 instead of 2.', 'C2_apply_AMGM': 'There was no use of the AM–GM inequality to establish a + 1/a ≥ 2.', 'C3_case_analysis_f3': 'An attempt was made to analyze cases by considering a < 2, but the case analysis was incomplete and improperly set up.', 'C4_solve_and_combine': 'The inequality was solved incorrectly, leading to an incorrect conclusion for the range of a.'}",,3792
Math_ShortAns_213,"{'C1_proof_lower_bound': 1, 'C2_apply_AMGM': 1, 'C3_case_analysis_f3': 0, 'C4_solve_and_combine': 1}",3,"{'C1_proof_lower_bound': 'The answer states that f(x) ≥ |a+1/a| but does not clearly show the triangle inequality step.', 'C2_apply_AMGM': 'The AM-GM inequality is correctly invoked to deduce a + 1/a ≥ 2.', 'C3_case_analysis_f3': 'No case analysis is provided for f(3); the student simply states the final answer without splitting into cases.', 'C4_solve_and_combine': 'Although the final answer for the range of a is correct, the working details to solve and combine the cases are missing.'}",1.0,4481
Math_ShortAns_216,"{'I1_use_identity': 0, 'I2_apply_basic_inequality': 0, 'I3_conclude_partI': 1, 'II1_setup_inequalities': 0, 'II2_sum_and_finalize': 0}",1,"{'I1_use_identity': 'The student did not expand (a+b+c)² as required, but instead just quoted an AM-GM outcome.', 'I2_apply_basic_inequality': 'There is no evidence of using the basic inequality a²+b² ≥ 2ab (and cyclic forms) to obtain the necessary relation.', 'I3_conclude_partI': 'Though the final result for Part I is correctly stated, the method does not follow the expected substitution process.', 'II1_setup_inequalities': 'The student did not set up the individual inequalities (a²/b + b ≥ 2a, etc.) as prescribed in the rubric.', 'II2_sum_and_finalize': 'The summing and final deduction for Part II is incorrect, leading to an erroneous conclusion (< 1 instead of ≥ 1).'}",0.95,5120
Math_ShortAns_217,"{'I1_use_identity': 2, 'I2_apply_basic_inequality': 1, 'I3_conclude_partI': 1, 'II1_setup_inequalities': 0, 'II2_sum_and_finalize': 0}",4,"{'I1_use_identity': 'The student correctly states that (a+b+c)²=1 and expands it appropriately.', 'I2_apply_basic_inequality': 'They attempt to use Cauchy-Schwarz to derive an inequality similar to a²+b² ≥ 2ab, though the application is not fully clear but sufficient to award a point.', 'I3_conclude_partI': 'The final conclusion (ab+bc+ca ≤ 1/3) is stated with the use of the expanded identity, but the substitution steps are not clearly justified, warranting partial credit.', 'II1_setup_inequalities': 'The student does not set up the required individual inequalities for part II (such as a²/b+b ≥ 2a) and instead repeats the argument from part I.', 'II2_sum_and_finalize': 'No correct summing of the inequalities or final deduction for part II is provided.'}",,4988
