script_id,scores,model_score,comments,confidence,tokens_used
Math_ShortAns_2,"{'C1_function_transformation': 1, 'C2_simplification': 0, 'C3_identification_of_max_value': 1, 'C4_final_answer': 1, 'C5_error_handling': 0}",3,"{'C1_function_transformation': 'The student correctly applied the sum formulas to expand sin(x+2φ) and cos(x+φ), but made an error when combining terms (sign error in the cos(x) coefficient).', 'C2_simplification': 'The expected simplification to a form like sin(x) was not achieved due to the sign error in combining coefficients.', 'C3_identification_of_max_value': 'The student eventually states the maximum value is 1. Although the reasoning using the amplitude formula is confused, the final value is correctly identified.', 'C4_final_answer': 'The final answer is correctly stated as 1.', 'C5_error_handling': 'There is no clear correction or discussion of the misapplied sign error; the explanation shows confusion rather than effective error handling.'}",0.9,5128
Math_ShortAns_3,"{'C1_function_transformation': 1, 'C2_simplification': 1, 'C3_identification_of_max_value': 1, 'C4_final_answer': 1, 'C5_error_handling': 0}",4,"{'C1_function_transformation': 'Correct use of trigonometric identities to transform sin(x+2φ) into an expression involving sin(x+φ) and cos(x+φ).', 'C2_simplification': 'Appropriately simplified the expression to match the format sin(x) by grouping terms.', 'C3_identification_of_max_value': 'Correctly identified the max value of sin(x) as 1.', 'C4_final_answer': 'Final answer stated correctly as 1.', 'C5_error_handling': 'No explicit discussion of potential errors or common pitfalls.'}",1.0,2739
Math_ShortAns_6,"{'C1_define_ratio': 1, 'C2_solve_for_ratio': 1, 'C3_calculate_terms': 1, 'C4_sum_of_terms': 0, 'C5_final_answer': 0}",3,"{'C1_define_ratio': 'The student correctly set up the definition and initial equation for the common ratio.', 'C2_solve_for_ratio': 'The student solved for r correctly, arriving at r = 3.', 'C3_calculate_terms': 'The terms a1 to a5 were computed correctly using r = 3.', 'C4_sum_of_terms': 'The student made an error in summing the terms, incorrectly grouping and converting fractions, leading to a wrong sum.', 'C5_final_answer': 'Because of the mistake in summing, the final answer is incorrect.'}",,3560
Math_ShortAns_7,"{'C1_define_ratio': 0, 'C2_solve_for_ratio': 0, 'C3_calculate_terms': 0, 'C4_sum_of_terms': 0, 'C5_final_answer': 0}",0,"{'C1_define_ratio': 'The student did not show any derivation or definition of the common ratio.', 'C2_solve_for_ratio': 'There is no evidence the student solved for the common ratio.', 'C3_calculate_terms': 'No calculation of the terms is provided.', 'C4_sum_of_terms': 'The student did not use or mention the sum formula; the computation is not shown.', 'C5_final_answer': 'The final answer is incorrect; it should be 121/3, not 121/9.'}",,2358
Math_ShortAns_10,"{'C1_rewrite_equation': 1, 'C2_identify_diameter_relationship': 0, 'C3_geometry_reasoning': 0, 'C4_calculate_angle': 0, 'C5_final_answer': 0}",1,"{'C1_rewrite_equation': 'Correctly rewrote the equation as 2AO = AB + AC.', 'C2_identify_diameter_relationship': 'Did not clearly identify the connection between the vector sum and the diameter of the circle.', 'C3_geometry_reasoning': 'Geometry reasoning is vague and does not correctly establish the rectangle or perpendicularity relationship.', 'C4_calculate_angle': 'Incorrect calculation; the method is flawed and led to an incorrect angle.', 'C5_final_answer': 'Final answer is 30°, which is not the correct answer of 90°.'}",0.95,2702
Math_ShortAns_11,"{'C1_rewrite_equation': 0, 'C2_identify_diameter_relationship': 0, 'C3_geometry_reasoning': 0, 'C4_calculate_angle': 0, 'C5_final_answer': 0}",0,"{'C1_rewrite_equation': 'The student did not rewrite the vector equation.', 'C2_identify_diameter_relationship': 'The student did not recognize or mention any diameter relationship.', 'C3_geometry_reasoning': 'No geometric reasoning was provided.', 'C4_calculate_angle': 'The student did not show any calculation or reasoning to derive the angle.', 'C5_final_answer': 'The final answer provided (45°) is incorrect.'}",,1930
Math_ShortAns_14,"{'C1_define_circle_equation': 1, 'C2_use_tangent_condition': 1, 'C3_substitute_point_B': 1, 'C4_substitute_point_A': 1, 'C5_solve_for_parameters': 0, 'C6_final_answer': 0}",4,"{'C1_define_circle_equation': 'The student defined the circle using a center (x₀, y₀) and radius r, meeting the requirement.', 'C2_use_tangent_condition': 'The distance formula for the tangent condition is correctly applied.', 'C3_substitute_point_B': 'Substituting point B into the circle equation is correctly done.', 'C4_substitute_point_A': 'Point A substitution is attempted by setting y₀ = 1, which is acceptable.', 'C5_solve_for_parameters': 'The parameters are not correctly solved; the guesses and subsequent steps do not lead to the correct center and radius.', 'C6_final_answer': 'The final circle equation provided is incorrect.'}",,4110
Math_ShortAns_15,"{'C1_define_circle_equation': 1, 'C2_use_tangent_condition': 1, 'C3_substitute_point_B': 1, 'C4_substitute_point_A': 1, 'C5_solve_for_parameters': 1, 'C6_final_answer': 1}",6,"{'C1_define_circle_equation': 'Clearly defined the circle equation and identified the center and radius.', 'C2_use_tangent_condition': 'Correctly applied the tangent condition using the distance formula.', 'C3_substitute_point_B': 'Accurately substituted point B into the circle equation.', 'C4_substitute_point_A': 'Accurately substituted point A into the circle equation.', 'C5_solve_for_parameters': 'Solved the system correctly yielding h = 3, k = 0, and r = √2.', 'C6_final_answer': 'Final circle equation is correctly stated as (x-3)^2 + y^2 = 2.'}",1.0,3200
Math_ShortAns_18,"{'C1_identify_pattern': 0, 'C2_calculate_odd_terms_sum': 0, 'C3_calculate_even_terms_sum': 0, 'C4_sum_of_60_terms': 0, 'C5_final_answer': 0}",0,"{'C1_identify_pattern': 'The student did not clearly identify the alternating pattern between odd and even indexed terms.', 'C2_calculate_odd_terms_sum': 'No clear calculation or application of the odd-indexed terms sum was provided.', 'C3_calculate_even_terms_sum': 'The even-indexed terms sum was not separately and correctly computed using an arithmetic sequence.', 'C4_sum_of_60_terms': 'The student did not correctly combine the sums of both parts to obtain the total sum of 60 terms.', 'C5_final_answer': 'The final answer provided (180) is incorrect and does not match the correct answer (1830).'}",,3383
Math_ShortAns_19,"{'C1_identify_pattern': 0, 'C2_calculate_odd_terms_sum': 0, 'C3_calculate_even_terms_sum': 0, 'C4_sum_of_60_terms': 0, 'C5_final_answer': 1}",1,"{'C1_identify_pattern': 'No work was shown regarding the identification of the alternating pattern.', 'C2_calculate_odd_terms_sum': 'The sum of odd-indexed terms was not calculated or explained.', 'C3_calculate_even_terms_sum': 'No explanation or calculation for the sum of the even-indexed terms was provided.', 'C4_sum_of_60_terms': 'No combination of the component sums was demonstrated.', 'C5_final_answer': 'The final answer is correct.'}",1.0,2462
Math_ShortAns_22,"{'C1_identify_recurrence_relation': 1, 'C2_difference_method': 0, 'C3_find_first_term': 0, 'C4_general_term_formula': 0, 'C5_find_b_n_and_sum': 1}",2,"{'C1_identify_recurrence_relation': 'The student correctly stated the given equation and used the relation Sₙ = Sₙ₋₁ + aₙ, but did not derive the full recurrence for aₙ₊₁.', 'C2_difference_method': 'No clear subtraction to obtain the difference between consecutive terms was performed.', 'C3_find_first_term': 'The student did not determine a₁ using the initial condition.', 'C4_general_term_formula': 'The guesses made for aₙ did not lead to the correct formula or a valid derivation.', 'C5_find_b_n_and_sum': 'The student attempted a telescoping sum approach by assuming aₙ = n+1, but the conclusion is erroneous and the final arithmetic is incorrect.'}",,4856
Math_ShortAns_23,"{'C1_identify_recurrence_relation': 2, 'C2_difference_method': 2, 'C3_find_first_term': 2, 'C4_general_term_formula': 2, 'C5_find_b_n_and_sum': 4}",12,"{'C1_identify_recurrence_relation': 'Correctly stated the recurrence a_n^2+2a_n=4S_n+3 and set up the corresponding equation for a_{n+1}.', 'C2_difference_method': 'Successfully subtracted the equations to obtain a_{n+1}-a_n=2.', 'C3_find_first_term': 'Accurately derived a1=3 from the equation.', 'C4_general_term_formula': 'Correctly recognized the arithmetic sequence and derived a_n=2n+1.', 'C5_find_b_n_and_sum': 'Correct expression for b_n with partial fractions and a telescoping sum leading to the correct final result.'}",,3327
Math_ShortAns_26,"{'C1_simplify_equation': 0, 'C2_find_angle_C': 1, 'C3_use_cosine_rule': 0, 'C4_calculate_ab': 0, 'C5_find_perimeter': 1}",2,"{'C1_simplify_equation': 'The student did not correctly apply the sine rule or trigonometric identities and derived an incorrect expression for cos C.', 'C2_find_angle_C': 'Although the derivation is flawed, the student guessed C = 60° which is correct.', 'C3_use_cosine_rule': 'There was no proper application or setup of the cosine rule to derive the needed relation among a, b, and c.', 'C4_calculate_ab': 'The student did not correctly use the area formula to find the product ab; the chosen values were arbitrary and inconsistent.', 'C5_find_perimeter': 'The final perimeter is stated as 5 + √7, which is correct, but the process to obtain it is unjustified.'}",0.9,3323
Math_ShortAns_27,"{'C1_simplify_equation': 0, 'C2_find_angle_C': 0, 'C3_use_cosine_rule': 0, 'C4_calculate_ab': 0, 'C5_find_perimeter': 0}",0,"{'C1_simplify_equation': 'The student did not correctly apply the sine rule or trigonometric identities; they introduced an arbitrary value for x without justification.', 'C2_find_angle_C': 'Instead of determining cos C = 1/2 and hence C = π/3, the student incorrectly assumed C = 90°.', 'C3_use_cosine_rule': 'There was no proper use of the cosine rule to derive a relationship among a, b, and c.', 'C4_calculate_ab': 'The student misused the area formula by assuming sin C = 1 (from an incorrect C = 90°) and did not correctly compute ab.', 'C5_find_perimeter': 'The perimeter was obtained using unsupported assumptions (choosing arbitrary side values) rather than a systematic solution from the derived equations.'}",0.95,2828
Math_ShortAns_28,"{'C1_simplify_equation': 3, 'C2_find_angle_C': 1, 'C3_use_cosine_rule': 2, 'C4_calculate_ab': 2, 'C5_find_perimeter': 4}",12,"{'C1_simplify_equation': 'Correct application of the sine rule and trigonometric identities led to cos C = 1/2.', 'C2_find_angle_C': 'Angle C was accurately determined as π/3.', 'C3_use_cosine_rule': 'The cosine rule was applied correctly and simplified properly to (a+b)^2 - 3ab = 7.', 'C4_calculate_ab': 'The area formula was used effectively to obtain ab = 6.', 'C5_find_perimeter': 'Correct substitution and solving for a+b resulted in the correct perimeter of 5 + √7.'}",1.0,3240
Math_ShortAns_31,"{'C1_use_given_condition': 1, 'C2_assume_arithmetic_sequence': 0, 'C3_calculate_Sn': 0, 'C4_necessary_condition': 0, 'C5_conclusion': 0}",1,"{'C1_use_given_condition': 'The student acknowledges the given recurrence and computes initial terms, but does not perform the required subtraction to derive aₙ₊₂ - aₙ = λ.', 'C2_assume_arithmetic_sequence': 'The student loosely assumes an arithmetic sequence but does not derive the condition λ = 2d or properly substitute.', 'C3_calculate_Sn': 'The student computes Sₙ for small n but does not express Sₙ in general under the arithmetic sequence assumption.', 'C4_necessary_condition': 'The necessary condition (2 - λ/2 = 0) is not identified or derived.', 'C5_conclusion': 'The student concludes ambiguously without correctly showing that λ = 4 is the only solution for an arithmetic sequence.'}",,3643
Math_ShortAns_32,"{'C1_use_given_condition': 0, 'C2_assume_arithmetic_sequence': 0, 'C3_calculate_Sn': 0, 'C4_necessary_condition': 0, 'C5_conclusion': 0}",0,"{'C1_use_given_condition': 'The answer does not use the condition to derive a_{n+2} - a_n = lambda; it just computes initial terms without showing the required subtraction step.', 'C2_assume_arithmetic_sequence': 'The student attempts to assume an arithmetic sequence but fails to derive the relation lambda = 2d and d = lambda/2.', 'C3_calculate_Sn': 'No calculation of S_n in the arithmetic case is provided.', 'C4_necessary_condition': 'The necessary condition (2 - lambda/2 = 0) is not identified or derived.', 'C5_conclusion': 'The conclusion is incorrect; the student concludes that no lambda makes the sequence arithmetic, contrary to the correct result (lambda = 4).'}",,3732
Math_ShortAns_33,"{'C1_use_given_condition': 2, 'C2_assume_arithmetic_sequence': 3, 'C3_calculate_Sn': 0, 'C4_necessary_condition': 2, 'C5_conclusion': 2}",9,"{'C1_use_given_condition': 'Subtraction of equations invoked the correct idea but contained a misstep in the factor (used aₙ₊₁(aₙ₊₂ - aₙ₊₁) instead of aₙ₊₁(aₙ₊₂ - aₙ)), earning a partial score.', 'C2_assume_arithmetic_sequence': 'Correctly assumed an arithmetic sequence, correctly derived λ = 2d and expressed the general term.', 'C3_calculate_Sn': 'Failed to compute Sₙ correctly; the expression given for λSₙ is incorrect and lacks proper derivation.', 'C4_necessary_condition': 'Accurately identified and solved the necessary condition 2 - (λ/2) = 0, yielding λ = 4.', 'C5_conclusion': 'Concluded correctly that λ = 4 makes the sequence arithmetic and verified with Sₙ = n² and aₙ = 2n - 1.'}",,4453
Math_ShortAns_36,"{'C1_identify_events_X2': 0, 'C2_calculate_probability_X2': 0, 'C3_identify_events_X4': 0, 'C4_calculate_probability_X4': 0, 'C5_final_answer': 0}",0,"{'C1_identify_events_X2': 'The student did not correctly identify the required events for P(X=2); they only considered one case and ignored that either player winning two consecutive points is needed.', 'C2_calculate_probability_X2': 'The calculation is based on an incorrect event combination and wrong probabilities; the answer 0.25 is not justified.', 'C3_identify_events_X4': 'The events for P(X=4) with A winning were not correctly identified; the student’s sequence does not match the required correct scenario.', 'C4_calculate_probability_X4': 'The computed probability 0.132 is based on incorrect sequences and probability values.', 'C5_final_answer': 'The final answers for both parts are incorrect, not matching the correct values of 0.5 and 0.1.'}",,3254
Math_ShortAns_37,"{'C1_identify_events_X2': 0, 'C2_calculate_probability_X2': 0, 'C3_identify_events_X4': 0, 'C4_calculate_probability_X4': 0, 'C5_final_answer': 0}",0,"{'C1_identify_events_X2': 'The student did not correctly identify that X=2 requires either player winning two consecutive points.', 'C2_calculate_probability_X2': 'The probability calculation is incorrect and does not match the correct method.', 'C3_identify_events_X4': 'The student misidentifies the winning conditions and events for X=4 with A winning.', 'C4_calculate_probability_X4': 'The computed probability for the X=4 event is based on a flawed sequence and arithmetic error.', 'C5_final_answer': 'Final answers given (0.2 and 0.03) are incorrect relative to the correct values.'}",1.0,3863
Math_ShortAns_38,"{'C1_identify_events_X2': 1, 'C2_calculate_probability_X2': 1, 'C3_identify_events_X4': 1, 'C4_calculate_probability_X4': 1, 'C5_final_answer': 1}",5,"{'C1_identify_events_X2': 'Correctly identified that P(X=2) involves either player winning two consecutive points.', 'C2_calculate_probability_X2': 'Accurately computed P(X=2) = 0.5 using 0.5×0.4 + 0.5×0.6.', 'C3_identify_events_X4': 'Identified the event for X=4 (first two points split, then A wins two in a row), despite redundancy in listing sub-events.', 'C4_calculate_probability_X4': 'Correctly calculated the probability for X=4 and A winning to be 0.1 via proper multiplication and addition.', 'C5_final_answer': 'Final answers for both parts are correctly given.'}",,3635
Math_ShortAns_41,"{'C1_simplify_equation': 0, 'C2_solve_for_B': 0, 'C3_area_formula': 0, 'C4_area_range': 0, 'C5_final_answer': 0}",0,"{'C1_simplify_equation': 'The student misapplied the angle sum identity and made an erroneous substitution in the sine equation.', 'C2_solve_for_B': 'The student incorrectly deduced B = 90° instead of the required π/3 based on correct triangle properties.', 'C3_area_formula': 'The student used an incorrect area formula and did not properly substitute c = 1 along with B = π/3.', 'C4_area_range': 'The reasoning for the area range was flawed and inconsistent, failing to use the conditions of an acute triangle appropriately.', 'C5_final_answer': 'The final answers do not match the correct solutions provided in the rubric.'}",0.95,2741
Math_ShortAns_42,"{'C1_simplify_equation': 1, 'C2_solve_for_B': 2, 'C3_area_formula': 1, 'C4_area_range': 1, 'C5_final_answer': 2}",7,"{'C1_simplify_equation': 'The answer states that the sine rule is used to simplify the equation but shows no detailed steps or explicit expression, so only partial credit is awarded.', 'C2_solve_for_B': 'B = π/3 is correctly identified using the triangle angle sum condition, meeting the criterion.', 'C3_area_formula': 'The answer mentions using the area formula and c = 1 but omits the explicit formulation, hence limited credit.', 'C4_area_range': 'The correct final area range is provided, but the explanation regarding the acuteness conditions and derivation process is vague.', 'C5_final_answer': 'Both final answers (B = π/3 and the area range) are correctly stated.'}",0.95,3384
Math_ShortAns_45,"{'C1_define_Sn_and_initial_conditions': 2, 'C2_establish_arithmetic_property_of_Sn': 0, 'C3_derive_general_term_of_Sn': 0, 'C4_find_general_term_of_an': 0, 'C5_prove_arithmetic_sequence': 0}",2,"{'C1_define_Sn_and_initial_conditions': 'Correctly defined S_n and computed S_2 = 4a₁.', 'C2_establish_arithmetic_property_of_Sn': 'Incorrectly set up the arithmetic property by writing an inequality (≠) instead of the required equality, and did not correctly compute the common difference.', 'C3_derive_general_term_of_Sn': 'Did not derive the general term S_n = a₁n² using the property of {√Sₙ}; the derivation is missing.', 'C4_find_general_term_of_an': 'Failed to derive the general term for aₙ using Sₙ; instead, an unsubstantiated and incorrect formula was suggested.', 'C5_prove_arithmetic_sequence': 'Did not prove that aₙ - aₙ₋₁ is constant; the conclusion that {aₙ} is not arithmetic is incorrect.'}",0.95,3614
Math_ShortAns_46,"{'C1_define_Sn_and_initial_conditions': 0, 'C2_establish_arithmetic_property_of_Sn': 0, 'C3_derive_general_term_of_Sn': 0, 'C4_find_general_term_of_an': 3, 'C5_prove_arithmetic_sequence': 3}",6,"{'C1_define_Sn_and_initial_conditions': 'The answer does not define Sₙ clearly nor use a₂ = 3a₁ to show S₂ = 4a₁.', 'C2_establish_arithmetic_property_of_Sn': 'The student only states d = √S₂ - √S₁ without establishing the equality √S₂ - √S₁ = √S₃ - √S₂ or computing d explicitly.', 'C3_derive_general_term_of_Sn': 'The derived formula for √Sₙ is incorrect, leading to an unjustified Sₙ = a₁n².', 'C4_find_general_term_of_an': 'The student correctly computes aₙ = Sₙ - Sₙ₋₁ and simplifies to aₙ = 2a₁n - a₁, including checking n = 1.', 'C5_prove_arithmetic_sequence': 'The answer concludes the sequence is arithmetic from the linear form of aₙ, which implies a constant difference, though the constant difference is not explicitly shown.'}",1.0,4450
Math_ShortAns_49,"{'C1_transform_equation': 0, 'C2_prove_arithmetic_sequence': 0, 'C3_use_geometric_property': 1, 'C4_find_general_term_and_sum': 0, 'C5_calculate_minimum_sum': 0}",1,"{'C1_transform_equation': 'The student’s initial algebraic transformation is incorrect; the correct factor n is lost.', 'C2_prove_arithmetic_sequence': 'No valid proof was provided to establish that {a_n} is an arithmetic sequence with common difference 1.', 'C3_use_geometric_property': 'The student set up the geometric condition correctly but failed to solve it to get a1 = -12.', 'C4_find_general_term_and_sum': 'The student merely restated the standard formula without deriving the specific general term.', 'C5_calculate_minimum_sum': 'No proper approach was taken to complete the square or find the minimum value of S_n.'}",0.9,3987
Math_ShortAns_50,"{'C1_transform_equation': 2, 'C2_prove_arithmetic_sequence': 2, 'C3_use_geometric_property': 2, 'C4_find_general_term_and_sum': 2, 'C5_calculate_minimum_sum': 2}",10,"{'C1_transform_equation': 'The student correctly transformed the equation and set up the difference using the two equations for n and n-1.', 'C2_prove_arithmetic_sequence': 'The student correctly derived a(n) - a(n-1) = 1 and stated that the sequence is arithmetic with common difference 1.', 'C3_use_geometric_property': 'The student properly set up the equation a7^2 = a4 * a9 and correctly solved for a1 = -12.', 'C4_find_general_term_and_sum': 'The general term a(n) = n - 13 and the expression for S(n) are derived accurately.', 'C5_calculate_minimum_sum': 'The student correctly completed the square and identified that the minimum sum is -78 when n = 12 or 13.'}",1.0,4448
Math_ShortAns_53,"{'C1_define_sequences': 1, 'C2_prove_geometric_sequence': 0, 'C3_prove_arithmetic_sequence': 0, 'C4_find_general_terms': 0, 'C5_final_answer': 0}",1,"{'C1_define_sequences': 'Correctly defined c_n and d_n, though initial conditions were not mentioned explicitly.', 'C2_prove_geometric_sequence': 'Incorrect derivation; the student shows c_n as an arithmetic sequence, contradicting the requirement that it be geometric.', 'C3_prove_arithmetic_sequence': 'Derived that d_n is arithmetic but with an incorrect common difference (4 instead of 2).', 'C4_find_general_terms': 'The derivation for the general term is not logically justified and the chosen form is inconsistent.', 'C5_final_answer': 'The final answers provided for a_n and b_n are incorrect.'}",,3524
Math_ShortAns_54,"{'C1_define_sequences': 1, 'C2_prove_geometric_sequence': 2, 'C3_prove_arithmetic_sequence': 2, 'C4_find_general_terms': 0, 'C5_final_answer': 0}",5,"{'C1_define_sequences': 'Correctly defined c_n and d_n.', 'C2_prove_geometric_sequence': 'Correctly showed that c_{n+1} = c_n/2 using the recurrence relations.', 'C3_prove_arithmetic_sequence': 'Correctly derived d_{n+1} = d_n + 2.', 'C4_find_general_terms': 'Attempted some steps and sample calculations, but the final general terms are incorrect.', 'C5_final_answer': 'The final answers provided for a_n and b_n do not match the derived patterns from the recurrences.'}",,3541
Math_ShortAns_55,"{'C1_define_sequences': 1, 'C2_prove_geometric_sequence': 2, 'C3_prove_arithmetic_sequence': 2, 'C4_find_general_terms': 1, 'C5_final_answer': 0}",6,"{'C1_define_sequences': 'The student identifies the sequences a_n+b_n and a_n-b_n and uses their initial values correctly.', 'C2_prove_geometric_sequence': 'The student correctly combines the recurrences to derive a_{n+1}+b_{n+1} = 1/2 (a_n+b_n), showing it is a geometric sequence.', 'C3_prove_arithmetic_sequence': 'The student correctly derives a_{n+1}-b_{n+1} = a_n-b_n+2, establishing the arithmetic sequence.', 'C4_find_general_terms': 'The student sets up the system using the derived formulas but makes errors in the algebraic manipulation and notation, leading to an incorrect expression.', 'C5_final_answer': 'The final formulas for a_n and b_n are misprinted and incorrect, as the extra factors cause them to not match the required initial conditions.'}",0.9,4183
Math_ShortAns_58,"{'C1_calculate_correlation_coefficient': 0, 'C2_interpret_correlation_coefficient': 1, 'C3_calculate_outlier_range': 1, 'C4_identify_outliers_and_inspection_need': 0, 'C5_calculate_mean_and_std_without_outliers': 0}",2,"{'C1_calculate_correlation_coefficient': 'The student miscomputed the correlation coefficient by using an incorrect i mean (8 instead of 8.5) and an incorrect sum; the final r value is wrong.', 'C2_interpret_correlation_coefficient': 'Although the interpretation (no systematic change) is in line with the threshold, it is based on an erroneous r value.', 'C3_calculate_outlier_range': 'The student approximated 3s as 0.6 and derived a range roughly (9.37, 10.57); the method is acceptable though the value is not precise.', 'C4_identify_outliers_and_inspection_need': 'The student failed to identify the outlier (9.22) and thus incorrectly concluded that no inspection is needed.', 'C5_calculate_mean_and_std_without_outliers': 'The student did not remove the outlier and merely computed the overall mean and standard deviation, which does not meet the requirement.'}",0.9,5163
Math_ShortAns_59,"{'C1_calculate_correlation_coefficient': 1, 'C2_interpret_correlation_coefficient': 2, 'C3_calculate_outlier_range': 0, 'C4_identify_outliers_and_inspection_need': 0, 'C5_calculate_mean_and_std_without_outliers': 0}",3,"{'C1_calculate_correlation_coefficient': 'The student attempted to use the formula but used incorrect mean and sums, arriving at -0.019 instead of the expected -0.18.', 'C2_interpret_correlation_coefficient': 'Correctly interpreted that |r| < 0.25 indicates no systematic change.', 'C3_calculate_outlier_range': 'Incorrect use of s (assumed 0.3 instead of 0.212) led to an improperly computed range.', 'C4_identify_outliers_and_inspection_need': 'Failed to identify the actual outlier(s) (e.g., 9.22) and mistakenly concluded that inspection was not needed.', 'C5_calculate_mean_and_std_without_outliers': 'Since the outlier was not correctly identified, the recalculated mean and standard deviation were arbitrary and incorrect.'}",,4675
Math_ShortAns_60,"{'C1_calculate_correlation_coefficient': 3, 'C2_interpret_correlation_coefficient': 2, 'C3_calculate_outlier_range': 2, 'C4_identify_outliers_and_inspection_need': 2, 'C5_calculate_mean_and_std_without_outliers': 3}",12,"{'C1_calculate_correlation_coefficient': 'Correctly computed r ≈ -0.18 using the given formula.', 'C2_interpret_correlation_coefficient': 'Proper interpretation noting |r| < 0.25 implies no systematic trend.', 'C3_calculate_outlier_range': 'Correct calculation of 3s and the acceptable range (9.334,10.606).', 'C4_identify_outliers_and_inspection_need': 'Correctly identified part 13 as an outlier and noted the need for inspection.', 'C5_calculate_mean_and_std_without_outliers': 'Accurately computed the new mean (10.02) and standard deviation (0.09) after removing the outlier.'}",1.0,3969
Math_ShortAns_63,"{'C1_identify_line_equation': 0, 'C2_find_intersection_points': 0, 'C3_prove_origin_on_circle': 0, 'C4_use_point_P': 0, 'C5_find_line_equation': 0}",0,"{'C1_identify_line_equation': 'The student started correctly by assuming y = k(x-2) but then incorrectly dismissed the quadratic term and determined k = 2 without proper justification.', 'C2_find_intersection_points': 'After substituting y = 2x - 4 into the parabola, the student set up the quadratic equation but then incorrectly assumed intersection points as (1, √2) and (1, -√2), which is mathematically incorrect.', 'C3_prove_origin_on_circle': 'The proof that O lies on circle M is flawed; the student incorrectly computed the center and radius and did not show that the distance from O to the center equals the radius.', 'C4_use_point_P': 'The student attempted to use point P but ended up with a circle equation that did not satisfy P(4,-2) and did not correctly determine the parameters of the circle using P.', 'C5_find_line_equation': 'The final line equation provided is unjustified and does not follow from a correct tangency or intersection condition.'}",1.0,4274
Math_ShortAns_64,"{'C1_identify_line_equation': 1, 'C2_find_intersection_points': 2, 'C3_prove_origin_on_circle': 0, 'C4_use_point_P': 0, 'C5_find_line_equation': 0}",3,"{'C1_identify_line_equation': 'The student only considered the vertical line case instead of both cases; substitution into the parabola was correct for that case.', 'C2_find_intersection_points': 'The intersection points for the vertical case were correctly computed as (2,2) and (2,-2).', 'C3_prove_origin_on_circle': 'The dot product was computed incorrectly (should equal 0) and the conclusion is opposite of what is required.', 'C4_use_point_P': 'The answer incorrectly assumes a circle center and does not correctly use point P to derive the circle equation.', 'C5_find_line_equation': 'No correct line equation is provided based on the circle, and the required process is missing.'}",,4595
Math_ShortAns_67,"{'C1_find_circle_center_radius': 2, 'C2_set_up_M_coordinates': 1, 'C3_perpendicular_bisector_condition': 0, 'C4_distance_and_length_calculation': 0, 'C5_area_of_triangle_POM': 0}",3,"{'C1_find_circle_center_radius': 'Correctly transformed the circle equation and identified the center and radius.', 'C2_set_up_M_coordinates': 'Partially set up expressions for the midpoint, but the derivation to obtain the trajectory equation was incomplete and the final equation is incorrect.', 'C3_perpendicular_bisector_condition': 'Did not correctly apply the condition |OP| = |OM| to derive the perpendicular bisector or the proper line equation.', 'C4_distance_and_length_calculation': 'Failed to compute the necessary distances and relate them to the chord length.', 'C5_area_of_triangle_POM': 'The triangle area was computed arbitrarily with inconsistent values and does not match the expected result.'}",,3878
Math_ShortAns_68,"{'C1_find_circle_center_radius': 2, 'C2_set_up_M_coordinates': 3, 'C3_perpendicular_bisector_condition': 3, 'C4_distance_and_length_calculation': 2, 'C5_area_of_triangle_POM': 2}",12,"{'C1_find_circle_center_radius': 'Correctly completed the square and identified center (0,4) and radius 4.', 'C2_set_up_M_coordinates': 'Properly set up M(x,y) and used the dot product to derive the correct trajectory equation, (x-1)^2+(y-3)^2=2.', 'C3_perpendicular_bisector_condition': 'Correctly used the equidistance property and the perpendicular relationship to deduce the slope and equation of line PM.', 'C4_distance_and_length_calculation': 'Accurately computed distances from O and N to the line and derived the chord length PM.', 'C5_area_of_triangle_POM': 'Correctly applied the triangle area formula to arrive at the area 16/5.'}",,4382
Math_ShortAns_71,"{'C1_ellipse_equation_setup': 1, 'C2_solve_for_constants': 0, 'C3_correct_ellipse_equation': 0, 'C4_line_through_P': 1, 'C5_proof_of_fixed_point': 0}",2,"{'C1_ellipse_equation_setup': 'The student correctly wrote the general form, but made a substitution error with point A.', 'C2_solve_for_constants': 'Failed to correctly solve for the constants; obtained an impossible result (b^2 = 0).', 'C3_correct_ellipse_equation': 'The final ellipse equation is incorrect (x^2+y^2=1 does not work).', 'C4_line_through_P': 'Attempted to set up the line through P but used a randomly chosen slope and computed intersections on the wrong ellipse.', 'C5_proof_of_fixed_point': 'The proof is not valid; the argument is unclear and the fixed point is not established.'}",0.9,3352
Math_ShortAns_72,"{'C1_ellipse_equation_setup': 1, 'C2_solve_for_constants': 1, 'C3_correct_ellipse_equation': 1, 'C4_line_through_P': 1, 'C5_proof_of_fixed_point': 0}",4,"{'C1_ellipse_equation_setup': 'The final ellipse equation is correct, but no work is shown to set up the general form or substitute the points.', 'C2_solve_for_constants': 'The constants are correct in the final answer, but the student did not demonstrate how they were solved.', 'C3_correct_ellipse_equation': 'The final equation of the ellipse is correctly presented.', 'C4_line_through_P': 'The student only considered the special case of the vertical line x=1 and found the intersections correctly for that case, but did not set up a general line through P or consider the undefined slope.', 'C5_proof_of_fixed_point': 'The student computed a fixed point for just the special case and did not prove that line HN passes through a fixed point in general.'}",,4635
Math_ShortAns_75,"{'C1_identify_points_on_ellipse': 0, 'C2_solve_ellipse_equation': 0, 'C3_derive_line_equation': 0, 'C4_use_discriminant_and_vieta': 0, 'C5_prove_fixed_point': 0}",0,"{'C1_identify_points_on_ellipse': 'The student did not correctly identify the three points on the ellipse; they mistakenly excluded P2 based solely on a miscalculation without proper reasoning.', 'C2_solve_ellipse_equation': 'Instead of solving the system formed by the correct three points, they arbitrarily set a = 5 and b = 3 without proper derivation.', 'C3_derive_line_equation': 'The student set up the line as y = kx + 1, which incorrectly passes through P2 (which should be avoided) and does not correctly express the necessary parameters.', 'C4_use_discriminant_and_vieta': ""There is no demonstration of forming the quadratic, applying the discriminant, or using Vieta's formulas; the work is incomplete."", 'C5_prove_fixed_point': 'The proof is vague and lacks any logical derivation or identification of the fixed point.'}",0.95,3474
Math_ShortAns_76,"{'C1_identify_points_on_ellipse': 0, 'C2_solve_ellipse_equation': 3, 'C3_derive_line_equation': 0, 'C4_use_discriminant_and_vieta': 1, 'C5_prove_fixed_point': 0}",4,"{'C1_identify_points_on_ellipse': 'The student fails to correctly identify that exactly three points lie on the ellipse, and incorrectly concludes that all four points are on C.', 'C2_solve_ellipse_equation': 'The substitution of P1, P2, and P3 is correctly executed and yields the proper ellipse equation.', 'C3_derive_line_equation': 'The line equation is set up incorrectly—it uses the point P2, despite the condition that I must not pass through P2.', 'C4_use_discriminant_and_vieta': 'A quadratic is obtained, but the application of discriminant analysis and Vieta’s formulas is incomplete and merely stated.', 'C5_prove_fixed_point': 'No valid proof or derivation of the fixed point is provided.'}",0.9,4315
Math_ShortAns_77,"{'C1_identify_points_on_ellipse': 2, 'C2_solve_ellipse_equation': 3, 'C3_derive_line_equation': 2, 'C4_use_discriminant_and_vieta': 1, 'C5_prove_fixed_point': 1}",9,"{'C1_identify_points_on_ellipse': 'Correctly identified P2, P3, and P4 as the three points on the ellipse.', 'C2_solve_ellipse_equation': 'Substituted two points correctly to derive a² = 4, b² = 1 and the ellipse equation.', 'C3_derive_line_equation': 'Properly set up the line equation (with special case mention) in terms of k and t.', 'C4_use_discriminant_and_vieta': ""Mentioned forming a quadratic equation but did not explicitly use the discriminant or apply Vieta's formula."", 'C5_prove_fixed_point': 'Claimed checking the fixed point by substituting x = 2 but did not provide a complete argument.'}",,3924
Math_ShortAns_80,"{'C1_function_transformation': 2, 'C2_derivative_analysis': 0, 'C3_conclusion_for_a0': 1, 'C4_derivative_for_extremum': 2, 'C5_analysis_for_a_value': 0}",5,"{'C1_function_transformation': 'Correctly set a=0 and transformed the function; identified the intervals properly.', 'C2_derivative_analysis': 'No correct second derivative analysis or proper derivative sign analysis was provided.', 'C3_conclusion_for_a0': 'The conclusion for -1<x<0 is correct, but the conclusion for x>0 is incorrect.', 'C4_derivative_for_extremum': ""The derivative f'(x) for general a and setting f'(0)=0 is correctly computed."", 'C5_analysis_for_a_value': 'The student did not analyze the behavior to determine the correct value of a; the answer is incorrect.'}",,3295
Math_ShortAns_81,"{'C1_function_transformation': 2, 'C2_derivative_analysis': 1, 'C3_conclusion_for_a0': 2, 'C4_derivative_for_extremum': 1, 'C5_analysis_for_a_value': 1}",7,"{'C1_function_transformation': 'Correctly set a=0 and transformed the function with proper interval identification.', 'C2_derivative_analysis': 'Mentions taking derivatives and analyzing monotonicity but no explicit derivative calculations or sign analysis are provided.', 'C3_conclusion_for_a0': 'Correct conclusion about the sign of f(x) for the given intervals is stated.', 'C4_derivative_for_extremum': ""States that f(x) is differentiated for general a, but does not explicitly set f'(0)=0 to derive the condition."", 'C5_analysis_for_a_value': 'Concludes a = -1/6 but the analysis and details to support this conclusion are insufficient.'}",,2909
Math_ShortAns_84,"{'C1_derivative_calculation': 1, 'C2_monotonicity_discussion': 0, 'C3_maximum_value_calculation': 0, 'C4_inequality_proof': 0, 'C5_final_conclusion': 0}",1,"{'C1_derivative_calculation': 'The derivative is computed term-by-term correctly, but the required simplification to the factored form ( (2ax+1)(x+1)/x ) is missing.', 'C2_monotonicity_discussion': ""The discussion of monotonicity is superficial and lacks proper analysis of the sign of f'(x) over the domain for different values of a."", 'C3_maximum_value_calculation': 'No correct critical point or maximum value calculation is provided; the attempt using x=1 is unjustified.', 'C4_inequality_proof': 'The inequality proof is not developed; the student does not perform the needed transformations or analysis.', 'C5_final_conclusion': 'There is no coherent final conclusion summarizing the results or addressing the intended proofs.'}",0.9,3488
Math_ShortAns_85,"{'C1_derivative_calculation': 1, 'C2_monotonicity_discussion': 0, 'C3_maximum_value_calculation': 0, 'C4_inequality_proof': 0, 'C5_final_conclusion': 0}",1,"{'C1_derivative_calculation': 'The derivative is computed correctly term-by-term, but the required factorized form and complete algebraic simplification are missing.', 'C2_monotonicity_discussion': 'The discussion of monotonicity is very superficial and unjustified; critical case distinctions are absent.', 'C3_maximum_value_calculation': 'No correct identification or evaluation of the maximum value (using the critical point) is provided.', 'C4_inequality_proof': 'The inequality proof is not attempted properly; the transformation and analysis steps are absent.', 'C5_final_conclusion': 'The final conclusion is unclear and inconsistent with the correct handling of both parts of the problem.'}",1.0,3916
Math_ShortAns_86,"{'C1_derivative_calculation': 2, 'C2_monotonicity_discussion': 2, 'C3_maximum_value_calculation': 2, 'C4_inequality_proof': 3, 'C5_final_conclusion': 3}",12,"{'C1_derivative_calculation': ""Correctly computed and simplified the derivative to f'(x) = ((2ax+1)(x+1))/x for x > 0."", 'C2_monotonicity_discussion': 'Accurately discussed monotonicity for the cases a = 0, a > 0, and a < 0, with proper justification.', 'C3_maximum_value_calculation': 'Identified the critical point x = -1/(2a) when a < 0 and correctly computed the maximum value.', 'C4_inequality_proof': 'Transformed the inequality correctly and applied derivative analysis on g(t) to conclude the inequality.', 'C5_final_conclusion': 'Provided a clear and coherent final conclusion summarizing both the monotonicity discussion and the inequality proof.'}",,4621
Math_ShortAns_89,"{'C1_calculate_derivative': 2, 'C2_find_m': 2, 'C3_monotonicity_analysis': 0, 'C4_prove_fx_positive': 0, 'C5_final_conclusion': 0}",4,"{'C1_calculate_derivative': ""Correctly computed the derivative f'(x) = e^x - 1/(x+m)."", 'C2_find_m': ""Properly set f'(0)=0 and solved m=1."", 'C3_monotonicity_analysis': 'The analysis of monotonicity is unclear and does not correctly determine the increasing/decreasing intervals.', 'C4_prove_fx_positive': 'The proof for f(x) > 0 when m ≤ 2 is flawed; it incorrectly uses f(0) and does not present a valid argument.', 'C5_final_conclusion': 'The final conclusion is inconsistent and lacks a coherent summary of the results.'}",0.9,3399
Math_ShortAns_90,"{'C1_calculate_derivative': 2, 'C2_find_m': 2, 'C3_monotonicity_analysis': 0, 'C4_prove_fx_positive': 0, 'C5_final_conclusion': 0}",4,"{'C1_calculate_derivative': ""The derivative was correctly computed as f'(x)=e^x - 1/(x+m) and applied at x=0, despite a minor formatting typo."", 'C2_find_m': ""The student correctly set f'(0)=0 and solved for m, obtaining m=1."", 'C3_monotonicity_analysis': ""The analysis of monotonicity is incomplete, as no intervals or sign analysis of f'(x) were provided."", 'C4_prove_fx_positive': 'No detailed proof was provided for showing f(x) > 0 for m ≤ 2.', 'C5_final_conclusion': 'There is no final coherent conclusion summarizing the results.'}",1.0,3038
Math_ShortAns_93,"{'C1_correct_function_substitution': 1, 'C2_derivative_and_monotonicity': 0, 'C3_zero_point_condition': 0, 'C4_analysis_of_G(x)': 0, 'C5_final_answer_and_justification': 0}",1,"{'C1_correct_function_substitution': 'The student correctly substituted a = 1 and computed f(0) = 1, but the setup and intended proof of the inequality is not properly established.', 'C2_derivative_and_monotonicity': 'The derivative is computed for part (2), but no valid monotonicity analysis is provided for proving f(x) ≥ 1; moreover, the student erroneously claims that f(x) is a constant function.', 'C3_zero_point_condition': ""The setup for a single zero is flawed; the student sets f'(x)=0 (rather than f(x)=0) and misinterprets the condition, leading to incorrect reasoning."", 'C4_analysis_of_G(x)': 'There is no valid analysis of the function G(x)=e^x/x^2 provided, which is required to determine the correct value of a.', 'C5_final_answer_and_justification': 'The final answer (suggesting a < 0, e.g., a = -1) is incorrect and the justification does not follow from a proper analysis.'}",,4033
Math_ShortAns_94,"{'C1_correct_function_substitution': 2, 'C2_derivative_and_monotonicity': 1, 'C3_zero_point_condition': 0, 'C4_analysis_of_G(x)': 0, 'C5_final_answer_and_justification': 0}",3,"{'C1_correct_function_substitution': 'Correct substitution of a = 1 was made and key function values were computed.', 'C2_derivative_and_monotonicity': 'Derivative was correctly computed but the analysis of monotonicity is insufficient and incomplete.', 'C3_zero_point_condition': 'The condition for a single zero point was not properly set up; the equation e^x = ax^2 was not used.', 'C4_analysis_of_G(x)': 'There is no proper analysis of the function G(x) = e^x/x^2 to determine a.', 'C5_final_answer_and_justification': 'The final answer given (a = 2) is incorrect and the justification is unclear.'}",,4345
Math_ShortAns_95,"{'C1_correct_function_substitution': 2, 'C2_derivative_and_monotonicity': 3, 'C3_zero_point_condition': 2, 'C4_analysis_of_G(x)': 0, 'C5_final_answer_and_justification': 0}",7,"{'C1_correct_function_substitution': 'The student correctly substituted a=1 and set up f(x) ≥ 1 for x ≥ 0.', 'C2_derivative_and_monotonicity': ""The derivative was computed correctly and the monotonicity was deduced via analyzing the minimum of f'(x)."", 'C3_zero_point_condition': 'The condition for a unique zero was set up using the transformation e^x = ax^2, but no detailed analysis was provided.', 'C4_analysis_of_G(x)': 'No explicit analysis of G(x)=e^x/x^2 was performed to derive the value of a.', 'C5_final_answer_and_justification': 'The final answer for a was not explicitly stated or justified.'}",1.0,4871
Math_ShortAns_98,"{'C1_derivative_analysis': 0, 'C2_boundary_conditions': 0, 'C3_logarithmic_inequality': 0, 'C4_product_inequality': 1, 'C5_final_answer': 1}",2,"{'C1_derivative_analysis': ""The student did not analyze or mention the derivative f'(x)=1-a/x; no credit awarded."", 'C2_boundary_conditions': 'Although f(1)=0 was computed, the student misused it to conclude a=0 instead of correctly determining a=1; thus no credit.', 'C3_logarithmic_inequality': 'The student did not derive or apply the logarithmic inequality ln(1+1/2^k)<1/2^k; no credit awarded.', 'C4_product_inequality': 'The student attempted to set up the product but the method was flawed. However, they eventually claim m=3, giving minimal partial credit.', 'C5_final_answer': 'Final answer is partially correct with m=3, but a=0 is incorrect; partial credit awarded.'}",,4398
Math_ShortAns_99,"{'C1_derivative_analysis': 0, 'C2_boundary_conditions': 0, 'C3_logarithmic_inequality': 0, 'C4_product_inequality': 0, 'C5_final_answer': 0}",0,"{'C1_derivative_analysis': 'No derivative analysis was provided; the student used only specific values.', 'C2_boundary_conditions': 'The use of f(1)=0 is noted but misinterpreted; the conclusion a=2 is incorrect.', 'C3_logarithmic_inequality': 'The logarithmic inequality was not derived or applied.', 'C4_product_inequality': 'The product inequality is mishandled; the approximation and conclusion for m are incorrect.', 'C5_final_answer': 'Both final answers (a=2 and m=8) are wrong.'}",,3779
Math_ShortAns_100,"{'C1_derivative_analysis': 3, 'C2_boundary_conditions': 2, 'C3_logarithmic_inequality': 2, 'C4_product_inequality': 2, 'C5_final_answer': 1}",10,"{'C1_derivative_analysis': 'Correctly computed the derivative and analyzed the cases for a, awarding full marks.', 'C2_boundary_conditions': 'Used the boundary condition f(1)=0 appropriately to conclude a=1.', 'C3_logarithmic_inequality': 'Properly derived and applied the logarithmic inequality ln(1+1/2^k) < 1/2^k.', 'C4_product_inequality': 'Set up the product inequality and provided bounds (<e and >2), but did not explicitly state the final conclusion m=3.', 'C5_final_answer': 'Part (1) answer (a=1) is correct; Part (2) answer is incomplete as the minimum m is not explicitly given.'}",0.9,4645
Math_ShortAns_103,"{'C1_calculate_derivative': 0, 'C2_analyze_derivative': 0, 'C3_determine_monotonicity': 0, 'C4_find_roots': 0, 'C5_conclude_roots_relationship': 0}",0,"{'C1_calculate_derivative': 'The derivative was computed incorrectly; the ln x term is missing.', 'C2_analyze_derivative': 'The analysis of the derivative is based on the incorrect derivative, leading to a wrong conclusion about critical points.', 'C3_determine_monotonicity': ""The function's monotonicity is mischaracterized due to the incorrect derivative; no unique extremum is identified."", 'C4_find_roots': ""The process to find roots is flawed and inconsistent with the function's proper behavior."", 'C5_conclude_roots_relationship': 'The reciprocal relationship of the roots was not established.'}",,3700
Math_ShortAns_104,"{'C1_calculate_derivative': 0, 'C2_analyze_derivative': 0, 'C3_determine_monotonicity': 0, 'C4_find_roots': 0, 'C5_conclude_roots_relationship': 0}",0,"{'C1_calculate_derivative': 'The derivative is computed incorrectly; the correct derivative ln(x) - 1/x is not obtained.', 'C2_analyze_derivative': 'The student incorrectly concludes that a negative derivative implies increasing behavior, and fails to identify the unique extremum point correctly.', 'C3_determine_monotonicity': ""The monotonicity analysis is wrong since the sign of f'(x) is improperly interpreted and no proper extremum is identified."", 'C4_find_roots': 'The analysis only identifies the possibility of one zero and fails to correctly locate two roots with the required intervals.', 'C5_conclude_roots_relationship': 'No valid conclusion is reached regarding the reciprocal relationship of the roots.'}",1,3427
Math_ShortAns_105,"{'C1_calculate_derivative': 1, 'C2_analyze_derivative': 2, 'C3_determine_monotonicity': 1, 'C4_find_roots': 3, 'C5_conclude_roots_relationship': 1}",8,"{'C1_calculate_derivative': 'The student mentions taking the derivative but does not show the explicit computation.', 'C2_analyze_derivative': 'The student correctly states that the derivative’s monotonicity leads to a unique zero, adequately addressing the criterion.', 'C3_determine_monotonicity': 'While the student confirms the existence of a unique extremum, details about monotonicity on each side of x0 are omitted.', 'C4_find_roots': 'The answer correctly identifies the intervals for the roots and the approach to obtain the reciprocal relationship.', 'C5_conclude_roots_relationship': 'The reciprocal relation of the roots is explicitly stated.'}",0.9,3330
Math_ShortAns_108,"{'C1_domain_and_derivative': 0, 'C2_monotonicity_and_extrema': 0, 'C3_range_of_a': 0, 'C4_proof_setup': 0, 'C5_inequality_proof': 0}",0,"{'C1_domain_and_derivative': 'No clear identification of the domain (should be (0, ∞)) and no derivative computation.', 'C2_monotonicity_and_extrema': 'The answer does not analyze monotonicity or identify the extremum at x = 1.', 'C3_range_of_a': 'Incorrectly deduced the condition by reversing the inequality and final answer is inconsistent.', 'C4_proof_setup': 'No proper setup of the conditions for the zeros; the assumed interval is unjustified.', 'C5_inequality_proof': 'The provided argument is flawed and does not correctly prove x₁x₂ < 1.'}",,3116
Math_ShortAns_109,"{'C1_domain_and_derivative': 1, 'C2_monotonicity_and_extrema': 1, 'C3_range_of_a': 1, 'C4_proof_setup': 0, 'C5_inequality_proof': 0}",3,"{'C1_domain_and_derivative': 'The domain is correctly identified and the derivative is computed accurately.', 'C2_monotonicity_and_extrema': 'Monotonicity is properly analyzed with the identification of a minimum at x = 1.', 'C3_range_of_a': 'The range of a is correctly determined based on f(1) ≥ 0, yielding a ≤ e + 1.', 'C4_proof_setup': 'The proof setup for x₁x₂ < 1 is unclear and lacks a proper establishment of the necessary inequalities.', 'C5_inequality_proof': 'The inequality proof is incomplete and does not convincingly use function properties or derivative analysis.'}",0.9,4281
Math_ShortAns_112,"{'C1_identify_focus': 0, 'C2_find_parabola_equation': 0, 'C3_slope_relationship': 0, 'C4_maximize_angle_difference': 0, 'C5_find_AB_equation': 0}",0,"{'C1_identify_focus': 'Incorrect focus identification; the focus of y²=2px should be (p/2, 0), but the student used (p, 0) and misapplied the |MF|=3 condition.', 'C2_find_parabola_equation': 'The student does not derive the correct parabola equation; they mistakenly change the equation to y²=3px without proper justification.', 'C3_slope_relationship': 'No valid relationship between the slopes of MN and AB is established; the student only comments on MD being vertical.', 'C4_maximize_angle_difference': 'The student fails to use the tangent difference formula or find the maximizing condition; the angle difference discussion is incorrect.', 'C5_find_AB_equation': 'The proposed line AB: y=0 is unsupported and incorrect compared to the required derivation.'}",,3258
Math_ShortAns_113,"{'C1_identify_focus': 0, 'C2_find_parabola_equation': 0, 'C3_slope_relationship': 0, 'C4_maximize_angle_difference': 0, 'C5_find_AB_equation': 0}",0,"{'C1_identify_focus': 'Incorrect focus: student stated focus at (p, 0) instead of (p/2, 0) and did not use |MF| = 3 correctly.', 'C2_find_parabola_equation': 'Failed to compute a specific value for p and the substitution needed to determine the correct parabola equation.', 'C3_slope_relationship': ""Did not establish any correct relationship between the slopes using Vieta's formulas."", 'C4_maximize_angle_difference': 'Did not correctly use the tangent difference formula or derive the condition for maximum angle difference.', 'C5_find_AB_equation': 'Incorrect derivation of line AB; final answer y = 0 does not match the expected equation.'}",1.0,3119
Math_ShortAns_114,"{'C1_identify_focus': 1, 'C2_find_parabola_equation': 2, 'C3_slope_relationship': 0, 'C4_maximize_angle_difference': 0, 'C5_find_AB_equation': 2}",5,"{'C1_identify_focus': 'Correctly stated the focus as (p/2, 0) but misapplied the condition |MF| = 3 by summing instead of taking the difference; awarded 1 point.', 'C2_find_parabola_equation': 'Substituted p = 2 correctly and obtained the right parabola equation y² = 4x; awarded full 2 points.', 'C3_slope_relationship': ""No explicit derivation or clear statement of the slope relationship using Vieta's formulas was provided; awarded 0 points."", 'C4_maximize_angle_difference': 'The process to maximize the angle difference was not clearly derived or the condition (k = √2/2) stated; awarded 0 points.', 'C5_find_AB_equation': 'The final equation for line AB (x = √2y + 4) was given correctly; awarded full 2 points.'}",1.0,3988
Math_ShortAns_117,"{'C1_derivative_calculation': 0, 'C2_function_expression': 0, 'C3_monotonic_intervals': 1, 'C4_inequality_setup': 0, 'C5_max_value_calculation': 0}",1,"{'C1_derivative_calculation': ""The student correctly derived a form for f'(x) but failed to compute f'(1) and f(0) (should be e and 1)."", 'C2_function_expression': 'The student left the expression in terms of unspecified constants k and c instead of substituting the values.', 'C3_monotonic_intervals': 'The student only identified increasing behavior for x > 0, missing the decreasing interval for x < 0.', 'C4_inequality_setup': 'The inequality was not properly set up to identify conditions on a and b.', 'C5_max_value_calculation': 'The student’s conclusion for (a+1)b maximum is unjustified and incorrect.'}",,3648
Math_ShortAns_118,"{'C1_derivative_calculation': 0, 'C2_function_expression': 0, 'C3_monotonic_intervals': 0, 'C4_inequality_setup': 1, 'C5_max_value_calculation': 0}",1,"{'C1_derivative_calculation': ""The answer only outlines the process of differentiating but does not actually compute the derivative or state f'(1) and f(0)."", 'C2_function_expression': 'No explicit derivation or substitution is provided to obtain the analytical expression of f(x).', 'C3_monotonic_intervals': 'The answer mentions using the derivative to study monotonicity but does not provide the actual monotonic intervals.', 'C4_inequality_setup': 'The answer reformulates the inequality into h(x)=e^x-(a+1)x-b>=0, which shows partial understanding, earning a partial point.', 'C5_max_value_calculation': 'There is no computation or analysis for maximizing (a+1)b.'}",,3285
Math_ShortAns_121,"{'C1_calculate_derivative': 2, 'C2_analyze_gx': 1, 'C3_maximum_b': 0, 'C4_estimate_ln2': 0, 'C5_final_answer': 0}",3,"{'C1_calculate_derivative': 'The derivative was computed correctly and the inequality was noted, but the student incorrectly concluded that f(x) is decreasing (it should be increasing).', 'C2_analyze_gx': 'The student correctly expressed g(x) in terms of f(x) and substituted x=0, but did not properly analyze g(x) to derive the correct condition.', 'C3_maximum_b': 'The maximum value of b was determined incorrectly; the student stated b = 0 instead of the correct b = 2.', 'C4_estimate_ln2': 'The ln2 approximation is far off; using the provided range for √2 should lead to ln2 ≈ 0.693, but the student estimated about 2.', 'C5_final_answer': 'Final answers are not correct since f(x) must be increasing, b should equal 2, and ln2 ≈ 0.693.'}",,3592
Math_ShortAns_122,"{'C1_calculate_derivative': 3, 'C2_analyze_gx': 3, 'C3_maximum_b': 2, 'C4_estimate_ln2': 3, 'C5_final_answer': 1}",12,"{'C1_calculate_derivative': 'The derivative was correctly calculated and the monotonicity was concluded via the inequality, matching the rubric.', 'C2_analyze_gx': 'g(x) was correctly expressed and its derivative analyzed, leading to the condition b ≤ 2.', 'C3_maximum_b': 'The maximum value b = 2 was correctly identified with appropriate justification.', 'C4_estimate_ln2': 'The approximation for ln 2 was estimated correctly using the provided bounds for √2, arriving at ln 2 ≈ 0.693.', 'C5_final_answer': 'All final answers are clearly stated and correct.'}",0.95,4066
Math_ShortAns_125,"{'C1_derivative_calculation': 1, 'C2_monotonicity_analysis': 0, 'C3_periodicity_and_extrema': 0, 'C4_inequality_proof': 0, 'C5_product_inequality_proof': 0}",1,"{'C1_derivative_calculation': 'The student correctly applied the product rule and wrote down the derivative, but did not simplify it further.', 'C2_monotonicity_analysis': 'The student did not properly analyze the derivative, failed to find and discuss the critical points, and gave an unclear argument regarding monotonicity.', 'C3_periodicity_and_extrema': 'The answer vaguely mentions periodicity without proper determination and incorrectly identifies the extremum, mistakenly concluding the maximum value is 0.', 'C4_inequality_proof': 'The student misapplies the analysis in part (2), incorrectly calculating the maximum absolute value of f(x) and failing to prove the desired inequality.', 'C5_product_inequality_proof': 'The student does not provide a valid transformation or proof for the product inequality and makes incorrect assertions regarding its bound.'}",0.95,3608
Math_ShortAns_126,"{'C1_derivative_calculation': 1, 'C2_monotonicity_analysis': 0, 'C3_periodicity_and_extrema': 0, 'C4_inequality_proof': 0, 'C5_product_inequality_proof': 0}",1,"{'C1_derivative_calculation': 'The student applied the product rule and obtained a derivative expression but failed to simplify it properly and then misused it to conclude monotonicity.', 'C2_monotonicity_analysis': 'The student incorrectly claimed the function is increasing on (0,π) without proper critical point analysis or sign-chart justification.', 'C3_periodicity_and_extrema': 'No discussion of periodicity or a correct determination of extrema was provided.', 'C4_inequality_proof': 'The argument wrongly bounds |f(x)| by 1 instead of deriving the sharp bound of 3√3/8.', 'C5_product_inequality_proof': 'The proof is trivialized by merely using the bound sin²(θ) ≤ 1, which does not lead to the required inequality.'}",1.0,3734
Math_ShortAns_127,"{'C1_derivative_calculation': 0, 'C2_monotonicity_analysis': 0, 'C3_periodicity_and_extrema': 1, 'C4_inequality_proof': 1, 'C5_product_inequality_proof': 0}",2,"{'C1_derivative_calculation': 'The answer only mentions that the derivative is computed without any explicit calculation or proper steps.', 'C2_monotonicity_analysis': 'No detail or critical point analysis is provided to justify the monotonicity conclusion.', 'C3_periodicity_and_extrema': 'The period is correctly identified, but extrema are not properly computed.', 'C4_inequality_proof': 'The inequality is stated as a conclusion from previous steps without a rigorous proof.', 'C5_product_inequality_proof': 'The transformation and bounding steps for the product inequality are incorrectly justified and insufficient.'}",0.9,3320
Math_ShortAns_130,"{'C1_convert_polar_to_cartesian': 0, 'C2_identify_cartesian_equation': 0, 'C3_express_M_coordinates': 0, 'C4_find_P_trajectory': 0, 'C5_compare_circles': 0}",0,"{'C1_convert_polar_to_cartesian': 'The conversion was attempted but ended with inconsistent and incorrect equations.', 'C2_identify_cartesian_equation': ""The student did not correctly identify the circle's center and radius from the converted equation."", 'C3_express_M_coordinates': 'The coordinates for M were not expressed in the required form in terms of theta.', 'C4_find_P_trajectory': 'The vector relationship was used, but the parametric equations for P were not correctly derived.', 'C5_compare_circles': 'The student incorrectly concluded that C and C1 have common points.'}",1.0,3781
Math_ShortAns_131,"{'C1_convert_polar_to_cartesian': 2, 'C2_identify_cartesian_equation': 0, 'C3_express_M_coordinates': 1, 'C4_find_P_trajectory': 0, 'C5_compare_circles': 1}",4,"{'C1_convert_polar_to_cartesian': 'The conversion from polar to Cartesian was executed correctly, resulting in the correct equation.', 'C2_identify_cartesian_equation': ""The answer provides the completed square form but does not explicitly identify the circle's center and radius."", 'C3_express_M_coordinates': 'The coordinates for M are expressed correctly in terms of θ.', 'C4_find_P_trajectory': ""No explicit parametric equations for P's trajectory are provided despite the vector relationship."", 'C5_compare_circles': 'The conclusion that C and C1 have no common points is correctly stated.'}",0.95,3810
Math_ShortAns_134,"{'C1_eliminate_theta': 1, 'C2_eliminate_t': 0, 'C3_find_intersection': 0, 'C4_cartesian_circle': 0, 'C5_polar_circle': 0}",1,"{'C1_eliminate_theta': 'Used the correct trigonometric identity but then produced the wrong final equation (x+y should equal 4, not 5).', 'C2_eliminate_t': 'The elimination of parameter t is incorrect, and the derived relationship is unjustified.', 'C3_find_intersection': 'Intersection point derivation is based on incorrect equations and yields a wrong point.', 'C4_cartesian_circle': 'The approach to determine the Cartesian circle is not followed and the result is incorrect.', 'C5_polar_circle': 'The conversion to polar coordinates is wrongly handled, producing an incorrect equation.'}",,3531
Math_ShortAns_135,"{'C1_eliminate_theta': 2, 'C2_eliminate_t': 2, 'C3_find_intersection': 2, 'C4_cartesian_circle': 2, 'C5_polar_circle': 2}",10,"{'C1_eliminate_theta': 'The student correctly eliminates θ to get x+y=4.', 'C2_eliminate_t': 'The parameter t is correctly eliminated yielding x²-y²=4.', 'C3_find_intersection': ""Although not shown in detail, the student's final polar equation reflects the correct intersection point P = (5/2, 3/2)."", 'C4_cartesian_circle': ""The circle's Cartesian equation used to derive the polar form is correctly implied by the final answer."", 'C5_polar_circle': 'The final conversion to polar form as ρ = (17/5) cos θ is correct.'}",1.0,3600
Math_ShortAns_138,"{'C1_convert_C1_to_cartesian': 1, 'C2_convert_C2_to_cartesian': 1, 'C3_find_intersection_point': 0, 'C4_cartesian_to_polar_circle': 0, 'C5_final_polar_equation': 0}",2,"{'C1_convert_C1_to_cartesian': 'Used the identity correctly but made a multiplication error, resulting in x+y=8 instead of x+y=4.', 'C2_convert_C2_to_cartesian': 'Followed the method of squaring and subtracting but computed the constant incorrectly (got 2 instead of 4).', 'C3_find_intersection_point': 'Incorrect substitution and solution led to the wrong conclusion about the intersection point.', 'C4_cartesian_to_polar_circle': 'The conversion process to polar form was not shown and the setup for the circle equation is incorrect.', 'C5_final_polar_equation': 'Provided an incorrect final polar equation without proper derivation from the intersection point.'}",,3500
Math_ShortAns_139,"{'C1_convert_C1_to_cartesian': 2, 'C2_convert_C2_to_cartesian': 2, 'C3_find_intersection_point': 0, 'C4_cartesian_to_polar_circle': 2, 'C5_final_polar_equation': 2}",8,"{'C1_convert_C1_to_cartesian': 'The student correctly provides the Cartesian equation x+y=4 for C1.', 'C2_convert_C2_to_cartesian': 'The student correctly provides the Cartesian equation x²-y²=4 for C2.', 'C3_find_intersection_point': 'The student did not explicitly identify or compute the intersection point P.', 'C4_cartesian_to_polar_circle': 'The final polar form shows the correct conversion from the Cartesian circle equation to polar form.', 'C5_final_polar_equation': 'The student gives the correct polar equation ρ = (17/5) cos θ.'}",,3063
Math_ShortAns_142,"{'C1_apply_AM_GM_inequality': 0, 'C2_conclude_abc_inequality': 0, 'C3_use_basic_inequalities': 0, 'C4_conclude_second_inequality': 0, 'C5_equality_conditions': 1, 'C6_alternative_methods': 0}",1,"{'C1_apply_AM_GM_inequality': 'The student did not apply the AM-GM inequality as required but instead considered the special case a = b = c.', 'C2_conclude_abc_inequality': 'The conclusion abc ≤ 1/9 was not derived generally; it was only checked for a specific case.', 'C3_use_basic_inequalities': 'No use of basic inequalities like b+c ≥ 2√(bc) was made to transform the expression.', 'C4_conclude_second_inequality': 'The approach to the second inequality is flawed and does not lead to the required bound.', 'C5_equality_conditions': 'The student identified a = b = c as the equality condition, awarding partial credit.', 'C6_alternative_methods': 'No valid alternative method or insight was demonstrated.'}",,3213
Math_ShortAns_143,"{'C1_apply_AM_GM_inequality': 0, 'C2_conclude_abc_inequality': 0, 'C3_use_basic_inequalities': 0, 'C4_conclude_second_inequality': 0, 'C5_equality_conditions': 0, 'C6_alternative_methods': 0}",0,"{'C1_apply_AM_GM_inequality': 'The answer does not correctly apply the AM-GM inequality to relate to abc; it only assumes a = b = c without proper use of the inequality.', 'C2_conclude_abc_inequality': 'The conclusion derived from the equality case is flawed and does not establish abc ≤ 1/9.', 'C3_use_basic_inequalities': 'No valid use of basic inequalities (such as b+c ≥ 2√(bc)) is shown in transforming the expression.', 'C4_conclude_second_inequality': 'The final conclusion for the second inequality is incorrect and lacks proper reasoning.', 'C5_equality_conditions': 'While a = b = c is mentioned, the conditions for equality are not properly identified or justified.', 'C6_alternative_methods': 'No alternative methods or additional valid insights are presented.'}",,3142
Math_ShortAns_144,"{'C1_apply_AM_GM_inequality': 0, 'C2_conclude_abc_inequality': 0, 'C3_use_basic_inequalities': 0, 'C4_conclude_second_inequality': 0, 'C5_equality_conditions': 0, 'C6_alternative_methods': 0}",0,"{'C1_apply_AM_GM_inequality': 'The student did not properly apply the AM-GM inequality; they only set a=b=c without a general application.', 'C2_conclude_abc_inequality': 'The student erroneously concluded abc ≥ 1/9 instead of abc ≤ 1/9.', 'C3_use_basic_inequalities': 'No correct use of basic inequalities such as b+c ≥ 2√(bc) was made.', 'C4_conclude_second_inequality': 'The conclusion for the second inequality is incorrect and the steps provided do not lead to the desired result.', 'C5_equality_conditions': 'The conditions for equality were not identified.', 'C6_alternative_methods': 'No alternative methods or insights were demonstrated.'}",,3139
Math_ShortAns_145,"{'C1_apply_AM_GM_inequality': 2, 'C2_conclude_abc_inequality': 1, 'C3_use_basic_inequalities': 2, 'C4_conclude_second_inequality': 1, 'C5_equality_conditions': 1, 'C6_alternative_methods': 0}",7,"{'C1_apply_AM_GM_inequality': 'Correctly applied the AM-GM inequality and manipulated the terms to relate to abc.', 'C2_conclude_abc_inequality': 'Correctly concluded that abc ≤ 1/9 from the derived inequality.', 'C3_use_basic_inequalities': 'Appropriately used b+c ≥ 2√(bc) and similar inequalities to transform the terms.', 'C4_conclude_second_inequality': 'Successfully combined the transformed expressions to conclude the inequality.', 'C5_equality_conditions': 'Properly identified the equality condition as a = b = c.', 'C6_alternative_methods': 'No alternative methods or additional insights were provided.'}",,3473
Math_ShortAns_148,"{'C1_apply_cauchy': 0, 'C2_equality_condition': 0, 'C3_substitute_b_equals_2c': 0, 'C4_apply_weighted_am_gm': 0, 'C5_equality_condition_am_gm': 0}",0,"{'C1_apply_cauchy': 'Incorrect application of the Cauchy-Schwarz inequality; the student obtained a+b+2c ≤ √18 instead of 3.', 'C2_equality_condition': 'Did not identify any equality condition for Cauchy-Schwarz.', 'C3_substitute_b_equals_2c': 'Substitution of b = 2c was attempted, but the derivation did not progress to a+4c ≤ 3 as required.', 'C4_apply_weighted_am_gm': 'No valid weighted AM-GM inequality was applied to show 1/a + 1/c ≥ 3.', 'C5_equality_condition_am_gm': 'No equality condition for the weighted AM-GM case was identified.'}",,3333
Math_ShortAns_149,"{'C1_apply_cauchy': 1, 'C2_equality_condition': 0, 'C3_substitute_b_equals_2c': 1, 'C4_apply_weighted_am_gm': 0, 'C5_equality_condition_am_gm': 0}",2,"{'C1_apply_cauchy': 'The student correctly set up the Cauchy-Schwarz inequality but incorrectly simplified it, leading to an incorrect bound.', 'C2_equality_condition': 'No condition for equality was provided.', 'C3_substitute_b_equals_2c': 'The substitution of b = 2c was executed correctly, even though further simplification to a + 4c ≤ 3 was not clearly derived.', 'C4_apply_weighted_am_gm': 'The student did not apply the weighted AM-GM inequality to prove 1/a + 1/c ≥ 3.', 'C5_equality_condition_am_gm': 'There is no mention of the equality condition for the weighted AM-GM inequality.'}",,3495
Math_ShortAns_150,"{'C1_apply_cauchy': 2, 'C2_equality_condition': 1, 'C3_substitute_b_equals_2c': 1, 'C4_apply_weighted_am_gm': 2, 'C5_equality_condition_am_gm': 1}",7,"{'C1_apply_cauchy': 'Correct application of Cauchy-Schwarz to derive a+b+2c ≤ 3.', 'C2_equality_condition': 'Equality condition a=b=2c=1 is correctly identified.', 'C3_substitute_b_equals_2c': 'Correct substitution of b=2c and simplification to a+4c ≤ 3.', 'C4_apply_weighted_am_gm': 'Weighted AM-GM is properly applied to prove 1/a+1/c ≥ 3.', 'C5_equality_condition_am_gm': 'Correct equality condition a=1 and c=1/2 for weighted AM-GM is provided.'}",1.0,3278
Math_ShortAns_153,"{'C1_apply_cauchy_inequality': 0, 'C2_simplify_inequality_1': 0, 'C3_use_condition_for_inequality_2': 1, 'C4_apply_am_gm_inequality': 0, 'C5_conclude_inequality_2': 0}",1,"{'C1_apply_cauchy_inequality': 'The answer did not apply the Cauchy-Schwarz inequality; no such setup was given.', 'C2_simplify_inequality_1': 'There is no correct simplification to (a^3+b^3)^2 ≥ 4; the derivation is incorrect.', 'C3_use_condition_for_inequality_2': 'The student expressed a^3+b^3 correctly as s(s^2-3p)=2 but did not further derive the required form.', 'C4_apply_am_gm_inequality': 'The AM-GM inequality was not applied at all.', 'C5_conclude_inequality_2': 'The final conclusions are reversed and incorrect; the intended inequality a+b ≤ 2 was not established.'}",,3652
Math_ShortAns_154,"{'C1_apply_cauchy_inequality': 0, 'C2_simplify_inequality_1': 0, 'C3_use_condition_for_inequality_2': 0, 'C4_apply_am_gm_inequality': 0, 'C5_conclude_inequality_2': 0}",0,"{'C1_apply_cauchy_inequality': 'The answer does not apply or even mention the Cauchy-Schwarz inequality.', 'C2_simplify_inequality_1': 'There is no proper simplification shown to reduce the expression to (a^3+b^3)^2 >= 4.', 'C3_use_condition_for_inequality_2': 'The provided condition a^3+b^3=2 is not used to transform the expression as required.', 'C4_apply_am_gm_inequality': 'No application of the AM-GM inequality is found in the solution.', 'C5_conclude_inequality_2': 'The final conclusion is contradictory, stating a+b >= 2 instead of the required a+b <= 2.'}",0.95,3964
Math_ShortAns_155,"{'C1_apply_cauchy_inequality': 2, 'C2_simplify_inequality_1': 1, 'C3_use_condition_for_inequality_2': 2, 'C4_apply_am_gm_inequality': 2, 'C5_conclude_inequality_2': 1}",8,"{'C1_apply_cauchy_inequality': 'The student correctly applied the Cauchy-Schwarz inequality by setting it up as required.', 'C2_simplify_inequality_1': 'The simplification to (a^3+b^3)^2 ≥ 4 is correctly noted.', 'C3_use_condition_for_inequality_2': 'The condition a^3+b^3=2 was properly utilized to derive (a+b)[(a+b)^2-3ab] = 2 and then rearranged to obtain (a+b)^3-2/(3(a+b)) = ab.', 'C4_apply_am_gm_inequality': 'The AM-GM inequality was correctly applied to show ab ≤ ((a+b)/2)^2.', 'C5_conclude_inequality_2': 'The student correctly concluded that a+b ≤ 2 from the derived inequalities.'}",1.0,3642
Math_ShortAns_158,"{'C1_apply_cauchy': 0, 'C2_simplify_expression': 0, 'C3_equality_condition': 1, 'C4_transform_expression': 2, 'C5_apply_am_gm': 0, 'C6_conclude_inequality': 0}",3,"{'C1_apply_cauchy': 'The student did not apply the Cauchy-Schwarz inequality at all.', 'C2_simplify_expression': 'There is no simplification of (a^3+b^3)^2 using the condition a^3+b^3=2.', 'C3_equality_condition': 'The student assumed a=b=1 as a test value, partially indicating the equality condition.', 'C4_transform_expression': 'Correctly transformed a^3+b^3 into the form s(s^2-3p)=2.', 'C5_apply_am_gm': 'AM-GM inequality was not applied to show ab ≤ ((a+b)/2)^2.', 'C6_conclude_inequality': 'The conclusion for a+b ≤ 2 is either missing or incorrectly argued.'}",,3182
Math_ShortAns_159,"{'C1_apply_cauchy': 2, 'C2_simplify_expression': 1, 'C3_equality_condition': 1, 'C4_transform_expression': 2, 'C5_apply_am_gm': 1, 'C6_conclude_inequality': 1}",8,"{'C1_apply_cauchy': 'The student correctly stated and applied the Cauchy-Schwarz inequality to obtain (a+b)(a^5+b^5) ≥ (a^3+b^3)^2.', 'C2_simplify_expression': 'They properly substituted a^3+b^3=2 to simplify the expression to (a+b)(a^5+b^5) ≥ 4.', 'C3_equality_condition': 'The equality condition a = b = 1 is correctly identified.', 'C4_transform_expression': 'The student correctly transformed a^3+b^3=2 into (a+b)^3 - 3ab(a+b) = 2.', 'C5_apply_am_gm': 'They applied the AM-GM inequality to obtain the bound ab ≤ ((a+b)/2)^2 correctly.', 'C6_conclude_inequality': 'The final conclusion that a+b ≤ 2, with equality at a = b = 1, is logically and correctly derived.'}",1.0,3839
Math_ShortAns_162,"{'C1_define_functions': 0, 'C2_analyze_inequality_case1': 0, 'C3_analyze_inequality_case2': 0, 'C4_analyze_inequality_case3': 0, 'C5_determine_a_range': 0}",0,"{'C1_define_functions': 'The student incorrectly defined g(x) for x<-1 and for -1≤x<1, failing to obtain the correct piecewise expressions.', 'C2_analyze_inequality_case1': 'The analysis for x≥1 is flawed; the student mis-set up and solved the inequality, leading to an incorrect interval.', 'C3_analyze_inequality_case2': 'For -1≤x<1, g(x) is miscomputed (should be 2, not 0) and the inequality f(x)≥g(x) is not properly addressed.', 'C4_analyze_inequality_case3': 'The work for x<-1 is algebraically incorrect; the resulting inequality and its solution set are wrong.', 'C5_determine_a_range': 'The conditions for the parameter a are incorrectly derived by merely checking endpoints, leading to the wrong range.'}",,5154
Math_ShortAns_163,"{'C1_define_functions': 1, 'C2_analyze_inequality_case1': 1, 'C3_analyze_inequality_case2': 0, 'C4_analyze_inequality_case3': 0, 'C5_determine_a_range': 1}",3,"{'C1_define_functions': 'Functions f(x) and g(x) are correctly defined with appropriate piecewise expressions.', 'C2_analyze_inequality_case1': 'For x > 1 the analysis and resulting solution [1, (√17-1)/2] is correct.', 'C3_analyze_inequality_case2': 'The solution for x in [-1,1] is incorrect; it should reflect the whole interval [-1,1] based on f(x) >= 2.', 'C4_analyze_inequality_case3': 'The analysis for x < -1 is flawed; the derived solution set is not justified.', 'C5_determine_a_range': 'The condition for a is correctly set up and the resulting range [-1,1] is correctly deduced.'}",,5014
Math_ShortAns_166,"{'C1_transform_parametric_to_cartesian': 0, 'C2_convert_cartesian_to_polar': 0, 'C3_convert_C2_to_cartesian': 0, 'C4_find_intersection_cartesian': 0, 'C5_convert_intersection_to_polar': 0}",0,"{'C1_transform_parametric_to_cartesian': 'The student did not correctly eliminate the parameter t and derive the Cartesian equation; instead, they mixed up parameters and ended with an incorrect polar equation.', 'C2_convert_cartesian_to_polar': 'The student failed to substitute x = r cosθ and y = r sinθ into the correct Cartesian equation; the resulting polar form is incorrect.', 'C3_convert_C2_to_cartesian': 'No conversion of C2 from polar to Cartesian was performed as required.', 'C4_find_intersection_cartesian': 'The setting up of the system of equations is incorrect. The student substituted wrongly and did not solve for the intersection points in Cartesian coordinates.', 'C5_convert_intersection_to_polar': 'The student did not correctly compute the polar coordinates of the intersection points and mistakenly concluded that there were no intersections.'}",0.95,3374
Math_ShortAns_167,"{'C1_transform_parametric_to_cartesian': 2, 'C2_convert_cartesian_to_polar': 2, 'C3_convert_C2_to_cartesian': 1, 'C4_find_intersection_cartesian': 2, 'C5_convert_intersection_to_polar': 2}",9,"{'C1_transform_parametric_to_cartesian': 'The student correctly eliminated the parameter and derived (x-4)^2+(y-5)^2=25, which is equivalent to the expected expanded form.', 'C2_convert_cartesian_to_polar': 'Correct substitution using x=ρcosθ and y=ρsinθ, yielding the correct polar form.', 'C3_convert_C2_to_cartesian': 'The polar equation of C2 was correctly converted to x^2+y^2-2y=0.', 'C4_find_intersection_cartesian': 'The student correctly set up the system and solved for the Cartesian intersections (1,1) and (0,2).', 'C5_convert_intersection_to_polar': 'The final polar coordinates (√2,π/4) and (2,π/2) are correctly obtained from the Cartesian intersection points.'}",,3509
Math_ShortAns_170,"{'C1_use_identity': 1, 'C2_inequality_proof': 0, 'C3_assume_max': 0, 'C4_derive_a_cubed': 0, 'C5_conclude_max': 0, 'C6_alternative_methods': 0, 'C7_common_misconceptions': 0}",1,"{'C1_use_identity': 'The student re-derived an expression via substitution (c = -a-b) that is equivalent to the desired form but did not explicitly use or mention the identity (a+b+c)^2, earning partial credit.', 'C2_inequality_proof': 'The proof for ab+bc+ca < 0 was based on a specific numerical example rather than a general argument; hence no credit.', 'C3_assume_max': 'The student did not properly assume max{a, b, c} and clarify the sign conditions as required.', 'C4_derive_a_cubed': 'The derivation for a³ (in terms of b and c) and the necessary inequality was not provided.', 'C5_conclude_max': 'The conclusion that max{a, b, c} ≥ ³√4 was asserted without valid supporting derivation.', 'C6_alternative_methods': 'No alternative methods were provided.', 'C7_common_misconceptions': 'No discussion or correction of common misconceptions was included.'}",1.0,3910
Math_ShortAns_171,"{'C1_use_identity': 2, 'C2_inequality_proof': 2, 'C3_assume_max': 1, 'C4_derive_a_cubed': 2, 'C5_conclude_max': 1, 'C6_alternative_methods': 0, 'C7_common_misconceptions': 0}",8,"{'C1_use_identity': 'Correctly stated and derived the identity from (a+b+c)^2=0.', 'C2_inequality_proof': 'Properly used the positivity of squares to conclude ab+bc+ca < 0.', 'C3_assume_max': 'Correctly assumed max{a,b,c}=a and identified the sign of each variable.', 'C4_derive_a_cubed': 'Successfully derived a^3 = ((b+c)^2)/(bc) and applied the inequality to get a^3 ≥ 4.', 'C5_conclude_max': 'Correctly concluded that max{a,b,c} ≥ ³√4.', 'C6_alternative_methods': 'No alternative methods were presented.', 'C7_common_misconceptions': 'No discussion of common misconceptions or errors.'}",1.0,4986
Math_ShortAns_174,"{'C1_apply_cauchy_schwarz': 0, 'C2_equality_condition': 0, 'C3_setup_inequality_part2': 0, 'C4_solve_for_a': 0, 'C5_proof_by_contradiction': 0}",0,"{'C1_apply_cauchy_schwarz': 'The answer does not use Cauchy-Schwarz to set up the minimization; instead a substitution and guess work is used.', 'C2_equality_condition': 'No identification of the equality conditions is provided.', 'C3_setup_inequality_part2': 'The inequality for part (2) is not correctly set up using Cauchy-Schwarz.', 'C4_solve_for_a': ""The student’s conclusion for 'a' is incorrect and inconsistent with the expected method."", 'C5_proof_by_contradiction': 'No proof by contradiction or any valid justification is provided.'}",,4367
Math_ShortAns_175,"{'C1_apply_cauchy_schwarz': 1, 'C2_equality_condition': 0, 'C3_setup_inequality_part2': 0, 'C4_solve_for_a': 1, 'C5_proof_by_contradiction': 0}",2,"{'C1_apply_cauchy_schwarz': 'The student correctly applied the Cauchy-Schwarz framework but made an arithmetic error in summing the terms, leading to an incorrect minimum value.', 'C2_equality_condition': 'No equality condition (x-1 = y+1 = z+1) was identified for part (1).', 'C3_setup_inequality_part2': 'The inequality for part (2) was not properly set up using the Cauchy-Schwarz inequality; the intended transformation to (a+2)^2 ≥ 1 was omitted.', 'C4_solve_for_a': 'The student stated the correct final range for a, but the derivation lacked proper justification.', 'C5_proof_by_contradiction': 'No attempt at a proof by contradiction was provided.'}",,4866
Math_ShortAns_178,"{'C1_expand_expression': 1, 'C2_apply_cauchy_inequality': 0, 'C3_equality_conditions': 0, 'C4_prove_inequality': 1, 'C5_conclusion': 1}",3,"{'C1_expand_expression': 'The student correctly expanded and simplified each squared term to obtain x²+y²+z² - 4x + 5.', 'C2_apply_cauchy_inequality': 'No correct application of the Cauchy-Schwarz inequality was used to find the minimum; the approach was flawed.', 'C3_equality_conditions': 'The conditions for equality in the Cauchy-Schwarz inequality were not discussed.', 'C4_prove_inequality': 'There is an attempt to expand and derive a condition for a, but the reasoning is incomplete and unclear.', 'C5_conclusion': 'The final conclusion on the range of a (a ≤ -3 or a ≥ -1) is stated, though not justified properly.'}",,4064
Math_ShortAns_179,"{'C1_expand_expression': 0, 'C2_apply_cauchy_inequality': 1, 'C3_equality_conditions': 0, 'C4_prove_inequality': 0, 'C5_conclusion': 1}",2,"{'C1_expand_expression': 'The answer did not expand and simplify the expression as required.', 'C2_apply_cauchy_inequality': 'The student attempted to apply Cauchy-Schwarz but miscalculated the sum within the inequality.', 'C3_equality_conditions': 'No discussion of equality conditions was provided.', 'C4_prove_inequality': 'The use of Cauchy-Schwarz in part (2) is flawed and does not correctly derive the range for a.', 'C5_conclusion': 'The final conclusion (a ≤ -3 or a ≥ -1) is stated correctly.'}",0.9,5671
Math_ShortAns_182,"{'C1_substitute_a': 2, 'C2_solve_inequality_a1': 0, 'C3_combine_solutions_a1': 0, 'C4_transform_inequality_a': 0, 'C5_solve_inequality_a': 0}",2,"{'C1_substitute_a': 'Correctly substituted a = 1 and identified the proper breakpoints (-1 and 2).', 'C2_solve_inequality_a1': 'Both branches solved the inequality incorrectly (sign errors for x < -1 and x ≥ 2) so no credit.', 'C3_combine_solutions_a1': 'The student attempted to combine but produced an incorrect and confused solution set.', 'C4_transform_inequality_a': 'Incorrect transformation of f(x) ≤ 1; the inequality sign was not reversed properly.', 'C5_solve_inequality_a': 'No valid method was applied to solve for the range of a, leading to an incorrect and vague final range.'}",,4683
Math_ShortAns_183,"{'C1_substitute_a': 2, 'C2_solve_inequality_a1': 2, 'C3_combine_solutions_a1': 1, 'C4_transform_inequality_a': 2, 'C5_solve_inequality_a': 2}",9,"{'C1_substitute_a': 'Correct substitution a=1 and correct piecewise division of the function.', 'C2_solve_inequality_a1': 'Accurately solved the inequality on each interval.', 'C3_combine_solutions_a1': 'Correctly combined the intervals to form the solution [-2, 3].', 'C4_transform_inequality_a': 'Correct transformation of the inequality and proper geometric interpretation.', 'C5_solve_inequality_a': 'Correctly solved |a+2| ≥ 4 and obtained the range for a.'}",1.0,4073
Math_ShortAns_186,"{'C1_substitute_a': 1, 'C2_case_analysis': 1, 'C3_solve_inequalities': 0, 'C4_conclude_solution_set': 0, 'C5_analyze_a_range': 0, 'C6_conclude_a_range': 0}",2,"{'C1_substitute_a': 'Correctly substituted a = 1 to get f(x) = |x-1| x + |x-2|(x-1).', 'C2_case_analysis': 'Identified the required cases but simplified one case incorrectly and lacked clear analysis.', 'C3_solve_inequalities': 'Failed to correctly solve the inequalities in each case.', 'C4_conclude_solution_set': 'Concluded the solution set as (-∞,2), which is incorrect.', 'C5_analyze_a_range': 'The setup and analysis for the parameter a in part (2) are flawed.', 'C6_conclude_a_range': 'Concluded a ∈ (2,∞) instead of the correct range.'}",0.9,4411
Math_ShortAns_187,"{'C1_substitute_a': 1, 'C2_case_analysis': 1, 'C3_solve_inequalities': 1, 'C4_conclude_solution_set': 1, 'C5_analyze_a_range': 1, 'C6_conclude_a_range': 1}",6,"{'C1_substitute_a': 'Correctly substituted a = 1 and set up the inequality.', 'C2_case_analysis': 'Identified the three cases but the simplifications in each case contained errors.', 'C3_solve_inequalities': 'The solution process for each case is attempted; while the final answer matches for x<1 and emptiness for other cases, the arithmetic simplifications are flawed.', 'C4_conclude_solution_set': 'Correctly concluded the solution set as (-∞, 1).', 'C5_analyze_a_range': 'The analysis of the parameter a is divided into correct cases, though the set up and justification are imprecise.', 'C6_conclude_a_range': 'The final range for a, [1, +∞), is correctly stated.'}",,5197
Math_ShortAns_190,"{'C1_transform_inequality': 1, 'C2_apply_inequality': 0, 'C3_expand_cubic_terms': 1, 'C4_apply_am_gm': 0, 'C5_final_conclusion': 0}",2,"{'C1_transform_inequality': 'Correctly transformed using abc=1.', 'C2_apply_inequality': 'Failed to apply the inequality properly to relate a²+b²+c² and bc+ac+ab.', 'C3_expand_cubic_terms': 'Correctly expanded and combined the cubic terms.', 'C4_apply_am_gm': 'Did not properly apply AM-GM or another inequality to show the lower bound of 24.', 'C5_final_conclusion': 'The final conclusion is unclear and does not correctly establish both inequalities.'}",0.9,3733
Math_ShortAns_191,"{'C1_transform_inequality': 0, 'C2_apply_inequality': 0, 'C3_expand_cubic_terms': 0, 'C4_apply_am_gm': 0, 'C5_final_conclusion': 0}",0,"{'C1_transform_inequality': 'The student did not use the transformation 1/a = bc etc, but instead only redefined variables, which does not satisfy the rubric requirement.', 'C2_apply_inequality': 'They incorrectly applied AM-GM by merely showing both sides are at least 3; no valid inequality chain was provided to deduce the desired inequality.', 'C3_expand_cubic_terms': 'The expansion is misapplied; the combined cubic terms are incorrectly summed and do not match the expected form.', 'C4_apply_am_gm': ""The student did not use the AM-GM inequality properly; instead, they vaguely referred to a 'triangular inequality', which is not relevant here."", 'C5_final_conclusion': 'The final conclusion is vague and lacks a clear logical justification for both parts as required by the rubric.'}",0.9,4334
Math_ShortAns_192,"{'C1_transform_inequality': 0, 'C2_apply_inequality': 0, 'C3_expand_cubic_terms': 0, 'C4_apply_am_gm': 0, 'C5_final_conclusion': 0}",0,"{'C1_transform_inequality': 'The student did not correctly transform 1/a, 1/b, 1/c into bc, ac, ab using abc=1.', 'C2_apply_inequality': 'The student attempted to use an unrelated inequality (RMS-AM) without establishing a²+b²+c² ≥ bc+ac+ab.', 'C3_expand_cubic_terms': 'The cubic expansion is presented incorrectly, with the wrong coefficients in the sum.', 'C4_apply_am_gm': 'No proper application of the AM-GM inequality was provided; the approach is flawed and does not lead to the required bound.', 'C5_final_conclusion': 'The final conclusions for both parts are incorrect and do not align with the correct proof.'}",0.95,3775
Math_ShortAns_193,"{'C1_transform_inequality': 1, 'C2_apply_inequality': 2, 'C3_expand_cubic_terms': 0, 'C4_apply_am_gm': 1, 'C5_final_conclusion': 1}",5,"{'C1_transform_inequality': 'The student correctly transformed the inequality using abc = 1 to rewrite the left side, implicitly using 1/a = bc, etc.', 'C2_apply_inequality': 'The student applied the basic inequality to derive 2(a^2+b^2+c^2) ≥ 2(ab+ac+bc) and concluded a^2+b^2+c^2 ≥ bc+ac+ab.', 'C3_expand_cubic_terms': 'The student did not explicitly expand or combine the cubic terms as required by the rubric.', 'C4_apply_am_gm': 'The student invoked a basic inequality to obtain a lower bound of 24√((abc)^2) but did not clearly demonstrate the AM-GM steps.', 'C5_final_conclusion': 'The final conclusion is stated for both parts, albeit briefly.'}",0.9,3786
Math_ShortAns_196,"{'C1_initial_conditions': 2, 'C2_inequality_proof_part1': 0, 'C3_inequality_proof_part2': 0, 'C4_inequality_proof_part3': 0, 'C5_final_conclusion': 0}",2,"{'C1_initial_conditions': 'The student correctly stated the initial conditions a+b=c+d and ab>cd.', 'C2_inequality_proof_part1': 'The proof for √a+√b > √c+√d is incomplete and confused; no valid derivation was provided.', 'C3_inequality_proof_part2': 'The student did not properly prove that √a+√b > √c+√d implies |a-b| < |c-d|, instead expressing confusion.', 'C4_inequality_proof_part3': 'The reverse implication was not addressed; no proper argument was given.', 'C5_final_conclusion': 'The final conclusion was not as required and incorrectly negated the needed equivalence.'}",0.95,3258
Math_ShortAns_197,"{'C1_initial_conditions': 2, 'C2_inequality_proof_part1': 3, 'C3_inequality_proof_part2': 2, 'C4_inequality_proof_part3': 0, 'C5_final_conclusion': 1}",8,"{'C1_initial_conditions': 'Clearly stated the conditions a+b=c+d and ab>cd.', 'C2_inequality_proof_part1': 'Correctly used the squared expressions and ab>cd to show √a+√b > √c+√d.', 'C3_inequality_proof_part2': 'Successfully derived (a-b)² < (c-d)² from the assumption.', 'C4_inequality_proof_part3': 'Did not prove the converse implication (|a-b|<|c-d| implies √a+√b > √c+√d).', 'C5_final_conclusion': 'Final statement of equivalence was made, but without a complete proof of both directions.'}",,3951
Math_ShortAns_200,"{'C1_substitute_a': 1, 'C2_solve_inequality': 1, 'C3_solution_set': 0, 'C4_setup_gx_inequality': 1, 'C5_analyze_cases': 0}",3,"{'C1_substitute_a': 'Correctly substituted a = 2 and set up the inequality.', 'C2_solve_inequality': 'The cases were split correctly, but an arithmetic error led to an incorrect upper bound.', 'C3_solution_set': 'The final solution set for f(x) ≤ 6 is incorrect (should be [-1, 3]).', 'C4_setup_gx_inequality': 'The inequality f(x) + g(x) ≥ 3 is set up correctly.', 'C5_analyze_cases': 'The analysis for determining the range of a is confused and yields an incorrect answer.'}",0.95,3848
Math_ShortAns_201,"{'C1_substitute_a': 1, 'C2_solve_inequality': 2, 'C3_solution_set': 1, 'C4_setup_gx_inequality': 1, 'C5_analyze_cases': 1}",6,"{'C1_substitute_a': 'Correctly substituted a=2 into f(x) to get |2x-2|+2.', 'C2_solve_inequality': 'Properly solved the inequality |2x-2| ≤ 4 yielding -1 ≤ x ≤ 3.', 'C3_solution_set': 'The solution set is correctly stated as {x | -1 ≤ x ≤ 3}.', 'C4_setup_gx_inequality': 'The inequality for f(x)+g(x) is correctly set up as |2x-a|+a+|2x-1| ≥ 3.', 'C5_analyze_cases': 'The analysis for the range of a is unclear and lacks a correct case-by-case breakdown, although the final answer [2, +∞) is correct.'}",0.9,4068
Math_ShortAns_204,"{'C1_transform_equation': 0, 'C2_minimize_a3_b3': 0, 'C3_analyze_2a_3b': 0, 'C4_conclusion_existence': 0, 'C5_logical_coherence': 0}",0,"{'C1_transform_equation': 'The student transformed the equation correctly to (a+b)/(ab)=√(ab) but did not derive ab ≥ 2 using AM-GM.', 'C2_minimize_a3_b3': 'The student incorrectly assumed ab = 1 and computed a+b wrongly, leading to an incorrect value of a³+b³.', 'C3_analyze_2a_3b': 'The analysis using 2a+3b=6 is flawed; the student made an arbitrary assumption (b=2a) and did not use the condition ab ≥ 2.', 'C4_conclusion_existence': 'The student concluded that a and b exist for 2a+3b=6, which contradicts the correct analysis.', 'C5_logical_coherence': 'The overall reasoning is incoherent, with incorrect assumptions and steps that do not logically connect.'}",1,3067
Math_ShortAns_205,"{'C1_transform_equation': 0, 'C2_minimize_a3_b3': 0, 'C3_analyze_2a_3b': 0, 'C4_conclusion_existence': 0, 'C5_logical_coherence': 0}",0,"{'C1_transform_equation': 'Incorrect transformation and misapplication of the AM-GM inequality; the student failed to derive ab ≥ 2 correctly.', 'C2_minimize_a3_b3': 'The inequality for a³+b³ was misapplied and the student wrongly concluded that a minimum does not exist.', 'C3_analyze_2a_3b': 'The analysis of 2a+3b using AM-GM was flawed and led to an incorrect assessment.', 'C4_conclusion_existence': 'Although the final statement claims non-existence, the reasoning is completely flawed and does not adhere to the required logical steps.', 'C5_logical_coherence': 'The overall solution is algebraically inconsistent and lacks logical coherence throughout.'}",1,4589
Math_ShortAns_208,"{'C1_establish_inequality': 0, 'C2_minimize_a3_b3': 0, 'C3_correct_minimum_value': 0, 'C4_existence_of_a_b': 0, 'C5_correct_non_existence_conclusion': 0}",0,"{'C1_establish_inequality': 'The student did not derive the key inequality ab ≥ 2 and instead only manipulated the given equation.', 'C2_minimize_a3_b3': 'The student wrongly assumed a = b = 1 to obtain a minimum value and did not use the correct inequality method to reach 4√2.', 'C3_correct_minimum_value': 'The minimum value stated (2) is incorrect; the correct minimum value should be 4√2.', 'C4_existence_of_a_b': 'The analysis for the existence of a and b satisfying 2a + 3b = 6 is flawed and lacks a proper inequality argument.', 'C5_correct_non_existence_conclusion': 'The student incorrectly concluded that solutions exist, contrary to the requirement to prove non-existence.'}",1,3408
Math_ShortAns_209,"{'C1_establish_inequality': 1, 'C2_minimize_a3_b3': 0, 'C3_correct_minimum_value': 0, 'C4_existence_of_a_b': 0, 'C5_correct_non_existence_conclusion': 0}",1,"{'C1_establish_inequality': 'Student attempted to use the given condition but erroneously concluded ab ≥ 4 instead of ab ≥ 2.', 'C2_minimize_a3_b3': 'The student applied an inequality for a³+b³ incorrectly and failed to deduce a concrete minimal value.', 'C3_correct_minimum_value': 'The final minimum value was not correctly identified or justified.', 'C4_existence_of_a_b': 'No analysis related to the equation 2a+3b=6 was provided.', 'C5_correct_non_existence_conclusion': 'The student did not address the existence (or non-existence) of such a and b.'}",,4874
Math_ShortAns_212,"{'C1_analyze_fx': 1, 'C2_prove_inequality': 0, 'C3_setup_condition_fx3': 1, 'C4_analyze_cases': 0, 'C5_conclude_range': 0}",2,"{'C1_analyze_fx': 'The student identifies the two components in f(x) but the discussion is vague and lacks rigor.', 'C2_prove_inequality': 'The proof is flawed, concluding f(x) ≥ 1 instead of f(x) ≥ 2.', 'C3_setup_condition_fx3': 'Correctly substitutes x = 3 into f(x) to set up the condition.', 'C4_analyze_cases': 'Does not correctly analyze the distinct cases required; only a partial and incorrect case is considered.', 'C5_conclude_range': 'The final conclusion for the range of a is incorrect.'}",0.9,4012
Math_ShortAns_213,"{'C1_analyze_fx': 1, 'C2_prove_inequality': 1, 'C3_setup_condition_fx3': 0, 'C4_analyze_cases': 0, 'C5_conclude_range': 1}",3,"{'C1_analyze_fx': 'The student states the function and notes that its minimum is |a+1/a| but does not discuss the individual properties in detail.', 'C2_prove_inequality': 'They use AM-GM to obtain a+1/a ≥ 2, yet the justification for f(x) being at least |a+1/a| is not elaborated.', 'C3_setup_condition_fx3': 'The substitution x = 3 into f(x) to set up f(3)<5 was not shown.', 'C4_analyze_cases': 'No analysis is provided for the different cases (a > 3 and 0 < a ≤ 3) required to solve f(3)<5.', 'C5_conclude_range': ""The final answer for a's range is stated correctly, although without supporting work.""}",0.9,3853
Math_ShortAns_216,"{'C1_setup_equation': 1, 'C2_apply_inequality_I': 0, 'C3_apply_inequality_II': 0, 'C4_conclusion_I': 1, 'C5_conclusion_II': 0, 'C6_alternative_methods': 0}",2,"{'C1_setup_equation': 'The answer correctly states a+b+c=1 but does not expand (a+b+c)² as required.', 'C2_apply_inequality_I': 'Did not use the inequality a²+b²+c² ≥ ab+bc+ca to justify the step, even though the result is reached via AM-GM.', 'C3_apply_inequality_II': 'The approach for part (II) is incorrect; it does not use the required inequalities like a²/b + b ≥ 2a and fails to sum properly.', 'C4_conclusion_I': 'The conclusion for part (I) is correctly stated.', 'C5_conclusion_II': 'The answer incorrectly concludes that the sum is less than 1 instead of meeting the required bound of ≥1.', 'C6_alternative_methods': 'No alternative valid approaches or discussion of common misconceptions were provided.'}",,3795
Math_ShortAns_217,"{'C1_setup_equation': 2, 'C2_apply_inequality_I': 1, 'C3_apply_inequality_II': 0, 'C4_conclusion_I': 1, 'C5_conclusion_II': 0, 'C6_alternative_methods': 0}",4,"{'C1_setup_equation': 'The student correctly states a+b+c=1 and expands (a+b+c)^2, meeting the setup requirement.', 'C2_apply_inequality_I': 'The answer concludes with ab+bc+ca ≤ 1/3 but fails to clearly state and correctly apply the inequality a^2+b^2+c^2 ≥ ab+bc+ca.', 'C3_apply_inequality_II': 'No valid argument or inequality of the form a^2/b + b ≥ 2a (and its cyclic variants) is provided for part (II).', 'C4_conclusion_I': 'The final result for part (I) is stated, though the process is muddled.', 'C5_conclusion_II': 'There is no valid proof or conclusion for part (II) in the answer.', 'C6_alternative_methods': 'The student does not mention any alternative methods or address common misconceptions.'}",,5263
