script_id,model_score
Math_ShortAns_2,4
Math_ShortAns_3,2
Math_ShortAns_6,3
Math_ShortAns_7,3
Math_ShortAns_10,0
Math_ShortAns_11,0
Math_ShortAns_14,1
Math_ShortAns_15,5
Math_ShortAns_18,0
Math_ShortAns_19,1
Math_ShortAns_22,12
Math_ShortAns_23,5
Math_ShortAns_26,12
Math_ShortAns_27,1
Math_ShortAns_28,0
Math_ShortAns_31,2
Math_ShortAns_32,3
Math_ShortAns_33,4
Math_ShortAns_36,4
Math_ShortAns_37,2
Math_ShortAns_38,2
Math_ShortAns_41,6
Math_ShortAns_42,0
Math_ShortAns_45,3
Math_ShortAns_46,0
Math_ShortAns_49,10
Math_ShortAns_50,4
Math_ShortAns_53,10
Math_ShortAns_54,4
Math_ShortAns_55,6
Math_ShortAns_58,1
Math_ShortAns_59,9
Math_ShortAns_60,5
Math_ShortAns_63,0
Math_ShortAns_64,3
Math_ShortAns_67,5
Math_ShortAns_68,4
Math_ShortAns_71,4
Math_ShortAns_72,1
Math_ShortAns_75,3
Math_ShortAns_76,12
Math_ShortAns_77,5
Math_ShortAns_80,5
Math_ShortAns_81,2
Math_ShortAns_84,2
Math_ShortAns_85,12
Math_ShortAns_86,4
Math_ShortAns_89,5
Math_ShortAns_90,6
Math_ShortAns_93,5
Math_ShortAns_94,5
Math_ShortAns_95,4
Math_ShortAns_98,4
Math_ShortAns_99,0
Math_ShortAns_100,8
Math_ShortAns_103,0
Math_ShortAns_104,6
Math_ShortAns_105,6
Math_ShortAns_108,0
Math_ShortAns_109,11
Math_ShortAns_112,6
Math_ShortAns_113,3
Math_ShortAns_114,5
Math_ShortAns_117,2
Math_ShortAns_118,2
Math_ShortAns_121,3
Math_ShortAns_122,3
Math_ShortAns_125,1
Math_ShortAns_126,3
Math_ShortAns_127,1
Math_ShortAns_130,4
Math_ShortAns_131,0
Math_ShortAns_134,1
Math_ShortAns_135,10
Math_ShortAns_138,3
Math_ShortAns_139,5
Math_ShortAns_142,0
Math_ShortAns_143,0
Math_ShortAns_144,10
Math_ShortAns_145,2
Math_ShortAns_148,5
Math_ShortAns_149,9
Math_ShortAns_150,1
Math_ShortAns_153,4
Math_ShortAns_154,4
Math_ShortAns_155,5
Math_ShortAns_158,4
Math_ShortAns_159,2
Math_ShortAns_162,5
Math_ShortAns_163,10
Math_ShortAns_166,3
Math_ShortAns_167,10
Math_ShortAns_170,10
Math_ShortAns_171,4
Math_ShortAns_174,9
Math_ShortAns_175,2
Math_ShortAns_178,2
Math_ShortAns_179,3
Math_ShortAns_182,10
Math_ShortAns_183,6
Math_ShortAns_186,5
Math_ShortAns_187,6
Math_ShortAns_190,5
Math_ShortAns_191,5
Math_ShortAns_192,4
Math_ShortAns_193,0
Math_ShortAns_196,0
Math_ShortAns_197,8
Math_ShortAns_200,3
Math_ShortAns_201,4
Math_ShortAns_204,2
Math_ShortAns_205,3
Math_ShortAns_208,4
Math_ShortAns_209,4
Math_ShortAns_212,3
Math_ShortAns_213,6
Math_ShortAns_216,9
Math_ShortAns_217,5
