script_id,model_score
Math_ShortAns_2,3
Math_ShortAns_3,1
Math_ShortAns_6,4
Math_ShortAns_7,2
Math_ShortAns_10,0
Math_ShortAns_11,1
Math_ShortAns_14,1
Math_ShortAns_15,4
Math_ShortAns_18,0
Math_ShortAns_19,1
Math_ShortAns_22,12
Math_ShortAns_23,0
Math_ShortAns_26,12
Math_ShortAns_27,0
Math_ShortAns_28,1
Math_ShortAns_31,1
Math_ShortAns_32,2
Math_ShortAns_33,1
Math_ShortAns_36,1
Math_ShortAns_37,0
Math_ShortAns_38,1
Math_ShortAns_41,1
Math_ShortAns_42,0
Math_ShortAns_45,3
Math_ShortAns_46,2
Math_ShortAns_49,12
Math_ShortAns_50,1
Math_ShortAns_53,6
Math_ShortAns_54,1
Math_ShortAns_55,3
Math_ShortAns_58,2
Math_ShortAns_59,9
Math_ShortAns_60,2
Math_ShortAns_63,2
Math_ShortAns_64,1
Math_ShortAns_67,3
Math_ShortAns_68,2
Math_ShortAns_71,6
Math_ShortAns_72,5
Math_ShortAns_75,0
Math_ShortAns_76,5
Math_ShortAns_77,10
Math_ShortAns_80,3
Math_ShortAns_81,3
Math_ShortAns_84,2
Math_ShortAns_85,12
Math_ShortAns_86,1
Math_ShortAns_89,5
Math_ShortAns_90,4
Math_ShortAns_93,2
Math_ShortAns_94,1
Math_ShortAns_95,2
Math_ShortAns_98,1
Math_ShortAns_99,0
Math_ShortAns_100,11
Math_ShortAns_103,0
Math_ShortAns_104,4
Math_ShortAns_105,6
Math_ShortAns_108,1
Math_ShortAns_109,8
Math_ShortAns_112,8
Math_ShortAns_113,1
Math_ShortAns_114,0
Math_ShortAns_117,2
Math_ShortAns_118,1
Math_ShortAns_121,2
Math_ShortAns_122,5
Math_ShortAns_125,1
Math_ShortAns_126,0
Math_ShortAns_127,1
Math_ShortAns_130,2
Math_ShortAns_131,1
Math_ShortAns_134,0
Math_ShortAns_135,8
Math_ShortAns_138,2
Math_ShortAns_139,4
Math_ShortAns_142,0
Math_ShortAns_143,0
Math_ShortAns_144,10
Math_ShortAns_145,2
Math_ShortAns_148,4
Math_ShortAns_149,5
Math_ShortAns_150,2
Math_ShortAns_153,0
Math_ShortAns_154,2
Math_ShortAns_155,4
Math_ShortAns_158,2
Math_ShortAns_159,2
Math_ShortAns_162,2
Math_ShortAns_163,8
Math_ShortAns_166,1
Math_ShortAns_167,10
Math_ShortAns_170,10
Math_ShortAns_171,1
Math_ShortAns_174,0
Math_ShortAns_175,1
Math_ShortAns_178,0
Math_ShortAns_179,1
Math_ShortAns_182,10
Math_ShortAns_183,8
Math_ShortAns_186,3
Math_ShortAns_187,10
Math_ShortAns_190,8
Math_ShortAns_191,2
Math_ShortAns_192,2
Math_ShortAns_193,0
Math_ShortAns_196,2
Math_ShortAns_197,5
Math_ShortAns_200,8
Math_ShortAns_201,7
Math_ShortAns_204,0
Math_ShortAns_205,0
Math_ShortAns_208,0
Math_ShortAns_209,0
Math_ShortAns_212,1
Math_ShortAns_213,4
Math_ShortAns_216,3
Math_ShortAns_217,1
