condition_index,condition_label,tokens_csv,scripts,ensemble_N,tokens_per_ensemble,QWK,delta_tokens,delta_QWK,tokens_per_+1_QWKpct
0,o3_grader_20250904_114835_fbb8be,results/predictions/o3_grader_20250904_114835_fbb8be.csv,118,1,476906.0,0.8412363891815946,0.0,0.0,
1,o3_grader_20250904_124104_7b7e6d,results/predictions/o3_grader_20250904_124104_7b7e6d.csv,118,1,480604.0,0.8385037544363089,3698.0,-0.0027326347452857336,-13532.727000488037
2,o3_grader_20250904_133336_d613f8,results/predictions/o3_grader_20250904_133336_d613f8.csv,118,1,482968.0,0.8269143298621312,6062.0,-0.014322059319463398,-4232.631540466992
3,o3_grader_20250904_142630_896d42,results/predictions/o3_grader_20250904_142630_896d42.csv,118,1,479181.0,0.8365434497069504,2275.0,-0.00469293947464422,-4847.707949978349
4,o3_grader_20250904_151418_f0b5eb,results/predictions/o3_grader_20250904_151418_f0b5eb.csv,118,1,476719.0,0.8460446202225808,-187.0,0.004808231040986155,-388.9164193774823
5,o3_reviewed_v4_mode,results/clean/o3_reviewed_v4_mode.csv,118,5,2397798.3333333335,0.8426201389915717,1920892.3333333335,0.0013837498099771306,13881789.319740396
6,o3_reviewed_v4_floor_mean,results/clean/o3_reviewed_v4_floor_mean.csv,118,5,2397798.3333333335,0.8659246977204775,1920892.3333333335,0.02468830853888293,778057.4883483888
