condition_index,condition_label,tokens_csv,scripts,ensemble_N,tokens_per_ensemble,QWK,delta_tokens,delta_QWK,tokens_per_+1_QWKpct
0,o3mini_reviewed_v0_floor_mean,results/clean/o3mini_reviewed_v0_floor_mean.csv,118,5,2168322.0,0.7911288274696502,0.0,0.0,
1,o3mini_reviewed_v1_floor_mean,results/clean/o3mini_reviewed_v1_floor_mean.csv,118,5,2358633.0,0.821455054130643,190311.0,0.030326226660992828,62754.592626186466
2,o3mini_reviewed_v2_floor_mean,results/clean/o3mini_reviewed_v2_floor_mean.csv,118,5,2380610.0,0.8376531829519575,212288.0,0.04652435548230727,45629.43383078803
3,o3mini_reviewed_v3_floor_mean,results/clean/o3mini_reviewed_v3_floor_mean.csv,118,5,2341683.0,0.8304873021623175,173361.0,0.03935847469266729,44046.67644102025
4,o3mini_reviewed_v4_floor_mean,results/clean/o3mini_reviewed_v4_floor_mean.csv,118,5,2337321.111111111,0.8455477199569646,168999.111111111,0.05441889248731446,31055.227952407567
